seed,family,strategy,samples,queries,d_H,policy_risk
0,inventory_threshold,uniform,100,100,0.44999999999999996,0.27796
0,inventory_threshold,active_adaptive_bisection,100,84,0.03125,0.01871
0,inventory_threshold,uniform,200,200,0.48894125867433175,0.26935
0,inventory_threshold,active_adaptive_bisection,200,189,0.03125,0.01598
0,inventory_threshold,uniform,500,500,0.2607106319635327,0.10629
0,inventory_threshold,active_adaptive_bisection,500,480,0.015625,0.01027
0,inventory_threshold,uniform,1000,1000,0.442792745840478,0.1192
0,inventory_threshold,active_adaptive_bisection,1000,999,0.0078125,0.00468
0,inventory_threshold,uniform,2000,2000,0.11123157477644097,0.04985
0,inventory_threshold,active_adaptive_bisection,2000,1980,0.00390625,0.00237
0,inventory_threshold,uniform,5000,5000,0.03430502588857509,0.01041
0,inventory_threshold,active_adaptive_bisection,5000,4968,0.0009765625,0.00058
0,inventory_threshold,uniform,10000,10000,0.015091395310238731,0.00778
0,inventory_threshold,active_adaptive_bisection,10000,9945,0.00048828125,0.00044
0,inventory_threshold,uniform,25000,25000,0.004489303740482786,0.00213
0,inventory_threshold,active_adaptive_bisection,25000,20076,0.000244140625,0.00033
0,inventory_threshold,uniform,50000,50000,0.0031392649018034957,0.00109
0,inventory_threshold,active_adaptive_bisection,50000,21510,0.0001220703125,0.00014
0,inventory_threshold,uniform,100000,100000,0.0020581069336325086,0.00115
0,inventory_threshold,active_adaptive_bisection,100000,22944,6.103515625e-05,8e-05
0,machine_replacement,uniform,100,100,0.15217391304347827,0.09956
0,machine_replacement,active_adaptive_bisection,100,84,0.028373430962343127,0.01646
0,machine_replacement,uniform,200,200,0.34482128210058727,0.11186
0,machine_replacement,active_adaptive_bisection,200,189,0.02926877825297598,0.01586
0,machine_replacement,uniform,500,500,0.32579071610306287,0.1176
0,machine_replacement,active_adaptive_bisection,500,480,0.015127194104557429,0.00815
0,machine_replacement,uniform,1000,1000,0.14003338552428063,0.10049
0,machine_replacement,active_adaptive_bisection,1000,999,0.00749130207385848,0.00397
0,machine_replacement,uniform,2000,2000,0.06585904327884373,0.03661
0,machine_replacement,active_adaptive_bisection,2000,1980,0.00379539407858831,0.00187
0,machine_replacement,uniform,5000,5000,0.02126581334903599,0.00778
0,machine_replacement,active_adaptive_bisection,5000,4968,0.0009603670737665659,0.00077
0,machine_replacement,uniform,10000,10000,0.007123379668595942,0.00402
0,machine_replacement,active_adaptive_bisection,10000,9945,0.0004877482888393514,0.00027
0,machine_replacement,uniform,25000,25000,0.003958450441191419,0.00205
0,machine_replacement,active_adaptive_bisection,25000,20076,0.0002437853175595306,9e-05
0,machine_replacement,uniform,50000,50000,0.001963503916374648,0.00067
0,machine_replacement,active_adaptive_bisection,50000,21510,0.00012171500505953059,8e-05
0,machine_replacement,uniform,100000,100000,0.0010958332751594968,0.00044
0,machine_replacement,active_adaptive_bisection,100000,22944,6.067984880953059e-05,4e-05
0,admission_control,uniform,100,100,0.5,0.27601
0,admission_control,active_adaptive_bisection,100,79,0.10325139470013944,0.04537
0,admission_control,uniform,200,200,0.5,0.29502
0,admission_control,active_adaptive_bisection,200,179,0.03125,0.02375
0,admission_control,uniform,500,500,0.3206425959606294,0.12719
0,admission_control,active_adaptive_bisection,500,456,0.017619257913434105,0.01098
0,admission_control,uniform,1000,1000,0.15454818020490957,0.1118
0,admission_control,active_adaptive_bisection,1000,950,0.0078125,0.00525
0,admission_control,uniform,2000,2000,0.10325781775986853,0.064
0,admission_control,active_adaptive_bisection,2000,1892,0.006624147197610893,0.00283
0,admission_control,uniform,5000,5000,0.058628339842262456,0.02558
0,admission_control,active_adaptive_bisection,5000,4970,0.0013862325447351331,0.0007
0,admission_control,uniform,10000,10000,0.04895534228965466,0.02227
0,admission_control,active_adaptive_bisection,10000,9907,0.00048828125,0.00028
0,admission_control,uniform,25000,25000,0.04555948619916639,0.02181
0,admission_control,active_adaptive_bisection,25000,19128,0.000244140625,0.00016
0,admission_control,uniform,50000,50000,0.04642079178035208,0.02138
0,admission_control,active_adaptive_bisection,50000,20483,0.0001220703125,9e-05
0,admission_control,uniform,100000,100000,0.04573536201395211,0.02131
0,admission_control,active_adaptive_bisection,100000,21838,6.103515625e-05,5e-05
0,resource_allocation,uniform,100,100,0.4964027580075816,0.33553
0,resource_allocation,active_adaptive_bisection,100,84,0.03257011140332189,0.0239
0,resource_allocation,uniform,200,200,0.5071438083450927,0.28228
0,resource_allocation,active_adaptive_bisection,200,189,0.03023272655866588,0.01853
0,resource_allocation,uniform,500,500,0.216759708948143,0.09212
0,resource_allocation,active_adaptive_bisection,500,480,0.01430525681573036,0.00809
0,resource_allocation,uniform,1000,1000,0.1729901603457944,0.12296
0,resource_allocation,active_adaptive_bisection,1000,999,0.007730064417141802,0.00492
0,resource_allocation,uniform,2000,2000,0.07885759966470884,0.05289
0,resource_allocation,active_adaptive_bisection,2000,1980,0.003844723908355996,0.00213
0,resource_allocation,uniform,5000,5000,0.04031826271589528,0.02032
0,resource_allocation,active_adaptive_bisection,5000,4968,0.0009793603076259927,0.00049
0,resource_allocation,uniform,10000,10000,0.02448532167939932,0.01842
0,resource_allocation,active_adaptive_bisection,10000,9984,0.0004839488384224544,0.00023
0,resource_allocation,uniform,25000,25000,0.029655958502921242,0.01719
0,resource_allocation,active_adaptive_bisection,25000,20076,0.00024340871997247104,0.00014
0,resource_allocation,uniform,50000,50000,0.02624543746277075,0.01708
0,resource_allocation,active_adaptive_bisection,50000,21510,0.00012200175837440153,8e-05
0,resource_allocation,uniform,100000,100000,0.024744803446463903,0.01714
0,resource_allocation,active_adaptive_bisection,100000,22944,6.0966602124401525e-05,2e-05
0,random_structured,uniform,100,100,0.5,0.37616
0,random_structured,active_adaptive_bisection,100,74,0.061192468619246876,0.02556
0,random_structured,uniform,200,200,0.5,0.43806
0,random_structured,active_adaptive_bisection,200,169,0.02968610851185982,0.01476
0,random_structured,uniform,500,500,0.5056609177027507,0.17385
0,random_structured,active_adaptive_bisection,500,420,0.015580448875533781,0.00836
0,random_structured,uniform,1000,1000,0.3787300734609669,0.15772
0,random_structured,active_adaptive_bisection,1000,981,0.007767948875533781,0.00418
0,random_structured,uniform,2000,2000,0.10289173719181943,0.06495
0,random_structured,active_adaptive_bisection,2000,1948,0.003861698875533781,0.0018
0,random_structured,uniform,5000,5000,0.05162450083612524,0.01996
0,random_structured,active_adaptive_bisection,5000,4920,0.0009706212660304248,0.00039
0,random_structured,uniform,10000,10000,0.019737477960427574,0.00581
0,random_structured,active_adaptive_bisection,10000,9784,0.0004855378684364142,0.00021
0,random_structured,uniform,25000,25000,0.005479820811177705,0.00148
0,random_structured,active_adaptive_bisection,25000,17556,0.00024337264234208095,0.0001
0,random_structured,uniform,50000,50000,0.002956951203348379,0.00105
0,random_structured,active_adaptive_bisection,50000,18780,0.00012199432726478499,5e-05
0,random_structured,uniform,100000,100000,0.001956533991147813,0.00069
0,random_structured,active_adaptive_bisection,100000,20004,6.1022492044204846e-05,4e-05
1,inventory_threshold,uniform,100,100,0.44999999999999996,0.27594
1,inventory_threshold,active_adaptive_bisection,100,84,0.03125,0.01812
1,inventory_threshold,uniform,200,200,1.0190915802326586,0.3431
1,inventory_threshold,active_adaptive_bisection,200,189,0.03125,0.01527
1,inventory_threshold,uniform,500,500,0.2505524633684654,0.11652
1,inventory_threshold,active_adaptive_bisection,500,480,0.015625,0.0099
1,inventory_threshold,uniform,1000,1000,0.1338666422197532,0.0904
1,inventory_threshold,active_adaptive_bisection,1000,999,0.0078125,0.00422
1,inventory_threshold,uniform,2000,2000,0.1463452459280964,0.04849
1,inventory_threshold,active_adaptive_bisection,2000,1980,0.00390625,0.00183
1,inventory_threshold,uniform,5000,5000,0.030228918047667808,0.01227
1,inventory_threshold,active_adaptive_bisection,5000,4968,0.0009765625,0.00048
1,inventory_threshold,uniform,10000,10000,0.014843820803787267,0.00551
1,inventory_threshold,active_adaptive_bisection,10000,9984,0.00048828125,0.00031
1,inventory_threshold,uniform,25000,25000,0.007637929282199807,0.00243
1,inventory_threshold,active_adaptive_bisection,25000,20076,0.000244140625,0.00028
1,inventory_threshold,uniform,50000,50000,0.004958392946467105,0.00194
1,inventory_threshold,active_adaptive_bisection,50000,21510,0.0001220703125,7e-05
1,inventory_threshold,uniform,100000,100000,0.0024758865616265613,0.00122
1,inventory_threshold,active_adaptive_bisection,100000,22944,6.103515625e-05,4e-05
1,machine_replacement,uniform,100,100,0.15217391304347827,0.10088
1,machine_replacement,active_adaptive_bisection,100,84,0.028373430962343127,0.01625
1,machine_replacement,uniform,200,200,0.8848462797889758,0.18361
1,machine_replacement,active_adaptive_bisection,200,189,0.027861788248135344,0.0153
1,machine_replacement,uniform,500,500,0.18058124690041027,0.11452
1,machine_replacement,active_adaptive_bisection,500,480,0.014988289066763694,0.00845
1,machine_replacement,uniform,1000,1000,0.14947171070193688,0.09453
1,machine_replacement,active_adaptive_bisection,1000,999,0.007477089776241563,0.00375
1,machine_replacement,uniform,2000,2000,0.09764237446622648,0.02748
1,machine_replacement,active_adaptive_bisection,2000,1980,0.003716023055209572,0.00196
1,machine_replacement,uniform,5000,5000,0.010605773652269668,0.00625
1,machine_replacement,active_adaptive_bisection,5000,4968,0.0009663357675370188,0.00072
1,machine_replacement,uniform,10000,10000,0.010967411189820461,0.00492
1,machine_replacement,active_adaptive_bisection,10000,9984,0.0004877482888393514,0.0003
1,machine_replacement,uniform,25000,25000,0.004546208637260324,0.00221
1,machine_replacement,active_adaptive_bisection,25000,20076,0.0002437853175595306,0.00016
1,machine_replacement,uniform,50000,50000,0.00274606533013777,0.00111
1,machine_replacement,active_adaptive_bisection,50000,21510,0.00012171500505953059,0.0001
1,machine_replacement,uniform,100000,100000,0.0015705053380369316,0.0007
1,machine_replacement,active_adaptive_bisection,100000,22944,6.067984880953059e-05,6e-05
1,admission_control,uniform,100,100,0.5,0.27839
1,admission_control,active_adaptive_bisection,100,79,0.10325139470013944,0.04643
1,admission_control,uniform,200,200,0.7357582468993253,0.37099
1,admission_control,active_adaptive_bisection,200,179,0.03711286873959596,0.02401
1,admission_control,uniform,500,500,0.2220537153084544,0.13369
1,admission_control,active_adaptive_bisection,500,456,0.019416478870705522,0.01057
1,admission_control,uniform,1000,1000,0.35353741524298465,0.14875
1,admission_control,active_adaptive_bisection,1000,950,0.0078125,0.00501
1,admission_control,uniform,2000,2000,0.13013518442529315,0.06474
1,admission_control,active_adaptive_bisection,2000,1892,0.006446218152883694,0.00273
1,admission_control,uniform,5000,5000,0.06663077854790211,0.02715
1,admission_control,active_adaptive_bisection,5000,4960,0.0014513762566268833,0.00073
1,admission_control,uniform,10000,10000,0.051123120234834375,0.02279
1,admission_control,active_adaptive_bisection,10000,9929,0.00048828125,0.00028
1,admission_control,uniform,25000,25000,0.046914315140270335,0.02191
1,admission_control,active_adaptive_bisection,25000,19128,0.000244140625,0.00014
1,admission_control,uniform,50000,50000,0.04623094696763409,0.02204
1,admission_control,active_adaptive_bisection,50000,20483,0.0001220703125,9e-05
1,admission_control,uniform,100000,100000,0.0460168260646198,0.02216
1,admission_control,active_adaptive_bisection,100000,21838,6.103515625e-05,5e-05
1,resource_allocation,uniform,100,100,0.4964027580075816,0.33355
1,resource_allocation,active_adaptive_bisection,100,84,0.03257011140332189,0.02434
1,resource_allocation,uniform,200,200,1.0654943382402402,0.38814
1,resource_allocation,active_adaptive_bisection,200,189,0.030314346728539,0.02003
1,resource_allocation,uniform,500,500,0.41566346465037596,0.14265
1,resource_allocation,active_adaptive_bisection,500,480,0.013859711378247569,0.0089
1,resource_allocation,uniform,1000,1000,0.1356749250249505,0.08804
1,resource_allocation,active_adaptive_bisection,1000,999,0.007770044603637394,0.00453
1,resource_allocation,uniform,2000,2000,0.11834508340224947,0.05536
1,resource_allocation,active_adaptive_bisection,2000,1980,0.003770958084288234,0.00243
1,resource_allocation,uniform,5000,5000,0.043411478197198095,0.02278
1,resource_allocation,active_adaptive_bisection,5000,4968,0.0009490465701175732,0.00048
1,resource_allocation,uniform,10000,10000,0.032051403344149076,0.01797
1,resource_allocation,active_adaptive_bisection,10000,9984,0.0004819421505068977,0.00026
1,resource_allocation,uniform,25000,25000,0.02735311513644023,0.01739
1,resource_allocation,active_adaptive_bisection,25000,20076,0.00024340871997247104,0.00013
1,resource_allocation,uniform,50000,50000,0.025426046515587275,0.01739
1,resource_allocation,active_adaptive_bisection,50000,21510,0.00012200175837440153,4e-05
1,resource_allocation,uniform,100000,100000,0.024371359167028483,0.01745
1,resource_allocation,active_adaptive_bisection,100000,22944,6.0966602124401525e-05,3e-05
1,random_structured,uniform,100,100,0.48934343959091053,0.30652
1,random_structured,active_adaptive_bisection,100,84,0.02858585989772766,0.01353
1,random_structured,uniform,200,200,0.48934343959091053,0.29076
1,random_structured,active_adaptive_bisection,200,189,0.031205545031105897,0.0342
1,random_structured,uniform,500,500,0.39333276066395484,0.14453
1,random_structured,active_adaptive_bisection,500,480,0.014947793154952017,0.00963
1,random_structured,uniform,1000,1000,0.28907472105840004,0.13327
1,random_structured,active_adaptive_bisection,1000,999,0.007640762694740455,0.00544
1,random_structured,uniform,2000,2000,0.13435037641636838,0.09059
1,random_structured,active_adaptive_bisection,2000,1980,0.003799879876749346,0.00273
1,random_structured,uniform,5000,5000,0.042213430056559975,0.01631
1,random_structured,active_adaptive_bisection,5000,4968,0.0009590913940613621,0.00073
1,random_structured,uniform,10000,10000,0.018703470572824288,0.00537
1,random_structured,active_adaptive_bisection,10000,9984,0.0004861933728331769,0.00033
1,random_structured,uniform,25000,25000,0.005378283717869747,0.00165
1,random_structured,active_adaptive_bisection,25000,20076,0.00024289480605854674,0.00017
1,random_structured,uniform,50000,50000,0.0037700968267821433,0.00123
1,random_structured,active_adaptive_bisection,50000,21510,0.00012197559552057369,5e-05
1,random_structured,uniform,100000,100000,0.0020869318453619057,0.00117
1,random_structured,active_adaptive_bisection,100000,22944,6.094043927057369e-05,7e-05
2,inventory_threshold,uniform,100,100,0.44999999999999996,0.27678
2,inventory_threshold,active_adaptive_bisection,100,84,0.03125,0.0176
2,inventory_threshold,uniform,200,200,0.44999999999999996,0.27678
2,inventory_threshold,active_adaptive_bisection,200,189,0.03125,0.01472
2,inventory_threshold,uniform,500,500,0.29575550066025535,0.10105
2,inventory_threshold,active_adaptive_bisection,500,480,0.015625,0.00979
2,inventory_threshold,uniform,1000,1000,0.1861986290024089,0.12291
2,inventory_threshold,active_adaptive_bisection,1000,999,0.0078125,0.00408
2,inventory_threshold,uniform,2000,2000,0.06013359272012764,0.04081
2,inventory_threshold,active_adaptive_bisection,2000,1980,0.00390625,0.00196
2,inventory_threshold,uniform,5000,5000,0.053820909903575354,0.01563
2,inventory_threshold,active_adaptive_bisection,5000,4968,0.0009765625,0.00054
2,inventory_threshold,uniform,10000,10000,0.011421057304812188,0.00475
2,inventory_threshold,active_adaptive_bisection,10000,9984,0.00048828125,0.00029
2,inventory_threshold,uniform,25000,25000,0.005858219094675099,0.0019
2,inventory_threshold,active_adaptive_bisection,25000,20076,0.000244140625,0.00019
2,inventory_threshold,uniform,50000,50000,0.0017217017454694838,0.00078
2,inventory_threshold,active_adaptive_bisection,50000,21510,0.0001220703125,5e-05
2,inventory_threshold,uniform,100000,100000,0.002729026407688462,0.00128
2,inventory_threshold,active_adaptive_bisection,100000,22944,6.103515625e-05,5e-05
2,machine_replacement,uniform,100,100,0.15217391304347827,0.09964
2,machine_replacement,active_adaptive_bisection,100,84,0.028373430962343127,0.01571
2,machine_replacement,uniform,200,200,0.15217391304347827,0.09964
2,machine_replacement,active_adaptive_bisection,200,189,0.02951658511261822,0.01567
2,machine_replacement,uniform,500,500,0.1487185266875531,0.05946
2,machine_replacement,active_adaptive_bisection,500,480,0.014987517400721628,0.00759
2,machine_replacement,uniform,1000,1000,0.20518038856777676,0.10334
2,machine_replacement,active_adaptive_bisection,1000,999,0.007386131071493551,0.00395
2,machine_replacement,uniform,2000,2000,0.08221536853151779,0.04331
2,machine_replacement,active_adaptive_bisection,2000,1980,0.0037821781911068914,0.0018
2,machine_replacement,uniform,5000,5000,0.014156262014074161,0.01162
2,machine_replacement,active_adaptive_bisection,5000,4968,0.000973924357405398,0.00054
2,machine_replacement,uniform,10000,10000,0.013400011408544077,0.00522
2,machine_replacement,active_adaptive_bisection,10000,9984,0.00048497092752308735,0.00028
2,machine_replacement,uniform,25000,25000,0.0038733774486161,0.00167
2,machine_replacement,active_adaptive_bisection,25000,20076,0.0002437853175595306,0.00018
2,machine_replacement,uniform,50000,50000,0.0028432011198420426,0.00083
2,machine_replacement,active_adaptive_bisection,50000,21510,0.00012171500505953059,6e-05
2,machine_replacement,uniform,100000,100000,0.0008180035465263358,0.00044
2,machine_replacement,active_adaptive_bisection,100000,22944,6.067984880953059e-05,5e-05
2,admission_control,uniform,100,100,0.5,0.27999
2,admission_control,active_adaptive_bisection,100,79,0.10325139470013944,0.04673
2,admission_control,uniform,200,200,0.5,0.27999
2,admission_control,active_adaptive_bisection,200,179,0.03271809185058727,0.02326
2,admission_control,uniform,500,500,0.3598956889804914,0.15975
2,admission_control,active_adaptive_bisection,500,456,0.019884714845971874,0.01138
2,admission_control,uniform,1000,1000,0.2577766179972357,0.13809
2,admission_control,active_adaptive_bisection,1000,950,0.008009957040973981,0.00563
2,admission_control,uniform,2000,2000,0.19406497598912076,0.07511
2,admission_control,active_adaptive_bisection,2000,1892,0.005986702804537929,0.0029
2,admission_control,uniform,5000,5000,0.05398097970171212,0.02683
2,admission_control,active_adaptive_bisection,5000,4990,0.0009765625,0.00062
2,admission_control,uniform,10000,10000,0.04612864443491327,0.02442
2,admission_control,active_adaptive_bisection,10000,9874,0.00048828125,0.00037
2,admission_control,uniform,25000,25000,0.04525301220554012,0.02214
2,admission_control,active_adaptive_bisection,25000,19128,0.000244140625,0.00022
2,admission_control,uniform,50000,50000,0.04678189308197229,0.0221
2,admission_control,active_adaptive_bisection,50000,20483,0.0001220703125,7e-05
2,admission_control,uniform,100000,100000,0.04602588515490014,0.02185
2,admission_control,active_adaptive_bisection,100000,21838,6.103515625e-05,6e-05
2,resource_allocation,uniform,100,100,0.4964027580075816,0.33486
2,resource_allocation,active_adaptive_bisection,100,84,0.03257011140332189,0.02511
2,resource_allocation,uniform,200,200,0.4964027580075816,0.33486
2,resource_allocation,active_adaptive_bisection,200,189,0.02875904392158446,0.01917
2,resource_allocation,uniform,500,500,0.4310716708174458,0.12161
2,resource_allocation,active_adaptive_bisection,500,480,0.015221438231662776,0.00854
2,resource_allocation,uniform,1000,1000,0.2130610498390596,0.11724
2,resource_allocation,active_adaptive_bisection,1000,999,0.007667900179119558,0.00458
2,resource_allocation,uniform,2000,2000,0.07959922314052104,0.04685
2,resource_allocation,active_adaptive_bisection,2000,1980,0.0038503480371060647,0.00221
2,resource_allocation,uniform,5000,5000,0.038768454788986106,0.02162
2,resource_allocation,active_adaptive_bisection,5000,4968,0.0009725785643096563,0.00046
2,resource_allocation,uniform,10000,10000,0.02305522565627871,0.01909
2,resource_allocation,active_adaptive_bisection,10000,9984,0.00048733550720692076,0.00026
2,resource_allocation,uniform,25000,25000,0.025303158446527085,0.01784
2,resource_allocation,active_adaptive_bisection,25000,20076,0.00024340871997247104,0.00012
2,resource_allocation,uniform,50000,50000,0.02457527535362436,0.01797
2,resource_allocation,active_adaptive_bisection,50000,21510,0.00012200175837440153,7e-05
2,resource_allocation,uniform,100000,100000,0.02606117651029588,0.01792
2,resource_allocation,active_adaptive_bisection,100000,22944,6.0966602124401525e-05,5e-05
2,random_structured,uniform,100,100,0.5,0.36885
2,random_structured,active_adaptive_bisection,100,74,0.05288708141781606,0.02307
2,random_structured,uniform,200,200,0.5,0.36885
2,random_structured,active_adaptive_bisection,200,169,0.029000982217070037,0.01593
2,random_structured,uniform,500,500,0.5831902772154325,0.21755
2,random_structured,active_adaptive_bisection,500,432,0.015132540983389953,0.0096
2,random_structured,uniform,1000,1000,0.2021768086332113,0.13613
2,random_structured,active_adaptive_bisection,1000,901,0.007617066137567657,0.00433
2,random_structured,uniform,2000,2000,0.14915216022969247,0.07595
2,random_structured,active_adaptive_bisection,2000,1982,0.0038155423034268443,0.00214
2,random_structured,uniform,5000,5000,0.058489951290191966,0.01736
2,random_structured,active_adaptive_bisection,5000,4918,0.000950745763099059,0.00051
2,random_structured,uniform,10000,10000,0.011560894335213567,0.00395
2,random_structured,active_adaptive_bisection,10000,9865,0.0004872717287588424,0.00028
2,random_structured,uniform,25000,25000,0.0063534154755763295,0.00269
2,random_structured,active_adaptive_bisection,25000,17928,0.0002438184038669189,0.00014
2,random_structured,uniform,50000,50000,0.0035782098149449437,0.00116
2,random_structured,active_adaptive_bisection,50000,19183,0.00012181793218968284,7e-05
2,random_structured,uniform,100000,100000,0.0014782330272374855,0.00086
2,random_structured,active_adaptive_bisection,100000,20438,6.078277593968284e-05,2e-05
3,inventory_threshold,uniform,100,100,0.44999999999999996,0.27407
3,inventory_threshold,active_adaptive_bisection,100,84,0.03125,0.0186
3,inventory_threshold,uniform,200,200,0.44999999999999996,0.27407
3,inventory_threshold,active_adaptive_bisection,200,189,0.03125,0.01611
3,inventory_threshold,uniform,500,500,0.7845509736179388,0.14821
3,inventory_threshold,active_adaptive_bisection,500,480,0.015625,0.01014
3,inventory_threshold,uniform,1000,1000,0.2414684944065566,0.11234
3,inventory_threshold,active_adaptive_bisection,1000,999,0.0078125,0.00502
3,inventory_threshold,uniform,2000,2000,0.09231825658974901,0.04719
3,inventory_threshold,active_adaptive_bisection,2000,1980,0.00390625,0.00219
3,inventory_threshold,uniform,5000,5000,0.05726679786518907,0.01297
3,inventory_threshold,active_adaptive_bisection,5000,4968,0.0009765625,0.00053
3,inventory_threshold,uniform,10000,10000,0.015735769204209937,0.00575
3,inventory_threshold,active_adaptive_bisection,10000,9984,0.00048828125,0.00034
3,inventory_threshold,uniform,25000,25000,0.005015988840360475,0.00206
3,inventory_threshold,active_adaptive_bisection,25000,20076,0.000244140625,0.00025
3,inventory_threshold,uniform,50000,50000,0.002359284193418132,0.001
3,inventory_threshold,active_adaptive_bisection,50000,21510,0.0001220703125,8e-05
3,inventory_threshold,uniform,100000,100000,0.0023064697263831535,0.00122
3,inventory_threshold,active_adaptive_bisection,100000,22944,6.103515625e-05,2e-05
3,machine_replacement,uniform,100,100,0.15217391304347827,0.09987
3,machine_replacement,active_adaptive_bisection,100,84,0.028373430962343127,0.01562
3,machine_replacement,uniform,200,200,0.15217391304347827,0.09987
3,machine_replacement,active_adaptive_bisection,200,189,0.030988493723849375,0.01568
3,machine_replacement,uniform,500,500,0.2997616479957932,0.14633
3,machine_replacement,active_adaptive_bisection,500,480,0.015511301619064888,0.00769
3,machine_replacement,uniform,1000,1000,0.16265021383309536,0.09619
3,machine_replacement,active_adaptive_bisection,1000,999,0.007458164343456475,0.0035
3,machine_replacement,uniform,2000,2000,0.07295194420873297,0.03798
3,machine_replacement,active_adaptive_bisection,2000,1980,0.003845137120247477,0.00183
3,machine_replacement,uniform,5000,5000,0.02231330043480506,0.00973
3,machine_replacement,active_adaptive_bisection,5000,4968,0.0009693580709690952,0.00059
3,machine_replacement,uniform,10000,10000,0.004041128878183309,0.00219
3,machine_replacement,active_adaptive_bisection,10000,9984,0.000485404301486414,0.00021
3,machine_replacement,uniform,25000,25000,0.004409828452532266,0.00161
3,machine_replacement,active_adaptive_bisection,25000,20076,0.0002437853175595306,0.00019
3,machine_replacement,uniform,50000,50000,0.0011076651384674396,0.00059
3,machine_replacement,active_adaptive_bisection,50000,21510,0.00012171500505953059,7e-05
3,machine_replacement,uniform,100000,100000,0.0014806355043781028,0.00057
3,machine_replacement,active_adaptive_bisection,100000,22944,6.067984880953059e-05,6e-05
3,admission_control,uniform,100,100,0.5,0.27649
3,admission_control,active_adaptive_bisection,100,79,0.10325139470013944,0.04591
3,admission_control,uniform,200,200,0.5,0.27649
3,admission_control,active_adaptive_bisection,200,179,0.03140634093771314,0.02286
3,admission_control,uniform,500,500,0.1779606721976275,0.1442
3,admission_control,active_adaptive_bisection,500,456,0.018958609937707704,0.01022
3,admission_control,uniform,1000,1000,0.18733043992656012,0.10924
3,admission_control,active_adaptive_bisection,1000,957,0.0078125,0.00537
3,admission_control,uniform,2000,2000,0.1440710394506981,0.06291
3,admission_control,active_adaptive_bisection,2000,1892,0.004873242607169592,0.00291
3,admission_control,uniform,5000,5000,0.08148891545752956,0.02842
3,admission_control,active_adaptive_bisection,5000,4980,0.0020684002473414682,0.00062
3,admission_control,uniform,10000,10000,0.04530897287479066,0.02201
3,admission_control,active_adaptive_bisection,10000,9896,0.00048828125,0.00044
3,admission_control,uniform,25000,25000,0.0450425275243419,0.02084
3,admission_control,active_adaptive_bisection,25000,19128,0.000244140625,0.00026
3,admission_control,uniform,50000,50000,0.045053186898662556,0.02082
3,admission_control,active_adaptive_bisection,50000,20483,0.0001220703125,0.00016
3,admission_control,uniform,100000,100000,0.046013252242814495,0.02063
3,admission_control,active_adaptive_bisection,100000,21838,6.103515625e-05,6e-05
3,resource_allocation,uniform,100,100,0.4964027580075816,0.33242
3,resource_allocation,active_adaptive_bisection,100,84,0.03257011140332189,0.02461
3,resource_allocation,uniform,200,200,0.4964027580075816,0.33242
3,resource_allocation,active_adaptive_bisection,200,189,0.030506608546069514,0.01842
3,resource_allocation,uniform,500,500,0.6969493546486929,0.16362
3,resource_allocation,active_adaptive_bisection,500,480,0.015349512436033053,0.00888
3,resource_allocation,uniform,1000,1000,0.21312820719454728,0.11309
3,resource_allocation,active_adaptive_bisection,1000,999,0.0077029702003895695,0.00453
3,resource_allocation,uniform,2000,2000,0.09871453587747203,0.05281
3,resource_allocation,active_adaptive_bisection,2000,1980,0.003845325553265222,0.00209
3,resource_allocation,uniform,5000,5000,0.034657748525728005,0.02423
3,resource_allocation,active_adaptive_bisection,5000,4968,0.0009705163019823604,0.00056
3,resource_allocation,uniform,10000,10000,0.02927343436868185,0.01864
3,resource_allocation,active_adaptive_bisection,10000,9984,0.0004771625319259787,0.00028
3,resource_allocation,uniform,25000,25000,0.02691106453754427,0.01774
3,resource_allocation,active_adaptive_bisection,25000,20076,0.00024340871997247104,0.00016
3,resource_allocation,uniform,50000,50000,0.026101013938158557,0.01757
3,resource_allocation,active_adaptive_bisection,50000,21510,0.00012200175837440153,0.0001
3,resource_allocation,uniform,100000,100000,0.0246679454338109,0.01767
3,resource_allocation,active_adaptive_bisection,100000,22944,6.0966602124401525e-05,2e-05
3,random_structured,uniform,100,100,0.5,0.36524
3,random_structured,active_adaptive_bisection,100,74,0.05342721600973688,0.02204
3,random_structured,uniform,200,200,0.5,0.36524
3,random_structured,active_adaptive_bisection,200,169,0.029562333906782527,0.01729
3,random_structured,uniform,500,500,1.2154255011439563,0.26934
3,random_structured,active_adaptive_bisection,500,432,0.015426508779163739,0.00902
3,random_structured,uniform,1000,1000,0.20380401694506667,0.15217
3,random_structured,active_adaptive_bisection,1000,901,0.007614008779163739,0.00462
3,random_structured,uniform,2000,2000,0.15337184831977724,0.07433
3,random_structured,active_adaptive_bisection,2000,1982,0.00389014534350407,0.0018
3,random_structured,uniform,5000,5000,0.11132997546512136,0.02852
3,random_structured,active_adaptive_bisection,5000,4928,0.000960681015970688,0.00044
3,random_structured,uniform,10000,10000,0.01930585694836895,0.00467
3,random_structured,active_adaptive_bisection,10000,9909,0.000487214250030954,0.00029
3,random_structured,uniform,25000,25000,0.004623869432795469,0.00162
3,random_structured,active_adaptive_bisection,25000,17892,0.00024307362503095398,6e-05
3,random_structured,uniform,50000,50000,0.0038684746126018688,0.00132
3,random_structured,active_adaptive_bisection,50000,19144,0.00012132282560195495,1e-05
3,random_structured,uniform,100000,100000,0.0019454648935082197,0.00088
3,random_structured,active_adaptive_bisection,100000,20396,6.028766935195495e-05,1e-05
4,inventory_threshold,uniform,100,100,0.44999999999999996,0.27875
4,inventory_threshold,active_adaptive_bisection,100,84,0.03125,0.01851
4,inventory_threshold,uniform,200,200,0.7539451262695556,0.22544
4,inventory_threshold,active_adaptive_bisection,200,189,0.03125,0.01676
4,inventory_threshold,uniform,500,500,0.6036250769084912,0.20063
4,inventory_threshold,active_adaptive_bisection,500,480,0.015625,0.01043
4,inventory_threshold,uniform,1000,1000,0.20675926059712213,0.1079
4,inventory_threshold,active_adaptive_bisection,1000,999,0.0078125,0.00475
4,inventory_threshold,uniform,2000,2000,0.14822290744076316,0.0627
4,inventory_threshold,active_adaptive_bisection,2000,1980,0.00390625,0.00171
4,inventory_threshold,uniform,5000,5000,0.03180783491355821,0.01371
4,inventory_threshold,active_adaptive_bisection,5000,4968,0.0009765625,0.00055
4,inventory_threshold,uniform,10000,10000,0.011983400378697384,0.00615
4,inventory_threshold,active_adaptive_bisection,10000,9984,0.00048828125,0.00023
4,inventory_threshold,uniform,25000,25000,0.003637481827116429,0.002
4,inventory_threshold,active_adaptive_bisection,25000,20076,0.000244140625,8e-05
4,inventory_threshold,uniform,50000,50000,0.0027333869789216703,0.00108
4,inventory_threshold,active_adaptive_bisection,50000,21510,0.0001220703125,5e-05
4,inventory_threshold,uniform,100000,100000,0.0022841998550056086,0.00127
4,inventory_threshold,active_adaptive_bisection,100000,22944,6.103515625e-05,3e-05
4,machine_replacement,uniform,100,100,0.15217391304347827,0.0993
4,machine_replacement,active_adaptive_bisection,100,84,0.028373430962343127,0.01668
4,machine_replacement,uniform,200,200,0.31182714549961493,0.17557
4,machine_replacement,active_adaptive_bisection,200,189,0.029991556197966937,0.01689
4,machine_replacement,uniform,500,500,0.3158649980532143,0.12667
4,machine_replacement,active_adaptive_bisection,500,480,0.015170206476259773,0.00815
4,machine_replacement,uniform,1000,1000,0.10190298524974456,0.08701
4,machine_replacement,active_adaptive_bisection,1000,999,0.007357706476259773,0.00391
4,machine_replacement,uniform,2000,2000,0.10488281215020467,0.03757
4,machine_replacement,active_adaptive_bisection,2000,1980,0.00379539407858831,0.0019
4,machine_replacement,uniform,5000,5000,0.012580194187055749,0.00608
4,machine_replacement,active_adaptive_bisection,5000,4968,0.0009753138552746066,0.00075
4,machine_replacement,uniform,10000,10000,0.005578298593636483,0.00389
4,machine_replacement,active_adaptive_bisection,10000,9984,0.0004860443307522933,0.00042
4,machine_replacement,uniform,25000,25000,0.0033294402234982368,0.00203
4,machine_replacement,active_adaptive_bisection,25000,20076,0.0002437853175595306,0.00017
4,machine_replacement,uniform,50000,50000,0.002523090966636443,0.00116
4,machine_replacement,active_adaptive_bisection,50000,21510,0.00012171500505953059,6e-05
4,machine_replacement,uniform,100000,100000,0.00129613225961428,0.00079
4,machine_replacement,active_adaptive_bisection,100000,22944,6.067984880953059e-05,3e-05
4,admission_control,uniform,100,100,0.5,0.2795
4,admission_control,active_adaptive_bisection,100,79,0.10325139470013944,0.04691
4,admission_control,uniform,200,200,0.6706117929362222,0.32913
4,admission_control,active_adaptive_bisection,200,179,0.03455600486006996,0.02352
4,admission_control,uniform,500,500,1.6413226340693707,0.3104
4,admission_control,active_adaptive_bisection,500,456,0.02104162931352127,0.01077
4,admission_control,uniform,1000,1000,0.17461995853321022,0.11949
4,admission_control,active_adaptive_bisection,1000,957,0.0078125,0.00529
4,admission_control,uniform,2000,2000,0.12323832484043351,0.06377
4,admission_control,active_adaptive_bisection,2000,1892,0.006649133045808343,0.00281
4,admission_control,uniform,5000,5000,0.05805420224390756,0.02534
4,admission_control,active_adaptive_bisection,5000,4980,0.0015402591870192894,0.0006
4,admission_control,uniform,10000,10000,0.04060102381240538,0.02411
4,admission_control,active_adaptive_bisection,10000,9940,0.00048828125,0.00031
4,admission_control,uniform,25000,25000,0.04597829930534751,0.02187
4,admission_control,active_adaptive_bisection,25000,19128,0.000244140625,0.00018
4,admission_control,uniform,50000,50000,0.0467381878328552,0.02189
4,admission_control,active_adaptive_bisection,50000,20483,0.0001220703125,0.00012
4,admission_control,uniform,100000,100000,0.045746523783163684,0.02187
4,admission_control,active_adaptive_bisection,100000,21838,6.103515625e-05,9e-05
4,resource_allocation,uniform,100,100,0.4964027580075816,0.33527
4,resource_allocation,active_adaptive_bisection,100,84,0.03257011140332189,0.02441
4,resource_allocation,uniform,200,200,0.27915270766598915,0.16046
4,resource_allocation,active_adaptive_bisection,200,189,0.030914219933588505,0.02064
4,resource_allocation,uniform,500,500,0.6060264966295374,0.22219
4,resource_allocation,active_adaptive_bisection,500,480,0.014858431971881025,0.00883
4,resource_allocation,uniform,1000,1000,0.28189163400612527,0.10537
4,resource_allocation,active_adaptive_bisection,1000,999,0.007367373365388553,0.00437
4,resource_allocation,uniform,2000,2000,0.07640685144055703,0.05351
4,resource_allocation,active_adaptive_bisection,2000,1980,0.0038781496732172016,0.00217
4,resource_allocation,uniform,5000,5000,0.03838395685141144,0.02082
4,resource_allocation,active_adaptive_bisection,5000,4968,0.0009595601544840071,0.00051
4,resource_allocation,uniform,10000,10000,0.029467487221618904,0.01743
4,resource_allocation,active_adaptive_bisection,10000,9984,0.00048465476738879243,0.00039
4,resource_allocation,uniform,25000,25000,0.0230663131713581,0.01714
4,resource_allocation,active_adaptive_bisection,25000,20076,0.00024340871997247104,0.00014
4,resource_allocation,uniform,50000,50000,0.024568465484435975,0.01712
4,resource_allocation,active_adaptive_bisection,50000,21510,0.00012200175837440153,9e-05
4,resource_allocation,uniform,100000,100000,0.024804499530897084,0.01704
4,resource_allocation,active_adaptive_bisection,100000,22944,6.0966602124401525e-05,2e-05
4,random_structured,uniform,100,100,0.5,0.32544
4,random_structured,active_adaptive_bisection,100,74,0.025475721871833112,0.0166
4,random_structured,uniform,200,200,0.5,0.22943
4,random_structured,active_adaptive_bisection,200,179,0.030021280804554018,0.02819
4,random_structured,uniform,500,500,1.0846510273901837,0.21487
4,random_structured,active_adaptive_bisection,500,468,0.015125099703858433,0.00914
4,random_structured,uniform,1000,1000,0.13839430451169565,0.11934
4,random_structured,active_adaptive_bisection,1000,971,0.007740077564602599,0.00492
4,random_structured,uniform,2000,2000,0.14046130904290832,0.06993
4,random_structured,active_adaptive_bisection,2000,1932,0.0038668525659646402,0.00215
4,random_structured,uniform,5000,5000,0.06309856053492524,0.02471
4,random_structured,active_adaptive_bisection,5000,4982,0.0009676503608078146,0.00055
4,random_structured,uniform,10000,10000,0.02909087381685549,0.00778
4,random_structured,active_adaptive_bisection,10000,9965,0.0004860635543171288,0.00019
4,random_structured,uniform,25000,25000,0.005724761359665154,0.00148
4,random_structured,active_adaptive_bisection,25000,19572,0.0002421050746661546,0.00012
4,random_structured,uniform,50000,50000,0.0031656977500341132,0.00124
4,random_structured,active_adaptive_bisection,50000,20964,0.0001220247761627713,5e-05
4,random_structured,uniform,100000,100000,0.0023098877901349124,0.00073
4,random_structured,active_adaptive_bisection,100000,22356,6.09896199127713e-05,2e-05
5,inventory_threshold,uniform,100,100,0.44999999999999996,0.27564
5,inventory_threshold,active_adaptive_bisection,100,84,0.03125,0.01797
5,inventory_threshold,uniform,200,200,1.1208586644955396,0.41975
5,inventory_threshold,active_adaptive_bisection,200,189,0.03125,0.0162
5,inventory_threshold,uniform,500,500,0.2847308353874878,0.12449
5,inventory_threshold,active_adaptive_bisection,500,480,0.015625,0.00982
5,inventory_threshold,uniform,1000,1000,0.25204928365835233,0.09805
5,inventory_threshold,active_adaptive_bisection,1000,999,0.0078125,0.00449
5,inventory_threshold,uniform,2000,2000,0.12038202403770615,0.05503
5,inventory_threshold,active_adaptive_bisection,2000,1980,0.00390625,0.00213
5,inventory_threshold,uniform,5000,5000,0.03148814124670629,0.01023
5,inventory_threshold,active_adaptive_bisection,5000,4968,0.0009765625,0.00063
5,inventory_threshold,uniform,10000,10000,0.012121833644593849,0.00553
5,inventory_threshold,active_adaptive_bisection,10000,9984,0.00048828125,0.00023
5,inventory_threshold,uniform,25000,25000,0.004473826185044105,0.00203
5,inventory_threshold,active_adaptive_bisection,25000,20076,0.000244140625,0.00021
5,inventory_threshold,uniform,50000,50000,0.001963057201660068,0.00069
5,inventory_threshold,active_adaptive_bisection,50000,21510,0.0001220703125,0.00011
5,inventory_threshold,uniform,100000,100000,0.002247305180324899,0.00131
5,inventory_threshold,active_adaptive_bisection,100000,22944,6.103515625e-05,3e-05
5,machine_replacement,uniform,100,100,0.15217391304347827,0.09947
5,machine_replacement,active_adaptive_bisection,100,84,0.028373430962343127,0.01622
5,machine_replacement,uniform,200,200,0.9012934471042354,0.29062
5,machine_replacement,active_adaptive_bisection,200,189,0.028436104611110277,0.01612
5,machine_replacement,uniform,500,500,0.3154892210738092,0.11591
5,machine_replacement,active_adaptive_bisection,500,480,0.015404786498832146,0.00799
5,machine_replacement,uniform,1000,1000,0.08034999347267718,0.061
5,machine_replacement,active_adaptive_bisection,1000,999,0.007175789066763694,0.00365
5,machine_replacement,uniform,2000,2000,0.06696445910011906,0.03369
5,machine_replacement,active_adaptive_bisection,2000,1980,0.003811418993246385,0.00179
5,machine_replacement,uniform,5000,5000,0.03152131549965312,0.01289
5,machine_replacement,active_adaptive_bisection,5000,4968,0.0009646053889919015,0.00077
5,machine_replacement,uniform,10000,10000,0.016608130275372168,0.0045
5,machine_replacement,active_adaptive_bisection,10000,9984,0.0004859717516372264,0.0002
5,machine_replacement,uniform,25000,25000,0.005441079409805094,0.00192
5,machine_replacement,active_adaptive_bisection,25000,20076,0.0002437853175595306,0.00013
5,machine_replacement,uniform,50000,50000,0.002932198043797629,0.00104
5,machine_replacement,active_adaptive_bisection,50000,21510,0.00012171500505953059,1e-05
5,machine_replacement,uniform,100000,100000,0.0017716717284776973,0.0007
5,machine_replacement,active_adaptive_bisection,100000,22944,6.067984880953059e-05,2e-05
5,admission_control,uniform,100,100,0.5,0.27805
5,admission_control,active_adaptive_bisection,100,79,0.10325139470013944,0.04618
5,admission_control,uniform,200,200,0.7708586644955397,0.36639
5,admission_control,active_adaptive_bisection,200,179,0.03621703510974506,0.02378
5,admission_control,uniform,500,500,0.388756344540422,0.12863
5,admission_control,active_adaptive_bisection,500,456,0.021525692969758037,0.011
5,admission_control,uniform,1000,1000,0.14945490331709155,0.09404
5,admission_control,active_adaptive_bisection,1000,957,0.0078125,0.0055
5,admission_control,uniform,2000,2000,0.17008621003506652,0.07044
5,admission_control,active_adaptive_bisection,2000,1892,0.0043538568513313836,0.00311
5,admission_control,uniform,5000,5000,0.05546036811179811,0.02573
5,admission_control,active_adaptive_bisection,5000,4960,0.0016142352741516151,0.00071
5,admission_control,uniform,10000,10000,0.04432803153690912,0.02291
5,admission_control,active_adaptive_bisection,10000,9918,0.0004972448582596866,0.00044
5,admission_control,uniform,25000,25000,0.047896088296475035,0.02154
5,admission_control,active_adaptive_bisection,25000,19128,0.000244140625,0.00019
5,admission_control,uniform,50000,50000,0.04494218854922161,0.02209
5,admission_control,active_adaptive_bisection,50000,20483,0.0001220703125,8e-05
5,admission_control,uniform,100000,100000,0.04632732936146587,0.02183
5,admission_control,active_adaptive_bisection,100000,21838,6.103515625e-05,1e-05
5,resource_allocation,uniform,100,100,0.4964027580075816,0.33546
5,resource_allocation,active_adaptive_bisection,100,84,0.03257011140332189,0.0256
5,resource_allocation,uniform,200,200,0.6462356192314008,0.31808
5,resource_allocation,active_adaptive_bisection,200,189,0.030155721261193702,0.02014
5,resource_allocation,uniform,500,500,0.2353984717290476,0.1133
5,resource_allocation,active_adaptive_bisection,500,480,0.015325896221594498,0.00878
5,resource_allocation,uniform,1000,1000,0.24486063716430406,0.10237
5,resource_allocation,active_adaptive_bisection,1000,999,0.007596612269927069,0.0048
5,resource_allocation,uniform,2000,2000,0.12906579022202158,0.06661
5,resource_allocation,active_adaptive_bisection,2000,1980,0.003617077771347413,0.00232
5,resource_allocation,uniform,5000,5000,0.03433639510265113,0.02226
5,resource_allocation,active_adaptive_bisection,5000,4968,0.0009441649096540439,0.00052
5,resource_allocation,uniform,10000,10000,0.026645269845454345,0.0178
5,resource_allocation,active_adaptive_bisection,10000,9984,0.000484288163230151,0.00021
5,resource_allocation,uniform,25000,25000,0.027512445064836855,0.01749
5,resource_allocation,active_adaptive_bisection,25000,20076,0.00024340871997247104,0.00014
5,resource_allocation,uniform,50000,50000,0.025562428643354118,0.01762
5,resource_allocation,active_adaptive_bisection,50000,21510,0.00012200175837440153,8e-05
5,resource_allocation,uniform,100000,100000,0.025437098765345056,0.01767
5,resource_allocation,active_adaptive_bisection,100000,22944,6.0966602124401525e-05,3e-05
5,random_structured,uniform,100,100,0.5,0.43491
5,random_structured,active_adaptive_bisection,100,64,0.02362477579187716,0.00967
5,random_structured,uniform,200,200,0.604936274127813,0.40296
5,random_structured,active_adaptive_bisection,200,159,0.02912136766096618,0.01662
5,random_structured,uniform,500,500,1.9702603059780919,0.34119
5,random_structured,active_adaptive_bisection,500,486,0.01550167454057394,0.0072
5,random_structured,uniform,1000,1000,0.24308585426952223,0.12666
5,random_structured,active_adaptive_bisection,1000,951,0.007627175436231426,0.00317
5,random_structured,uniform,2000,2000,0.19284273234182536,0.08066
5,random_structured,active_adaptive_bisection,2000,1930,0.0038511571187921367,0.0018
5,random_structured,uniform,5000,5000,0.05159061314657187,0.01439
5,random_structured,active_adaptive_bisection,5000,4790,0.0009603881557657679,0.00035
5,random_structured,uniform,10000,10000,0.011599257450503386,0.00321
5,random_structured,active_adaptive_bisection,10000,9541,0.0004863220262278367,0.0003
5,random_structured,uniform,25000,25000,0.006536939659005925,0.00199
5,random_structured,active_adaptive_bisection,25000,15924,0.00024319295030261756,0.00017
5,random_structured,uniform,50000,50000,0.0026889986979610203,0.00089
5,random_structured,active_adaptive_bisection,50000,17012,0.00012112263780261756,6e-05
5,random_structured,uniform,100000,100000,0.002275252965412977,0.00091
5,random_structured,active_adaptive_bisection,100000,18100,6.018997229551015e-05,5e-05
6,inventory_threshold,uniform,100,100,0.44999999999999996,0.27689
6,inventory_threshold,active_adaptive_bisection,100,84,0.03125,0.01804
6,inventory_threshold,uniform,200,200,0.7753217752624303,0.2771
6,inventory_threshold,active_adaptive_bisection,200,189,0.03125,0.01655
6,inventory_threshold,uniform,500,500,0.3003826115522637,0.14536
6,inventory_threshold,active_adaptive_bisection,500,480,0.015625,0.00994
6,inventory_threshold,uniform,1000,1000,0.20962627145618207,0.12584
6,inventory_threshold,active_adaptive_bisection,1000,999,0.0078125,0.0045
6,inventory_threshold,uniform,2000,2000,0.15380619758849434,0.05255
6,inventory_threshold,active_adaptive_bisection,2000,1980,0.00390625,0.00194
6,inventory_threshold,uniform,5000,5000,0.039946468668417,0.01317
6,inventory_threshold,active_adaptive_bisection,5000,4968,0.0009765625,0.00048
6,inventory_threshold,uniform,10000,10000,0.0141369232917542,0.00598
6,inventory_threshold,active_adaptive_bisection,10000,9984,0.00048828125,0.00031
6,inventory_threshold,uniform,25000,25000,0.005768629919417512,0.00202
6,inventory_threshold,active_adaptive_bisection,25000,20076,0.000244140625,0.00028
6,inventory_threshold,uniform,50000,50000,0.0031930234362029797,0.00133
6,inventory_threshold,active_adaptive_bisection,50000,21510,0.0001220703125,7e-05
6,inventory_threshold,uniform,100000,100000,0.001455614061978694,0.00057
6,inventory_threshold,active_adaptive_bisection,100000,22944,6.103515625e-05,2e-05
6,machine_replacement,uniform,100,100,0.15217391304347827,0.10018
6,machine_replacement,active_adaptive_bisection,100,84,0.028373430962343127,0.01588
6,machine_replacement,uniform,200,200,0.8167379551246341,0.25363
6,machine_replacement,active_adaptive_bisection,200,189,0.030704247771511727,0.01617
6,machine_replacement,uniform,500,500,0.2525845457520791,0.17399
6,machine_replacement,active_adaptive_bisection,500,480,0.015166383074017659,0.00754
6,machine_replacement,uniform,1000,1000,0.1536392184986835,0.08636
6,machine_replacement,active_adaptive_bisection,1000,999,0.007386131071493537,0.00387
6,machine_replacement,uniform,2000,2000,0.1029143546789526,0.04268
6,machine_replacement,active_adaptive_bisection,2000,1980,0.0038167125250136436,0.00205
6,machine_replacement,uniform,5000,5000,0.017902910576407582,0.01464
6,machine_replacement,active_adaptive_bisection,5000,4968,0.0009646812917974978,0.00065
6,machine_replacement,uniform,10000,10000,0.012512263408703206,0.00493
6,machine_replacement,active_adaptive_bisection,10000,9984,0.00048568187322284295,0.00032
6,machine_replacement,uniform,25000,25000,0.0035564243894623537,0.00198
6,machine_replacement,active_adaptive_bisection,25000,20076,0.0002437853175595306,0.0001
6,machine_replacement,uniform,50000,50000,0.005037236906491271,0.00144
6,machine_replacement,active_adaptive_bisection,50000,21510,0.00012171500505953059,6e-05
6,machine_replacement,uniform,100000,100000,0.0006340479825762968,0.00042
6,machine_replacement,active_adaptive_bisection,100000,22944,6.067984880953059e-05,2e-05
6,admission_control,uniform,100,100,0.5,0.28011
6,admission_control,active_adaptive_bisection,100,79,0.10325139470013944,0.04783
6,admission_control,uniform,200,200,1.1309945600479636,0.27789
6,admission_control,active_adaptive_bisection,200,179,0.03125,0.02463
6,admission_control,uniform,500,500,0.34841792226141877,0.16826
6,admission_control,active_adaptive_bisection,500,456,0.019217200878180574,0.01099
6,admission_control,uniform,1000,1000,0.1969393374362184,0.14591
6,admission_control,active_adaptive_bisection,1000,950,0.0078125,0.00521
6,admission_control,uniform,2000,2000,0.10662596681633585,0.05535
6,admission_control,active_adaptive_bisection,2000,1892,0.0048873497976154034,0.00262
6,admission_control,uniform,5000,5000,0.0510803160509159,0.02417
6,admission_control,active_adaptive_bisection,5000,4970,0.0013770428938303496,0.00049
6,admission_control,uniform,10000,10000,0.05107229958994923,0.02263
6,admission_control,active_adaptive_bisection,10000,9852,0.00048828125,0.00026
6,admission_control,uniform,25000,25000,0.04576201924978531,0.02175
6,admission_control,active_adaptive_bisection,25000,19128,0.000244140625,0.00014
6,admission_control,uniform,50000,50000,0.04626240050257305,0.02162
6,admission_control,active_adaptive_bisection,50000,20483,0.0001220703125,5e-05
6,admission_control,uniform,100000,100000,0.045541020427110036,0.02178
6,admission_control,active_adaptive_bisection,100000,21838,6.103515625e-05,3e-05
6,resource_allocation,uniform,100,100,0.4964027580075816,0.3337
6,resource_allocation,active_adaptive_bisection,100,84,0.03257011140332189,0.0245
6,resource_allocation,uniform,200,200,0.6681094222979009,0.24166
6,resource_allocation,active_adaptive_bisection,200,189,0.030966334218046176,0.01995
6,resource_allocation,uniform,500,500,0.2590678445746458,0.14511
6,resource_allocation,active_adaptive_bisection,500,480,0.015592885600316908,0.00805
6,resource_allocation,uniform,1000,1000,0.17078229702414172,0.12941
6,resource_allocation,active_adaptive_bisection,1000,999,0.007344762230462321,0.00447
6,resource_allocation,uniform,2000,2000,0.15099878013212664,0.06009
6,resource_allocation,active_adaptive_bisection,2000,1980,0.003859315086482684,0.00212
6,resource_allocation,uniform,5000,5000,0.03878307855578539,0.01965
6,resource_allocation,active_adaptive_bisection,5000,4968,0.0009527060321862235,0.00062
6,resource_allocation,uniform,10000,10000,0.03164731926470066,0.01656
6,resource_allocation,active_adaptive_bisection,10000,9984,0.00048733550720686525,0.00021
6,resource_allocation,uniform,25000,25000,0.028571481700559787,0.01667
6,resource_allocation,active_adaptive_bisection,25000,20076,0.00024340871997247104,9e-05
6,resource_allocation,uniform,50000,50000,0.025523633886921027,0.01655
6,resource_allocation,active_adaptive_bisection,50000,21510,0.00012200175837440153,3e-05
6,resource_allocation,uniform,100000,100000,0.024399107796794273,0.01667
6,resource_allocation,active_adaptive_bisection,100000,22944,6.0966602124401525e-05,3e-05
6,random_structured,uniform,100,100,0.5,0.40578
6,random_structured,active_adaptive_bisection,100,74,0.027065899581590003,0.02273
6,random_structured,uniform,200,200,0.6860268900663827,0.34313
6,random_structured,active_adaptive_bisection,200,159,0.03053784588922805,0.01402
6,random_structured,uniform,500,500,0.42776704453457887,0.16139
6,random_structured,active_adaptive_bisection,500,408,0.014956635212345859,0.00686
6,random_structured,uniform,1000,1000,0.1537756997277343,0.1074
6,random_structured,active_adaptive_bisection,1000,959,0.007690915410278887,0.00349
6,random_structured,uniform,2000,2000,0.12014698145034286,0.04741
6,random_structured,active_adaptive_bisection,2000,1920,0.0038829593631136694,0.00162
6,random_structured,uniform,5000,5000,0.06486328812631248,0.01405
6,random_structured,active_adaptive_bisection,5000,4876,0.0009645220377207109,0.00049
6,random_structured,uniform,10000,10000,0.012439560277578199,0.00358
6,random_structured,active_adaptive_bisection,10000,9602,0.00048497477655295995,0.00021
6,random_structured,uniform,25000,25000,0.002339978031748513,0.00072
6,random_structured,active_adaptive_bisection,25000,16740,0.0002436728197848792,0.00016
6,random_structured,uniform,50000,50000,0.003415476818225238,0.00111
6,random_structured,active_adaptive_bisection,50000,17896,0.0001216025072848792,6e-05
6,random_structured,uniform,100000,100000,0.002366967969276601,0.00072
6,random_structured,active_adaptive_bisection,100000,19052,6.0990866325272286e-05,5e-05
7,inventory_threshold,uniform,100,100,0.44999999999999996,0.28008
7,inventory_threshold,active_adaptive_bisection,100,84,0.03125,0.01858
7,inventory_threshold,uniform,200,200,0.44999999999999996,0.28008
7,inventory_threshold,active_adaptive_bisection,200,189,0.03125,0.01724
7,inventory_threshold,uniform,500,500,0.18398482037971808,0.12901
7,inventory_threshold,active_adaptive_bisection,500,480,0.015625,0.0107
7,inventory_threshold,uniform,1000,1000,0.2531482546237964,0.12997
7,inventory_threshold,active_adaptive_bisection,1000,999,0.0078125,0.00434
7,inventory_threshold,uniform,2000,2000,0.07152752894507175,0.05359
7,inventory_threshold,active_adaptive_bisection,2000,1980,0.00390625,0.00212
7,inventory_threshold,uniform,5000,5000,0.05484149069435307,0.01304
7,inventory_threshold,active_adaptive_bisection,5000,4968,0.0009765625,0.00057
7,inventory_threshold,uniform,10000,10000,0.020051327154807175,0.00621
7,inventory_threshold,active_adaptive_bisection,10000,9984,0.00048828125,0.00033
7,inventory_threshold,uniform,25000,25000,0.004711409624790219,0.00231
7,inventory_threshold,active_adaptive_bisection,25000,20076,0.000244140625,0.00023
7,inventory_threshold,uniform,50000,50000,0.002179202617812015,0.0009
7,inventory_threshold,active_adaptive_bisection,50000,21510,0.0001220703125,6e-05
7,inventory_threshold,uniform,100000,100000,0.0023998011196683655,0.00105
7,inventory_threshold,active_adaptive_bisection,100000,22944,6.103515625e-05,2e-05
7,machine_replacement,uniform,100,100,0.15217391304347827,0.10094
7,machine_replacement,active_adaptive_bisection,100,84,0.028373430962343127,0.01615
7,machine_replacement,uniform,200,200,0.15217391304347827,0.10094
7,machine_replacement,active_adaptive_bisection,200,189,0.029896989266872842,0.0162
7,machine_replacement,uniform,500,500,0.13649754025295696,0.09589
7,machine_replacement,active_adaptive_bisection,500,480,0.015170206476259773,0.00833
7,machine_replacement,uniform,1000,1000,0.12401322147283073,0.09375
7,machine_replacement,active_adaptive_bisection,1000,999,0.00751972666909223,0.00397
7,machine_replacement,uniform,2000,2000,0.07928922084207932,0.04975
7,machine_replacement,active_adaptive_bisection,2000,1980,0.003644743723849375,0.00166
7,machine_replacement,uniform,5000,5000,0.017757551432618146,0.01048
7,machine_replacement,active_adaptive_bisection,5000,4968,0.0009730244438550528,0.00064
7,machine_replacement,uniform,10000,10000,0.013546292047375008,0.00505
7,machine_replacement,active_adaptive_bisection,10000,9984,0.00048761066149127785,0.00032
7,machine_replacement,uniform,25000,25000,0.006487138417438143,0.00183
7,machine_replacement,active_adaptive_bisection,25000,20076,0.0002437853175595306,0.00011
7,machine_replacement,uniform,50000,50000,0.0032861252567292776,0.00087
7,machine_replacement,active_adaptive_bisection,50000,21510,0.00012171500505953059,4e-05
7,machine_replacement,uniform,100000,100000,0.0012836087494125792,0.00053
7,machine_replacement,active_adaptive_bisection,100000,22944,6.067984880953059e-05,2e-05
7,admission_control,uniform,100,100,0.5,0.27684
7,admission_control,active_adaptive_bisection,100,79,0.10325139470013944,0.04618
7,admission_control,uniform,200,200,0.5,0.27684
7,admission_control,active_adaptive_bisection,200,179,0.03125,0.02356
7,admission_control,uniform,500,500,0.32176556413541957,0.13769
7,admission_control,active_adaptive_bisection,500,456,0.021517501784216075,0.01101
7,admission_control,uniform,1000,1000,0.16496455858851877,0.10137
7,admission_control,active_adaptive_bisection,1000,957,0.009909390911064247,0.00571
7,admission_control,uniform,2000,2000,0.13565986879262604,0.06214
7,admission_control,active_adaptive_bisection,2000,1892,0.004299965640786829,0.00287
7,admission_control,uniform,5000,5000,0.05549968667971461,0.02608
7,admission_control,active_adaptive_bisection,5000,4960,0.001958030415203871,0.00072
7,admission_control,uniform,10000,10000,0.04394495183247642,0.02363
7,admission_control,active_adaptive_bisection,10000,9890,0.00048828125,0.00036
7,admission_control,uniform,25000,25000,0.047115068589679954,0.02132
7,admission_control,active_adaptive_bisection,25000,19128,0.000244140625,0.00019
7,admission_control,uniform,50000,50000,0.04581599041808714,0.02168
7,admission_control,active_adaptive_bisection,50000,20483,0.0001220703125,9e-05
7,admission_control,uniform,100000,100000,0.04613055006521679,0.02131
7,admission_control,active_adaptive_bisection,100000,21838,6.103515625e-05,3e-05
7,resource_allocation,uniform,100,100,0.4964027580075816,0.33704
7,resource_allocation,active_adaptive_bisection,100,84,0.03257011140332189,0.02404
7,resource_allocation,uniform,200,200,0.4964027580075816,0.33704
7,resource_allocation,active_adaptive_bisection,200,189,0.029668365023482912,0.01733
7,resource_allocation,uniform,500,500,0.19972397067343328,0.13841
7,resource_allocation,active_adaptive_bisection,500,480,0.015473159917384072,0.0089
7,resource_allocation,uniform,1000,1000,0.2839614967793551,0.12334
7,resource_allocation,active_adaptive_bisection,1000,999,0.007699064567425862,0.00494
7,resource_allocation,uniform,2000,2000,0.09855589261500608,0.05943
7,resource_allocation,active_adaptive_bisection,2000,1980,0.003849630134537485,0.00238
7,resource_allocation,uniform,5000,5000,0.04257709338649396,0.02122
7,resource_allocation,active_adaptive_bisection,5000,4968,0.0009476917921834582,0.00053
7,resource_allocation,uniform,10000,10000,0.026142401329842746,0.01759
7,resource_allocation,active_adaptive_bisection,10000,9984,0.00048394883842228786,0.00028
7,resource_allocation,uniform,25000,25000,0.02476792266770822,0.01695
7,resource_allocation,active_adaptive_bisection,25000,20076,0.00024340871997247104,0.00011
7,resource_allocation,uniform,50000,50000,0.026110427757174592,0.01705
7,resource_allocation,active_adaptive_bisection,50000,21510,0.00012200175837440153,7e-05
7,resource_allocation,uniform,100000,100000,0.025187618776892462,0.01711
7,resource_allocation,active_adaptive_bisection,100000,22944,6.0966602124401525e-05,2e-05
7,random_structured,uniform,100,100,0.5,0.45056
7,random_structured,active_adaptive_bisection,100,64,0.04632916453265701,0.01461
7,random_structured,uniform,200,200,0.5,0.45056
7,random_structured,active_adaptive_bisection,200,149,0.02982121328979284,0.01265
7,random_structured,uniform,500,500,0.21880738209362233,0.09434
7,random_structured,active_adaptive_bisection,500,474,0.019488835660180337,0.00719
7,random_structured,uniform,1000,1000,0.6388481272667329,0.20265
7,random_structured,active_adaptive_bisection,1000,943,0.007678983114225102,0.00343
7,random_structured,uniform,2000,2000,0.0793212033473355,0.04825
7,random_structured,active_adaptive_bisection,2000,1912,0.0038181197268348788,0.00217
7,random_structured,uniform,5000,5000,0.04401245232437434,0.01406
7,random_structured,active_adaptive_bisection,5000,4788,0.0009545741641713845,0.0004
7,random_structured,uniform,10000,10000,0.025210562654180813,0.00697
7,random_structured,active_adaptive_bisection,10000,9465,0.00048270469656114257,0.00026
7,random_structured,uniform,25000,25000,0.005269714209428955,0.00124
7,random_structured,active_adaptive_bisection,25000,15636,0.00024366923728103007,0.00013
7,random_structured,uniform,50000,50000,0.0032119661714352654,0.00131
7,random_structured,active_adaptive_bisection,50000,16700,0.00012187466823543325,0.0001
7,random_structured,uniform,100000,100000,0.0026320674892333917,0.00107
7,random_structured,active_adaptive_bisection,100000,17764,6.083951198543325e-05,3e-05
8,inventory_threshold,uniform,100,100,0.44999999999999996,0.27846
8,inventory_threshold,active_adaptive_bisection,100,84,0.03125,0.01859
8,inventory_threshold,uniform,200,200,1.6081124147269141,0.53122
8,inventory_threshold,active_adaptive_bisection,200,189,0.03125,0.01617
8,inventory_threshold,uniform,500,500,0.2781295505386151,0.17647
8,inventory_threshold,active_adaptive_bisection,500,480,0.015625,0.00992
8,inventory_threshold,uniform,1000,1000,0.15054526602719376,0.09848
8,inventory_threshold,active_adaptive_bisection,1000,999,0.0078125,0.00459
8,inventory_threshold,uniform,2000,2000,0.0906198186262428,0.04679
8,inventory_threshold,active_adaptive_bisection,2000,1980,0.00390625,0.0022
8,inventory_threshold,uniform,5000,5000,0.03569306847424758,0.02272
8,inventory_threshold,active_adaptive_bisection,5000,4968,0.0009765625,0.00047
8,inventory_threshold,uniform,10000,10000,0.011681898954955527,0.00727
8,inventory_threshold,active_adaptive_bisection,10000,9984,0.00048828125,0.00024
8,inventory_threshold,uniform,25000,25000,0.004877778553610879,0.00189
8,inventory_threshold,active_adaptive_bisection,25000,20076,0.000244140625,0.00022
8,inventory_threshold,uniform,50000,50000,0.0027226712135894338,0.00091
8,inventory_threshold,active_adaptive_bisection,50000,21510,0.0001220703125,6e-05
8,inventory_threshold,uniform,100000,100000,0.0017387849637049424,0.00102
8,inventory_threshold,active_adaptive_bisection,100000,22944,6.103515625e-05,4e-05
8,machine_replacement,uniform,100,100,0.15217391304347827,0.10062
8,machine_replacement,active_adaptive_bisection,100,84,0.028373430962343127,0.0168
8,machine_replacement,uniform,200,200,1.249122547725404,0.52531
8,machine_replacement,active_adaptive_bisection,200,189,0.03020200752796364,0.01629
8,machine_replacement,uniform,500,500,0.10834104023481253,0.09131
8,machine_replacement,active_adaptive_bisection,500,480,0.015084161744449487,0.00856
8,machine_replacement,uniform,1000,1000,0.11461507870979037,0.08124
8,machine_replacement,active_adaptive_bisection,1000,999,0.007582260778606464,0.00379
8,machine_replacement,uniform,2000,2000,0.04214928778036481,0.03453
8,machine_replacement,active_adaptive_bisection,2000,1980,0.0038055038974305067,0.00203
8,machine_replacement,uniform,5000,5000,0.02945674288897515,0.0112
8,machine_replacement,active_adaptive_bisection,5000,4968,0.0009683246856299066,0.00065
8,machine_replacement,uniform,10000,10000,0.01236666640033629,0.00556
8,machine_replacement,active_adaptive_bisection,10000,9984,0.0004877482888393514,0.00034
8,machine_replacement,uniform,25000,25000,0.0035149631781109525,0.00201
8,machine_replacement,active_adaptive_bisection,25000,20076,0.0002437853175595306,0.00015
8,machine_replacement,uniform,50000,50000,0.0024308014877629236,0.00073
8,machine_replacement,active_adaptive_bisection,50000,21510,0.00012171500505953059,5e-05
8,machine_replacement,uniform,100000,100000,0.0011612083934868511,0.0006
8,machine_replacement,active_adaptive_bisection,100000,22944,6.067984880953059e-05,1e-05
8,admission_control,uniform,100,100,0.5,0.27789
8,admission_control,active_adaptive_bisection,100,79,0.10325139470013944,0.04595
8,admission_control,uniform,200,200,1.0244848665659836,0.46523
8,admission_control,active_adaptive_bisection,200,179,0.03125015443776413,0.02288
8,admission_control,uniform,500,500,0.24266588518634935,0.11577
8,admission_control,active_adaptive_bisection,500,456,0.027903577540360637,0.01042
8,admission_control,uniform,1000,1000,0.18034064900058477,0.10987
8,admission_control,active_adaptive_bisection,1000,950,0.0078125,0.00523
8,admission_control,uniform,2000,2000,0.14583333013534383,0.05597
8,admission_control,active_adaptive_bisection,2000,1892,0.004454859359877661,0.00297
8,admission_control,uniform,5000,5000,0.057582171763253975,0.02596
8,admission_control,active_adaptive_bisection,5000,4980,0.0013793601004845576,0.0007
8,admission_control,uniform,10000,10000,0.04560403338745356,0.023
8,admission_control,active_adaptive_bisection,10000,9907,0.00048828125,0.00039
8,admission_control,uniform,25000,25000,0.0457247217476916,0.02124
8,admission_control,active_adaptive_bisection,25000,19128,0.000244140625,0.0002
8,admission_control,uniform,50000,50000,0.04623367019451801,0.02115
8,admission_control,active_adaptive_bisection,50000,20483,0.0001220703125,7e-05
8,admission_control,uniform,100000,100000,0.04596032585549836,0.02099
8,admission_control,active_adaptive_bisection,100000,21838,6.103515625e-05,4e-05
8,resource_allocation,uniform,100,100,0.4964027580075816,0.33576
8,resource_allocation,active_adaptive_bisection,100,84,0.03257011140332189,0.02468
8,resource_allocation,uniform,200,200,1.3964027580075817,0.38774
8,resource_allocation,active_adaptive_bisection,200,189,0.030819667548420276,0.02001
8,resource_allocation,uniform,500,500,0.5421635935574121,0.19004
8,resource_allocation,active_adaptive_bisection,500,480,0.015142497007074929,0.00929
8,resource_allocation,uniform,1000,1000,0.14884202424491244,0.1042
8,resource_allocation,active_adaptive_bisection,1000,999,0.007765907863435784,0.00483
8,resource_allocation,uniform,2000,2000,0.07787814864920861,0.04344
8,resource_allocation,active_adaptive_bisection,2000,1980,0.0038412935531891845,0.00212
8,resource_allocation,uniform,5000,5000,0.044517413136694994,0.02217
8,resource_allocation,active_adaptive_bisection,5000,4968,0.000928683568554356,0.00058
8,resource_allocation,uniform,10000,10000,0.02873040296180951,0.01772
8,resource_allocation,active_adaptive_bisection,10000,9984,0.0004860977876741668,0.0003
8,resource_allocation,uniform,25000,25000,0.024366301856510675,0.01742
8,resource_allocation,active_adaptive_bisection,25000,20076,0.00024340871997247104,0.00013
8,resource_allocation,uniform,50000,50000,0.025742551262481317,0.01735
8,resource_allocation,active_adaptive_bisection,50000,21510,0.00012200175837440153,0.00011
8,resource_allocation,uniform,100000,100000,0.024754219398162858,0.01749
8,resource_allocation,active_adaptive_bisection,100000,22944,6.0966602124401525e-05,5e-05
8,random_structured,uniform,100,100,0.4386672177382094,0.28099
8,random_structured,active_adaptive_bisection,100,84,0.03008278226179062,0.01646
8,random_structured,uniform,200,200,1.3731513954647647,0.53144
8,random_structured,active_adaptive_bisection,200,189,0.03008278226179062,0.02114
8,random_structured,uniform,500,500,0.25885760991136275,0.21541
8,random_structured,active_adaptive_bisection,500,480,0.015399004460486365,0.00854
8,random_structured,uniform,1000,1000,0.17700309389440816,0.10137
8,random_structured,active_adaptive_bisection,1000,999,0.007579085298099031,0.00498
8,random_structured,uniform,2000,2000,0.10367037520799938,0.05298
8,random_structured,active_adaptive_bisection,2000,1980,0.003813763505012724,0.00275
8,random_structured,uniform,5000,5000,0.03750663006868171,0.01859
8,random_structured,active_adaptive_bisection,5000,4968,0.0009625539272548611,0.00048
8,random_structured,uniform,10000,10000,0.014349899798017596,0.00619
8,random_structured,active_adaptive_bisection,10000,9984,0.00048421954879429574,0.00044
8,random_structured,uniform,25000,25000,0.005091055538360312,0.00237
8,random_structured,active_adaptive_bisection,25000,20076,0.0002438696504298843,0.00014
8,random_structured,uniform,50000,50000,0.0018839777264807178,0.00064
8,random_structured,active_adaptive_bisection,50000,21510,0.00012179933792988429,7e-05
8,random_structured,uniform,100000,100000,0.0020072913778010903,0.00085
8,random_structured,active_adaptive_bisection,100000,22944,6.096741260741556e-05,4e-05
9,inventory_threshold,uniform,100,100,0.44999999999999996,0.2779
9,inventory_threshold,active_adaptive_bisection,100,84,0.03125,0.0184
9,inventory_threshold,uniform,200,200,0.44999999999999996,0.2779
9,inventory_threshold,active_adaptive_bisection,200,189,0.03125,0.01468
9,inventory_threshold,uniform,500,500,0.31973335004332526,0.19312
9,inventory_threshold,active_adaptive_bisection,500,480,0.015625,0.00996
9,inventory_threshold,uniform,1000,1000,0.15762432639565804,0.10722
9,inventory_threshold,active_adaptive_bisection,1000,999,0.0078125,0.00515
9,inventory_threshold,uniform,2000,2000,0.14823579567303535,0.06125
9,inventory_threshold,active_adaptive_bisection,2000,1980,0.00390625,0.0022
9,inventory_threshold,uniform,5000,5000,0.030634410675636436,0.01838
9,inventory_threshold,active_adaptive_bisection,5000,4968,0.0009765625,0.00048
9,inventory_threshold,uniform,10000,10000,0.018833097420721367,0.00654
9,inventory_threshold,active_adaptive_bisection,10000,9984,0.00048828125,0.00037
9,inventory_threshold,uniform,25000,25000,0.002992999100314031,0.00178
9,inventory_threshold,active_adaptive_bisection,25000,20076,0.000244140625,0.00034
9,inventory_threshold,uniform,50000,50000,0.0033179909193047363,0.00129
9,inventory_threshold,active_adaptive_bisection,50000,21510,0.0001220703125,0.0001
9,inventory_threshold,uniform,100000,100000,0.0017045895685451895,0.00108
9,inventory_threshold,active_adaptive_bisection,100000,22944,6.103515625e-05,3e-05
9,machine_replacement,uniform,100,100,0.15217391304347827,0.09935
9,machine_replacement,active_adaptive_bisection,100,84,0.028373430962343127,0.01671
9,machine_replacement,uniform,200,200,0.15217391304347827,0.09935
9,machine_replacement,active_adaptive_bisection,200,189,0.029978855373076416,0.01654
9,machine_replacement,uniform,500,500,0.44987841099987697,0.16048
9,machine_replacement,active_adaptive_bisection,500,480,0.014647193923958524,0.00776
9,machine_replacement,uniform,1000,1000,0.2164232779958522,0.10881
9,machine_replacement,active_adaptive_bisection,1000,999,0.007386131071493537,0.00398
9,machine_replacement,uniform,2000,2000,0.06619642931771319,0.03705
9,machine_replacement,active_adaptive_bisection,2000,1980,0.0036450010006632283,0.00189
9,machine_replacement,uniform,5000,5000,0.027337484037365578,0.00648
9,machine_replacement,active_adaptive_bisection,5000,4968,0.0009660531707147424,0.00069
9,machine_replacement,uniform,10000,10000,0.01593518188961629,0.00689
9,machine_replacement,active_adaptive_bisection,10000,9984,0.00048153451000487735,0.0003
9,machine_replacement,uniform,25000,25000,0.004107223606327842,0.00198
9,machine_replacement,active_adaptive_bisection,25000,20076,0.0002437853175595306,0.00014
9,machine_replacement,uniform,50000,50000,0.0024161777318109368,0.00131
9,machine_replacement,active_adaptive_bisection,50000,21510,0.00012171500505953059,2e-05
9,machine_replacement,uniform,100000,100000,0.0016270146179429013,0.00062
9,machine_replacement,active_adaptive_bisection,100000,22944,6.067984880953059e-05,1e-05
9,admission_control,uniform,100,100,0.5,0.27647
9,admission_control,active_adaptive_bisection,100,79,0.10325139470013944,0.04586
9,admission_control,uniform,200,200,0.5,0.27647
9,admission_control,active_adaptive_bisection,200,179,0.03366216386563303,0.02283
9,admission_control,uniform,500,500,0.29444385258412853,0.13052
9,admission_control,active_adaptive_bisection,500,456,0.0214087982810528,0.01077
9,admission_control,uniform,1000,1000,0.23382904441900387,0.14383
9,admission_control,active_adaptive_bisection,1000,950,0.0078125,0.00557
9,admission_control,uniform,2000,2000,0.09597085112885084,0.05491
9,admission_control,active_adaptive_bisection,2000,1892,0.00697050529181064,0.00291
9,admission_control,uniform,5000,5000,0.05647637560706653,0.02617
9,admission_control,active_adaptive_bisection,5000,4980,0.0013372381039894736,0.00069
9,admission_control,uniform,10000,10000,0.047289064536543246,0.02219
9,admission_control,active_adaptive_bisection,10000,9874,0.00048828125,0.00034
9,admission_control,uniform,25000,25000,0.04822785033786581,0.02207
9,admission_control,active_adaptive_bisection,25000,19128,0.000244140625,0.00012
9,admission_control,uniform,50000,50000,0.04682419047892777,0.022
9,admission_control,active_adaptive_bisection,50000,20483,0.0001220703125,6e-05
9,admission_control,uniform,100000,100000,0.04644448328470452,0.0222
9,admission_control,active_adaptive_bisection,100000,21838,6.103515625e-05,4e-05
9,resource_allocation,uniform,100,100,0.4964027580075816,0.33524
9,resource_allocation,active_adaptive_bisection,100,84,0.03257011140332189,0.024
9,resource_allocation,uniform,200,200,0.4964027580075816,0.33524
9,resource_allocation,active_adaptive_bisection,200,189,0.029836622085579134,0.01923
9,resource_allocation,uniform,500,500,0.3392799517250043,0.1348
9,resource_allocation,active_adaptive_bisection,500,480,0.01517922686486315,0.0078
9,resource_allocation,uniform,1000,1000,0.186141336464678,0.1196
9,resource_allocation,active_adaptive_bisection,1000,999,0.0075820376811079615,0.00447
9,resource_allocation,uniform,2000,2000,0.10595425031688821,0.06289
9,resource_allocation,active_adaptive_bisection,2000,1980,0.0038662400741064085,0.00257
9,resource_allocation,uniform,5000,5000,0.038242527149818684,0.02152
9,resource_allocation,active_adaptive_bisection,5000,4968,0.0009641396311276251,0.00052
9,resource_allocation,uniform,10000,10000,0.03211506660062102,0.0176
9,resource_allocation,active_adaptive_bisection,10000,9984,0.00048733550720692076,0.00029
9,resource_allocation,uniform,25000,25000,0.026118302572076868,0.01693
9,resource_allocation,active_adaptive_bisection,25000,20076,0.00024340871997247104,0.00016
9,resource_allocation,uniform,50000,50000,0.024966669410715014,0.01685
9,resource_allocation,active_adaptive_bisection,50000,21510,0.00012200175837440153,0.0001
9,resource_allocation,uniform,100000,100000,0.025471633077227107,0.01687
9,resource_allocation,active_adaptive_bisection,100000,22944,6.0966602124401525e-05,2e-05
9,random_structured,uniform,100,100,0.5,0.3787
9,random_structured,active_adaptive_bisection,100,74,0.06153079025025554,0.02619
9,random_structured,uniform,200,200,0.5,0.3787
9,random_structured,active_adaptive_bisection,200,169,0.02835507069014697,0.01538
9,random_structured,uniform,500,500,2.0,0.41735
9,random_structured,active_adaptive_bisection,500,420,0.015151033287582494,0.00852
9,random_structured,uniform,1000,1000,0.9298912873440209,0.26631
9,random_structured,active_adaptive_bisection,1000,988,0.007790697044903594,0.00385
9,random_structured,uniform,2000,2000,0.09959245627739877,0.06441
9,random_structured,active_adaptive_bisection,2000,1948,0.003871365271845839,0.00185
9,random_structured,uniform,5000,5000,0.07117249085745248,0.0242
9,random_structured,active_adaptive_bisection,5000,4906,0.0010810445828706161,0.0005
9,random_structured,uniform,10000,10000,0.010367955054820244,0.00396
9,random_structured,active_adaptive_bisection,10000,9779,0.0005391580309642707,0.00024
9,random_structured,uniform,25000,25000,0.009583517132279895,0.0022
9,random_structured,active_adaptive_bisection,25000,17556,0.00024391988138439125,0.0001
9,random_structured,uniform,50000,50000,0.004467531681304537,0.00161
9,random_structured,active_adaptive_bisection,50000,18780,0.00012184956888439125,6e-05
9,random_structured,uniform,100000,100000,0.0020668557562703582,0.00101
9,random_structured,active_adaptive_bisection,100000,20004,6.0896739185967164e-05,1e-05
10,inventory_threshold,uniform,100,100,0.44999999999999996,0.27982
10,inventory_threshold,active_adaptive_bisection,100,84,0.03125,0.01837
10,inventory_threshold,uniform,200,200,0.44999999999999996,0.18289
10,inventory_threshold,active_adaptive_bisection,200,189,0.03125,0.01672
10,inventory_threshold,uniform,500,500,0.21854807317698324,0.164
10,inventory_threshold,active_adaptive_bisection,500,480,0.015625,0.01022
10,inventory_threshold,uniform,1000,1000,0.15030950075020677,0.07655
10,inventory_threshold,active_adaptive_bisection,1000,999,0.0078125,0.00454
10,inventory_threshold,uniform,2000,2000,0.09573678618548864,0.04499
10,inventory_threshold,active_adaptive_bisection,2000,1980,0.00390625,0.00212
10,inventory_threshold,uniform,5000,5000,0.04758790618570585,0.01771
10,inventory_threshold,active_adaptive_bisection,5000,4968,0.0009765625,0.00051
10,inventory_threshold,uniform,10000,10000,0.012243349674940784,0.00564
10,inventory_threshold,active_adaptive_bisection,10000,9984,0.00048828125,0.00027
10,inventory_threshold,uniform,25000,25000,0.006224843851176776,0.00188
10,inventory_threshold,active_adaptive_bisection,25000,20076,0.000244140625,0.00022
10,inventory_threshold,uniform,50000,50000,0.003982161452614763,0.00178
10,inventory_threshold,active_adaptive_bisection,50000,21510,0.0001220703125,0.00012
10,inventory_threshold,uniform,100000,100000,0.00192517695439276,0.00118
10,inventory_threshold,active_adaptive_bisection,100000,22944,6.103515625e-05,7e-05
10,machine_replacement,uniform,100,100,0.15217391304347827,0.10075
10,machine_replacement,active_adaptive_bisection,100,84,0.028373430962343127,0.01654
10,machine_replacement,uniform,200,200,0.24662146148561406,0.08457
10,machine_replacement,active_adaptive_bisection,200,189,0.03070424777151174,0.01633
10,machine_replacement,uniform,500,500,0.38272274075923585,0.16938
10,machine_replacement,active_adaptive_bisection,500,480,0.015236415295268979,0.0084
10,machine_replacement,uniform,1000,1000,0.15961571562556065,0.10128
10,machine_replacement,active_adaptive_bisection,1000,999,0.007477089776241563,0.00435
10,machine_replacement,uniform,2000,2000,0.08561581253281247,0.04097
10,machine_replacement,active_adaptive_bisection,2000,1980,0.003791892136865288,0.00199
10,machine_replacement,uniform,5000,5000,0.01782756314740469,0.00796
10,machine_replacement,active_adaptive_bisection,5000,4968,0.0009654587297009964,0.00079
10,machine_replacement,uniform,10000,10000,0.012557218314385998,0.00371
10,machine_replacement,active_adaptive_bisection,10000,9984,0.0004833069458340944,0.00047
10,machine_replacement,uniform,25000,25000,0.005778384364556688,0.00184
10,machine_replacement,active_adaptive_bisection,25000,20076,0.0002437853175595306,0.00023
10,machine_replacement,uniform,50000,50000,0.002017037958689849,0.00134
10,machine_replacement,active_adaptive_bisection,50000,21510,0.00012171500505953059,0.00014
10,machine_replacement,uniform,100000,100000,0.0009862426423840887,0.00044
10,machine_replacement,active_adaptive_bisection,100000,22944,6.067984880953059e-05,0.00012
10,admission_control,uniform,100,100,0.5,0.27798
10,admission_control,active_adaptive_bisection,100,79,0.10325139470013944,0.04663
10,admission_control,uniform,200,200,0.5,0.23239
10,admission_control,active_adaptive_bisection,200,179,0.03125,0.02343
10,admission_control,uniform,500,500,0.39620030578246745,0.22198
10,admission_control,active_adaptive_bisection,500,456,0.02276881556446042,0.0112
10,admission_control,uniform,1000,1000,0.14607289067128426,0.09985
10,admission_control,active_adaptive_bisection,1000,957,0.0078125,0.00512
10,admission_control,uniform,2000,2000,0.1630959555124507,0.07883
10,admission_control,active_adaptive_bisection,2000,1884,0.004540250835427195,0.00279
10,admission_control,uniform,5000,5000,0.05121866082814817,0.02494
10,admission_control,active_adaptive_bisection,5000,4990,0.0017297183237012792,0.00059
10,admission_control,uniform,10000,10000,0.0485609892742154,0.02233
10,admission_control,active_adaptive_bisection,10000,9896,0.00048828125,0.00028
10,admission_control,uniform,25000,25000,0.046111272411471615,0.02163
10,admission_control,active_adaptive_bisection,25000,19128,0.000244140625,0.00018
10,admission_control,uniform,50000,50000,0.04645237281684589,0.02164
10,admission_control,active_adaptive_bisection,50000,20483,0.0001220703125,8e-05
10,admission_control,uniform,100000,100000,0.045814117765128504,0.02163
10,admission_control,active_adaptive_bisection,100000,21838,6.103515625e-05,5e-05
10,resource_allocation,uniform,100,100,0.4964027580075816,0.33555
10,resource_allocation,active_adaptive_bisection,100,84,0.03257011140332189,0.02283
10,resource_allocation,uniform,200,200,0.4964027580075816,0.22541
10,resource_allocation,active_adaptive_bisection,200,189,0.030754442115439415,0.01949
10,resource_allocation,uniform,500,500,0.19761898609543632,0.16431
10,resource_allocation,active_adaptive_bisection,500,480,0.014500405719306442,0.00781
10,resource_allocation,uniform,1000,1000,0.13884571310435612,0.08164
10,resource_allocation,active_adaptive_bisection,1000,999,0.007453299699516247,0.00478
10,resource_allocation,uniform,2000,2000,0.0889694990289398,0.04451
10,resource_allocation,active_adaptive_bisection,2000,1980,0.0037944092177070177,0.00245
10,resource_allocation,uniform,5000,5000,0.04137283064367819,0.02103
10,resource_allocation,active_adaptive_bisection,5000,4968,0.0009659171738782835,0.00059
10,resource_allocation,uniform,10000,10000,0.03352473813281159,0.01743
10,resource_allocation,active_adaptive_bisection,10000,9984,0.00048005543601359335,0.00032
10,resource_allocation,uniform,25000,25000,0.025245944080262928,0.01679
10,resource_allocation,active_adaptive_bisection,25000,20076,0.00024340871997247104,0.00012
10,resource_allocation,uniform,50000,50000,0.02591650332281592,0.01646
10,resource_allocation,active_adaptive_bisection,50000,21510,0.00012200175837440153,4e-05
10,resource_allocation,uniform,100000,100000,0.02531172630562334,0.01653
10,resource_allocation,active_adaptive_bisection,100000,22944,6.0966602124401525e-05,0.0
10,random_structured,uniform,100,100,0.5,0.43604
10,random_structured,active_adaptive_bisection,100,64,0.02185096410266585,0.00986
10,random_structured,uniform,200,200,0.5,0.36006
10,random_structured,active_adaptive_bisection,200,159,0.02992470676799188,0.0144
10,random_structured,uniform,500,500,1.2730488025161488,0.2964
10,random_structured,active_adaptive_bisection,500,474,0.015340050754938273,0.00723
10,random_structured,uniform,1000,1000,0.23365621232307066,0.127
10,random_structured,active_adaptive_bisection,1000,951,0.007457715275289101,0.00309
10,random_structured,uniform,2000,2000,0.15423317342882814,0.06856
10,random_structured,active_adaptive_bisection,2000,1938,0.004898888119127309,0.00171
10,random_structured,uniform,5000,5000,0.05363834891935715,0.01143
10,random_structured,active_adaptive_bisection,5000,4826,0.0011141547595420187,0.00034
10,random_structured,uniform,10000,10000,0.02717450982510683,0.00395
10,random_structured,active_adaptive_bisection,10000,9546,0.00048227418401650124,0.00018
10,random_structured,uniform,25000,25000,0.006588056881918547,0.00222
10,random_structured,active_adaptive_bisection,25000,15972,0.00024288130724969825,6e-05
10,random_structured,uniform,50000,50000,0.004888932022120096,0.00142
10,random_structured,active_adaptive_bisection,50000,17064,0.00012131849888274981,0.0
10,random_structured,uniform,100000,100000,0.0017356073613745138,0.00069
10,random_structured,active_adaptive_bisection,100000,18156,6.0283342632749815e-05,1e-05
11,inventory_threshold,uniform,100,100,0.44999999999999996,0.27731
11,inventory_threshold,active_adaptive_bisection,100,84,0.03125,0.01835
11,inventory_threshold,uniform,200,200,0.44999999999999996,0.27731
11,inventory_threshold,active_adaptive_bisection,200,189,0.03125,0.01676
11,inventory_threshold,uniform,500,500,0.6181767304654653,0.15182
11,inventory_threshold,active_adaptive_bisection,500,480,0.015625,0.00982
11,inventory_threshold,uniform,1000,1000,0.2706742175200888,0.11472
11,inventory_threshold,active_adaptive_bisection,1000,999,0.0078125,0.0048
11,inventory_threshold,uniform,2000,2000,0.18513014130052885,0.06324
11,inventory_threshold,active_adaptive_bisection,2000,1980,0.00390625,0.00215
11,inventory_threshold,uniform,5000,5000,0.03652409810226387,0.01044
11,inventory_threshold,active_adaptive_bisection,5000,4968,0.0009765625,0.00051
11,inventory_threshold,uniform,10000,10000,0.01613843086430311,0.00637
11,inventory_threshold,active_adaptive_bisection,10000,9945,0.00048828125,0.00026
11,inventory_threshold,uniform,25000,25000,0.00656530489286522,0.00218
11,inventory_threshold,active_adaptive_bisection,25000,20076,0.000244140625,0.00024
11,inventory_threshold,uniform,50000,50000,0.003207428174312632,0.00156
11,inventory_threshold,active_adaptive_bisection,50000,21510,0.0001220703125,8e-05
11,inventory_threshold,uniform,100000,100000,0.002696059761788716,0.00123
11,inventory_threshold,active_adaptive_bisection,100000,22944,6.103515625e-05,4e-05
11,machine_replacement,uniform,100,100,0.15217391304347827,0.09891
11,machine_replacement,active_adaptive_bisection,100,84,0.028373430962343127,0.01604
11,machine_replacement,uniform,200,200,0.15217391304347827,0.09891
11,machine_replacement,active_adaptive_bisection,200,189,0.030217164924944716,0.01614
11,machine_replacement,uniform,500,500,0.2877866498481805,0.12727
11,machine_replacement,active_adaptive_bisection,500,480,0.014988289066763694,0.00763
11,machine_replacement,uniform,1000,1000,0.12871557187178118,0.09032
11,machine_replacement,active_adaptive_bisection,1000,999,0.007357706476259773,0.00399
11,machine_replacement,uniform,2000,2000,0.05120526029699751,0.03398
11,machine_replacement,active_adaptive_bisection,2000,1980,0.0037855354769811,0.00196
11,machine_replacement,uniform,5000,5000,0.019530194821140406,0.00645
11,machine_replacement,active_adaptive_bisection,5000,4968,0.0009700825392071899,0.00071
11,machine_replacement,uniform,10000,10000,0.010943062356065014,0.00433
11,machine_replacement,active_adaptive_bisection,10000,9945,0.00048118836941690724,0.00028
11,machine_replacement,uniform,25000,25000,0.0017479197267704638,0.00119
11,machine_replacement,active_adaptive_bisection,25000,20076,0.0002437853175595306,0.00012
11,machine_replacement,uniform,50000,50000,0.0013492770415743927,0.00051
11,machine_replacement,active_adaptive_bisection,50000,21510,0.00012171500505953059,5e-05
11,machine_replacement,uniform,100000,100000,0.0011366000142917776,0.00065
11,machine_replacement,active_adaptive_bisection,100000,22944,6.067984880953059e-05,5e-05
11,admission_control,uniform,100,100,0.5,0.27948
11,admission_control,active_adaptive_bisection,100,79,0.10325139470013944,0.04677
11,admission_control,uniform,200,200,0.5,0.27948
11,admission_control,active_adaptive_bisection,200,179,0.035806004492433874,0.02512
11,admission_control,uniform,500,500,0.22354325890594434,0.11149
11,admission_control,active_adaptive_bisection,500,456,0.019764789499383983,0.01055
11,admission_control,uniform,1000,1000,0.19308713647797737,0.10154
11,admission_control,active_adaptive_bisection,1000,950,0.0078125,0.00508
11,admission_control,uniform,2000,2000,0.14538689260476545,0.0576
11,admission_control,active_adaptive_bisection,2000,1892,0.004177067808972756,0.00295
11,admission_control,uniform,5000,5000,0.06155114055144606,0.02656
11,admission_control,active_adaptive_bisection,5000,4970,0.0014549467180805828,0.00068
11,admission_control,uniform,10000,10000,0.046739441927892394,0.02243
11,admission_control,active_adaptive_bisection,10000,9868,0.00048828125,0.00028
11,admission_control,uniform,25000,25000,0.04590705048158182,0.02189
11,admission_control,active_adaptive_bisection,25000,19128,0.000244140625,0.00019
11,admission_control,uniform,50000,50000,0.047400942861642203,0.02167
11,admission_control,active_adaptive_bisection,50000,20483,0.0001220703125,8e-05
11,admission_control,uniform,100000,100000,0.045786070603163205,0.02172
11,admission_control,active_adaptive_bisection,100000,21838,6.103515625e-05,5e-05
11,resource_allocation,uniform,100,100,0.4964027580075816,0.33651
11,resource_allocation,active_adaptive_bisection,100,84,0.03257011140332189,0.02455
11,resource_allocation,uniform,200,200,0.4964027580075816,0.33651
11,resource_allocation,active_adaptive_bisection,200,189,0.030705768469477035,0.0194
11,resource_allocation,uniform,500,500,0.5836307777279219,0.16625
11,resource_allocation,active_adaptive_bisection,500,480,0.015153962084358152,0.00896
11,resource_allocation,uniform,1000,1000,0.329360455803301,0.12655
11,resource_allocation,active_adaptive_bisection,1000,999,0.007738014302831275,0.00456
11,resource_allocation,uniform,2000,2000,0.1651773997879119,0.07434
11,resource_allocation,active_adaptive_bisection,2000,1980,0.0038301258263035987,0.00232
11,resource_allocation,uniform,5000,5000,0.03511611449846397,0.02213
11,resource_allocation,active_adaptive_bisection,5000,4968,0.000968950112648248,0.00055
11,resource_allocation,uniform,10000,10000,0.030616092219947155,0.01905
11,resource_allocation,active_adaptive_bisection,10000,9945,0.0004836308633654751,0.00028
11,resource_allocation,uniform,25000,25000,0.026877263145892505,0.01827
11,resource_allocation,active_adaptive_bisection,25000,20076,0.00024340871997247104,9e-05
11,resource_allocation,uniform,50000,50000,0.024660794580572132,0.0182
11,resource_allocation,active_adaptive_bisection,50000,21510,0.00012200175837440153,7e-05
11,resource_allocation,uniform,100000,100000,0.024425673780706814,0.01823
11,resource_allocation,active_adaptive_bisection,100000,22944,6.0966602124401525e-05,3e-05
11,random_structured,uniform,100,100,0.43981689074703334,0.28319
11,random_structured,active_adaptive_bisection,100,84,0.02893310925296666,0.01626
11,random_structured,uniform,200,200,0.43981689074703334,0.28319
11,random_structured,active_adaptive_bisection,200,189,0.02987427465670956,0.02138
11,random_structured,uniform,500,500,0.7322531982731078,0.14599
11,random_structured,active_adaptive_bisection,500,480,0.014836237511983041,0.0094
11,random_structured,uniform,1000,1000,0.23907081427416266,0.12168
11,random_structured,active_adaptive_bisection,1000,999,0.00759494210647127,0.00481
11,random_structured,uniform,2000,2000,0.19590378334851166,0.07486
11,random_structured,active_adaptive_bisection,2000,1980,0.003795827731200775,0.00258
11,random_structured,uniform,5000,5000,0.042271072381769526,0.01842
11,random_structured,active_adaptive_bisection,5000,4968,0.0009171355130742631,0.00047
11,random_structured,uniform,10000,10000,0.011232332331257977,0.00702
11,random_structured,active_adaptive_bisection,10000,9984,0.0004862669610121717,0.00029
11,random_structured,uniform,25000,25000,0.004720099901014296,0.00117
11,random_structured,active_adaptive_bisection,25000,20076,0.0002435952498415217,8e-05
11,random_structured,uniform,50000,50000,0.0028334832521389464,0.00129
11,random_structured,active_adaptive_bisection,50000,21510,0.0001215249373415217,4e-05
11,random_structured,uniform,100000,100000,0.001821220500671461,0.00102
11,random_structured,active_adaptive_bisection,100000,22944,6.0542519058071065e-05,3e-05
12,inventory_threshold,uniform,100,100,0.44999999999999996,0.27719
12,inventory_threshold,active_adaptive_bisection,100,84,0.03125,0.01909
12,inventory_threshold,uniform,200,200,0.814211105902223,0.41325
12,inventory_threshold,active_adaptive_bisection,200,189,0.03125,0.01708
12,inventory_threshold,uniform,500,500,0.24211515220220003,0.15693
12,inventory_threshold,active_adaptive_bisection,500,480,0.015625,0.01045
12,inventory_threshold,uniform,1000,1000,0.17466490830102743,0.11806
12,inventory_threshold,active_adaptive_bisection,1000,999,0.0078125,0.00496
12,inventory_threshold,uniform,2000,2000,0.18566250837717413,0.05582
12,inventory_threshold,active_adaptive_bisection,2000,1980,0.00390625,0.00217
12,inventory_threshold,uniform,5000,5000,0.049637519389014284,0.01388
12,inventory_threshold,active_adaptive_bisection,5000,4968,0.0009765625,0.00056
12,inventory_threshold,uniform,10000,10000,0.016754758633245714,0.00477
12,inventory_threshold,active_adaptive_bisection,10000,9984,0.00048828125,0.0003
12,inventory_threshold,uniform,25000,25000,0.0095631514383136,0.00172
12,inventory_threshold,active_adaptive_bisection,25000,20076,0.000244140625,0.00021
12,inventory_threshold,uniform,50000,50000,0.0034696290566047505,0.00158
12,inventory_threshold,active_adaptive_bisection,50000,21510,0.0001220703125,0.00012
12,inventory_threshold,uniform,100000,100000,0.0022051489043804495,0.00129
12,inventory_threshold,active_adaptive_bisection,100000,22944,6.103515625e-05,9e-05
12,machine_replacement,uniform,100,100,0.15217391304347827,0.09891
12,machine_replacement,active_adaptive_bisection,100,84,0.028373430962343127,0.01573
12,machine_replacement,uniform,200,200,1.6521739130434783,0.31089
12,machine_replacement,active_adaptive_bisection,200,189,0.03100503362706574,0.01681
12,machine_replacement,uniform,500,500,0.18296532136671906,0.14268
12,machine_replacement,active_adaptive_bisection,500,480,0.015461246037991594,0.00818
12,machine_replacement,uniform,1000,1000,0.17418620613573588,0.07401
12,machine_replacement,active_adaptive_bisection,1000,999,0.007582260778606464,0.00402
12,machine_replacement,uniform,2000,2000,0.06319804765834425,0.04609
12,machine_replacement,active_adaptive_bisection,2000,1980,0.0038122149625364754,0.00167
12,machine_replacement,uniform,5000,5000,0.013633315932393475,0.0091
12,machine_replacement,active_adaptive_bisection,5000,4968,0.0009617850683957263,0.00062
12,machine_replacement,uniform,10000,10000,0.010295013497150951,0.00453
12,machine_replacement,active_adaptive_bisection,10000,9984,0.0004879259425595306,0.00035
12,machine_replacement,uniform,25000,25000,0.00282795295242097,0.00147
12,machine_replacement,active_adaptive_bisection,25000,20076,0.0002437853175595306,0.00015
12,machine_replacement,uniform,50000,50000,0.002842239738604091,0.0009
12,machine_replacement,active_adaptive_bisection,50000,21510,0.00012171500505953059,4e-05
12,machine_replacement,uniform,100000,100000,0.0014025034474941522,0.00037
12,machine_replacement,active_adaptive_bisection,100000,22944,6.067984880953059e-05,3e-05
12,admission_control,uniform,100,100,0.5,0.27984
12,admission_control,active_adaptive_bisection,100,79,0.10325139470013944,0.0465
12,admission_control,uniform,200,200,1.2340217705095797,0.30571
12,admission_control,active_adaptive_bisection,200,179,0.039836265137732974,0.02283
12,admission_control,uniform,500,500,0.3191432569957685,0.19212
12,admission_control,active_adaptive_bisection,500,456,0.027144816269925542,0.01112
12,admission_control,uniform,1000,1000,0.1855916125591634,0.11494
12,admission_control,active_adaptive_bisection,1000,957,0.0078125,0.00531
12,admission_control,uniform,2000,2000,0.09849468564542518,0.05815
12,admission_control,active_adaptive_bisection,2000,1892,0.004351138573182589,0.00303
12,admission_control,uniform,5000,5000,0.07480456548966796,0.02623
12,admission_control,active_adaptive_bisection,5000,4970,0.0012604049569526314,0.0006
12,admission_control,uniform,10000,10000,0.04460596171610809,0.02276
12,admission_control,active_adaptive_bisection,10000,9846,0.00048828125,0.00032
12,admission_control,uniform,25000,25000,0.04631844764608817,0.02213
12,admission_control,active_adaptive_bisection,25000,19128,0.000244140625,0.00014
12,admission_control,uniform,50000,50000,0.046393097077285894,0.02182
12,admission_control,active_adaptive_bisection,50000,20483,0.0001220703125,0.00011
12,admission_control,uniform,100000,100000,0.045872666588183356,0.02201
12,admission_control,active_adaptive_bisection,100000,21838,6.103515625e-05,5e-05
12,resource_allocation,uniform,100,100,0.4964027580075816,0.33445
12,resource_allocation,active_adaptive_bisection,100,84,0.03257011140332189,0.02561
12,resource_allocation,uniform,200,200,0.6782958090902855,0.42649
12,resource_allocation,active_adaptive_bisection,200,189,0.030091227034816384,0.02079
12,resource_allocation,uniform,500,500,0.21097610738804112,0.15087
12,resource_allocation,active_adaptive_bisection,500,480,0.014591938965587442,0.00853
12,resource_allocation,uniform,1000,1000,0.14935171960355853,0.10789
12,resource_allocation,active_adaptive_bisection,1000,999,0.007704310764839101,0.0043
12,resource_allocation,uniform,2000,2000,0.16224421341372175,0.05794
12,resource_allocation,active_adaptive_bisection,2000,1980,0.0037774097185656608,0.00236
12,resource_allocation,uniform,5000,5000,0.05725946964570516,0.02422
12,resource_allocation,active_adaptive_bisection,5000,4968,0.0009668879634323613,0.00062
12,resource_allocation,uniform,10000,10000,0.035342348449456384,0.01766
12,resource_allocation,active_adaptive_bisection,10000,9984,0.00048526882630939294,0.00032
12,resource_allocation,uniform,25000,25000,0.026983084721136308,0.01681
12,resource_allocation,active_adaptive_bisection,25000,20076,0.00024340871997247104,0.00011
12,resource_allocation,uniform,50000,50000,0.026637171137138538,0.0168
12,resource_allocation,active_adaptive_bisection,50000,21510,0.00012200175837440153,6e-05
12,resource_allocation,uniform,100000,100000,0.024271876810433413,0.01691
12,resource_allocation,active_adaptive_bisection,100000,22944,6.0966602124401525e-05,6e-05
12,random_structured,uniform,100,100,0.5,0.36088
12,random_structured,active_adaptive_bisection,100,74,0.04471757322175729,0.02069
12,random_structured,uniform,200,200,2.0,0.41436
12,random_structured,active_adaptive_bisection,200,169,0.03122352760881164,0.0191
12,random_structured,uniform,500,500,1.2370644365468662,0.32895
12,random_structured,active_adaptive_bisection,500,438,0.015598527608811641,0.00952
12,random_structured,uniform,1000,1000,0.1847524966505587,0.14413
12,random_structured,active_adaptive_bisection,1000,915,0.007786027608811641,0.00472
12,random_structured,uniform,2000,2000,0.132410561587333,0.07751
12,random_structured,active_adaptive_bisection,2000,1976,0.003879777608811641,0.00228
12,random_structured,uniform,5000,5000,0.07332736634655124,0.02157
12,random_structured,active_adaptive_bisection,5000,4966,0.0009500901088116409,0.00055
12,random_structured,uniform,10000,10000,0.030309587440773833,0.00737
12,random_structured,active_adaptive_bisection,10000,9802,0.00048767485199885385,0.00028
12,random_structured,uniform,25000,25000,0.004927176584021309,0.00245
12,random_structured,active_adaptive_bisection,25000,18228,0.00024390737628204873,0.00011
12,random_structured,uniform,50000,50000,0.0033057732489957248,0.00092
12,random_structured,active_adaptive_bisection,50000,19508,0.00012183706378204873,7e-05
12,random_structured,uniform,100000,100000,0.0021655431397821223,0.00097
12,random_structured,active_adaptive_bisection,100000,20788,6.080190753204873e-05,5e-05
13,inventory_threshold,uniform,100,100,0.44999999999999996,0.27616
13,inventory_threshold,active_adaptive_bisection,100,84,0.03125,0.01862
13,inventory_threshold,uniform,200,200,0.44999999999999996,0.27616
13,inventory_threshold,active_adaptive_bisection,200,189,0.03125,0.01766
13,inventory_threshold,uniform,500,500,0.42437213705656174,0.12652
13,inventory_threshold,active_adaptive_bisection,500,480,0.015625,0.01001
13,inventory_threshold,uniform,1000,1000,0.19803954444708982,0.12795
13,inventory_threshold,active_adaptive_bisection,1000,999,0.0078125,0.00473
13,inventory_threshold,uniform,2000,2000,0.1477994744162674,0.05212
13,inventory_threshold,active_adaptive_bisection,2000,1980,0.00390625,0.00226
13,inventory_threshold,uniform,5000,5000,0.028878186221433122,0.0133
13,inventory_threshold,active_adaptive_bisection,5000,4968,0.0009765625,0.00055
13,inventory_threshold,uniform,10000,10000,0.011395162358728395,0.00473
13,inventory_threshold,active_adaptive_bisection,10000,9945,0.00048828125,0.00027
13,inventory_threshold,uniform,25000,25000,0.0052260539185418065,0.00188
13,inventory_threshold,active_adaptive_bisection,25000,20076,0.000244140625,0.00029
13,inventory_threshold,uniform,50000,50000,0.003972770768655265,0.00127
13,inventory_threshold,active_adaptive_bisection,50000,21510,0.0001220703125,0.00013
13,inventory_threshold,uniform,100000,100000,0.002812372081246073,0.00123
13,inventory_threshold,active_adaptive_bisection,100000,22944,6.103515625e-05,5e-05
13,machine_replacement,uniform,100,100,0.15217391304347827,0.09903
13,machine_replacement,active_adaptive_bisection,100,84,0.028373430962343127,0.0166
13,machine_replacement,uniform,200,200,0.15217391304347827,0.09903
13,machine_replacement,active_adaptive_bisection,200,189,0.030704247771511727,0.01706
13,machine_replacement,uniform,500,500,0.26987917003588685,0.12927
13,machine_replacement,active_adaptive_bisection,500,480,0.015363493723849375,0.00809
13,machine_replacement,uniform,1000,1000,0.14163081618907802,0.12004
13,machine_replacement,active_adaptive_bisection,1000,999,0.007543227043335335,0.00396
13,machine_replacement,uniform,2000,2000,0.10623442160181562,0.05247
13,machine_replacement,active_adaptive_bisection,2000,1980,0.0038238186738220603,0.00218
13,machine_replacement,uniform,5000,5000,0.014734794553006081,0.00785
13,machine_replacement,active_adaptive_bisection,5000,4968,0.000966547063324788,0.00072
13,machine_replacement,uniform,10000,10000,0.00747560180769169,0.00275
13,machine_replacement,active_adaptive_bisection,10000,9984,0.00048320652725316465,0.00043
13,machine_replacement,uniform,25000,25000,0.0031272815568842427,0.0014
13,machine_replacement,active_adaptive_bisection,25000,20076,0.0002437853175595306,0.00019
13,machine_replacement,uniform,50000,50000,0.0019751455509103844,0.00096
13,machine_replacement,active_adaptive_bisection,50000,21510,0.00012171500505953059,6e-05
13,machine_replacement,uniform,100000,100000,0.0017229935365801197,0.00067
13,machine_replacement,active_adaptive_bisection,100000,22944,6.067984880953059e-05,3e-05
13,admission_control,uniform,100,100,0.5,0.27572
13,admission_control,active_adaptive_bisection,100,79,0.10325139470013944,0.04666
13,admission_control,uniform,200,200,0.5,0.27572
13,admission_control,active_adaptive_bisection,200,179,0.04333141637237137,0.0238
13,admission_control,uniform,500,500,0.2933716681625419,0.12129
13,admission_control,active_adaptive_bisection,500,456,0.019827211799357758,0.01024
13,admission_control,uniform,1000,1000,0.2148607502192696,0.13002
13,admission_control,active_adaptive_bisection,1000,957,0.0078125,0.0051
13,admission_control,uniform,2000,2000,0.12899864438303865,0.06326
13,admission_control,active_adaptive_bisection,2000,1892,0.004283278140397306,0.00279
13,admission_control,uniform,5000,5000,0.06229311019993522,0.02509
13,admission_control,active_adaptive_bisection,5000,4970,0.0009765625,0.00061
13,admission_control,uniform,10000,10000,0.05180724406897101,0.02269
13,admission_control,active_adaptive_bisection,10000,9918,0.00048828125,0.00018
13,admission_control,uniform,25000,25000,0.04844839281398036,0.02204
13,admission_control,active_adaptive_bisection,25000,19128,0.000244140625,0.00012
13,admission_control,uniform,50000,50000,0.046411365869373035,0.02211
13,admission_control,active_adaptive_bisection,50000,20483,0.0001220703125,8e-05
13,admission_control,uniform,100000,100000,0.04561249953529724,0.02208
13,admission_control,active_adaptive_bisection,100000,21838,6.103515625e-05,1e-05
13,resource_allocation,uniform,100,100,0.4964027580075816,0.33396
13,resource_allocation,active_adaptive_bisection,100,84,0.03257011140332189,0.02423
13,resource_allocation,uniform,200,200,0.4964027580075816,0.33396
13,resource_allocation,active_adaptive_bisection,200,189,0.030815415917728545,0.0195
13,resource_allocation,uniform,500,500,0.17787136023267025,0.11208
13,resource_allocation,active_adaptive_bisection,500,480,0.015327229403587384,0.00895
13,resource_allocation,uniform,1000,1000,0.22934042382764697,0.1424
13,resource_allocation,active_adaptive_bisection,1000,999,0.007508100176245036,0.00467
13,resource_allocation,uniform,2000,2000,0.10782029140423999,0.05002
13,resource_allocation,active_adaptive_bisection,2000,1980,0.0038742554313834776,0.00216
13,resource_allocation,uniform,5000,5000,0.036167135792488536,0.02163
13,resource_allocation,active_adaptive_bisection,5000,4968,0.000958882002873862,0.00046
13,resource_allocation,uniform,10000,10000,0.035286091235164796,0.01824
13,resource_allocation,active_adaptive_bisection,10000,9945,0.00048548859386815524,0.00032
13,resource_allocation,uniform,25000,25000,0.028537584269117566,0.01676
13,resource_allocation,active_adaptive_bisection,25000,20076,0.00024340871997247104,0.00013
13,resource_allocation,uniform,50000,50000,0.02542353747945897,0.01704
13,resource_allocation,active_adaptive_bisection,50000,21510,0.00012200175837440153,4e-05
13,resource_allocation,uniform,100000,100000,0.02476870921390767,0.01701
13,resource_allocation,active_adaptive_bisection,100000,22944,6.0966602124401525e-05,3e-05
13,random_structured,uniform,100,100,0.5,0.3521
13,random_structured,active_adaptive_bisection,100,74,0.04001046025104604,0.02114
13,random_structured,uniform,200,200,0.5,0.3521
13,random_structured,active_adaptive_bisection,200,169,0.030710250413888036,0.01881
13,random_structured,uniform,500,500,0.6284270232884388,0.19411
13,random_structured,active_adaptive_bisection,500,444,0.011452499959652362,0.00527
13,random_structured,uniform,1000,1000,0.3105725552238239,0.15799
13,random_structured,active_adaptive_bisection,1000,915,0.007284535853784746,0.00422
13,random_structured,uniform,2000,2000,0.24221270849809973,0.09128
13,random_structured,active_adaptive_bisection,2000,1992,0.0038479725426054934,0.00221
13,random_structured,uniform,5000,5000,0.06643838597662333,0.01725
13,random_structured,active_adaptive_bisection,5000,4960,0.0009623224084484017,0.00055
13,random_structured,uniform,10000,10000,0.014988921119550525,0.00473
13,random_structured,active_adaptive_bisection,10000,9812,0.00048455200499830653,0.00024
13,random_structured,uniform,25000,25000,0.002816864965130117,0.00165
13,random_structured,active_adaptive_bisection,25000,18420,0.00024290071227217602,0.00024
13,random_structured,uniform,50000,50000,0.002758867308407964,0.00192
13,random_structured,active_adaptive_bisection,50000,19716,0.00012114913690208784,8e-05
13,random_structured,uniform,100000,100000,0.0017652918409856166,0.00102
13,random_structured,active_adaptive_bisection,100000,21012,6.011398065208784e-05,2e-05
14,inventory_threshold,uniform,100,100,0.44999999999999996,0.2771
14,inventory_threshold,active_adaptive_bisection,100,84,0.03125,0.01855
14,inventory_threshold,uniform,200,200,0.6395517375903517,0.33607
14,inventory_threshold,active_adaptive_bisection,200,189,0.03125,0.01804
14,inventory_threshold,uniform,500,500,0.37208760151131626,0.16173
14,inventory_threshold,active_adaptive_bisection,500,480,0.015625,0.01019
14,inventory_threshold,uniform,1000,1000,0.27536468073961506,0.14173
14,inventory_threshold,active_adaptive_bisection,1000,999,0.0078125,0.00453
14,inventory_threshold,uniform,2000,2000,0.10848737041104328,0.05491
14,inventory_threshold,active_adaptive_bisection,2000,1980,0.00390625,0.002
14,inventory_threshold,uniform,5000,5000,0.04035571969412732,0.00979
14,inventory_threshold,active_adaptive_bisection,5000,4968,0.0009765625,0.00041
14,inventory_threshold,uniform,10000,10000,0.012980442431903882,0.00434
14,inventory_threshold,active_adaptive_bisection,10000,9984,0.00048828125,0.00034
14,inventory_threshold,uniform,25000,25000,0.006210541831355665,0.00238
14,inventory_threshold,active_adaptive_bisection,25000,20076,0.000244140625,0.00023
14,inventory_threshold,uniform,50000,50000,0.002191038019533631,0.00098
14,inventory_threshold,active_adaptive_bisection,50000,21510,0.0001220703125,9e-05
14,inventory_threshold,uniform,100000,100000,0.0014031075809940452,0.00075
14,inventory_threshold,active_adaptive_bisection,100000,22944,6.103515625e-05,3e-05
14,machine_replacement,uniform,100,100,0.15217391304347827,0.10051
14,machine_replacement,active_adaptive_bisection,100,84,0.028373430962343127,0.01593
14,machine_replacement,uniform,200,200,0.41998652019904725,0.21201
14,machine_replacement,active_adaptive_bisection,200,189,0.030420001819174078,0.01684
14,machine_replacement,uniform,500,500,0.27490779156012046,0.112
14,machine_replacement,active_adaptive_bisection,500,480,0.014899623925722319,0.00797
14,machine_replacement,uniform,1000,1000,0.09230618951865222,0.07935
14,machine_replacement,active_adaptive_bisection,1000,999,0.007582260778606464,0.00381
14,machine_replacement,uniform,2000,2000,0.06065679407802799,0.04204
14,machine_replacement,active_adaptive_bisection,2000,1980,0.00379539407858831,0.00186
14,machine_replacement,uniform,5000,5000,0.014664764230655769,0.00521
14,machine_replacement,active_adaptive_bisection,5000,4968,0.0009751563940549879,0.00067
14,machine_replacement,uniform,10000,10000,0.010855216345814572,0.00401
14,machine_replacement,active_adaptive_bisection,10000,9984,0.0004877482888393514,0.0003
14,machine_replacement,uniform,25000,25000,0.003577420679728216,0.00136
14,machine_replacement,active_adaptive_bisection,25000,20076,0.0002437853175595306,0.00018
14,machine_replacement,uniform,50000,50000,0.0019076106380966351,0.00073
14,machine_replacement,active_adaptive_bisection,50000,21510,0.00012171500505953059,6e-05
14,machine_replacement,uniform,100000,100000,0.0008570795116698005,0.0006
14,machine_replacement,active_adaptive_bisection,100000,22944,6.067984880953059e-05,4e-05
14,admission_control,uniform,100,100,0.5,0.27748
14,admission_control,active_adaptive_bisection,100,79,0.10325139470013944,0.04788
14,admission_control,uniform,200,200,1.2276787573382961,0.41039
14,admission_control,active_adaptive_bisection,200,179,0.03911693330619602,0.02466
14,admission_control,uniform,500,500,0.24343643090812334,0.15922
14,admission_control,active_adaptive_bisection,500,456,0.021381792861101423,0.01167
14,admission_control,uniform,1000,1000,0.20368130520908956,0.11792
14,admission_control,active_adaptive_bisection,1000,950,0.0078125,0.00555
14,admission_control,uniform,2000,2000,0.09164254210875022,0.05659
14,admission_control,active_adaptive_bisection,2000,1892,0.004134502482915137,0.00312
14,admission_control,uniform,5000,5000,0.052041826918429956,0.02727
14,admission_control,active_adaptive_bisection,5000,4990,0.0017809430914166313,0.00088
14,admission_control,uniform,10000,10000,0.046418810839820024,0.02392
14,admission_control,active_adaptive_bisection,10000,9940,0.00048828125,0.0004
14,admission_control,uniform,25000,25000,0.04730301423361738,0.02292
14,admission_control,active_adaptive_bisection,25000,19128,0.000244140625,0.00026
14,admission_control,uniform,50000,50000,0.047245746455164106,0.02305
14,admission_control,active_adaptive_bisection,50000,20483,0.0001220703125,5e-05
14,admission_control,uniform,100000,100000,0.04617826839952788,0.02314
14,admission_control,active_adaptive_bisection,100000,21838,6.103515625e-05,5e-05
14,resource_allocation,uniform,100,100,0.4964027580075816,0.3337
14,resource_allocation,active_adaptive_bisection,100,84,0.03257011140332189,0.02435
14,resource_allocation,uniform,200,200,0.6859544955979333,0.35828
14,resource_allocation,active_adaptive_bisection,200,189,0.029329301246534725,0.01727
14,resource_allocation,uniform,500,500,0.2587852493743716,0.15798
14,resource_allocation,active_adaptive_bisection,500,480,0.013948938763980456,0.00778
14,resource_allocation,uniform,1000,1000,0.1678989374875054,0.11754
14,resource_allocation,active_adaptive_bisection,1000,999,0.007433029095354815,0.00458
14,resource_allocation,uniform,2000,2000,0.11218226925066621,0.06864
14,resource_allocation,active_adaptive_bisection,2000,1980,0.0038403256448980017,0.0025
14,resource_allocation,uniform,5000,5000,0.03334915226295343,0.02481
14,resource_allocation,active_adaptive_bisection,5000,4968,0.0009645130006000757,0.00049
14,resource_allocation,uniform,10000,10000,0.037313359685620384,0.01745
14,resource_allocation,active_adaptive_bisection,10000,9984,0.0004859242651200635,0.00034
14,resource_allocation,uniform,25000,25000,0.027851709551361237,0.01691
14,resource_allocation,active_adaptive_bisection,25000,20076,0.00024340871997247104,0.00012
14,resource_allocation,uniform,50000,50000,0.024914539544360292,0.01694
14,resource_allocation,active_adaptive_bisection,50000,21510,0.00012200175837440153,0.00011
14,resource_allocation,uniform,100000,100000,0.024460943229975163,0.01693
14,resource_allocation,active_adaptive_bisection,100000,22944,6.0966602124401525e-05,1e-05
14,random_structured,uniform,100,100,0.5,0.36263
14,random_structured,active_adaptive_bisection,100,74,0.048247907949790836,0.02188
14,random_structured,uniform,200,200,0.607974231526092,0.42847
14,random_structured,active_adaptive_bisection,200,169,0.03107380976950691,0.01717
14,random_structured,uniform,500,500,0.39947775181806566,0.15689
14,random_structured,active_adaptive_bisection,500,432,0.015409404887103684,0.01011
14,random_structured,uniform,1000,1000,0.4774726811913278,0.17732
14,random_structured,active_adaptive_bisection,1000,901,0.00777047770080691,0.00485
14,random_structured,uniform,2000,2000,0.06287275809913462,0.0533
14,random_structured,active_adaptive_bisection,2000,1990,0.0038440391905916194,0.00223
14,random_structured,uniform,5000,5000,0.06943077068256487,0.02161
14,random_structured,active_adaptive_bisection,5000,4932,0.0009598635271879097,0.00055
14,random_structured,uniform,10000,10000,0.02094169065417739,0.00468
14,random_structured,active_adaptive_bisection,10000,9864,0.0004863887531007527,0.0003
14,random_structured,uniform,25000,25000,0.007241621964832801,0.00258
14,random_structured,active_adaptive_bisection,25000,18084,0.00024142383455738603,0.00019
14,random_structured,uniform,50000,50000,0.003429134629868824,0.00187
14,random_structured,active_adaptive_bisection,50000,19352,0.00012202053373049776,0.00013
14,random_structured,uniform,100000,100000,0.0017983258935104218,0.00095
14,random_structured,active_adaptive_bisection,100000,20620,6.098537748049776e-05,6e-05
15,inventory_threshold,uniform,100,100,0.44999999999999996,0.2775
15,inventory_threshold,active_adaptive_bisection,100,84,0.03125,0.01793
15,inventory_threshold,uniform,200,200,1.35,0.39733
15,inventory_threshold,active_adaptive_bisection,200,189,0.03125,0.01673
15,inventory_threshold,uniform,500,500,0.5428817508443022,0.17932
15,inventory_threshold,active_adaptive_bisection,500,480,0.015625,0.00996
15,inventory_threshold,uniform,1000,1000,0.2037968488370403,0.12721
15,inventory_threshold,active_adaptive_bisection,1000,999,0.0078125,0.0048
15,inventory_threshold,uniform,2000,2000,0.06668945199039467,0.05103
15,inventory_threshold,active_adaptive_bisection,2000,1980,0.00390625,0.00201
15,inventory_threshold,uniform,5000,5000,0.01671811244959298,0.00825
15,inventory_threshold,active_adaptive_bisection,5000,4968,0.0009765625,0.00056
15,inventory_threshold,uniform,10000,10000,0.018036914107423252,0.0078
15,inventory_threshold,active_adaptive_bisection,10000,9984,0.00048828125,0.00031
15,inventory_threshold,uniform,25000,25000,0.00672006581818102,0.00238
15,inventory_threshold,active_adaptive_bisection,25000,20076,0.000244140625,0.00031
15,inventory_threshold,uniform,50000,50000,0.0023936496073588276,0.0014
15,inventory_threshold,active_adaptive_bisection,50000,21510,0.0001220703125,0.00015
15,inventory_threshold,uniform,100000,100000,0.0025747482821636414,0.00155
15,inventory_threshold,active_adaptive_bisection,100000,22944,6.103515625e-05,5e-05
15,machine_replacement,uniform,100,100,0.15217391304347827,0.0999
15,machine_replacement,active_adaptive_bisection,100,84,0.028373430962343127,0.01629
15,machine_replacement,uniform,200,200,0.692402906961657,0.27243
15,machine_replacement,active_adaptive_bisection,200,189,0.030824633711097282,0.01713
15,machine_replacement,uniform,500,500,0.21085607851385313,0.11981
15,machine_replacement,active_adaptive_bisection,500,480,0.015511301619064999,0.00842
15,machine_replacement,uniform,1000,1000,0.2657899932144259,0.10516
15,machine_replacement,active_adaptive_bisection,1000,999,0.007582260778606464,0.00429
15,machine_replacement,uniform,2000,2000,0.05397377241197965,0.04791
15,machine_replacement,active_adaptive_bisection,2000,1980,0.00379539407858831,0.0019
15,machine_replacement,uniform,5000,5000,0.014349928501340536,0.00752
15,machine_replacement,active_adaptive_bisection,5000,4968,0.0009719662420636932,0.00076
15,machine_replacement,uniform,10000,10000,0.010893269533924776,0.00405
15,machine_replacement,active_adaptive_bisection,10000,9984,0.00048783394133966596,0.00029
15,machine_replacement,uniform,25000,25000,0.007163875841372569,0.00246
15,machine_replacement,active_adaptive_bisection,25000,20076,0.0002437853175595306,0.00014
15,machine_replacement,uniform,50000,50000,0.0023138325194927423,0.00107
15,machine_replacement,active_adaptive_bisection,50000,21510,0.00012171500505953059,6e-05
15,machine_replacement,uniform,100000,100000,0.0012523990929464712,0.00067
15,machine_replacement,active_adaptive_bisection,100000,22944,6.067984880953059e-05,5e-05
15,admission_control,uniform,100,100,0.5,0.27731
15,admission_control,active_adaptive_bisection,100,79,0.10325139470013944,0.04737
15,admission_control,uniform,200,200,1.0619681243529613,0.32532
15,admission_control,active_adaptive_bisection,200,179,0.03125,0.02363
15,admission_control,uniform,500,500,0.47992917647231015,0.19475
15,admission_control,active_adaptive_bisection,500,456,0.028669715890468857,0.01081
15,admission_control,uniform,1000,1000,0.7002948441614097,0.19216
15,admission_control,active_adaptive_bisection,1000,957,0.0078125,0.00563
15,admission_control,uniform,2000,2000,0.11425426806169026,0.06021
15,admission_control,active_adaptive_bisection,2000,1892,0.00390625,0.00269
15,admission_control,uniform,5000,5000,0.04995506108268677,0.02578
15,admission_control,active_adaptive_bisection,5000,4950,0.0012113548101629215,0.00074
15,admission_control,uniform,10000,10000,0.046547724174923366,0.02426
15,admission_control,active_adaptive_bisection,10000,9896,0.0006001648116724601,0.00043
15,admission_control,uniform,25000,25000,0.04656686815755849,0.02221
15,admission_control,active_adaptive_bisection,25000,19128,0.000244140625,0.00019
15,admission_control,uniform,50000,50000,0.04665534094507173,0.02212
15,admission_control,active_adaptive_bisection,50000,20483,0.0001220703125,8e-05
15,admission_control,uniform,100000,100000,0.04614046405162068,0.02214
15,admission_control,active_adaptive_bisection,100000,21838,6.103515625e-05,5e-05
15,resource_allocation,uniform,100,100,0.4964027580075816,0.33344
15,resource_allocation,active_adaptive_bisection,100,84,0.03257011140332189,0.02497
15,resource_allocation,uniform,200,200,1.3964027580075817,0.44066
15,resource_allocation,active_adaptive_bisection,200,189,0.030959148014094884,0.01712
15,resource_allocation,uniform,500,500,0.8837587036290648,0.20966
15,resource_allocation,active_adaptive_bisection,500,480,0.015294694897052631,0.00908
15,resource_allocation,uniform,1000,1000,0.15395360469977215,0.11304
15,resource_allocation,active_adaptive_bisection,1000,999,0.007753755635338089,0.00487
15,resource_allocation,uniform,2000,2000,0.10500452967335872,0.06371
15,resource_allocation,active_adaptive_bisection,2000,1980,0.0037758118678975494,0.00241
15,resource_allocation,uniform,5000,5000,0.05093904352421935,0.01956
15,resource_allocation,active_adaptive_bisection,5000,4968,0.0009673031510939456,0.0005
15,resource_allocation,uniform,10000,10000,0.024719504455474994,0.01842
15,resource_allocation,active_adaptive_bisection,10000,9984,0.00048536735655707597,0.00039
15,resource_allocation,uniform,25000,25000,0.025432057940362296,0.01816
15,resource_allocation,active_adaptive_bisection,25000,20076,0.00024340871997247104,0.0002
15,resource_allocation,uniform,50000,50000,0.025538152092875077,0.0181
15,resource_allocation,active_adaptive_bisection,50000,21510,0.00012200175837440153,7e-05
15,resource_allocation,uniform,100000,100000,0.025418822195758695,0.01787
15,resource_allocation,active_adaptive_bisection,100000,22944,6.0966602124401525e-05,2e-05
15,random_structured,uniform,100,100,0.5,0.42969
15,random_structured,active_adaptive_bisection,100,64,0.025660109695427313,0.0109
15,random_structured,uniform,200,200,1.4430898903045728,0.49503
15,random_structured,active_adaptive_bisection,200,159,0.030430669661321606,0.01682
15,random_structured,uniform,500,500,0.49029240351515857,0.22206
15,random_structured,active_adaptive_bisection,500,486,0.015292645813573036,0.0067
15,random_structured,uniform,1000,1000,0.4807495667281493,0.15937
15,random_structured,active_adaptive_bisection,1000,951,0.007556469224773724,0.00345
15,random_structured,uniform,2000,2000,0.12402045363207703,0.05473
15,random_structured,active_adaptive_bisection,2000,1900,0.003892908533995043,0.00168
15,random_structured,uniform,5000,5000,0.03668577638905024,0.01092
15,random_structured,active_adaptive_bisection,5000,4790,0.0009456496203178455,0.00043
15,random_structured,uniform,10000,10000,0.01245210443125222,0.00443
15,random_structured,active_adaptive_bisection,10000,9474,0.00048494588349878853,0.00015
15,random_structured,uniform,25000,25000,0.0060532794572820126,0.00186
15,random_structured,active_adaptive_bisection,25000,16068,0.00024277818850737543,0.00013
15,random_structured,uniform,50000,50000,0.0060132586817248646,0.00133
15,random_structured,active_adaptive_bisection,50000,17168,0.00012103669767549174,4e-05
15,random_structured,uniform,100000,100000,0.0032308970360256373,0.00094
15,random_structured,active_adaptive_bisection,100000,18268,6.0165952259660926e-05,4e-05
16,inventory_threshold,uniform,100,100,0.44999999999999996,0.27772
16,inventory_threshold,active_adaptive_bisection,100,84,0.03125,0.01865
16,inventory_threshold,uniform,200,200,0.44999999999999996,0.27772
16,inventory_threshold,active_adaptive_bisection,200,189,0.03125,0.01655
16,inventory_threshold,uniform,500,500,0.4713275687710121,0.18552
16,inventory_threshold,active_adaptive_bisection,500,480,0.015625,0.01033
16,inventory_threshold,uniform,1000,1000,0.14923693258207987,0.11718
16,inventory_threshold,active_adaptive_bisection,1000,999,0.0078125,0.00455
16,inventory_threshold,uniform,2000,2000,0.12311923936539315,0.06902
16,inventory_threshold,active_adaptive_bisection,2000,1980,0.00390625,0.00203
16,inventory_threshold,uniform,5000,5000,0.051786503637264336,0.01624
16,inventory_threshold,active_adaptive_bisection,5000,4968,0.0009765625,0.0006
16,inventory_threshold,uniform,10000,10000,0.016762822416187317,0.00651
16,inventory_threshold,active_adaptive_bisection,10000,9984,0.00048828125,0.00038
16,inventory_threshold,uniform,25000,25000,0.003642158968846454,0.00173
16,inventory_threshold,active_adaptive_bisection,25000,20076,0.000244140625,0.00032
16,inventory_threshold,uniform,50000,50000,0.002102779215646333,0.00129
16,inventory_threshold,active_adaptive_bisection,50000,21510,0.0001220703125,0.00013
16,inventory_threshold,uniform,100000,100000,0.0026001518689380276,0.00141
16,inventory_threshold,active_adaptive_bisection,100000,22944,6.103515625e-05,7e-05
16,machine_replacement,uniform,100,100,0.15217391304347827,0.10086
16,machine_replacement,active_adaptive_bisection,100,84,0.028373430962343127,0.01611
16,machine_replacement,uniform,200,200,0.15217391304347827,0.10086
16,machine_replacement,active_adaptive_bisection,200,189,0.030420001819174078,0.01627
16,machine_replacement,uniform,500,500,0.29478623791757413,0.19356
16,machine_replacement,active_adaptive_bisection,500,480,0.014795001819174078,0.00797
16,machine_replacement,uniform,1000,1000,0.10941338090091501,0.09708
16,machine_replacement,active_adaptive_bisection,1000,999,0.007582260778606464,0.00397
16,machine_replacement,uniform,2000,2000,0.08083937357365167,0.05457
16,machine_replacement,active_adaptive_bisection,2000,1980,0.003845137120247477,0.00169
16,machine_replacement,uniform,5000,5000,0.021251068546468507,0.01046
16,machine_replacement,active_adaptive_bisection,5000,4968,0.0009724496878930067,0.00088
16,machine_replacement,uniform,10000,10000,0.011201548304876227,0.0071
16,machine_replacement,active_adaptive_bisection,10000,9984,0.00048706602054926496,0.00028
16,machine_replacement,uniform,25000,25000,0.006397998037037722,0.00223
16,machine_replacement,active_adaptive_bisection,25000,20076,0.0002437853175595306,0.00012
16,machine_replacement,uniform,50000,50000,0.0023042486695387665,0.00084
16,machine_replacement,active_adaptive_bisection,50000,21510,0.00012171500505953059,6e-05
16,machine_replacement,uniform,100000,100000,0.0010649129620903808,0.00037
16,machine_replacement,active_adaptive_bisection,100000,22944,6.067984880953059e-05,4e-05
16,admission_control,uniform,100,100,0.5,0.27753
16,admission_control,active_adaptive_bisection,100,79,0.10325139470013944,0.0457
16,admission_control,uniform,200,200,0.5,0.27753
16,admission_control,active_adaptive_bisection,200,179,0.03125,0.02225
16,admission_control,uniform,500,500,0.2013345177940642,0.15281
16,admission_control,active_adaptive_bisection,500,456,0.019702469455041616,0.01068
16,admission_control,uniform,1000,1000,0.29908107512075377,0.12827
16,admission_control,active_adaptive_bisection,1000,950,0.0078125,0.00524
16,admission_control,uniform,2000,2000,0.10019624413988315,0.05715
16,admission_control,active_adaptive_bisection,2000,1892,0.006148131740621669,0.00294
16,admission_control,uniform,5000,5000,0.07857463734420089,0.02706
16,admission_control,active_adaptive_bisection,5000,4970,0.0015695045483893068,0.00067
16,admission_control,uniform,10000,10000,0.04733141385687556,0.02231
16,admission_control,active_adaptive_bisection,10000,9929,0.00048828125,0.00033
16,admission_control,uniform,25000,25000,0.04792418692223703,0.02086
16,admission_control,active_adaptive_bisection,25000,19128,0.000244140625,0.00021
16,admission_control,uniform,50000,50000,0.046027088306730524,0.0209
16,admission_control,active_adaptive_bisection,50000,20483,0.0001220703125,0.00014
16,admission_control,uniform,100000,100000,0.045922912489864354,0.02094
16,admission_control,active_adaptive_bisection,100000,21838,6.103515625e-05,8e-05
16,resource_allocation,uniform,100,100,0.4964027580075816,0.33448
16,resource_allocation,active_adaptive_bisection,100,84,0.03257011140332189,0.02455
16,resource_allocation,uniform,200,200,0.4964027580075816,0.33448
16,resource_allocation,active_adaptive_bisection,200,189,0.030875985162148553,0.01877
16,resource_allocation,uniform,500,500,0.32286903831808955,0.15123
16,resource_allocation,active_adaptive_bisection,500,480,0.014911423691095882,0.00844
16,resource_allocation,uniform,1000,1000,0.18164741761299796,0.11329
16,resource_allocation,active_adaptive_bisection,1000,999,0.007711510654105469,0.00467
16,resource_allocation,uniform,2000,2000,0.11434502499922972,0.06788
16,resource_allocation,active_adaptive_bisection,2000,1980,0.003826239528023301,0.00232
16,resource_allocation,uniform,5000,5000,0.05234443282491891,0.0253
16,resource_allocation,active_adaptive_bisection,5000,4968,0.0009505344894583656,0.00051
16,resource_allocation,uniform,10000,10000,0.02415600113465488,0.01859
16,resource_allocation,active_adaptive_bisection,10000,9984,0.00048440034244268126,0.00025
16,resource_allocation,uniform,25000,25000,0.025389725319412748,0.01751
16,resource_allocation,active_adaptive_bisection,25000,20076,0.00024340871997247104,0.00012
16,resource_allocation,uniform,50000,50000,0.024954031070853144,0.01762
16,resource_allocation,active_adaptive_bisection,50000,21510,0.00012200175837440153,3e-05
16,resource_allocation,uniform,100000,100000,0.02493391170293552,0.01762
16,resource_allocation,active_adaptive_bisection,100000,22944,6.0966602124401525e-05,3e-05
16,random_structured,uniform,100,100,0.5,0.35645
16,random_structured,active_adaptive_bisection,100,74,0.042667389393219235,0.0221
16,random_structured,uniform,200,200,0.5,0.35645
16,random_structured,active_adaptive_bisection,200,169,0.0304734640330242,0.01795
16,random_structured,uniform,500,500,0.501245693270719,0.23208
16,random_structured,active_adaptive_bisection,500,438,0.014310134912952521,0.00762
16,random_structured,uniform,1000,1000,0.44885859497478253,0.159
16,random_structured,active_adaptive_bisection,1000,915,0.007773770170012351,0.0041
16,random_structured,uniform,2000,2000,0.11983700780368722,0.06691
16,random_structured,active_adaptive_bisection,2000,1968,0.0037390617016260785,0.00163
16,random_structured,uniform,5000,5000,0.053369914909808136,0.02398
16,random_structured,active_adaptive_bisection,5000,4920,0.0009497912335840741,0.00051
16,random_structured,uniform,10000,10000,0.0156307667152078,0.0061
16,random_structured,active_adaptive_bisection,10000,9851,0.00048656837520100193,0.0002
16,random_structured,uniform,25000,25000,0.003553786020734917,0.00193
16,random_structured,active_adaptive_bisection,25000,18324,0.0002438867755954477,0.00014
16,random_structured,uniform,50000,50000,0.0031285436783843323,0.00129
16,random_structured,active_adaptive_bisection,50000,19612,0.00012181646309544769,8e-05
16,random_structured,uniform,100000,100000,0.0017007331738746467,0.00091
16,random_structured,active_adaptive_bisection,100000,20900,6.078130684544769e-05,5e-05
17,inventory_threshold,uniform,100,100,0.44999999999999996,0.27485
17,inventory_threshold,active_adaptive_bisection,100,84,0.03125,0.01759
17,inventory_threshold,uniform,200,200,0.44999999999999996,0.27485
17,inventory_threshold,active_adaptive_bisection,200,189,0.03125,0.01644
17,inventory_threshold,uniform,500,500,0.5488347934469529,0.14434
17,inventory_threshold,active_adaptive_bisection,500,480,0.015625,0.00963
17,inventory_threshold,uniform,1000,1000,0.15561794040848764,0.10464
17,inventory_threshold,active_adaptive_bisection,1000,999,0.0078125,0.00432
17,inventory_threshold,uniform,2000,2000,0.15909592260513628,0.05089
17,inventory_threshold,active_adaptive_bisection,2000,1980,0.00390625,0.00182
17,inventory_threshold,uniform,5000,5000,0.024417866209795247,0.01229
17,inventory_threshold,active_adaptive_bisection,5000,4968,0.0009765625,0.00054
17,inventory_threshold,uniform,10000,10000,0.011284161472774557,0.00511
17,inventory_threshold,active_adaptive_bisection,10000,9984,0.00048828125,0.00025
17,inventory_threshold,uniform,25000,25000,0.0061515839139314465,0.00238
17,inventory_threshold,active_adaptive_bisection,25000,20076,0.000244140625,0.00016
17,inventory_threshold,uniform,50000,50000,0.0037880706418411125,0.00146
17,inventory_threshold,active_adaptive_bisection,50000,21510,0.0001220703125,5e-05
17,inventory_threshold,uniform,100000,100000,0.0018449630507923476,0.00107
17,inventory_threshold,active_adaptive_bisection,100000,22944,6.103515625e-05,2e-05
17,machine_replacement,uniform,100,100,0.15217391304347827,0.09999
17,machine_replacement,active_adaptive_bisection,100,84,0.028373430962343127,0.01575
17,machine_replacement,uniform,200,200,0.15217391304347827,0.09999
17,machine_replacement,active_adaptive_bisection,200,189,0.029612743314535218,0.01662
17,machine_replacement,uniform,500,500,0.29719906980892724,0.12001
17,machine_replacement,active_adaptive_bisection,500,480,0.014868905766781848,0.00823
17,machine_replacement,uniform,1000,1000,0.13500991015384245,0.09393
17,machine_replacement,active_adaptive_bisection,1000,999,0.00749130207385848,0.00438
17,machine_replacement,uniform,2000,2000,0.054129467984161406,0.02952
17,machine_replacement,active_adaptive_bisection,2000,1980,0.0037398481775477582,0.00176
17,machine_replacement,uniform,5000,5000,0.013977239483340065,0.00653
17,machine_replacement,active_adaptive_bisection,5000,4968,0.0009680739600518851,0.00071
17,machine_replacement,uniform,10000,10000,0.00856153408903293,0.00425
17,machine_replacement,active_adaptive_bisection,10000,9984,0.0004853008715767215,0.00036
17,machine_replacement,uniform,25000,25000,0.004532412029447458,0.00148
17,machine_replacement,active_adaptive_bisection,25000,20076,0.0002437853175595306,0.00016
17,machine_replacement,uniform,50000,50000,0.002132702115419327,0.00077
17,machine_replacement,active_adaptive_bisection,50000,21510,0.00012171500505953059,6e-05
17,machine_replacement,uniform,100000,100000,0.0021999325513487045,0.00093
17,machine_replacement,active_adaptive_bisection,100000,22944,6.067984880953059e-05,3e-05
17,admission_control,uniform,100,100,0.5,0.27462
17,admission_control,active_adaptive_bisection,100,79,0.10325139470013944,0.04661
17,admission_control,uniform,200,200,0.5,0.27462
17,admission_control,active_adaptive_bisection,200,179,0.03130946423613079,0.02187
17,admission_control,uniform,500,500,0.2668578061035435,0.14178
17,admission_control,active_adaptive_bisection,500,456,0.02010841694248333,0.01025
17,admission_control,uniform,1000,1000,0.19609837533559277,0.121
17,admission_control,active_adaptive_bisection,1000,950,0.0078125,0.00518
17,admission_control,uniform,2000,2000,0.1767380743183643,0.06026
17,admission_control,active_adaptive_bisection,2000,1892,0.006235730193413523,0.00275
17,admission_control,uniform,5000,5000,0.05501388102650301,0.02649
17,admission_control,active_adaptive_bisection,5000,4980,0.0009765625,0.00064
17,admission_control,uniform,10000,10000,0.05309002253677497,0.02278
17,admission_control,active_adaptive_bisection,10000,9940,0.00048828125,0.00034
17,admission_control,uniform,25000,25000,0.046511742100335124,0.02154
17,admission_control,active_adaptive_bisection,25000,19128,0.000244140625,0.00019
17,admission_control,uniform,50000,50000,0.045921765563579284,0.02156
17,admission_control,active_adaptive_bisection,50000,20483,0.0001220703125,9e-05
17,admission_control,uniform,100000,100000,0.0461864724642326,0.02162
17,admission_control,active_adaptive_bisection,100000,21838,6.103515625e-05,5e-05
17,resource_allocation,uniform,100,100,0.4964027580075816,0.3323
17,resource_allocation,active_adaptive_bisection,100,84,0.03257011140332189,0.02337
17,resource_allocation,uniform,200,200,0.4964027580075816,0.3323
17,resource_allocation,active_adaptive_bisection,200,189,0.029884713541665192,0.01869
17,resource_allocation,uniform,500,500,0.5569910774938942,0.1498
17,resource_allocation,active_adaptive_bisection,500,480,0.015188187957138381,0.00905
17,resource_allocation,uniform,1000,1000,0.17517301771100602,0.12004
17,resource_allocation,active_adaptive_bisection,1000,999,0.007739898418122393,0.00457
17,resource_allocation,uniform,2000,2000,0.1094512933122076,0.06135
17,resource_allocation,active_adaptive_bisection,2000,1980,0.0037203580047534546,0.00217
17,resource_allocation,uniform,5000,5000,0.042712678809256166,0.02165
17,resource_allocation,active_adaptive_bisection,5000,4968,0.0009437011601849399,0.00061
17,resource_allocation,uniform,10000,10000,0.033619605027591204,0.01784
17,resource_allocation,active_adaptive_bisection,10000,9984,0.00048733550720686525,0.00038
17,resource_allocation,uniform,25000,25000,0.030003251754281424,0.01692
17,resource_allocation,active_adaptive_bisection,25000,20076,0.00024340871997247104,8e-05
17,resource_allocation,uniform,50000,50000,0.024680203225768804,0.0173
17,resource_allocation,active_adaptive_bisection,50000,21510,0.00012200175837440153,8e-05
17,resource_allocation,uniform,100000,100000,0.02431989233144899,0.01732
17,resource_allocation,active_adaptive_bisection,100000,22944,6.0966602124401525e-05,2e-05
17,random_structured,uniform,100,100,0.5,0.38051
17,random_structured,active_adaptive_bisection,100,74,0.06472280334728031,0.02742
17,random_structured,uniform,200,200,0.5,0.38051
17,random_structured,active_adaptive_bisection,200,169,0.02858084858555121,0.01305
17,random_structured,uniform,500,500,0.45607774023255165,0.17121
17,random_structured,active_adaptive_bisection,500,420,0.015313619009114099,0.00828
17,random_structured,uniform,1000,1000,0.2412944020079787,0.12279
17,random_structured,active_adaptive_bisection,1000,967,0.00773135996782226,0.0038
17,random_structured,uniform,2000,2000,0.19117684909456878,0.08401
17,random_structured,active_adaptive_bisection,2000,1970,0.0037324852162802236,0.00166
17,random_structured,uniform,5000,5000,0.07681762370147183,0.01936
17,random_structured,active_adaptive_bisection,5000,4896,0.001282476995705495,0.00043
17,random_structured,uniform,10000,10000,0.022841311192467018,0.00581
17,random_structured,active_adaptive_bisection,10000,9835,0.00048624359056184674,0.00026
17,random_structured,uniform,25000,25000,0.006820183202431052,0.00234
17,random_structured,active_adaptive_bisection,25000,17412,0.00024229128937625077,0.00017
17,random_structured,uniform,50000,50000,0.0018588300529347457,0.00111
17,random_structured,active_adaptive_bisection,50000,18624,0.00012176208989600479,6e-05
17,random_structured,uniform,100000,100000,0.0021494268908938685,0.00093
17,random_structured,active_adaptive_bisection,100000,19836,6.076114615843897e-05,5e-05
18,inventory_threshold,uniform,100,100,0.44999999999999996,0.27753
18,inventory_threshold,active_adaptive_bisection,100,84,0.03125,0.01824
18,inventory_threshold,uniform,200,200,0.44999999999999996,0.27753
18,inventory_threshold,active_adaptive_bisection,200,189,0.03125,0.01635
18,inventory_threshold,uniform,500,500,0.54917275242369,0.13734
18,inventory_threshold,active_adaptive_bisection,500,480,0.015625,0.00966
18,inventory_threshold,uniform,1000,1000,0.16952041071235235,0.09203
18,inventory_threshold,active_adaptive_bisection,1000,999,0.0078125,0.00475
18,inventory_threshold,uniform,2000,2000,0.12596200493241505,0.05455
18,inventory_threshold,active_adaptive_bisection,2000,1980,0.00390625,0.00195
18,inventory_threshold,uniform,5000,5000,0.03183124192189646,0.01611
18,inventory_threshold,active_adaptive_bisection,5000,4968,0.0009765625,0.00051
18,inventory_threshold,uniform,10000,10000,0.015347696002208089,0.00476
18,inventory_threshold,active_adaptive_bisection,10000,9984,0.00048828125,0.00036
18,inventory_threshold,uniform,25000,25000,0.00822950889317109,0.00223
18,inventory_threshold,active_adaptive_bisection,25000,20076,0.000244140625,0.00024
18,inventory_threshold,uniform,50000,50000,0.0025122869634111034,0.00126
18,inventory_threshold,active_adaptive_bisection,50000,21510,0.0001220703125,0.00011
18,inventory_threshold,uniform,100000,100000,0.002547546897383568,0.00114
18,inventory_threshold,active_adaptive_bisection,100000,22944,6.103515625e-05,6e-05
18,machine_replacement,uniform,100,100,0.15217391304347827,0.10039
18,machine_replacement,active_adaptive_bisection,100,84,0.028373430962343127,0.01624
18,machine_replacement,uniform,200,200,0.15217391304347827,0.10039
18,machine_replacement,active_adaptive_bisection,200,189,0.03083257374495285,0.01678
18,machine_replacement,uniform,500,500,0.2273971185032284,0.1096
18,machine_replacement,active_adaptive_bisection,500,480,0.015363493723849361,0.00787
18,machine_replacement,uniform,1000,1000,0.1280437990230514,0.0579
18,machine_replacement,active_adaptive_bisection,1000,999,0.007477089776241563,0.00447
18,machine_replacement,uniform,2000,2000,0.05421851820798301,0.04063
18,machine_replacement,active_adaptive_bisection,2000,1980,0.0037209144448878684,0.002
18,machine_replacement,uniform,5000,5000,0.01680349174429452,0.01037
18,machine_replacement,active_adaptive_bisection,5000,4968,0.0009727899493293668,0.00063
18,machine_replacement,uniform,10000,10000,0.012245098631490967,0.00466
18,machine_replacement,active_adaptive_bisection,10000,9984,0.0004870376739585236,0.00035
18,machine_replacement,uniform,25000,25000,0.004512692376340666,0.00238
18,machine_replacement,active_adaptive_bisection,25000,20076,0.0002437853175595306,0.00018
18,machine_replacement,uniform,50000,50000,0.0024421123723012417,0.0007
18,machine_replacement,active_adaptive_bisection,50000,21510,0.00012171500505953059,9e-05
18,machine_replacement,uniform,100000,100000,0.0012521695402328836,0.00072
18,machine_replacement,active_adaptive_bisection,100000,22944,6.067984880953059e-05,6e-05
18,admission_control,uniform,100,100,0.5,0.27763
18,admission_control,active_adaptive_bisection,100,79,0.10325139470013944,0.04725
18,admission_control,uniform,200,200,0.5,0.27763
18,admission_control,active_adaptive_bisection,200,179,0.043866310492857274,0.02211
18,admission_control,uniform,500,500,0.2278695650758948,0.15648
18,admission_control,active_adaptive_bisection,500,456,0.019043705824532076,0.01147
18,admission_control,uniform,1000,1000,0.2241729262869936,0.11055
18,admission_control,active_adaptive_bisection,1000,957,0.0078125,0.00544
18,admission_control,uniform,2000,2000,0.10054141536885175,0.051
18,admission_control,active_adaptive_bisection,2000,1892,0.00638166766034131,0.00266
18,admission_control,uniform,5000,5000,0.06141496889181486,0.02708
18,admission_control,active_adaptive_bisection,5000,4970,0.0013544478531444188,0.00068
18,admission_control,uniform,10000,10000,0.04879178562590436,0.02304
18,admission_control,active_adaptive_bisection,10000,9885,0.00048828125,0.00039
18,admission_control,uniform,25000,25000,0.045271486037896325,0.02211
18,admission_control,active_adaptive_bisection,25000,19128,0.000244140625,0.0002
18,admission_control,uniform,50000,50000,0.046465488358455764,0.02208
18,admission_control,active_adaptive_bisection,50000,20483,0.0001220703125,0.00011
18,admission_control,uniform,100000,100000,0.045299375124840946,0.0221
18,admission_control,active_adaptive_bisection,100000,21838,6.103515625e-05,3e-05
18,resource_allocation,uniform,100,100,0.4964027580075816,0.3337
18,resource_allocation,active_adaptive_bisection,100,84,0.03257011140332189,0.02496
18,resource_allocation,uniform,200,200,0.4964027580075816,0.3337
18,resource_allocation,active_adaptive_bisection,200,189,0.030587172476745805,0.01814
18,resource_allocation,uniform,500,500,0.2810252202213024,0.13064
18,resource_allocation,active_adaptive_bisection,500,480,0.015272638292482238,0.00818
18,resource_allocation,uniform,1000,1000,0.22353494760616444,0.11007
18,resource_allocation,active_adaptive_bisection,1000,999,0.007604572306345092,0.00451
18,resource_allocation,uniform,2000,2000,0.1308040179778166,0.0604
18,resource_allocation,active_adaptive_bisection,2000,1980,0.003847215857260833,0.00218
18,resource_allocation,uniform,5000,5000,0.05142291899393836,0.01936
18,resource_allocation,active_adaptive_bisection,5000,4968,0.0009602554032518418,0.00049
18,resource_allocation,uniform,10000,10000,0.030258099956215367,0.01737
18,resource_allocation,active_adaptive_bisection,10000,9984,0.0004846547673886814,0.00024
18,resource_allocation,uniform,25000,25000,0.024871168131246513,0.0173
18,resource_allocation,active_adaptive_bisection,25000,20076,0.00024340871997247104,0.00013
18,resource_allocation,uniform,50000,50000,0.02524774484797815,0.01726
18,resource_allocation,active_adaptive_bisection,50000,21510,0.00012200175837440153,8e-05
18,resource_allocation,uniform,100000,100000,0.026096319409835866,0.01739
18,resource_allocation,active_adaptive_bisection,100000,22944,6.0966602124401525e-05,5e-05
18,random_structured,uniform,100,100,0.4424000472166819,0.28366
18,random_structured,active_adaptive_bisection,100,84,0.026349952783318087,0.01589
18,random_structured,uniform,200,200,0.4424000472166819,0.28366
18,random_structured,active_adaptive_bisection,200,189,0.030834891376159246,0.01993
18,random_structured,uniform,500,500,0.3665261009503519,0.16066
18,random_structured,active_adaptive_bisection,500,480,0.015150927990234653,0.00913
18,random_structured,uniform,1000,1000,0.13890703896449053,0.10657
18,random_structured,active_adaptive_bisection,1000,999,0.007749016616362875,0.00461
18,random_structured,uniform,2000,2000,0.09296307915728885,0.07382
18,random_structured,active_adaptive_bisection,2000,1980,0.0038905866898258923,0.00254
18,random_structured,uniform,5000,5000,0.027885170729513686,0.0107
18,random_structured,active_adaptive_bisection,5000,4968,0.0009228020817343419,0.00051
18,random_structured,uniform,10000,10000,0.00854542149490245,0.00246
18,random_structured,active_adaptive_bisection,10000,9984,0.00048539704378924853,0.00028
18,random_structured,uniform,25000,25000,0.008811723369238217,0.00161
18,random_structured,active_adaptive_bisection,25000,20076,0.00024370097343628938,0.00011
18,random_structured,uniform,50000,50000,0.0014632126515975452,0.00084
18,random_structured,active_adaptive_bisection,50000,21510,0.00012163741758752789,5e-05
18,random_structured,uniform,100000,100000,0.001343735358482201,0.00085
18,random_structured,active_adaptive_bisection,100000,22944,6.0602261337527885e-05,6e-05
19,inventory_threshold,uniform,100,100,0.44999999999999996,0.27901
19,inventory_threshold,active_adaptive_bisection,100,84,0.03125,0.01859
19,inventory_threshold,uniform,200,200,0.44999999999999996,0.27901
19,inventory_threshold,active_adaptive_bisection,200,189,0.03125,0.01616
19,inventory_threshold,uniform,500,500,0.2524233927210269,0.13161
19,inventory_threshold,active_adaptive_bisection,500,480,0.015625,0.01
19,inventory_threshold,uniform,1000,1000,0.20807369479303106,0.12671
19,inventory_threshold,active_adaptive_bisection,1000,999,0.0078125,0.00417
19,inventory_threshold,uniform,2000,2000,0.12363588428805539,0.06631
19,inventory_threshold,active_adaptive_bisection,2000,1980,0.00390625,0.00187
19,inventory_threshold,uniform,5000,5000,0.038565337079348394,0.01305
19,inventory_threshold,active_adaptive_bisection,5000,4968,0.0009765625,0.00059
19,inventory_threshold,uniform,10000,10000,0.007644983215804313,0.004
19,inventory_threshold,active_adaptive_bisection,10000,9945,0.00048828125,0.00037
19,inventory_threshold,uniform,25000,25000,0.005752050911351891,0.00188
19,inventory_threshold,active_adaptive_bisection,25000,20076,0.000244140625,0.00025
19,inventory_threshold,uniform,50000,50000,0.003144250973640683,0.00115
19,inventory_threshold,active_adaptive_bisection,50000,21510,0.0001220703125,7e-05
19,inventory_threshold,uniform,100000,100000,0.0023996832810019852,0.0013
19,inventory_threshold,active_adaptive_bisection,100000,22944,6.103515625e-05,5e-05
19,machine_replacement,uniform,100,100,0.15217391304347827,0.09899
19,machine_replacement,active_adaptive_bisection,100,84,0.028373430962343127,0.01641
19,machine_replacement,uniform,200,200,0.15217391304347827,0.09899
19,machine_replacement,active_adaptive_bisection,200,189,0.02981916272451468,0.01613
19,machine_replacement,uniform,500,500,0.42396129757204304,0.14077
19,machine_replacement,active_adaptive_bisection,500,480,0.015170206476259773,0.00826
19,machine_replacement,uniform,1000,1000,0.14729622384523844,0.09703
19,machine_replacement,active_adaptive_bisection,1000,999,0.00749130207385848,0.00423
19,machine_replacement,uniform,2000,2000,0.07653814395451308,0.04224
19,machine_replacement,active_adaptive_bisection,2000,1980,0.0036852777244338886,0.00189
19,machine_replacement,uniform,5000,5000,0.021663535730027828,0.00607
19,machine_replacement,active_adaptive_bisection,5000,4968,0.0009570881993996028,0.00086
19,machine_replacement,uniform,10000,10000,0.010279582309638477,0.00472
19,machine_replacement,active_adaptive_bisection,10000,9984,0.0004870376739585236,0.0004
19,machine_replacement,uniform,25000,25000,0.0027290787519481385,0.00144
19,machine_replacement,active_adaptive_bisection,25000,20076,0.0002437853175595306,0.00019
19,machine_replacement,uniform,50000,50000,0.0018722403605732074,0.0011
19,machine_replacement,active_adaptive_bisection,50000,21510,0.00012171500505953059,7e-05
19,machine_replacement,uniform,100000,100000,0.001270911417334264,0.0004
19,machine_replacement,active_adaptive_bisection,100000,22944,6.067984880953059e-05,3e-05
19,admission_control,uniform,100,100,0.5,0.27874
19,admission_control,active_adaptive_bisection,100,79,0.10325139470013944,0.04648
19,admission_control,uniform,200,200,0.5,0.27874
19,admission_control,active_adaptive_bisection,200,179,0.03698300473673466,0.02218
19,admission_control,uniform,500,500,0.47169597250339,0.1699
19,admission_control,active_adaptive_bisection,500,456,0.021617790984027163,0.01027
19,admission_control,uniform,1000,1000,0.2871498466543819,0.13628
19,admission_control,active_adaptive_bisection,1000,950,0.0078125,0.00541
19,admission_control,uniform,2000,2000,0.22675921171329017,0.07583
19,admission_control,active_adaptive_bisection,2000,1892,0.00568463183541819,0.00284
19,admission_control,uniform,5000,5000,0.051603627263992036,0.02341
19,admission_control,active_adaptive_bisection,5000,4980,0.0015291232405247913,0.00072
19,admission_control,uniform,10000,10000,0.05157856842809405,0.0214
19,admission_control,active_adaptive_bisection,10000,9896,0.00048828125,0.00027
19,admission_control,uniform,25000,25000,0.04663707452477006,0.02099
19,admission_control,active_adaptive_bisection,25000,19128,0.000244140625,0.00017
19,admission_control,uniform,50000,50000,0.04538921958463149,0.02152
19,admission_control,active_adaptive_bisection,50000,20483,0.0001220703125,0.0001
19,admission_control,uniform,100000,100000,0.04580850427957367,0.02111
19,admission_control,active_adaptive_bisection,100000,21838,6.103515625e-05,4e-05
19,resource_allocation,uniform,100,100,0.4964027580075816,0.33661
19,resource_allocation,active_adaptive_bisection,100,84,0.03257011140332189,0.02481
19,resource_allocation,uniform,200,200,0.4964027580075816,0.33661
19,resource_allocation,active_adaptive_bisection,200,189,0.029953793978635623,0.01754
19,resource_allocation,uniform,500,500,0.32248394041690576,0.12868
19,resource_allocation,active_adaptive_bisection,500,480,0.015414121408328041,0.00873
19,resource_allocation,uniform,1000,1000,0.19490753791999227,0.12981
19,resource_allocation,active_adaptive_bisection,1000,999,0.007601850069840821,0.00493
19,resource_allocation,uniform,2000,2000,0.10106325837542574,0.06985
19,resource_allocation,active_adaptive_bisection,2000,1980,0.0038930201381990326,0.00222
19,resource_allocation,uniform,5000,5000,0.04710016551517926,0.02109
19,resource_allocation,active_adaptive_bisection,5000,4968,0.0009401523146759239,0.00052
19,resource_allocation,uniform,10000,10000,0.027519316114938186,0.01794
19,resource_allocation,active_adaptive_bisection,10000,9945,0.0004858130971262531,0.00039
19,resource_allocation,uniform,25000,25000,0.02493403315027065,0.0176
19,resource_allocation,active_adaptive_bisection,25000,20076,0.00024340871997247104,0.00012
19,resource_allocation,uniform,50000,50000,0.02508617984119893,0.01762
19,resource_allocation,active_adaptive_bisection,50000,21510,0.00012200175837440153,0.0001
19,resource_allocation,uniform,100000,100000,0.024415146086299577,0.01789
19,resource_allocation,active_adaptive_bisection,100000,22944,6.0966602124401525e-05,5e-05
19,random_structured,uniform,100,100,0.5,0.42369
19,random_structured,active_adaptive_bisection,100,64,0.027532731507915742,0.00836
19,random_structured,uniform,200,200,0.5,0.42369
19,random_structured,active_adaptive_bisection,200,159,0.030596450580456347,0.01437
19,random_structured,uniform,500,500,0.35097792678409667,0.12037
19,random_structured,active_adaptive_bisection,500,486,0.01704050998258244,0.00785
19,random_structured,uniform,1000,1000,0.3900323420398478,0.147
19,random_structured,active_adaptive_bisection,1000,951,0.007598832925671539,0.00345
19,random_structured,uniform,2000,2000,0.5066306645673664,0.10627
19,random_structured,active_adaptive_bisection,2000,1924,0.0038531895811771966,0.00176
19,random_structured,uniform,5000,5000,0.06188913935376761,0.01767
19,random_structured,active_adaptive_bisection,5000,4880,0.001373195728127663,0.00051
19,random_structured,uniform,10000,10000,0.037818963997546695,0.00718
19,random_structured,active_adaptive_bisection,10000,9594,0.00048676579349249405,0.00032
19,random_structured,uniform,25000,25000,0.010894782079347909,0.00218
19,random_structured,active_adaptive_bisection,25000,16164,0.00024297414149188068,0.00015
19,random_structured,uniform,50000,50000,0.004822099384468426,0.00161
19,random_structured,active_adaptive_bisection,50000,17272,0.00012090382899188068,7e-05
19,random_structured,uniform,100000,100000,0.0025693154760637604,0.00105
19,random_structured,active_adaptive_bisection,100000,18380,5.995591599172734e-05,3e-05
20,inventory_threshold,uniform,100,100,0.44999999999999996,0.2763
20,inventory_threshold,active_adaptive_bisection,100,84,0.03125,0.01819
20,inventory_threshold,uniform,200,200,0.44999999999999996,0.22807
20,inventory_threshold,active_adaptive_bisection,200,189,0.03125,0.01734
20,inventory_threshold,uniform,500,500,0.19912706018322607,0.12968
20,inventory_threshold,active_adaptive_bisection,500,480,0.015625,0.00994
20,inventory_threshold,uniform,1000,1000,0.13339108519423193,0.10109
20,inventory_threshold,active_adaptive_bisection,1000,999,0.0078125,0.00473
20,inventory_threshold,uniform,2000,2000,0.11823986752262039,0.04912
20,inventory_threshold,active_adaptive_bisection,2000,1980,0.00390625,0.00224
20,inventory_threshold,uniform,5000,5000,0.04346536845647547,0.0174
20,inventory_threshold,active_adaptive_bisection,5000,4968,0.0009765625,0.00057
20,inventory_threshold,uniform,10000,10000,0.023848794093042747,0.00663
20,inventory_threshold,active_adaptive_bisection,10000,9984,0.00048828125,0.00037
20,inventory_threshold,uniform,25000,25000,0.005084022673543187,0.00189
20,inventory_threshold,active_adaptive_bisection,25000,20076,0.000244140625,0.00031
20,inventory_threshold,uniform,50000,50000,0.0020573628328651727,0.00108
20,inventory_threshold,active_adaptive_bisection,50000,21510,0.0001220703125,0.00011
20,inventory_threshold,uniform,100000,100000,0.0022768485518845916,0.00117
20,inventory_threshold,active_adaptive_bisection,100000,22944,6.103515625e-05,0.0001
20,machine_replacement,uniform,100,100,0.15217391304347827,0.09934
20,machine_replacement,active_adaptive_bisection,100,84,0.028373430962343127,0.01676
20,machine_replacement,uniform,200,200,1.6521739130434783,0.37079
20,machine_replacement,active_adaptive_bisection,200,189,0.030830051475552844,0.01623
20,machine_replacement,uniform,500,500,0.196504624370809,0.10496
20,machine_replacement,active_adaptive_bisection,500,480,0.01509126175056752,0.00769
20,machine_replacement,uniform,1000,1000,0.2135270569386164,0.1024
20,machine_replacement,active_adaptive_bisection,1000,999,0.007357706476259773,0.00375
20,machine_replacement,uniform,2000,2000,0.07865044973703195,0.04408
20,machine_replacement,active_adaptive_bisection,2000,1980,0.003823818673822102,0.00209
20,machine_replacement,uniform,5000,5000,0.024580156093157446,0.00886
20,machine_replacement,active_adaptive_bisection,5000,4968,0.0009571333811403404,0.00067
20,machine_replacement,uniform,10000,10000,0.006741611118838753,0.00393
20,machine_replacement,active_adaptive_bisection,10000,9984,0.00048661780373682184,0.00035
20,machine_replacement,uniform,25000,25000,0.004176490989432624,0.00206
20,machine_replacement,active_adaptive_bisection,25000,20076,0.0002437853175595306,0.0002
20,machine_replacement,uniform,50000,50000,0.001782665796214944,0.00092
20,machine_replacement,active_adaptive_bisection,50000,21510,0.00012171500505953059,7e-05
20,machine_replacement,uniform,100000,100000,0.0016147750298028951,0.00072
20,machine_replacement,active_adaptive_bisection,100000,22944,6.067984880953059e-05,3e-05
20,admission_control,uniform,100,100,0.5,0.27846
20,admission_control,active_adaptive_bisection,100,79,0.10325139470013944,0.04617
20,admission_control,uniform,200,200,0.6134490168989548,0.19351
20,admission_control,active_adaptive_bisection,200,179,0.04250829275662149,0.02171
20,admission_control,uniform,500,500,0.33333333333333337,0.12182
20,admission_control,active_adaptive_bisection,500,456,0.021859564201044623,0.01069
20,admission_control,uniform,1000,1000,0.24334380035194086,0.12066
20,admission_control,active_adaptive_bisection,1000,957,0.008069903963178774,0.00547
20,admission_control,uniform,2000,2000,0.10544604208618535,0.05823
20,admission_control,active_adaptive_bisection,2000,1892,0.004341719048559622,0.00279
20,admission_control,uniform,5000,5000,0.05137357251739048,0.02532
20,admission_control,active_adaptive_bisection,5000,4980,0.0009765625,0.00064
20,admission_control,uniform,10000,10000,0.05033113965357794,0.02202
20,admission_control,active_adaptive_bisection,10000,9857,0.00048828125,0.00036
20,admission_control,uniform,25000,25000,0.04555297214783215,0.02127
20,admission_control,active_adaptive_bisection,25000,19128,0.000244140625,0.00016
20,admission_control,uniform,50000,50000,0.04620796974113831,0.02161
20,admission_control,active_adaptive_bisection,50000,20483,0.0001220703125,0.00012
20,admission_control,uniform,100000,100000,0.04606950016772808,0.02136
20,admission_control,active_adaptive_bisection,100000,21838,6.103515625e-05,6e-05
20,resource_allocation,uniform,100,100,0.4964027580075816,0.33316
20,resource_allocation,active_adaptive_bisection,100,84,0.03257011140332189,0.02515
20,resource_allocation,uniform,200,200,0.4964027580075816,0.23041
20,resource_allocation,active_adaptive_bisection,200,189,0.029891936089730953,0.01884
20,resource_allocation,uniform,500,500,0.22404784336537753,0.1379
20,resource_allocation,active_adaptive_bisection,500,480,0.015036590809946349,0.00777
20,resource_allocation,uniform,1000,1000,0.18065628808239886,0.10835
20,resource_allocation,active_adaptive_bisection,1000,999,0.007592811526640597,0.00439
20,resource_allocation,uniform,2000,2000,0.07727060425323906,0.04445
20,resource_allocation,active_adaptive_bisection,2000,1980,0.0037366819195103623,0.00217
20,resource_allocation,uniform,5000,5000,0.0368989702268806,0.02146
20,resource_allocation,active_adaptive_bisection,5000,4968,0.0009626211095106335,0.00059
20,resource_allocation,uniform,10000,10000,0.03552455115828318,0.01708
20,resource_allocation,active_adaptive_bisection,10000,9945,0.0004846547673886814,0.00034
20,resource_allocation,uniform,25000,25000,0.02588889509974701,0.01724
20,resource_allocation,active_adaptive_bisection,25000,20076,0.00024340871997247104,0.00016
20,resource_allocation,uniform,50000,50000,0.02518696237387036,0.01733
20,resource_allocation,active_adaptive_bisection,50000,21510,0.00012200175837440153,9e-05
20,resource_allocation,uniform,100000,100000,0.024865230323745213,0.01722
20,resource_allocation,active_adaptive_bisection,100000,22944,6.0966602124401525e-05,0.0
20,random_structured,uniform,100,100,0.5,0.32744
20,random_structured,active_adaptive_bisection,100,74,0.025496861924686254,0.01841
20,random_structured,uniform,200,200,0.5,0.27895
20,random_structured,active_adaptive_bisection,200,179,0.030061263250177883,0.0251
20,random_structured,uniform,500,500,0.18909516535726253,0.12429
20,random_structured,active_adaptive_bisection,500,462,0.014851121765951825,0.00997
20,random_structured,uniform,1000,1000,0.3467190827633714,0.13704
20,random_structured,active_adaptive_bisection,1000,971,0.007645514220352867,0.0051
20,random_structured,uniform,2000,2000,0.1167022814596812,0.0684
20,random_structured,active_adaptive_bisection,2000,1916,0.003891658729285652,0.00255
20,random_structured,uniform,5000,5000,0.052797854287788715,0.01939
20,random_structured,active_adaptive_bisection,5000,4988,0.0009935095909704428,0.00062
20,random_structured,uniform,10000,10000,0.015377980267681668,0.00603
20,random_structured,active_adaptive_bisection,10000,9933,0.00048323034874231396,0.00029
20,random_structured,uniform,25000,25000,0.006366720005608839,0.00181
20,random_structured,active_adaptive_bisection,25000,19428,0.00021661131996308924,0.0001
20,random_structured,uniform,50000,50000,0.0036846422166454396,0.00148
20,random_structured,active_adaptive_bisection,50000,20808,0.00012190759812410936,9e-05
20,random_structured,uniform,100000,100000,0.0015663646951548094,0.00083
20,random_structured,active_adaptive_bisection,100000,22188,6.087244187410936e-05,2e-05
21,inventory_threshold,uniform,100,100,0.44999999999999996,0.27686
21,inventory_threshold,active_adaptive_bisection,100,84,0.03125,0.01837
21,inventory_threshold,uniform,200,200,0.44999999999999996,0.24309
21,inventory_threshold,active_adaptive_bisection,200,189,0.03125,0.01674
21,inventory_threshold,uniform,500,500,0.3762410944525709,0.14662
21,inventory_threshold,active_adaptive_bisection,500,480,0.015625,0.01013
21,inventory_threshold,uniform,1000,1000,0.16178882257535865,0.12097
21,inventory_threshold,active_adaptive_bisection,1000,999,0.0078125,0.00448
21,inventory_threshold,uniform,2000,2000,0.1008127091170049,0.07211
21,inventory_threshold,active_adaptive_bisection,2000,1980,0.00390625,0.00206
21,inventory_threshold,uniform,5000,5000,0.03875605977600649,0.01315
21,inventory_threshold,active_adaptive_bisection,5000,4968,0.0009765625,0.00068
21,inventory_threshold,uniform,10000,10000,0.01331655096727008,0.00511
21,inventory_threshold,active_adaptive_bisection,10000,9984,0.00048828125,0.0003
21,inventory_threshold,uniform,25000,25000,0.006397904230264817,0.00157
21,inventory_threshold,active_adaptive_bisection,25000,20076,0.000244140625,0.00034
21,inventory_threshold,uniform,50000,50000,0.0036109839575342306,0.00174
21,inventory_threshold,active_adaptive_bisection,50000,21510,0.0001220703125,0.00014
21,inventory_threshold,uniform,100000,100000,0.0027080092410810552,0.00119
21,inventory_threshold,active_adaptive_bisection,100000,22944,6.103515625e-05,5e-05
21,machine_replacement,uniform,100,100,0.15217391304347827,0.10026
21,machine_replacement,active_adaptive_bisection,100,84,0.028373430962343127,0.01555
21,machine_replacement,uniform,200,200,0.42387742540029516,0.18551
21,machine_replacement,active_adaptive_bisection,200,189,0.029612743314535218,0.01595
21,machine_replacement,uniform,500,500,0.24663635970761238,0.13659
21,machine_replacement,active_adaptive_bisection,500,480,0.0149307833114517,0.00799
21,machine_replacement,uniform,1000,1000,0.11568054235565917,0.11392
21,machine_replacement,active_adaptive_bisection,1000,999,0.007175789066763694,0.00408
21,machine_replacement,uniform,2000,2000,0.07498075437173701,0.05236
21,machine_replacement,active_adaptive_bisection,2000,1980,0.00375092834929637,0.00173
21,machine_replacement,uniform,5000,5000,0.026175377679990702,0.01112
21,machine_replacement,active_adaptive_bisection,5000,4968,0.0009669020595254318,0.0007
21,machine_replacement,uniform,10000,10000,0.017694837587573703,0.00668
21,machine_replacement,active_adaptive_bisection,10000,9984,0.0004841690632395035,0.00033
21,machine_replacement,uniform,25000,25000,0.007045480118583858,0.00184
21,machine_replacement,active_adaptive_bisection,25000,20076,0.0002437853175595306,0.00013
21,machine_replacement,uniform,50000,50000,0.0028567986132834178,0.00109
21,machine_replacement,active_adaptive_bisection,50000,21510,0.00012171500505953059,7e-05
21,machine_replacement,uniform,100000,100000,0.0005721919078058857,0.00057
21,machine_replacement,active_adaptive_bisection,100000,22944,6.067984880953059e-05,4e-05
21,admission_control,uniform,100,100,0.5,0.27701
21,admission_control,active_adaptive_bisection,100,79,0.10325139470013944,0.04713
21,admission_control,uniform,200,200,0.5,0.28498
21,admission_control,active_adaptive_bisection,200,179,0.03301961729392133,0.02173
21,admission_control,uniform,500,500,0.1880698386384152,0.10616
21,admission_control,active_adaptive_bisection,500,456,0.02057750454298035,0.0113
21,admission_control,uniform,1000,1000,0.1994344079328308,0.12307
21,admission_control,active_adaptive_bisection,1000,957,0.008251099750427135,0.00544
21,admission_control,uniform,2000,2000,0.11699782549985305,0.06431
21,admission_control,active_adaptive_bisection,2000,1892,0.004156387469118283,0.00278
21,admission_control,uniform,5000,5000,0.05053896721449902,0.02639
21,admission_control,active_adaptive_bisection,5000,4960,0.0018254775697536998,0.0007
21,admission_control,uniform,10000,10000,0.04583598622873905,0.0228
21,admission_control,active_adaptive_bisection,10000,9857,0.0005833095821986519,0.0003
21,admission_control,uniform,25000,25000,0.0458671189870287,0.02174
21,admission_control,active_adaptive_bisection,25000,19128,0.000244140625,0.00014
21,admission_control,uniform,50000,50000,0.04636217962053124,0.02147
21,admission_control,active_adaptive_bisection,50000,20483,0.0001220703125,8e-05
21,admission_control,uniform,100000,100000,0.04590397200014329,0.02139
21,admission_control,active_adaptive_bisection,100000,21838,6.103515625e-05,4e-05
21,resource_allocation,uniform,100,100,0.4964027580075816,0.33398
21,resource_allocation,active_adaptive_bisection,100,84,0.03257011140332189,0.02483
21,resource_allocation,uniform,200,200,0.4964027580075816,0.27515
21,resource_allocation,active_adaptive_bisection,200,189,0.02911621874822725,0.01891
21,resource_allocation,uniform,500,500,0.4283582400648035,0.15809
21,resource_allocation,active_adaptive_bisection,500,480,0.015458013067982182,0.00814
21,resource_allocation,uniform,1000,1000,0.17015346490841599,0.12369
21,resource_allocation,active_adaptive_bisection,1000,999,0.007669891423482067,0.00464
21,resource_allocation,uniform,2000,2000,0.08288941508421421,0.06477
21,resource_allocation,active_adaptive_bisection,2000,1980,0.003871201481961295,0.0021
21,resource_allocation,uniform,5000,5000,0.04706297675258991,0.0257
21,resource_allocation,active_adaptive_bisection,5000,4968,0.000955270416093279,0.00056
21,resource_allocation,uniform,10000,10000,0.029562866459399983,0.01868
21,resource_allocation,active_adaptive_bisection,10000,9945,0.00048440034244268126,0.00023
21,resource_allocation,uniform,25000,25000,0.026450576717591268,0.01811
21,resource_allocation,active_adaptive_bisection,25000,20076,0.00024340871997247104,0.0001
21,resource_allocation,uniform,50000,50000,0.024057970904971082,0.01795
21,resource_allocation,active_adaptive_bisection,50000,21510,0.00012200175837440153,4e-05
21,resource_allocation,uniform,100000,100000,0.024875983732015605,0.01785
21,resource_allocation,active_adaptive_bisection,100000,22944,6.0966602124401525e-05,1e-05
21,random_structured,uniform,100,100,0.3997955141115511,0.25923
21,random_structured,active_adaptive_bisection,100,84,0.031206685781996965,0.0182
21,random_structured,uniform,200,200,0.3997955141115511,0.25923
21,random_structured,active_adaptive_bisection,200,189,0.031122196319719464,0.01751
21,random_structured,uniform,500,500,0.32249896763018093,0.1618
21,random_structured,active_adaptive_bisection,500,480,0.015497196319719464,0.00846
21,random_structured,uniform,1000,1000,0.16168369072578825,0.12509
21,random_structured,active_adaptive_bisection,1000,999,0.007684696319719464,0.00436
21,random_structured,uniform,2000,2000,0.08053124453235927,0.06868
21,random_structured,active_adaptive_bisection,2000,1980,0.003796796801382979,0.00242
21,random_structured,uniform,5000,5000,0.032125956115812815,0.01645
21,random_structured,active_adaptive_bisection,5000,4968,0.0009537642023653703,0.00039
21,random_structured,uniform,10000,10000,0.019233797043902268,0.00697
21,random_structured,active_adaptive_bisection,10000,9945,0.0004821826624862302,0.00025
21,random_structured,uniform,25000,25000,0.00407176855021707,0.00165
21,random_structured,active_adaptive_bisection,25000,20076,0.00024307598901740501,0.00014
21,random_structured,uniform,50000,50000,0.0022809083239103967,0.00124
21,random_structured,active_adaptive_bisection,50000,21510,0.00012146357693632037,4e-05
21,random_structured,uniform,100000,100000,0.0019096006445130653,0.00081
21,random_structured,active_adaptive_bisection,100000,22944,6.042842068632037e-05,5e-05
22,inventory_threshold,uniform,100,100,0.44999999999999996,0.27606
22,inventory_threshold,active_adaptive_bisection,100,84,0.03125,0.01786
22,inventory_threshold,uniform,200,200,0.44999999999999996,0.23594
22,inventory_threshold,active_adaptive_bisection,200,189,0.03125,0.0145
22,inventory_threshold,uniform,500,500,0.25789253093218256,0.10767
22,inventory_threshold,active_adaptive_bisection,500,480,0.015625,0.00883
22,inventory_threshold,uniform,1000,1000,0.15020343515029566,0.09613
22,inventory_threshold,active_adaptive_bisection,1000,999,0.0078125,0.00417
22,inventory_threshold,uniform,2000,2000,0.15930080530538482,0.05904
22,inventory_threshold,active_adaptive_bisection,2000,1980,0.00390625,0.0021
22,inventory_threshold,uniform,5000,5000,0.02725522565409222,0.01102
22,inventory_threshold,active_adaptive_bisection,5000,4968,0.0009765625,0.00053
22,inventory_threshold,uniform,10000,10000,0.008583824612675317,0.0036
22,inventory_threshold,active_adaptive_bisection,10000,9984,0.00048828125,0.00028
22,inventory_threshold,uniform,25000,25000,0.005141295489304087,0.00167
22,inventory_threshold,active_adaptive_bisection,25000,20076,0.000244140625,0.00032
22,inventory_threshold,uniform,50000,50000,0.001968494421887068,0.00137
22,inventory_threshold,active_adaptive_bisection,50000,21510,0.0001220703125,0.00014
22,inventory_threshold,uniform,100000,100000,0.0020070025604173036,0.0012
22,inventory_threshold,active_adaptive_bisection,100000,22944,6.103515625e-05,5e-05
22,machine_replacement,uniform,100,100,0.15217391304347827,0.09947
22,machine_replacement,active_adaptive_bisection,100,84,0.028373430962343127,0.01576
22,machine_replacement,uniform,200,200,1.1304347826086956,0.29755
22,machine_replacement,active_adaptive_bisection,200,189,0.030636498709384515,0.01628
22,machine_replacement,uniform,500,500,0.22489704862129684,0.11421
22,machine_replacement,active_adaptive_bisection,500,480,0.015230253862235199,0.00877
22,machine_replacement,uniform,1000,1000,0.18090036762594086,0.06993
22,machine_replacement,active_adaptive_bisection,1000,999,0.007295172366745484,0.0043
22,machine_replacement,uniform,2000,2000,0.05046237759195149,0.03325
22,machine_replacement,active_adaptive_bisection,2000,1980,0.00379539407858831,0.00187
22,machine_replacement,uniform,5000,5000,0.02836001778954006,0.00721
22,machine_replacement,active_adaptive_bisection,5000,4968,0.0009624238053631551,0.00071
22,machine_replacement,uniform,10000,10000,0.011489010438942293,0.00438
22,machine_replacement,active_adaptive_bisection,10000,9984,0.0004843333432658081,0.00039
22,machine_replacement,uniform,25000,25000,0.0038313485768052824,0.00163
22,machine_replacement,active_adaptive_bisection,25000,20076,0.0002437853175595306,0.00015
22,machine_replacement,uniform,50000,50000,0.002208961137508708,0.00074
22,machine_replacement,active_adaptive_bisection,50000,21510,0.00012171500505953059,6e-05
22,machine_replacement,uniform,100000,100000,0.0019431619811553502,0.00076
22,machine_replacement,active_adaptive_bisection,100000,22944,6.067984880953059e-05,5e-05
22,admission_control,uniform,100,100,0.5,0.27954
22,admission_control,active_adaptive_bisection,100,79,0.10325139470013944,0.04737
22,admission_control,uniform,200,200,0.5,0.27954
22,admission_control,active_adaptive_bisection,200,179,0.03546824317144881,0.02355
22,admission_control,uniform,500,500,0.5637348370830547,0.22779
22,admission_control,active_adaptive_bisection,500,456,0.020324269454690125,0.01092
22,admission_control,uniform,1000,1000,0.19295139249791593,0.10106
22,admission_control,active_adaptive_bisection,1000,957,0.0078125,0.00541
22,admission_control,uniform,2000,2000,0.18249663764001056,0.0711
22,admission_control,active_adaptive_bisection,2000,1892,0.00687245368168316,0.0031
22,admission_control,uniform,5000,5000,0.05614907686135795,0.02535
22,admission_control,active_adaptive_bisection,5000,4970,0.0015218911508538837,0.00088
22,admission_control,uniform,10000,10000,0.049949706027256235,0.02185
22,admission_control,active_adaptive_bisection,10000,9863,0.00048828125,0.00033
22,admission_control,uniform,25000,25000,0.047902257354209714,0.02122
22,admission_control,active_adaptive_bisection,25000,19128,0.000244140625,0.00017
22,admission_control,uniform,50000,50000,0.04610301143859102,0.02122
22,admission_control,active_adaptive_bisection,50000,20483,0.0001220703125,5e-05
22,admission_control,uniform,100000,100000,0.04592046222615187,0.02109
22,admission_control,active_adaptive_bisection,100000,21838,6.103515625e-05,5e-05
22,resource_allocation,uniform,100,100,0.4964027580075816,0.33243
22,resource_allocation,active_adaptive_bisection,100,84,0.03257011140332189,0.02398
22,resource_allocation,uniform,200,200,0.4964027580075816,0.27501
22,resource_allocation,active_adaptive_bisection,200,189,0.029022471199266854,0.01939
22,resource_allocation,uniform,500,500,0.2892455239962231,0.11896
22,resource_allocation,active_adaptive_bisection,500,480,0.014937783126034276,0.00857
22,resource_allocation,uniform,1000,1000,0.17034796686080844,0.11322
22,resource_allocation,active_adaptive_bisection,1000,999,0.007609522154018278,0.00454
22,resource_allocation,uniform,2000,2000,0.10036508562917823,0.06277
22,resource_allocation,active_adaptive_bisection,2000,1980,0.003823171723730978,0.0024
22,resource_allocation,uniform,5000,5000,0.0523738068445343,0.02195
22,resource_allocation,active_adaptive_bisection,5000,4968,0.0009566147553686788,0.00051
22,resource_allocation,uniform,10000,10000,0.033062779372338924,0.01847
22,resource_allocation,active_adaptive_bisection,10000,9984,0.0004867378732379968,0.00035
22,resource_allocation,uniform,25000,25000,0.02587939547018453,0.01795
22,resource_allocation,active_adaptive_bisection,25000,20076,0.00024340871997247104,0.00012
22,resource_allocation,uniform,50000,50000,0.0259352965866258,0.01771
22,resource_allocation,active_adaptive_bisection,50000,21510,0.00012200175837440153,7e-05
22,resource_allocation,uniform,100000,100000,0.025606073731523238,0.01793
22,resource_allocation,active_adaptive_bisection,100000,22944,6.0966602124401525e-05,4e-05
22,random_structured,uniform,100,100,0.5,0.38477
22,random_structured,active_adaptive_bisection,100,74,0.06472280334728031,0.0295
22,random_structured,uniform,200,200,0.5,0.38477
22,random_structured,active_adaptive_bisection,200,169,0.030662750742787903,0.0148
22,random_structured,uniform,500,500,1.9954732164334323,0.44205
22,random_structured,active_adaptive_bisection,500,420,0.015421871991349256,0.00754
22,random_structured,uniform,1000,1000,0.2444537652802956,0.16555
22,random_structured,active_adaptive_bisection,1000,974,0.0075577227446709805,0.00391
22,random_structured,uniform,2000,2000,0.21166166755078186,0.07415
22,random_structured,active_adaptive_bisection,2000,1962,0.0038429452406446574,0.00159
22,random_structured,uniform,5000,5000,0.048059493703134115,0.0194
22,random_structured,active_adaptive_bisection,5000,4916,0.0009625779556182712,0.00037
22,random_structured,uniform,10000,10000,0.017548428290841356,0.00447
22,random_structured,active_adaptive_bisection,10000,9719,0.00048684091948734964,0.0002
22,random_structured,uniform,25000,25000,0.0057121428890851145,0.00155
22,random_structured,active_adaptive_bisection,25000,17412,0.00024180998999523418,0.00013
22,random_structured,uniform,50000,50000,0.002676816429442952,0.00098
22,random_structured,active_adaptive_bisection,50000,18624,0.0001198479111726991,7e-05
22,random_structured,uniform,100000,100000,0.002785435666699032,0.00083
22,random_structured,active_adaptive_bisection,100000,19836,6.091309245126464e-05,4e-05
23,inventory_threshold,uniform,100,100,0.44999999999999996,0.27982
23,inventory_threshold,active_adaptive_bisection,100,84,0.03125,0.01856
23,inventory_threshold,uniform,200,200,1.1319523084899208,0.23699
23,inventory_threshold,active_adaptive_bisection,200,189,0.03125,0.01623
23,inventory_threshold,uniform,500,500,0.21917401895321775,0.09915
23,inventory_threshold,active_adaptive_bisection,500,480,0.015625,0.01064
23,inventory_threshold,uniform,1000,1000,0.33029150101821547,0.12429
23,inventory_threshold,active_adaptive_bisection,1000,999,0.0078125,0.00506
23,inventory_threshold,uniform,2000,2000,0.10391673742304475,0.05043
23,inventory_threshold,active_adaptive_bisection,2000,1980,0.00390625,0.00184
23,inventory_threshold,uniform,5000,5000,0.02416603518929905,0.01308
23,inventory_threshold,active_adaptive_bisection,5000,4968,0.0009765625,0.00062
23,inventory_threshold,uniform,10000,10000,0.02005205251413944,0.00466
23,inventory_threshold,active_adaptive_bisection,10000,9945,0.00048828125,0.00028
23,inventory_threshold,uniform,25000,25000,0.0075942963768100835,0.00232
23,inventory_threshold,active_adaptive_bisection,25000,20076,0.000244140625,0.00024
23,inventory_threshold,uniform,50000,50000,0.0036345838162206157,0.00215
23,inventory_threshold,active_adaptive_bisection,50000,21510,0.0001220703125,6e-05
23,inventory_threshold,uniform,100000,100000,0.0024869286998915885,0.00126
23,inventory_threshold,active_adaptive_bisection,100000,22944,6.103515625e-05,3e-05
23,machine_replacement,uniform,100,100,0.15217391304347827,0.10131
23,machine_replacement,active_adaptive_bisection,100,84,0.028373430962343127,0.0163
23,machine_replacement,uniform,200,200,0.834126221533399,0.2296
23,machine_replacement,active_adaptive_bisection,200,189,0.02929179335842953,0.01697
23,machine_replacement,uniform,500,500,0.2406078931694643,0.14885
23,machine_replacement,active_adaptive_bisection,500,480,0.014868905766781848,0.00812
23,machine_replacement,uniform,1000,1000,0.19808657115777395,0.08089
23,machine_replacement,active_adaptive_bisection,1000,999,0.007477089776241563,0.00409
23,machine_replacement,uniform,2000,2000,0.04335799495939352,0.03481
23,machine_replacement,active_adaptive_bisection,2000,1980,0.003733719476443187,0.00203
23,machine_replacement,uniform,5000,5000,0.015383417572042868,0.01059
23,machine_replacement,active_adaptive_bisection,5000,4968,0.0009602765265287472,0.00083
23,machine_replacement,uniform,10000,10000,0.016478518716412482,0.00417
23,machine_replacement,active_adaptive_bisection,10000,9945,0.0004828498559815708,0.00035
23,machine_replacement,uniform,25000,25000,0.004858997016707611,0.00186
23,machine_replacement,active_adaptive_bisection,25000,20076,0.0002437853175595306,0.00018
23,machine_replacement,uniform,50000,50000,0.0024105134869943368,0.00096
23,machine_replacement,active_adaptive_bisection,50000,21510,0.00012171500505953059,6e-05
23,machine_replacement,uniform,100000,100000,0.001588582577438602,0.00085
23,machine_replacement,active_adaptive_bisection,100000,22944,6.067984880953059e-05,5e-05
23,admission_control,uniform,100,100,0.5,0.28021
23,admission_control,active_adaptive_bisection,100,79,0.10325139470013944,0.04703
23,admission_control,uniform,200,200,0.8486189751565874,0.35723
23,admission_control,active_adaptive_bisection,200,179,0.0362591397124169,0.02282
23,admission_control,uniform,500,500,0.19254440394547268,0.11252
23,admission_control,active_adaptive_bisection,500,456,0.017991378874198438,0.01033
23,admission_control,uniform,1000,1000,0.1727782850971883,0.10966
23,admission_control,active_adaptive_bisection,1000,957,0.0078125,0.00547
23,admission_control,uniform,2000,2000,0.09786327655804117,0.05679
23,admission_control,active_adaptive_bisection,2000,1892,0.00622588320483141,0.00263
23,admission_control,uniform,5000,5000,0.053087970392723616,0.02605
23,admission_control,active_adaptive_bisection,5000,4970,0.0012138187694796798,0.00062
23,admission_control,uniform,10000,10000,0.047344995708537896,0.02195
23,admission_control,active_adaptive_bisection,10000,9890,0.00048828125,0.00026
23,admission_control,uniform,25000,25000,0.04531163534188867,0.02181
23,admission_control,active_adaptive_bisection,25000,19128,0.000244140625,0.00019
23,admission_control,uniform,50000,50000,0.04593829849872547,0.02142
23,admission_control,active_adaptive_bisection,50000,20483,0.0001220703125,9e-05
23,admission_control,uniform,100000,100000,0.045922650047004465,0.02166
23,admission_control,active_adaptive_bisection,100000,21838,6.103515625e-05,4e-05
23,resource_allocation,uniform,100,100,0.4964027580075816,0.33806
23,resource_allocation,active_adaptive_bisection,100,84,0.03257011140332189,0.02417
23,resource_allocation,uniform,200,200,1.1783550664975024,0.27663
23,resource_allocation,active_adaptive_bisection,200,189,0.030036353018699058,0.01685
23,resource_allocation,uniform,500,500,0.18571309375530765,0.12096
23,resource_allocation,active_adaptive_bisection,500,480,0.014672041001387637,0.00828
23,resource_allocation,uniform,1000,1000,0.3519910227973523,0.14314
23,resource_allocation,active_adaptive_bisection,1000,999,0.0076444542123467185,0.00456
23,resource_allocation,uniform,2000,2000,0.10254142205899264,0.05837
23,resource_allocation,active_adaptive_bisection,2000,1980,0.003786111112571655,0.00225
23,resource_allocation,uniform,5000,5000,0.032975303120036825,0.02071
23,resource_allocation,active_adaptive_bisection,5000,4968,0.0009489999330005716,0.00049
23,resource_allocation,uniform,10000,10000,0.029527162617858926,0.01766
23,resource_allocation,active_adaptive_bisection,10000,9945,0.00048394883842228786,0.00025
23,resource_allocation,uniform,25000,25000,0.026475992989981934,0.01739
23,resource_allocation,active_adaptive_bisection,25000,20076,0.00024340871997247104,0.00017
23,resource_allocation,uniform,50000,50000,0.02678476787289291,0.01739
23,resource_allocation,active_adaptive_bisection,50000,21510,0.00012200175837440153,0.00011
23,resource_allocation,uniform,100000,100000,0.0251811756175484,0.01734
23,resource_allocation,active_adaptive_bisection,100000,22944,6.0966602124401525e-05,3e-05
23,random_structured,uniform,100,100,0.5,0.32048
23,random_structured,active_adaptive_bisection,100,74,0.028476782186260874,0.01552
23,random_structured,uniform,200,200,0.6146332245808849,0.33037
23,random_structured,active_adaptive_bisection,200,179,0.030636224212915564,0.02805
23,random_structured,uniform,500,500,0.17965173683689867,0.11213
23,random_structured,active_adaptive_bisection,500,468,0.015105963891837118,0.00975
23,random_structured,uniform,1000,1000,0.296438024089245,0.17457
23,random_structured,active_adaptive_bisection,1000,985,0.0077285536614216666,0.00516
23,random_structured,uniform,2000,2000,0.12486767007977773,0.06008
23,random_structured,active_adaptive_bisection,2000,1948,0.003799502626966045,0.00243
23,random_structured,uniform,5000,5000,0.04595413901601764,0.02131
23,random_structured,active_adaptive_bisection,5000,4898,0.0009725700984567487,0.00057
23,random_structured,uniform,10000,10000,0.014541745263080275,0.00423
23,random_structured,active_adaptive_bisection,10000,9908,0.00048280573557794165,0.00016
23,random_structured,uniform,25000,25000,0.00579402788632255,0.00169
23,random_structured,active_adaptive_bisection,25000,19812,0.00024386780004170827,0.00011
23,random_structured,uniform,50000,50000,0.002134709256410239,0.0011
23,random_structured,active_adaptive_bisection,50000,21224,0.00012179748754170827,7e-05
23,random_structured,uniform,100000,100000,0.001664835049313751,0.00056
23,random_structured,active_adaptive_bisection,100000,22636,6.076233129170827e-05,1e-05
24,inventory_threshold,uniform,100,100,0.44999999999999996,0.28012
24,inventory_threshold,active_adaptive_bisection,100,84,0.03125,0.01881
24,inventory_threshold,uniform,200,200,0.44999999999999996,0.26275
24,inventory_threshold,active_adaptive_bisection,200,189,0.03125,0.01774
24,inventory_threshold,uniform,500,500,0.22501804771338407,0.13009
24,inventory_threshold,active_adaptive_bisection,500,480,0.015625,0.00929
24,inventory_threshold,uniform,1000,1000,0.2416743376704038,0.13865
24,inventory_threshold,active_adaptive_bisection,1000,999,0.0078125,0.00483
24,inventory_threshold,uniform,2000,2000,0.09834135579168413,0.05132
24,inventory_threshold,active_adaptive_bisection,2000,1980,0.00390625,0.00208
24,inventory_threshold,uniform,5000,5000,0.04221836864745554,0.01363
24,inventory_threshold,active_adaptive_bisection,5000,4968,0.0009765625,0.00048
24,inventory_threshold,uniform,10000,10000,0.01128110180385028,0.00489
24,inventory_threshold,active_adaptive_bisection,10000,9945,0.00048828125,0.00033
24,inventory_threshold,uniform,25000,25000,0.003913407670395108,0.00178
24,inventory_threshold,active_adaptive_bisection,25000,20076,0.000244140625,0.00017
24,inventory_threshold,uniform,50000,50000,0.002527776710586016,0.00063
24,inventory_threshold,active_adaptive_bisection,50000,21510,0.0001220703125,5e-05
24,inventory_threshold,uniform,100000,100000,0.0022200949499509015,0.00125
24,inventory_threshold,active_adaptive_bisection,100000,22944,6.103515625e-05,4e-05
24,machine_replacement,uniform,100,100,0.15217391304347827,0.09855
24,machine_replacement,active_adaptive_bisection,100,84,0.028373430962343127,0.01617
24,machine_replacement,uniform,200,200,0.5301271201918141,0.17123
24,machine_replacement,active_adaptive_bisection,200,189,0.030420001819174078,0.01607
24,machine_replacement,uniform,500,500,0.12818141820338125,0.11418
24,machine_replacement,active_adaptive_bisection,500,480,0.015482877023831169,0.00804
24,machine_replacement,uniform,1000,1000,0.1510717044762343,0.10538
24,machine_replacement,active_adaptive_bisection,1000,999,0.007582260778606464,0.0039
24,machine_replacement,uniform,2000,2000,0.10241769636507025,0.04614
24,machine_replacement,active_adaptive_bisection,2000,1980,0.0038167125250136713,0.00176
24,machine_replacement,uniform,5000,5000,0.013633760967222741,0.00698
24,machine_replacement,active_adaptive_bisection,5000,4968,0.0009672225051435834,0.00061
24,machine_replacement,uniform,10000,10000,0.011599720915991013,0.0049
24,machine_replacement,active_adaptive_bisection,10000,9984,0.0004877482888393514,0.00027
24,machine_replacement,uniform,25000,25000,0.0021624360013575705,0.00084
24,machine_replacement,active_adaptive_bisection,25000,20076,0.0002437853175595306,0.00012
24,machine_replacement,uniform,50000,50000,0.004706231383609094,0.00097
24,machine_replacement,active_adaptive_bisection,50000,21510,0.00012171500505953059,4e-05
24,machine_replacement,uniform,100000,100000,0.0022438946136543736,0.00071
24,machine_replacement,active_adaptive_bisection,100000,22944,6.067984880953059e-05,4e-05
24,admission_control,uniform,100,100,0.5,0.27912
24,admission_control,active_adaptive_bisection,100,79,0.10325139470013944,0.04568
24,admission_control,uniform,200,200,0.5,0.27595
24,admission_control,active_adaptive_bisection,200,179,0.03387478399352439,0.02208
24,admission_control,uniform,500,500,0.43452655968411547,0.18959
24,admission_control,active_adaptive_bisection,500,456,0.021478475376573325,0.01119
24,admission_control,uniform,1000,1000,0.2713410163860501,0.14048
24,admission_control,active_adaptive_bisection,1000,950,0.0078125,0.00502
24,admission_control,uniform,2000,2000,0.15963617681654918,0.06603
24,admission_control,active_adaptive_bisection,2000,1892,0.006906980217399232,0.00248
24,admission_control,uniform,5000,5000,0.05642246914225002,0.02537
24,admission_control,active_adaptive_bisection,5000,4980,0.001423025404332175,0.00053
24,admission_control,uniform,10000,10000,0.04740883678248087,0.02265
24,admission_control,active_adaptive_bisection,10000,9885,0.00048828125,0.00028
24,admission_control,uniform,25000,25000,0.04639784814107817,0.02145
24,admission_control,active_adaptive_bisection,25000,19128,0.000244140625,9e-05
24,admission_control,uniform,50000,50000,0.04639526759545472,0.02158
24,admission_control,active_adaptive_bisection,50000,20483,0.0001220703125,7e-05
24,admission_control,uniform,100000,100000,0.0459159838537033,0.02142
24,admission_control,active_adaptive_bisection,100000,21838,6.103515625e-05,5e-05
24,resource_allocation,uniform,100,100,0.4964027580075816,0.33785
24,resource_allocation,active_adaptive_bisection,100,84,0.03257011140332189,0.02478
24,resource_allocation,uniform,200,200,0.4964027580075816,0.29976
24,resource_allocation,active_adaptive_bisection,200,189,0.029580446934218074,0.01821
24,resource_allocation,uniform,500,500,0.2587506506694656,0.12141
24,resource_allocation,active_adaptive_bisection,500,480,0.01424900831232373,0.00804
24,resource_allocation,uniform,1000,1000,0.1618045213376862,0.1354
24,resource_allocation,active_adaptive_bisection,1000,999,0.007550602740322265,0.00477
24,resource_allocation,uniform,2000,2000,0.07187506829116103,0.0557
24,resource_allocation,active_adaptive_bisection,2000,1980,0.0038281506644940455,0.00219
24,resource_allocation,uniform,5000,5000,0.04740063121706012,0.02314
24,resource_allocation,active_adaptive_bisection,5000,4968,0.0009521523239731863,0.0005
24,resource_allocation,uniform,10000,10000,0.026719342497274645,0.01894
24,resource_allocation,active_adaptive_bisection,10000,9945,0.0004846547673886814,0.00027
24,resource_allocation,uniform,25000,25000,0.029217670570309717,0.01779
24,resource_allocation,active_adaptive_bisection,25000,20076,0.00024340871997247104,0.00014
24,resource_allocation,uniform,50000,50000,0.024669497246428307,0.01781
24,resource_allocation,active_adaptive_bisection,50000,21510,0.00012200175837440153,7e-05
24,resource_allocation,uniform,100000,100000,0.02545296017787191,0.01793
24,resource_allocation,active_adaptive_bisection,100000,22944,6.0966602124401525e-05,5e-05
24,random_structured,uniform,100,100,0.5,0.3474
24,random_structured,active_adaptive_bisection,100,74,0.05426536530739845,0.02947
24,random_structured,uniform,200,200,0.5,0.34573
24,random_structured,active_adaptive_bisection,200,179,0.029442644562365672,0.01901
24,random_structured,uniform,500,500,0.48685433323841,0.21186
24,random_structured,active_adaptive_bisection,500,444,0.013822322831735345,0.00559
24,random_structured,uniform,1000,1000,0.3703735472181091,0.19404
24,random_structured,active_adaptive_bisection,1000,929,0.0077589634796125795,0.00518
24,random_structured,uniform,2000,2000,0.11550279919091067,0.07176
24,random_structured,active_adaptive_bisection,2000,1964,0.0038545221769483717,0.00221
24,random_structured,uniform,5000,5000,0.05461860567719379,0.01968
24,random_structured,active_adaptive_bisection,5000,4942,0.00095546435528715,0.00044
24,random_structured,uniform,10000,10000,0.024689810536634438,0.00772
24,random_structured,active_adaptive_bisection,10000,9887,0.0004866282008660905,0.00021
24,random_structured,uniform,25000,25000,0.006834991886528252,0.00175
24,random_structured,active_adaptive_bisection,25000,18756,0.00024296757497459243,0.00013
24,random_structured,uniform,50000,50000,0.0028790224917472074,0.00123
24,random_structured,active_adaptive_bisection,50000,20080,0.00012203694408763344,4e-05
24,random_structured,uniform,100000,100000,0.001783770461842138,0.00073
24,random_structured,active_adaptive_bisection,100000,21404,6.1001787837633437e-05,5e-05
25,inventory_threshold,uniform,100,100,0.44999999999999996,0.27435
25,inventory_threshold,active_adaptive_bisection,100,84,0.03125,0.01793
25,inventory_threshold,uniform,200,200,1.95,0.71315
25,inventory_threshold,active_adaptive_bisection,200,189,0.03125,0.01799
25,inventory_threshold,uniform,500,500,0.19275118878172892,0.15045
25,inventory_threshold,active_adaptive_bisection,500,480,0.015625,0.01021
25,inventory_threshold,uniform,1000,1000,0.18358958820492055,0.11145
25,inventory_threshold,active_adaptive_bisection,1000,999,0.0078125,0.00453
25,inventory_threshold,uniform,2000,2000,0.09340297986516743,0.04209
25,inventory_threshold,active_adaptive_bisection,2000,1980,0.00390625,0.00196
25,inventory_threshold,uniform,5000,5000,0.029644830787560084,0.01098
25,inventory_threshold,active_adaptive_bisection,5000,4968,0.0009765625,0.0006
25,inventory_threshold,uniform,10000,10000,0.013097821789702202,0.00513
25,inventory_threshold,active_adaptive_bisection,10000,9984,0.00048828125,0.00023
25,inventory_threshold,uniform,25000,25000,0.004906802285691403,0.00144
25,inventory_threshold,active_adaptive_bisection,25000,20076,0.000244140625,0.00026
25,inventory_threshold,uniform,50000,50000,0.002595879165627646,0.00095
25,inventory_threshold,active_adaptive_bisection,50000,21510,0.0001220703125,0.00014
25,inventory_threshold,uniform,100000,100000,0.002186671455917555,0.00095
25,inventory_threshold,active_adaptive_bisection,100000,22944,6.103515625e-05,6e-05
25,machine_replacement,uniform,100,100,0.15217391304347827,0.09875
25,machine_replacement,active_adaptive_bisection,100,84,0.028373430962343127,0.01665
25,machine_replacement,uniform,200,200,1.6521739130434783,0.55224
25,machine_replacement,active_adaptive_bisection,200,189,0.030432098842377117,0.01528
25,machine_replacement,uniform,500,500,0.31577993623942957,0.15743
25,machine_replacement,active_adaptive_bisection,500,480,0.015363493723849375,0.00815
25,machine_replacement,uniform,1000,1000,0.17893115431292467,0.09121
25,machine_replacement,active_adaptive_bisection,1000,999,0.007266747771511725,0.00428
25,machine_replacement,uniform,2000,2000,0.06000386143929548,0.02939
25,machine_replacement,active_adaptive_bisection,2000,1980,0.0038167125250136713,0.00202
25,machine_replacement,uniform,5000,5000,0.014480183989636908,0.00782
25,machine_replacement,active_adaptive_bisection,5000,4968,0.0009700042577433093,0.00069
25,machine_replacement,uniform,10000,10000,0.011430469358478607,0.00411
25,machine_replacement,active_adaptive_bisection,10000,9984,0.0004868600202383444,0.00027
25,machine_replacement,uniform,25000,25000,0.004016661685342426,0.0014
25,machine_replacement,active_adaptive_bisection,25000,20076,0.0002437853175595306,0.00011
25,machine_replacement,uniform,50000,50000,0.003150804228731263,0.00128
25,machine_replacement,active_adaptive_bisection,50000,21510,0.00012171500505953059,5e-05
25,machine_replacement,uniform,100000,100000,0.001236728671076548,0.00059
25,machine_replacement,active_adaptive_bisection,100000,22944,6.067984880953059e-05,4e-05
25,admission_control,uniform,100,100,0.5,0.27721
25,admission_control,active_adaptive_bisection,100,79,0.10325139470013944,0.04534
25,admission_control,uniform,200,200,1.5,0.56224
25,admission_control,active_adaptive_bisection,200,179,0.03498387900322586,0.02062
25,admission_control,uniform,500,500,0.3913562619058035,0.18822
25,admission_control,active_adaptive_bisection,500,456,0.01954628240044698,0.01058
25,admission_control,uniform,1000,1000,0.17163147964836156,0.11823
25,admission_control,active_adaptive_bisection,1000,957,0.0078125,0.00507
25,admission_control,uniform,2000,2000,0.19586345723618137,0.06788
25,admission_control,active_adaptive_bisection,2000,1892,0.006714597862989061,0.00232
25,admission_control,uniform,5000,5000,0.05385812036578008,0.02518
25,admission_control,active_adaptive_bisection,5000,4970,0.0013258471713325178,0.0006
25,admission_control,uniform,10000,10000,0.04996059528285035,0.02133
25,admission_control,active_adaptive_bisection,10000,9929,0.00048828125,0.00031
25,admission_control,uniform,25000,25000,0.048582567563227125,0.02147
25,admission_control,active_adaptive_bisection,25000,19128,0.000244140625,0.00016
25,admission_control,uniform,50000,50000,0.04565708958852538,0.02136
25,admission_control,active_adaptive_bisection,50000,20483,0.0001220703125,7e-05
25,admission_control,uniform,100000,100000,0.04565634632249549,0.02137
25,admission_control,active_adaptive_bisection,100000,21838,6.103515625e-05,3e-05
25,resource_allocation,uniform,100,100,0.4964027580075816,0.33121
25,resource_allocation,active_adaptive_bisection,100,84,0.03257011140332189,0.02498
25,resource_allocation,uniform,200,200,1.9964027580075816,0.73712
25,resource_allocation,active_adaptive_bisection,200,189,0.029953585048896933,0.0189
25,resource_allocation,uniform,500,500,0.1876135546138984,0.1417
25,resource_allocation,active_adaptive_bisection,500,480,0.015281918406187311,0.00813
25,resource_allocation,uniform,1000,1000,0.12926922902006732,0.09397
25,resource_allocation,active_adaptive_bisection,1000,999,0.007527001159104374,0.00465
25,resource_allocation,uniform,2000,2000,0.08015673043099314,0.04934
25,resource_allocation,active_adaptive_bisection,2000,1980,0.003853196313223707,0.00257
25,resource_allocation,uniform,5000,5000,0.035730869797582554,0.02103
25,resource_allocation,active_adaptive_bisection,5000,4968,0.0009509907802044415,0.00046
25,resource_allocation,uniform,10000,10000,0.025593929690230055,0.01708
25,resource_allocation,active_adaptive_bisection,10000,9984,0.0004855053953534971,0.00029
25,resource_allocation,uniform,25000,25000,0.02492661219771869,0.01634
25,resource_allocation,active_adaptive_bisection,25000,20076,0.00024340871997247104,0.00018
25,resource_allocation,uniform,50000,50000,0.024937213620972953,0.01637
25,resource_allocation,active_adaptive_bisection,50000,21510,0.00012200175837440153,6e-05
25,resource_allocation,uniform,100000,100000,0.0248612799557702,0.01657
25,resource_allocation,active_adaptive_bisection,100000,22944,6.0966602124401525e-05,0.0
25,random_structured,uniform,100,100,0.4351417048355132,0.27695
25,random_structured,active_adaptive_bisection,100,84,0.028891704835513177,0.0196
25,random_structured,uniform,200,200,1.2094635655221957,0.55549
25,random_structured,active_adaptive_bisection,200,189,0.03035916840018882,0.0199
25,random_structured,uniform,500,500,0.16344597312636133,0.12702
25,random_structured,active_adaptive_bisection,500,480,0.015417537675084358,0.00861
25,random_structured,uniform,1000,1000,0.1839334674826465,0.12013
25,random_structured,active_adaptive_bisection,1000,999,0.0075522325582879635,0.00468
25,random_structured,uniform,2000,2000,0.09283992841357303,0.07465
25,random_structured,active_adaptive_bisection,2000,1980,0.0038585724655630926,0.00243
25,random_structured,uniform,5000,5000,0.05347732766012514,0.01285
25,random_structured,active_adaptive_bisection,5000,4968,0.0009573745191486793,0.0006
25,random_structured,uniform,10000,10000,0.012393425984091988,0.00482
25,random_structured,active_adaptive_bisection,10000,9984,0.0004866024692598281,0.00037
25,random_structured,uniform,25000,25000,0.0071135940630275285,0.00202
25,random_structured,active_adaptive_bisection,25000,20076,0.00024358103141998433,0.0002
25,random_structured,uniform,50000,50000,0.0023181189510068645,0.00088
25,random_structured,active_adaptive_bisection,50000,21510,0.00012183168486701312,0.00013
25,random_structured,uniform,100000,100000,0.0014308716691856516,0.00076
25,random_structured,active_adaptive_bisection,100000,22944,6.0796528617013124e-05,4e-05
26,inventory_threshold,uniform,100,100,0.44999999999999996,0.27761
26,inventory_threshold,active_adaptive_bisection,100,84,0.03125,0.01853
26,inventory_threshold,uniform,200,200,0.44999999999999996,0.27761
26,inventory_threshold,active_adaptive_bisection,200,189,0.03125,0.01614
26,inventory_threshold,uniform,500,500,0.5342375098654595,0.16124
26,inventory_threshold,active_adaptive_bisection,500,480,0.015625,0.00998
26,inventory_threshold,uniform,1000,1000,0.2209430830153346,0.1194
26,inventory_threshold,active_adaptive_bisection,1000,999,0.0078125,0.00431
26,inventory_threshold,uniform,2000,2000,0.10425357410554292,0.05911
26,inventory_threshold,active_adaptive_bisection,2000,1980,0.00390625,0.0019
26,inventory_threshold,uniform,5000,5000,0.05316766310883725,0.01339
26,inventory_threshold,active_adaptive_bisection,5000,4968,0.0009765625,0.00051
26,inventory_threshold,uniform,10000,10000,0.014630684363076574,0.00426
26,inventory_threshold,active_adaptive_bisection,10000,9945,0.00048828125,0.00033
26,inventory_threshold,uniform,25000,25000,0.0038539747485364373,0.00143
26,inventory_threshold,active_adaptive_bisection,25000,20076,0.000244140625,0.00031
26,inventory_threshold,uniform,50000,50000,0.004044688720173495,0.00113
26,inventory_threshold,active_adaptive_bisection,50000,21510,0.0001220703125,9e-05
26,inventory_threshold,uniform,100000,100000,0.0023428740776430534,0.00132
26,inventory_threshold,active_adaptive_bisection,100000,22944,6.103515625e-05,6e-05
26,machine_replacement,uniform,100,100,0.15217391304347827,0.09919
26,machine_replacement,active_adaptive_bisection,100,84,0.028373430962343127,0.0164
26,machine_replacement,uniform,200,200,0.15217391304347827,0.09919
26,machine_replacement,active_adaptive_bisection,200,189,0.030704247771511727,0.01637
26,machine_replacement,uniform,500,500,0.2682240610980457,0.15323
26,machine_replacement,active_adaptive_bisection,500,480,0.015363493723849361,0.00771
26,machine_replacement,uniform,1000,1000,0.13168070204651205,0.07878
26,machine_replacement,active_adaptive_bisection,1000,999,0.007328234345186313,0.00414
26,machine_replacement,uniform,2000,2000,0.07356349948462282,0.04457
26,machine_replacement,active_adaptive_bisection,2000,1980,0.0038167125250136713,0.00195
26,machine_replacement,uniform,5000,5000,0.015766947180486657,0.00623
26,machine_replacement,active_adaptive_bisection,5000,4968,0.0009662942167097954,0.00061
26,machine_replacement,uniform,10000,10000,0.008583009978481604,0.00508
26,machine_replacement,active_adaptive_bisection,10000,9945,0.0004862103626915859,0.00029
26,machine_replacement,uniform,25000,25000,0.006148204615578717,0.00205
26,machine_replacement,active_adaptive_bisection,25000,20076,0.0002437853175595306,0.00016
26,machine_replacement,uniform,50000,50000,0.0014166152383248143,0.00082
26,machine_replacement,active_adaptive_bisection,50000,21510,0.00012171500505953059,7e-05
26,machine_replacement,uniform,100000,100000,0.0018222089129993346,0.00078
26,machine_replacement,active_adaptive_bisection,100000,22944,6.067984880953059e-05,6e-05
26,admission_control,uniform,100,100,0.5,0.27741
26,admission_control,active_adaptive_bisection,100,79,0.10325139470013944,0.0459
26,admission_control,uniform,200,200,0.5,0.27741
26,admission_control,active_adaptive_bisection,200,179,0.03125,0.02305
26,admission_control,uniform,500,500,0.2865209137704333,0.14717
26,admission_control,active_adaptive_bisection,500,456,0.02098630294075332,0.01101
26,admission_control,uniform,1000,1000,0.1797250382561446,0.10736
26,admission_control,active_adaptive_bisection,1000,950,0.0078125,0.00516
26,admission_control,uniform,2000,2000,0.09229693335075095,0.05356
26,admission_control,active_adaptive_bisection,2000,1892,0.004622152530463497,0.00279
26,admission_control,uniform,5000,5000,0.07338894665429152,0.02676
26,admission_control,active_adaptive_bisection,5000,4960,0.0013510450626372794,0.00068
26,admission_control,uniform,10000,10000,0.04508911179561159,0.02237
26,admission_control,active_adaptive_bisection,10000,9868,0.00048828125,0.00024
26,admission_control,uniform,25000,25000,0.04691470240059403,0.02167
26,admission_control,active_adaptive_bisection,25000,19128,0.000244140625,9e-05
26,admission_control,uniform,50000,50000,0.045926216557744315,0.02161
26,admission_control,active_adaptive_bisection,50000,20483,0.0001220703125,5e-05
26,admission_control,uniform,100000,100000,0.045809434358685966,0.02158
26,admission_control,active_adaptive_bisection,100000,21838,6.103515625e-05,6e-05
26,resource_allocation,uniform,100,100,0.4964027580075816,0.33319
26,resource_allocation,active_adaptive_bisection,100,84,0.03257011140332189,0.02453
26,resource_allocation,uniform,200,200,0.4964027580075816,0.33319
26,resource_allocation,active_adaptive_bisection,200,189,0.030920671966126967,0.01809
26,resource_allocation,uniform,500,500,0.5586213507127277,0.19048
26,resource_allocation,active_adaptive_bisection,500,480,0.015061197994608644,0.00848
26,resource_allocation,uniform,1000,1000,0.15410204978378905,0.11906
26,resource_allocation,active_adaptive_bisection,1000,999,0.007467942247149417,0.0041
26,resource_allocation,uniform,2000,2000,0.09268549282504968,0.06338
26,resource_allocation,active_adaptive_bisection,2000,1980,0.003833265760437077,0.00214
26,resource_allocation,uniform,5000,5000,0.03672927620312805,0.02307
26,resource_allocation,active_adaptive_bisection,5000,4968,0.0009477191418106323,0.0006
26,resource_allocation,uniform,10000,10000,0.02589994832883158,0.01758
26,resource_allocation,active_adaptive_bisection,10000,9984,0.00048242185276525795,0.00024
26,resource_allocation,uniform,25000,25000,0.025090892827530742,0.01711
26,resource_allocation,active_adaptive_bisection,25000,20076,0.00024340871997247104,0.00011
26,resource_allocation,uniform,50000,50000,0.0258925960388654,0.01717
26,resource_allocation,active_adaptive_bisection,50000,21510,0.00012200175837440153,6e-05
26,resource_allocation,uniform,100000,100000,0.025103069532643296,0.01708
26,resource_allocation,active_adaptive_bisection,100000,22944,6.0966602124401525e-05,1e-05
26,random_structured,uniform,100,100,0.5081578013852274,0.45748
26,random_structured,active_adaptive_bisection,100,64,0.061192468619246876,0.01975
26,random_structured,uniform,200,200,0.5081578013852274,0.45748
26,random_structured,active_adaptive_bisection,200,149,0.031793271289180636,0.0163
26,random_structured,uniform,500,500,0.6562272456972887,0.15775
26,random_structured,active_adaptive_bisection,500,462,0.015581170187680182,0.00705
26,random_structured,uniform,1000,1000,0.326350722317304,0.15005
26,random_structured,active_adaptive_bisection,1000,936,0.0076467755560830075,0.00395
26,random_structured,uniform,2000,2000,0.17521896555647942,0.07138
26,random_structured,active_adaptive_bisection,2000,1894,0.004192145303806294,0.00243
26,random_structured,uniform,5000,5000,0.058587881966666755,0.01515
26,random_structured,active_adaptive_bisection,5000,4780,0.0015834540407583253,0.00043
26,random_structured,uniform,10000,10000,0.016835848066465653,0.00291
26,random_structured,active_adaptive_bisection,10000,9379,0.00048800953214617193,0.00014
26,random_structured,uniform,25000,25000,0.009385856968468609,0.00159
26,random_structured,active_adaptive_bisection,25000,15396,0.0002438689071463107,8e-05
26,random_structured,uniform,50000,50000,0.003994874684767613,0.00118
26,random_structured,active_adaptive_bisection,50000,16440,0.00012179859464631071,3e-05
26,random_structured,uniform,100000,100000,0.002703988408422231,0.00102
26,random_structured,active_adaptive_bisection,100000,17484,6.0792504588791374e-05,3e-05
27,inventory_threshold,uniform,100,100,0.44999999999999996,0.27948
27,inventory_threshold,active_adaptive_bisection,100,84,0.03125,0.01878
27,inventory_threshold,uniform,200,200,1.344696798197922,0.43231
27,inventory_threshold,active_adaptive_bisection,200,189,0.03125,0.01846
27,inventory_threshold,uniform,500,500,0.28677224381984323,0.22133
27,inventory_threshold,active_adaptive_bisection,500,480,0.015625,0.00968
27,inventory_threshold,uniform,1000,1000,0.13912987426311396,0.11701
27,inventory_threshold,active_adaptive_bisection,1000,999,0.0078125,0.00481
27,inventory_threshold,uniform,2000,2000,0.1213683287683538,0.04803
27,inventory_threshold,active_adaptive_bisection,2000,1980,0.00390625,0.00227
27,inventory_threshold,uniform,5000,5000,0.04364967093857497,0.01339
27,inventory_threshold,active_adaptive_bisection,5000,4968,0.0009765625,0.00063
27,inventory_threshold,uniform,10000,10000,0.00940647118927651,0.00429
27,inventory_threshold,active_adaptive_bisection,10000,9984,0.00048828125,0.0004
27,inventory_threshold,uniform,25000,25000,0.005276554285031043,0.00247
27,inventory_threshold,active_adaptive_bisection,25000,20076,0.000244140625,0.0002
27,inventory_threshold,uniform,50000,50000,0.0032846195732186834,0.0013
27,inventory_threshold,active_adaptive_bisection,50000,21510,0.0001220703125,3e-05
27,inventory_threshold,uniform,100000,100000,0.001984163076888701,0.00107
27,inventory_threshold,active_adaptive_bisection,100000,22944,6.103515625e-05,3e-05
27,machine_replacement,uniform,100,100,0.15217391304347827,0.10098
27,machine_replacement,active_adaptive_bisection,100,84,0.028373430962343127,0.01648
27,machine_replacement,uniform,200,200,1.2941770875170167,0.32656
27,machine_replacement,active_adaptive_bisection,200,189,0.030704247771511727,0.01655
27,machine_replacement,uniform,500,500,0.401912468789985,0.21654
27,machine_replacement,active_adaptive_bisection,500,480,0.014098378587076854,0.00822
27,machine_replacement,uniform,1000,1000,0.14612546432154794,0.08805
27,machine_replacement,active_adaptive_bisection,1000,999,0.007582260778606464,0.00395
27,machine_replacement,uniform,2000,2000,0.05625013488756686,0.03665
27,machine_replacement,active_adaptive_bisection,2000,1980,0.003822270924581206,0.00215
27,machine_replacement,uniform,5000,5000,0.013516779268232373,0.00658
27,machine_replacement,active_adaptive_bisection,5000,4968,0.0009636888953356015,0.0008
27,machine_replacement,uniform,10000,10000,0.008836049753051134,0.00459
27,machine_replacement,active_adaptive_bisection,10000,9984,0.0004840973951080185,0.00043
27,machine_replacement,uniform,25000,25000,0.0063216226477199045,0.00233
27,machine_replacement,active_adaptive_bisection,25000,20076,0.0002437853175595306,0.00016
27,machine_replacement,uniform,50000,50000,0.002721359443031812,0.00094
27,machine_replacement,active_adaptive_bisection,50000,21510,0.00012171500505953059,8e-05
27,machine_replacement,uniform,100000,100000,0.0019943406755711657,0.00051
27,machine_replacement,active_adaptive_bisection,100000,22944,6.067984880953059e-05,4e-05
27,admission_control,uniform,100,100,0.5,0.28015
27,admission_control,active_adaptive_bisection,100,79,0.10325139470013944,0.04601
27,admission_control,uniform,200,200,0.685927526762885,0.4159
27,admission_control,active_adaptive_bisection,200,179,0.03317889245803285,0.02116
27,admission_control,uniform,500,500,0.3940759397658403,0.28679
27,admission_control,active_adaptive_bisection,500,456,0.020247299159329768,0.01059
27,admission_control,uniform,1000,1000,0.20748536949803753,0.13096
27,admission_control,active_adaptive_bisection,1000,950,0.0078125,0.00508
27,admission_control,uniform,2000,2000,0.14202334448642318,0.06847
27,admission_control,active_adaptive_bisection,2000,1892,0.00462740404504991,0.0027
27,admission_control,uniform,5000,5000,0.07324604213870334,0.02927
27,admission_control,active_adaptive_bisection,5000,4970,0.001188971646334469,0.00071
27,admission_control,uniform,10000,10000,0.05185894751159292,0.02188
27,admission_control,active_adaptive_bisection,10000,9857,0.00048828125,0.0003
27,admission_control,uniform,25000,25000,0.04653293742536802,0.02115
27,admission_control,active_adaptive_bisection,25000,19128,0.000244140625,0.00011
27,admission_control,uniform,50000,50000,0.046625250435141305,0.02104
27,admission_control,active_adaptive_bisection,50000,20483,0.0001220703125,8e-05
27,admission_control,uniform,100000,100000,0.04619018230155252,0.021
27,admission_control,active_adaptive_bisection,100000,21838,6.103515625e-05,5e-05
27,resource_allocation,uniform,100,100,0.4964027580075816,0.33781
27,resource_allocation,active_adaptive_bisection,100,84,0.03257011140332189,0.02512
27,resource_allocation,uniform,200,200,1.0156636181038001,0.41988
27,resource_allocation,active_adaptive_bisection,200,189,0.029579482035822537,0.01866
27,resource_allocation,uniform,500,500,0.33410699844372527,0.21264
27,resource_allocation,active_adaptive_bisection,500,480,0.015110033689723468,0.00888
27,resource_allocation,uniform,1000,1000,0.1624938254113314,0.11154
27,resource_allocation,active_adaptive_bisection,1000,999,0.007620737905807529,0.00474
27,resource_allocation,uniform,2000,2000,0.08248484831182656,0.04784
27,resource_allocation,active_adaptive_bisection,2000,1980,0.003785118513328245,0.00237
27,resource_allocation,uniform,5000,5000,0.05486897367598276,0.02273
27,resource_allocation,active_adaptive_bisection,5000,4968,0.000950729317110377,0.00048
27,resource_allocation,uniform,10000,10000,0.028744886586112572,0.01703
27,resource_allocation,active_adaptive_bisection,10000,9945,0.00048636456528328154,0.0003
27,resource_allocation,uniform,25000,25000,0.02662546924359782,0.01642
27,resource_allocation,active_adaptive_bisection,25000,20076,0.00024340871997247104,0.00013
27,resource_allocation,uniform,50000,50000,0.02679175388980365,0.0165
27,resource_allocation,active_adaptive_bisection,50000,21510,0.00012200175837440153,6e-05
27,resource_allocation,uniform,100000,100000,0.025462395390408732,0.01661
27,resource_allocation,active_adaptive_bisection,100000,22944,6.0966602124401525e-05,1e-05
27,random_structured,uniform,100,100,0.5,0.39888
27,random_structured,active_adaptive_bisection,100,74,0.030592340241124866,0.02884
27,random_structured,uniform,200,200,0.5,0.39888
27,random_structured,active_adaptive_bisection,200,159,0.030947952361589426,0.01632
27,random_structured,uniform,500,500,1.1317176294143048,0.314
27,random_structured,active_adaptive_bisection,500,414,0.015150507839298832,0.00755
27,random_structured,uniform,1000,1000,0.684599896494296,0.25298
27,random_structured,active_adaptive_bisection,1000,973,0.007521741423301087,0.00325
27,random_structured,uniform,2000,2000,0.15374620337474976,0.06707
27,random_structured,active_adaptive_bisection,2000,1976,0.003758402225579438,0.00175
27,random_structured,uniform,5000,5000,0.02053740336480836,0.00946
27,random_structured,active_adaptive_bisection,5000,4904,0.0009715134005983672,0.00042
27,random_structured,uniform,10000,10000,0.015460653668569191,0.00464
27,random_structured,active_adaptive_bisection,10000,9755,0.0004832321505983672,0.00021
27,random_structured,uniform,25000,25000,0.0050565161091161714,0.00146
27,random_structured,active_adaptive_bisection,25000,16980,0.00024218717309476556,9e-05
27,random_structured,uniform,50000,50000,0.0026182320262707615,0.00111
27,random_structured,active_adaptive_bisection,50000,18156,0.00012011686059476556,9e-05
27,random_structured,uniform,100000,100000,0.0025833118907384045,0.00132
27,random_structured,active_adaptive_bisection,100000,19332,6.0823264095628826e-05,5e-05
28,inventory_threshold,uniform,100,100,0.44999999999999996,0.2767
28,inventory_threshold,active_adaptive_bisection,100,84,0.03125,0.01883
28,inventory_threshold,uniform,200,200,0.44999999999999996,0.2767
28,inventory_threshold,active_adaptive_bisection,200,189,0.03125,0.01596
28,inventory_threshold,uniform,500,500,0.2692767419405273,0.15706
28,inventory_threshold,active_adaptive_bisection,500,480,0.015625,0.00976
28,inventory_threshold,uniform,1000,1000,0.17162286680651384,0.11613
28,inventory_threshold,active_adaptive_bisection,1000,999,0.0078125,0.00491
28,inventory_threshold,uniform,2000,2000,0.11860711944623215,0.04732
28,inventory_threshold,active_adaptive_bisection,2000,1980,0.00390625,0.00204
28,inventory_threshold,uniform,5000,5000,0.06645977374969558,0.01374
28,inventory_threshold,active_adaptive_bisection,5000,4968,0.0009765625,0.00041
28,inventory_threshold,uniform,10000,10000,0.027509177338246205,0.00523
28,inventory_threshold,active_adaptive_bisection,10000,9984,0.00048828125,0.00026
28,inventory_threshold,uniform,25000,25000,0.00520188382625425,0.00169
28,inventory_threshold,active_adaptive_bisection,25000,20076,0.000244140625,0.00018
28,inventory_threshold,uniform,50000,50000,0.0031479207139766263,0.00141
28,inventory_threshold,active_adaptive_bisection,50000,21510,0.0001220703125,8e-05
28,inventory_threshold,uniform,100000,100000,0.002929728400307363,0.00139
28,inventory_threshold,active_adaptive_bisection,100000,22944,6.103515625e-05,3e-05
28,machine_replacement,uniform,100,100,0.15217391304347827,0.10003
28,machine_replacement,active_adaptive_bisection,100,84,0.028373430962343127,0.0157
28,machine_replacement,uniform,200,200,0.15217391304347827,0.10003
28,machine_replacement,active_adaptive_bisection,200,189,0.030988493723849375,0.01606
28,machine_replacement,uniform,500,500,0.15364943377772983,0.12939
28,machine_replacement,active_adaptive_bisection,500,480,0.015170206476259773,0.00819
28,machine_replacement,uniform,1000,1000,0.19568913879704364,0.10849
28,machine_replacement,active_adaptive_bisection,1000,999,0.00747834149840898,0.00369
28,machine_replacement,uniform,2000,2000,0.048553626041601794,0.03188
28,machine_replacement,active_adaptive_bisection,2000,1980,0.00379539407858831,0.00184
28,machine_replacement,uniform,5000,5000,0.03053669987027141,0.00878
28,machine_replacement,active_adaptive_bisection,5000,4968,0.0009746716919223353,0.00066
28,machine_replacement,uniform,10000,10000,0.004041128676873507,0.00303
28,machine_replacement,active_adaptive_bisection,10000,9984,0.0004850834830362194,0.00037
28,machine_replacement,uniform,25000,25000,0.0037293966428991743,0.00175
28,machine_replacement,active_adaptive_bisection,25000,20076,0.0002437853175595306,0.00016
28,machine_replacement,uniform,50000,50000,0.0011847008593249553,0.00064
28,machine_replacement,active_adaptive_bisection,50000,21510,0.00012171500505953059,7e-05
28,machine_replacement,uniform,100000,100000,0.0021389234754153885,0.00067
28,machine_replacement,active_adaptive_bisection,100000,22944,6.067984880953059e-05,5e-05
28,admission_control,uniform,100,100,0.5,0.27991
28,admission_control,active_adaptive_bisection,100,79,0.10325139470013944,0.04725
28,admission_control,uniform,200,200,0.5,0.27991
28,admission_control,active_adaptive_bisection,200,179,0.034637417201000775,0.02209
28,admission_control,uniform,500,500,0.3827970853395727,0.20673
28,admission_control,active_adaptive_bisection,500,456,0.015625,0.01108
28,admission_control,uniform,1000,1000,0.29609156081784627,0.13966
28,admission_control,active_adaptive_bisection,1000,957,0.0078125,0.00564
28,admission_control,uniform,2000,2000,0.08793232580505028,0.05579
28,admission_control,active_adaptive_bisection,2000,1892,0.0069082004968463355,0.00288
28,admission_control,uniform,5000,5000,0.06285583628106672,0.02932
28,admission_control,active_adaptive_bisection,5000,4970,0.001348442859876299,0.00066
28,admission_control,uniform,10000,10000,0.04724559864653007,0.02358
28,admission_control,active_adaptive_bisection,10000,9896,0.00048828125,0.00035
28,admission_control,uniform,25000,25000,0.04529122932385976,0.02241
28,admission_control,active_adaptive_bisection,25000,19128,0.000244140625,0.00016
28,admission_control,uniform,50000,50000,0.04618381696901551,0.02216
28,admission_control,active_adaptive_bisection,50000,20483,0.0001220703125,0.00012
28,admission_control,uniform,100000,100000,0.046062463400751666,0.02216
28,admission_control,active_adaptive_bisection,100000,21838,6.103515625e-05,2e-05
28,resource_allocation,uniform,100,100,0.4964027580075816,0.3345
28,resource_allocation,active_adaptive_bisection,100,84,0.03257011140332189,0.02528
28,resource_allocation,uniform,200,200,0.4964027580075816,0.3345
28,resource_allocation,active_adaptive_bisection,200,189,0.02888791433757906,0.01889
28,resource_allocation,uniform,500,500,0.20946180993688268,0.13158
28,resource_allocation,active_adaptive_bisection,500,480,0.01535406462901412,0.008
28,resource_allocation,uniform,1000,1000,0.1605126877535359,0.12142
28,resource_allocation,active_adaptive_bisection,1000,999,0.007730866283446547,0.00474
28,resource_allocation,uniform,2000,2000,0.09596373036636441,0.05493
28,resource_allocation,active_adaptive_bisection,2000,1980,0.0038758796683617813,0.00247
28,resource_allocation,uniform,5000,5000,0.036067118510993534,0.02464
28,resource_allocation,active_adaptive_bisection,5000,4968,0.0009619943431518063,0.00044
28,resource_allocation,uniform,10000,10000,0.028607486405128668,0.01959
28,resource_allocation,active_adaptive_bisection,10000,9984,0.0004864704190318814,0.00025
28,resource_allocation,uniform,25000,25000,0.025701599936141295,0.01728
28,resource_allocation,active_adaptive_bisection,25000,20076,0.00024340871997247104,7e-05
28,resource_allocation,uniform,50000,50000,0.024686259366735352,0.01768
28,resource_allocation,active_adaptive_bisection,50000,21510,0.00012200175837440153,5e-05
28,resource_allocation,uniform,100000,100000,0.02529333812150475,0.01756
28,resource_allocation,active_adaptive_bisection,100000,22944,6.0966602124401525e-05,6e-05
28,random_structured,uniform,100,100,0.5,0.35706
28,random_structured,active_adaptive_bisection,100,74,0.04397947459867657,0.02344
28,random_structured,uniform,200,200,0.5,0.35706
28,random_structured,active_adaptive_bisection,200,169,0.030184707666722266,0.02049
28,random_structured,uniform,500,500,1.1369522747496417,0.30602
28,random_structured,active_adaptive_bisection,500,444,0.015529792561711275,0.01005
28,random_structured,uniform,1000,1000,0.33342589550677393,0.14959
28,random_structured,active_adaptive_bisection,1000,915,0.007675131661177864,0.00465
28,random_structured,uniform,2000,2000,0.18282124340247985,0.07919
28,random_structured,active_adaptive_bisection,2000,1976,0.0037681785911560794,0.00216
28,random_structured,uniform,5000,5000,0.05468190062639067,0.01701
28,random_structured,active_adaptive_bisection,5000,4936,0.0009394759355130233,0.00045
28,random_structured,uniform,10000,10000,0.02168087902199234,0.00859
28,random_structured,active_adaptive_bisection,10000,9857,0.0004859902134241034,0.00024
28,random_structured,uniform,25000,25000,0.00657402884118552,0.00192
28,random_structured,active_adaptive_bisection,25000,18276,0.00024345850545881564,0.0001
28,random_structured,uniform,50000,50000,0.00450667942078864,0.00143
28,random_structured,active_adaptive_bisection,50000,19560,0.00012138819295881564,8e-05
28,random_structured,uniform,100000,100000,0.0017816829440588933,0.00072
28,random_structured,active_adaptive_bisection,100000,20844,6.082799440623732e-05,5e-05
29,inventory_threshold,uniform,100,100,0.44999999999999996,0.27813
29,inventory_threshold,active_adaptive_bisection,100,84,0.03125,0.01857
29,inventory_threshold,uniform,200,200,1.95,0.52108
29,inventory_threshold,active_adaptive_bisection,200,189,0.03125,0.01602
29,inventory_threshold,uniform,500,500,0.71633899834105,0.17634
29,inventory_threshold,active_adaptive_bisection,500,480,0.015625,0.01014
29,inventory_threshold,uniform,1000,1000,0.1515534193814867,0.10406
29,inventory_threshold,active_adaptive_bisection,1000,999,0.0078125,0.00479
29,inventory_threshold,uniform,2000,2000,0.11212283220705066,0.05352
29,inventory_threshold,active_adaptive_bisection,2000,1980,0.00390625,0.00209
29,inventory_threshold,uniform,5000,5000,0.05740797765875705,0.01927
29,inventory_threshold,active_adaptive_bisection,5000,4968,0.0009765625,0.00048
29,inventory_threshold,uniform,10000,10000,0.012642917596604297,0.0058
29,inventory_threshold,active_adaptive_bisection,10000,9945,0.00048828125,0.00033
29,inventory_threshold,uniform,25000,25000,0.003914434092837427,0.00192
29,inventory_threshold,active_adaptive_bisection,25000,20076,0.000244140625,0.0002
29,inventory_threshold,uniform,50000,50000,0.0022422736454927317,0.0015
29,inventory_threshold,active_adaptive_bisection,50000,21510,0.0001220703125,6e-05
29,inventory_threshold,uniform,100000,100000,0.002015372227978429,0.00116
29,inventory_threshold,active_adaptive_bisection,100000,22944,6.103515625e-05,5e-05
29,machine_replacement,uniform,100,100,0.15217391304347827,0.09973
29,machine_replacement,active_adaptive_bisection,100,84,0.028373430962343127,0.0159
29,machine_replacement,uniform,200,200,1.6521739130434783,0.52662
29,machine_replacement,active_adaptive_bisection,200,189,0.03032712707326636,0.01605
29,machine_replacement,uniform,500,500,0.2111085163391514,0.13315
29,machine_replacement,active_adaptive_bisection,500,480,0.015473412107413487,0.00801
29,machine_replacement,uniform,1000,1000,0.0994882322046633,0.07841
29,machine_replacement,active_adaptive_bisection,1000,999,0.0072667477715117395,0.00384
29,machine_replacement,uniform,2000,2000,0.06813254360365362,0.04021
29,machine_replacement,active_adaptive_bisection,2000,1980,0.003700486928673266,0.00178
29,machine_replacement,uniform,5000,5000,0.02452864036630298,0.01209
29,machine_replacement,active_adaptive_bisection,5000,4968,0.0009613605876438447,0.00073
29,machine_replacement,uniform,10000,10000,0.012766701084225673,0.00519
29,machine_replacement,active_adaptive_bisection,10000,9945,0.0004824186772329764,0.0003
29,machine_replacement,uniform,25000,25000,0.004090820296378972,0.0018
29,machine_replacement,active_adaptive_bisection,25000,20076,0.0002437853175595306,0.00015
29,machine_replacement,uniform,50000,50000,0.0023249694374414265,0.00076
29,machine_replacement,active_adaptive_bisection,50000,21510,0.00012171500505953059,8e-05
29,machine_replacement,uniform,100000,100000,0.0010631487099816983,0.00045
29,machine_replacement,active_adaptive_bisection,100000,22944,6.067984880953059e-05,6e-05
29,admission_control,uniform,100,100,0.5,0.27946
29,admission_control,active_adaptive_bisection,100,79,0.10325139470013944,0.04729
29,admission_control,uniform,200,200,1.6666666666666665,0.51518
29,admission_control,active_adaptive_bisection,200,179,0.03582411210391556,0.02228
29,admission_control,uniform,500,500,0.27990981754491717,0.15298
29,admission_control,active_adaptive_bisection,500,456,0.015625,0.01009
29,admission_control,uniform,1000,1000,0.16330438034430328,0.11128
29,admission_control,active_adaptive_bisection,1000,950,0.0078125,0.00488
29,admission_control,uniform,2000,2000,0.09389307408689818,0.05237
29,admission_control,active_adaptive_bisection,2000,1892,0.0045983353648049174,0.00262
29,admission_control,uniform,5000,5000,0.05529718085163149,0.02486
29,admission_control,active_adaptive_bisection,5000,4970,0.0014544583116271822,0.00054
29,admission_control,uniform,10000,10000,0.048503449641251056,0.02287
29,admission_control,active_adaptive_bisection,10000,9868,0.0006715350974002554,0.00023
29,admission_control,uniform,25000,25000,0.04644089620739421,0.02197
29,admission_control,active_adaptive_bisection,25000,19128,0.000244140625,0.00015
29,admission_control,uniform,50000,50000,0.045938062420147266,0.02171
29,admission_control,active_adaptive_bisection,50000,20483,0.0001220703125,7e-05
29,admission_control,uniform,100000,100000,0.04597128047882604,0.02151
29,admission_control,active_adaptive_bisection,100000,21838,6.103515625e-05,4e-05
29,resource_allocation,uniform,100,100,0.4964027580075816,0.33478
29,resource_allocation,active_adaptive_bisection,100,84,0.03257011140332189,0.02433
29,resource_allocation,uniform,200,200,1.9964027580075816,0.53222
29,resource_allocation,active_adaptive_bisection,200,189,0.029997327771668858,0.01915
29,resource_allocation,uniform,500,500,0.5202931177594917,0.18253
29,resource_allocation,active_adaptive_bisection,500,480,0.014794613195531103,0.00878
29,resource_allocation,uniform,1000,1000,0.16485246969793843,0.11399
29,resource_allocation,active_adaptive_bisection,1000,999,0.007523226552722528,0.0045
29,resource_allocation,uniform,2000,2000,0.13822680025839051,0.06169
29,resource_allocation,active_adaptive_bisection,2000,1980,0.003880825502021401,0.00243
29,resource_allocation,uniform,5000,5000,0.04438053562882438,0.02485
29,resource_allocation,active_adaptive_bisection,5000,4968,0.0009706290851974053,0.00051
29,resource_allocation,uniform,10000,10000,0.03411992798061836,0.01752
29,resource_allocation,active_adaptive_bisection,10000,9945,0.0004847387479022247,0.00027
29,resource_allocation,uniform,25000,25000,0.02672168108460815,0.01742
29,resource_allocation,active_adaptive_bisection,25000,20076,0.00024340871997247104,0.00015
29,resource_allocation,uniform,50000,50000,0.0249075201642715,0.01737
29,resource_allocation,active_adaptive_bisection,50000,21510,0.00012200175837440153,9e-05
29,resource_allocation,uniform,100000,100000,0.024480445818164387,0.01723
29,resource_allocation,active_adaptive_bisection,100000,22944,6.0966602124401525e-05,6e-05
29,random_structured,uniform,100,100,0.5,0.35877
29,random_structured,active_adaptive_bisection,100,74,0.04405291040019055,0.02396
29,random_structured,uniform,200,200,1.3114919895092871,0.53656
29,random_structured,active_adaptive_bisection,200,169,0.030241989509287026,0.01716
29,random_structured,uniform,500,500,0.3709846574624742,0.16239
29,random_structured,active_adaptive_bisection,500,438,0.014798635258877868,0.00949
29,random_structured,uniform,1000,1000,0.21593598876175446,0.12606
29,random_structured,active_adaptive_bisection,1000,915,0.007666232369278908,0.00459
29,random_structured,uniform,2000,2000,0.08790390449502428,0.06004
29,random_structured,active_adaptive_bisection,2000,1968,0.003777660989233489,0.00238
29,random_structured,uniform,5000,5000,0.07400604712415593,0.02161
29,random_structured,active_adaptive_bisection,5000,4926,0.0009621036238028693,0.0004
29,random_structured,uniform,10000,10000,0.027053996130235736,0.00769
29,random_structured,active_adaptive_bisection,10000,9873,0.0004827299100396143,0.00024
29,random_structured,uniform,25000,25000,0.006513618732029158,0.00201
29,random_structured,active_adaptive_bisection,25000,18276,0.0002432538112545346,0.00012
29,random_structured,uniform,50000,50000,0.002327431333667307,0.00101
29,random_structured,active_adaptive_bisection,50000,19560,0.0001216125020343517,2e-05
29,random_structured,uniform,100000,100000,0.0014351276358406384,0.00084
29,random_structured,active_adaptive_bisection,100000,20844,6.08638653890603e-05,1e-05
