x,z,method
0.7111139022616657,-0.4786187933727234,active boundary sampling
0.05629783366968444,-0.05598426883636344,active boundary sampling
0.22394735705224633,-0.731849072593745,active boundary sampling
0.6190040688905447,-0.42006819169999643,active boundary sampling
0.9993621027636999,-0.5353402407887622,active boundary sampling
-0.4761492941205496,0.9000020836241855,active boundary sampling
-0.03941422808043926,-0.5256843084932583,active boundary sampling
-0.27798132089266936,0.7522228749892674,active boundary sampling
0.6879576323908876,-1.0,active boundary sampling
0.19322137007380946,-0.723798772005093,active boundary sampling
-0.9946995231946254,1.0,active boundary sampling
0.4104717535084663,-0.8643856850687952,active boundary sampling
0.09425752765502193,-0.08459229419505093,active boundary sampling
0.6389436029395679,0.10718417614876494,active boundary sampling
0.4112587371122087,-0.3241523062306405,active boundary sampling
-0.6173797874277631,0.44437748189663184,active boundary sampling
0.2342570046918786,-0.7767680163407737,active boundary sampling
-0.11775810815127796,0.08301122489128676,active boundary sampling
0.8289546388108346,-1.0,active boundary sampling
-0.12227912728375556,0.6209169590268128,active boundary sampling
-0.21557471033919584,0.12846226355769624,active boundary sampling
-0.30068824630770674,0.777492974214545,active boundary sampling
-0.48224531866464493,0.8928224309055407,active boundary sampling
0.840143950077398,-0.5092242641810376,active boundary sampling
-0.1445481898326002,-0.44360230168309034,active boundary sampling
-0.9352551397445401,1.0,active boundary sampling
0.0004408843994900824,-0.006926177447089236,active boundary sampling
0.8597486388178919,0.07479200870311382,active boundary sampling
-0.4456672959753989,-0.2021503928755796,active boundary sampling
0.9227662397338354,0.06273638314848075,active boundary sampling
-0.42090949382024956,0.8338309156127047,active boundary sampling
-0.6995993864528545,0.48025122273507814,active boundary sampling
-0.57116198035461,0.9957246021620036,active boundary sampling
-0.9700265631715088,1.0,active boundary sampling
0.14820954770580808,0.40214873140582497,active boundary sampling
0.12495821432568999,-0.1306869989460378,active boundary sampling
0.2621935744009489,0.2932484645654953,active boundary sampling
0.5314758044199348,-0.3739010373071295,active boundary sampling
0.7270715246689525,0.10008093334183327,active boundary sampling
0.12476188084839346,-0.6604291902441108,active boundary sampling
0.9985977224151135,-1.0,active boundary sampling
-0.8446249067427543,0.5281758933753501,active boundary sampling
0.7378873744644723,-1.0,active boundary sampling
0.8278001764035137,0.081233789124542,active boundary sampling
-0.6837808795797551,1.0,active boundary sampling
-0.7092425058244101,-0.11738833040878936,active boundary sampling
-0.3319940558207859,0.2470482677495377,active boundary sampling
-0.14168441593323444,0.6104461842437783,active boundary sampling
-0.527460010254593,-0.16737465067997115,active boundary sampling
-0.34692639308491247,-0.30439347376784204,active boundary sampling
-0.6282439351645692,-0.11781866816038962,active boundary sampling
-0.8137229381197633,1.0,active boundary sampling
0.45659876750933903,0.2363682687150628,active boundary sampling
0.9233567577118134,-0.5432705912197188,active boundary sampling
-0.24017877728659753,0.7078267487109419,active boundary sampling
-0.7979538717177981,-0.0350975703017737,active boundary sampling
-0.5791997730703025,0.42486163276854977,active boundary sampling
-0.8271972762473405,0.5261843564458416,active boundary sampling
0.05717123832629234,0.45858646164374156,active boundary sampling
-0.7744505406309266,1.0,active boundary sampling
-0.8708401208228431,1.0,active boundary sampling
0.9503935566479795,-0.5569811144372431,active boundary sampling
-0.363977722479768,0.8269889992272537,active boundary sampling
-0.6299045451014331,-0.1164119883092532,active boundary sampling
-0.9730170303638059,1.0,active boundary sampling
-0.8258955875072711,-0.037513995171202894,active boundary sampling
0.6985076546459785,-1.0,active boundary sampling
0.05198654764402577,-0.07399031915591826,active boundary sampling
-0.4951082860205842,-0.18562085542347367,active boundary sampling
0.621842315341842,0.15474191814235125,active boundary sampling
0.1914866230491743,0.3638728552215828,active boundary sampling
0.48597386480133964,-0.34704624223790853,active boundary sampling
0.6048905327731982,-0.42182290786972115,active boundary sampling
-0.4342449562147548,0.3131375301142206,active boundary sampling
-0.12105139577391033,0.06583736217993989,active boundary sampling
0.7112008676970716,-1.0,active boundary sampling
0.40326723374845197,-0.3164956649913629,active boundary sampling
0.12059968943897292,-0.6895879936695019,active boundary sampling
-0.4609973632297859,-0.22392169906025117,active boundary sampling
0.9468748627674479,-0.5442676500185154,active boundary sampling
-0.8780015984021439,0.5680996474709361,active boundary sampling
-0.7455524422600794,0.5139572954451962,active boundary sampling
0.8309059292069363,-0.485630176536919,active boundary sampling
-0.420319046413139,0.32559950053220443,active boundary sampling
-0.10862605094479005,-0.4670330085583185,active boundary sampling
-0.039577881887019606,0.5324444309661154,active boundary sampling
0.2477314093538181,0.32934040047707064,active boundary sampling
-0.08664456681519761,0.5699082519056775,active boundary sampling
0.38156343674746784,0.23356339301649584,active boundary sampling
0.7507062672095204,0.08557571089320837,active boundary sampling
-0.8956093529682692,0.5789015325367459,active boundary sampling
-0.17424129866920968,0.6783238676793509,active boundary sampling
0.2642417334236855,0.3207749530926777,active boundary sampling
-0.21991448398729885,-0.37277644522896186,active boundary sampling
-0.5759982722439028,-0.14760058901215098,active boundary sampling
0.3410077018790765,0.27320462489038977,active boundary sampling
-0.6251274546010763,-0.12280049773846322,active boundary sampling
-0.5884962092085289,0.9596048403489865,active boundary sampling
-0.16909849534904464,0.10253702957590291,active boundary sampling
0.17894651258228045,-0.6777486288875846,active boundary sampling
-0.37250613735721294,0.29014448988674013,active boundary sampling
-0.7083940397404995,-0.07252635448525548,active boundary sampling
-0.21627853878448233,-0.40551771159759975,active boundary sampling
0.0951741991228674,-0.10731136384207073,active boundary sampling
-0.4016558716596388,0.8308980261798882,active boundary sampling
0.5607832663724284,-0.9718105842259714,active boundary sampling
0.8161447859644007,-0.48820256163056447,active boundary sampling
-0.44934204568740754,0.3466126314683122,active boundary sampling
0.6367729048323723,-0.44999075004478,active boundary sampling
-0.4382239185043957,-0.24791910789442814,active boundary sampling
0.1527059350810911,-0.6777430860034603,active boundary sampling
-0.8233644299285188,-0.04904425157405702,active boundary sampling
0.8263823919445323,-0.4993679676993855,active boundary sampling
-0.933901466364452,1.0,active boundary sampling
0.7689881359362274,0.10100660108460938,active boundary sampling
0.33934860026751545,-0.8321613438037143,active boundary sampling
-0.711601463187499,1.0,active boundary sampling
-0.2610208276389159,0.21136064231532245,active boundary sampling
-0.1756848477204911,-0.40529276741295983,active boundary sampling
0.23643927738496306,0.34767362580961897,active boundary sampling
-0.98663382494461,1.0,active boundary sampling
-0.6091303308966582,-0.1208622016101087,active boundary sampling
0.7756082525493004,0.08453172286155779,active boundary sampling
-0.34109351543955113,0.2742712178492627,active boundary sampling
-0.49369273558259685,-0.18783158385778945,active boundary sampling
0.33185671632473146,0.29087971031749227,active boundary sampling
0.17607205432998851,0.39144396938542114,active boundary sampling
0.41591881227600314,-0.3061096893498061,active boundary sampling
-0.2604095005039293,0.7298930339973186,active boundary sampling
-0.8511158454536816,1.0,active boundary sampling
-0.7416219880063466,1.0,active boundary sampling
-0.6215866405516599,-0.11484541347833974,active boundary sampling
-0.5539524851241449,-0.15912055411963946,active boundary sampling
0.35124501851131784,-0.2653257027618652,active boundary sampling
-0.051859365632188625,0.5758018708264213,active boundary sampling
0.7821574550028356,-0.4893146880152073,active boundary sampling
-0.15958504366950588,0.09686477901141245,active boundary sampling
0.4856344343274992,-0.36580108348344975,active boundary sampling
-0.6155217109838131,0.9776738046872816,active boundary sampling
-0.861056017798042,1.0,active boundary sampling
0.9843685363639554,0.029003564888619125,active boundary sampling
-0.7340348658507072,0.5015966954650624,active boundary sampling
0.45558311211746805,-0.8911474240699561,active boundary sampling
0.7950112212381963,0.08110506560380525,active boundary sampling
0.8024964619401997,-0.4729145306114038,active boundary sampling
0.8617896329010923,-0.5163167462829367,active boundary sampling
0.8645690858530446,-1.0,active boundary sampling
0.5533942418814328,0.17130748019248201,active boundary sampling
-0.9730846320203568,0.5898927767591983,active boundary sampling
-0.6152077297409588,-0.12664730900865845,active boundary sampling
0.6818034080059536,-0.45506806508879827,active boundary sampling
0.5694952161821403,-0.3926357668638886,active boundary sampling
0.34699510794903365,-0.29919320687081064,active boundary sampling
0.41109892944633275,0.2199988349125854,active boundary sampling
0.06994108624728268,0.46145062195807235,active boundary sampling
-0.6620263475512322,1.0,active boundary sampling
-0.784123084337361,1.0,active boundary sampling
0.9774465193583286,-0.5545957110477527,active boundary sampling
0.6312960513441275,-0.4170166985444411,active boundary sampling
-0.9186138257756156,0.5695097847297165,active boundary sampling
0.29537706453643775,-0.25151130021531287,active boundary sampling
0.6601890523962355,-0.4187117262178282,active boundary sampling
-0.4572967295916728,0.377488808445196,active boundary sampling
0.518728954233622,-0.9377947844586846,active boundary sampling
-0.8444993101893632,1.0,active boundary sampling
-0.4332205390306276,0.308415311298296,active boundary sampling
0.9953784319527681,-0.5560217970505621,active boundary sampling
0.36921811557729,-0.8286888169109531,active boundary sampling
-0.4745048032526482,-0.2152860549878862,active boundary sampling
-0.5389275427419566,0.39175076533334624,active boundary sampling
-0.9592233833303545,1.0,active boundary sampling
0.08336325396145061,-0.6540000568739837,active boundary sampling
0.8638580825912838,0.053682479926195306,active boundary sampling
0.3213553845160182,-0.25029335947122633,active boundary sampling
0.2553908126673978,-0.7599301952516336,active boundary sampling
-0.2388111187166606,0.2129303194107034,active boundary sampling
0.4293017781820929,-0.3378779668191183,active boundary sampling
0.4869643653112343,-0.334886358490177,active boundary sampling
0.7148821418475286,-0.48102181862538723,active boundary sampling
0.964412698302185,-1.0,active boundary sampling
0.22085549808588345,-0.7508069624486965,active boundary sampling
-0.8395656792240414,1.0,active boundary sampling
-0.5958903693624826,-0.14137994767937886,active boundary sampling
-0.42384358823281243,0.30144154596807005,active boundary sampling
0.9876757730231911,0.057341298980386764,active boundary sampling
0.39093339394663307,-0.29868475255454524,active boundary sampling
0.1939997236987525,0.3442318420386702,active boundary sampling
-0.5258609440104434,-0.1681838111379631,active boundary sampling
-0.07170715760455626,-0.5057952708297572,active boundary sampling
0.9162773153360901,-0.5363801824553321,active boundary sampling
-0.31981300804124335,0.2397499357224451,active boundary sampling
-0.2748733281292066,-0.333218248321895,active boundary sampling
-0.3359642215121783,0.24463928963634335,active boundary sampling
-0.3210147183858594,-0.30191009244446865,active boundary sampling
-0.9335074433681803,0.012144750742492409,active boundary sampling
0.5591900951857318,-0.9737582086094076,active boundary sampling
0.5520973541699314,-0.3696388234991029,active boundary sampling
0.9004862504698545,-1.0,active boundary sampling
-0.93963835085717,0.580696383551626,active boundary sampling
-0.39032976999373914,0.2969761407053665,active boundary sampling
-0.5343745182029265,-0.18037217951203463,active boundary sampling
0.8707334103482285,-0.4890368595079823,active boundary sampling
-0.12678714532521607,-0.4409253928213806,active boundary sampling
0.3878100072180184,0.24671051822444381,active boundary sampling
-0.8513531620731758,1.0,active boundary sampling
-0.15079597290126845,0.10728187333948926,active boundary sampling
-0.8947865398455117,0.5872241720302537,active boundary sampling
0.9173222046528691,-0.5228532015302398,active boundary sampling
-0.37092116990235646,0.28754503403155846,active boundary sampling
0.9956401685707912,-1.0,active boundary sampling
-0.6440450305578791,0.9793733665240987,active boundary sampling
-0.6007216907345139,0.9905788116871213,active boundary sampling
0.4931080892546036,-0.9250262330347797,active boundary sampling
-0.6286915202151155,1.0,active boundary sampling
-0.09069448675398561,-0.5051682600992415,active boundary sampling
-0.2502872738632338,0.7243650424362468,active boundary sampling
0.7823021426362438,-0.48196417095754995,active boundary sampling
0.9375280747887396,-1.0,active boundary sampling
0.4764028354978229,0.20504482351947112,active boundary sampling
0.40828954503739046,0.23415948643329404,active boundary sampling
-0.5228793988490668,-0.17098010419806534,active boundary sampling
-0.9009234151694796,1.0,active boundary sampling
0.02316618004993609,-0.5740174424613578,active boundary sampling
-0.9706596245144763,0.5409530431815253,active boundary sampling
0.15775183893598177,-0.1687162735494129,active boundary sampling
-0.050352370149340464,0.014360177365086081,active boundary sampling
-0.544306316947333,-0.17352106952996557,active boundary sampling
0.20151982785488842,-0.16796965824682147,active boundary sampling
-0.7186883249633931,0.5054539991488711,active boundary sampling
-0.28931648704201396,-0.3252552229355667,active boundary sampling
-0.9520838648867924,0.03051489208080648,active boundary sampling
0.8301455861137554,-0.5128160710273846,active boundary sampling
0.5008539208651857,-0.9123079666703439,active boundary sampling
0.38530608626075025,-0.2829660845326755,active boundary sampling
0.2575329932870254,0.33920579563715153,active boundary sampling
0.7443138759373245,0.11315678139863175,active boundary sampling
-0.7372589191191632,0.5348980409257166,active boundary sampling
0.32794991976818033,0.26435533743080475,active boundary sampling
-0.23783616991353118,-0.3811736467744334,active boundary sampling
0.6270363410300857,-1.0,active boundary sampling
0.34986162972756407,-0.2768956898722325,active boundary sampling
-0.40654349366777964,-0.22955203099648133,active boundary sampling
0.3124573620874105,-0.841817658771811,active boundary sampling
-0.14706288533851142,-0.4388193815893932,active boundary sampling
-0.8658119126857675,-0.0025877917100286738,active boundary sampling
-0.7128586516183368,-0.10053298113452197,active boundary sampling
-0.23072692027953945,0.15963114633934503,active boundary sampling
0.7421679706227582,-0.46693942667738453,active boundary sampling
-0.629475205812094,0.991266740888553,active boundary sampling
0.39973876402904107,-0.3128703294661372,active boundary sampling
0.21904724663804376,0.35597167860052187,active boundary sampling
0.6026693746727183,0.14639251663315656,active boundary sampling
0.16580295810442092,-0.17119705646662434,active boundary sampling
0.4459197600797833,-0.3379336514542809,active boundary sampling
-0.9985356117039599,-0.007809527014650142,active boundary sampling
0.12014849464264188,-0.676894348289532,active boundary sampling
-0.3246187620109158,0.2696559782434341,active boundary sampling
0.5524770399852212,-0.389001185873856,active boundary sampling
0.2683346279599359,-0.7620088929602735,active boundary sampling
-0.10964984822473012,0.07051733971243948,active boundary sampling
-0.18582720045776457,0.1564977856382019,active boundary sampling
0.6544649603211818,-0.4340025966940716,active boundary sampling
0.6300942811173711,0.13727841135904956,active boundary sampling
0.7459766983637854,-1.0,active boundary sampling
0.48011349858605135,-0.9152996375534588,active boundary sampling
-0.1804395154685965,0.11424973826432296,active boundary sampling
-0.6313521204584212,1.0,active boundary sampling
0.4076447790946125,-0.880524633486737,active boundary sampling
-0.4867819711742034,0.9281698440673006,active boundary sampling
0.761863268057791,0.11030688665408941,active boundary sampling
-0.8752082253773883,-0.025699542907261765,active boundary sampling
-0.10270337486764491,-0.4910487371593957,active boundary sampling
-0.9183186759623618,0.6034086181425506,active boundary sampling
-0.15763759516752174,0.652697139168778,active boundary sampling
-0.439341071306671,-0.1934888233232902,active boundary sampling
0.7744235653667639,-1.0,active boundary sampling
-0.5217162563786573,0.38546120917541427,active boundary sampling
0.5411240689916672,-0.9667144076252521,active boundary sampling
-0.5275756075652203,-0.170164997567024,active boundary sampling
0.24814600007021292,-0.2048357355113221,active boundary sampling
0.2978326604584767,-0.8062495216369288,active boundary sampling
-0.9091856003714887,1.0,active boundary sampling
-0.5702743067273981,0.9866571488122877,active boundary sampling
-0.4347949952419923,0.8765772442660325,active boundary sampling
-0.8124758616477132,0.5249770239975943,active boundary sampling
0.20973114930855874,-0.17839951452152233,active boundary sampling
-0.16115978196794156,-0.3997279057992622,active boundary sampling
-0.896540992506222,0.016579613641792106,active boundary sampling
-0.7291485376149707,1.0,active boundary sampling
-0.7503857929233926,0.4963924285793132,active boundary sampling
-0.8614269389240334,1.0,active boundary sampling
-0.7933576831100122,1.0,active boundary sampling
0.8111563272437883,0.08808510642109843,active boundary sampling
0.31971271677355206,0.2764925199377499,active boundary sampling
-0.5099041113594343,0.3885521587415127,active boundary sampling
0.012644438346850695,0.5164600574986402,active boundary sampling
-0.9695186044143471,0.5828993660644832,active boundary sampling
0.31245438692655947,-0.7938639134064699,active boundary sampling
0.9272861837583635,-0.5547849731946061,active boundary sampling
-0.1791769629617912,-0.4191711374523385,active boundary sampling
-0.10703124269401232,0.08428981555037837,active boundary sampling
0.83216676285591,0.06153845738025213,active boundary sampling
-0.08582444883285767,-0.4954604086101342,active boundary sampling
0.05369145166754219,-0.5961775388510747,active boundary sampling
0.4522564984135089,0.22900885362903953,active boundary sampling
0.588113568650771,0.1438542148008152,active boundary sampling
0.22946269847033585,-0.7407733228470474,active boundary sampling
-0.7137826013537389,-0.08930853788011764,active boundary sampling
-0.19998055295706174,0.12759669059230463,active boundary sampling
0.3763523467535981,-0.2884535533792652,active boundary sampling
-0.9168862463669782,-0.0036698324033377135,active boundary sampling
0.1072644555010076,-0.11632459908196302,active boundary sampling
-0.9556381837383399,0.5948035502343111,active boundary sampling
0.8149001407435692,-0.5049795835705193,active boundary sampling
-0.7225821708658964,1.0,active boundary sampling
0.8981881479302665,-0.5383223179551836,active boundary sampling
0.727950324154238,-1.0,active boundary sampling
-0.8094762755467273,-0.06432102684674548,active boundary sampling
-0.029045550326570746,0.01320599400441985,active boundary sampling
-0.5036645025333988,0.35325024456712883,active boundary sampling
0.9516587009378321,-0.5363950562084648,active boundary sampling
-0.8412429061341331,0.5437886802708445,active boundary sampling
0.8070435033672665,-1.0,active boundary sampling
-0.5968236485490013,0.4294830663582085,active boundary sampling
-0.1656150718746492,-0.39313163476989954,active boundary sampling
-0.5620530149090173,-0.14358074242437902,active boundary sampling
0.05855414651179003,0.47955441768910034,active boundary sampling
0.5687130983080784,-0.3943008861511761,active boundary sampling
-0.899550379858095,1.0,active boundary sampling
0.2629704942866349,-0.7837037799950142,active boundary sampling
0.6610244002121033,-1.0,active boundary sampling
0.8478537509808961,-0.5403850496663298,active boundary sampling
0.7186028599518053,-0.4467519537649278,active boundary sampling
0.2682440701412161,0.2940017156936927,active boundary sampling
-0.6036661664773963,-0.14905672959896327,active boundary sampling
0.11106956573698556,-0.6504927553189227,active boundary sampling
0.6655324580319244,-1.0,active boundary sampling
0.8366204979790142,0.0519564285961605,active boundary sampling
0.3642813395058755,-0.8653280234885855,active boundary sampling
-0.4617285599145393,-0.19670646217533325,active boundary sampling
0.2510477188121454,0.33599454122799793,active boundary sampling
-0.7790673491612385,-0.0561991942203818,active boundary sampling
-0.37203767146947,-0.259838170570393,active boundary sampling
0.7705601311684089,-0.4842780493308303,active boundary sampling
-0.206970432892027,0.7079215046065025,active boundary sampling
0.16020749430191406,-0.6952271543156628,active boundary sampling
-0.6712611125261785,0.4706673774980728,active boundary sampling
0.5953349625192994,-0.43279364184006847,active boundary sampling
-0.17040078848224605,0.6701514051831554,active boundary sampling
-0.21598788884692222,0.15103244341488659,active boundary sampling
-0.07004446252659702,0.569132182264099,active boundary sampling
-0.5193994363835099,-0.13948017865259818,active boundary sampling
-0.06230509326837663,0.038837570612468654,active boundary sampling
0.39173678360784336,0.270077818137602,active boundary sampling
0.7860749977512673,-0.5041426549714201,active boundary sampling
-0.5760266792879389,-0.15665700553540715,active boundary sampling
0.3278746660771892,-0.310268350040228,active boundary sampling
-0.2601938617324009,0.7687065183258387,active boundary sampling
-0.046634369114259666,-0.5313406985864916,active boundary sampling
0.6523017007227359,-0.4229062491134794,active boundary sampling
-0.2631815449191386,0.19650768406170072,active boundary sampling
0.6829247115193164,0.11662632593629749,active boundary sampling
-0.6390221833111975,0.9841009789546887,active boundary sampling
-0.7930128088929458,1.0,active boundary sampling
-0.8568109281718461,0.5425504660505801,active boundary sampling
0.23854947656611847,-0.769907404240002,active boundary sampling
-0.8053864902473629,1.0,active boundary sampling
-0.09028699802605922,0.5617347698308532,active boundary sampling
-0.49765602193688263,0.9217359987001162,active boundary sampling
-0.2956310371054307,0.7853637744018407,active boundary sampling
-0.8518107705296536,0.5655964561088072,active boundary sampling
0.560144286414151,0.15973132746537516,active boundary sampling
0.720155205135308,-1.0,active boundary sampling
0.24817532438885404,0.3618910958014052,active boundary sampling
0.6867653184839928,-0.45193614195587556,active boundary sampling
0.4370580829386377,0.22958032634161724,active boundary sampling
0.4589805299286873,-0.33851687360584337,active boundary sampling
0.7536362951108946,-0.4668326016144691,active boundary sampling
-0.7152802573437729,-0.05825608124769474,active boundary sampling
-0.15878233180869206,-0.43300781316490333,active boundary sampling
-0.914156607445699,1.0,active boundary sampling
0.7507458532853617,-1.0,active boundary sampling
0.4795916418399355,-0.36789393418829386,active boundary sampling
-0.594339301370671,0.9980503616014137,active boundary sampling
0.5835740884586429,-0.9561373161778994,active boundary sampling
-0.0015747559424097446,0.4899054863490144,active boundary sampling
-0.15202451718347287,-0.4523499593340442,active boundary sampling
0.6501874617486936,-0.4486590701018955,active boundary sampling
-0.9268477945109839,-0.0029279578553624225,active boundary sampling
-0.1278658118569307,0.6409202593038308,active boundary sampling
0.7260989266934987,-0.4684822544403862,active boundary sampling
0.5772103241855693,0.1515358366614273,active boundary sampling
0.7653479528377443,-0.49979580385210287,active boundary sampling
-0.5693254012669986,0.4391828980799437,active boundary sampling
0.21989545212049189,0.3572560789181128,active boundary sampling
-0.7111072848276101,-0.08612000482611057,active boundary sampling
0.42381247190884497,-0.888347926834019,active boundary sampling
-0.002625796340090192,0.5311605421712797,active boundary sampling
-0.35917178991554155,0.8062464322005235,active boundary sampling
0.016090431710445996,-0.5707685499244396,active boundary sampling
-0.8685418936641354,1.0,active boundary sampling
0.7224011954892307,-1.0,active boundary sampling
0.0008014434091949685,-0.5723309960929912,active boundary sampling
0.9731318898096963,-0.010929105980297137,active boundary sampling
0.3862056828000222,-0.2724603720205644,active boundary sampling
-0.9243071360297241,1.0,active boundary sampling
-0.48131019911607953,0.3653810979774237,active boundary sampling
-0.6615117252526705,-0.11185096855338768,active boundary sampling
0.7397206663511482,0.07546256156532187,active boundary sampling
-0.5441642384132044,0.4040698206260786,active boundary sampling
0.7728332961692255,-0.4930217354080213,active boundary sampling
0.8029841347661233,-1.0,active boundary sampling
-0.5036075030695188,0.35075194504228874,active boundary sampling
-0.4361069241252924,0.8860155948466216,active boundary sampling
-0.6800836054330042,0.4804414765032535,active boundary sampling
-0.4914328813964248,0.3553315729430631,active boundary sampling
-0.3183391785751035,0.7872903431598282,active boundary sampling
0.2139964940725274,-0.2119554406534066,active boundary sampling
0.8283945526111505,-1.0,active boundary sampling
0.7731902974072977,0.10878858243179101,active boundary sampling
0.9651004780572328,-1.0,active boundary sampling
-0.10090062335212369,-0.48288006627304786,active boundary sampling
0.17763558951782454,-0.16527863972627954,active boundary sampling
-0.8432832791277269,1.0,active boundary sampling
-0.028740310729235663,-0.5517337688094108,active boundary sampling
0.14158496033480605,-0.11940348932562857,active boundary sampling
-0.3232201261849095,-0.30182660085754726,active boundary sampling
0.2843628358501542,0.30323110693389854,active boundary sampling
-0.3117254326591792,0.22343564411259337,active boundary sampling
0.7065837301521078,0.1276140177816798,active boundary sampling
-0.9257444528371501,0.008789055600838336,active boundary sampling
-0.9636006082775332,1.0,active boundary sampling
0.1845503926794303,-0.18938086759321054,active boundary sampling
0.2957077216553876,-0.788786027877652,active boundary sampling
0.0653465154713857,-0.6248433994448088,active boundary sampling
0.3816712062105012,-0.8622940563991324,active boundary sampling
-0.558593804943927,0.9951682691544582,active boundary sampling
-0.4442137272219193,0.3296853122903779,active boundary sampling
-0.1897013572170858,0.11946564239690101,active boundary sampling
-0.25831481953085644,0.7356302950401729,active boundary sampling
-0.8744224841803623,1.0,active boundary sampling
-0.48165203009671753,0.35496221445477916,active boundary sampling
0.7317545762310786,-0.4885198381692038,active boundary sampling
0.2647256161757421,-0.21155030958664214,active boundary sampling
-0.41202525749131547,0.8689917398365051,active boundary sampling
0.5637379881869986,-0.9692988496012552,active boundary sampling
-0.1593344536438177,0.666244081333716,active boundary sampling
-0.7818664191003237,1.0,active boundary sampling
-0.7280762899855109,-0.07172611174923701,active boundary sampling
-0.8308794447190908,0.5439041496362048,active boundary sampling
-0.6949479118488882,1.0,active boundary sampling
-0.23034668328510688,0.17625230522343122,active boundary sampling
-0.7008404874851037,-0.08138535091055683,active boundary sampling
-0.21923048644831145,0.17540146328090067,active boundary sampling
0.7394975899536123,-0.45845338962566934,active boundary sampling
0.8964946720260898,-0.539861743342922,active boundary sampling
0.054382665713522904,-0.05616459728770669,active boundary sampling
0.5458642377593159,-0.9871971386632923,active boundary sampling
0.22982318211998742,-0.7528349608708522,active boundary sampling
-0.9528846050289439,0.0034127084244863683,active boundary sampling
0.012394465934661758,-0.5386256698604472,active boundary sampling
0.017343664876541487,0.4954827470121014,active boundary sampling
0.8546871569575949,-1.0,active boundary sampling
0.8150408205938593,0.10445602734033728,active boundary sampling
0.7654545602009455,-1.0,active boundary sampling
-0.05229164504238892,0.5665809085949562,active boundary sampling
0.7522865242861558,0.10045981172104214,active boundary sampling
0.039753171249312214,0.4479887079582333,active boundary sampling
-0.9682813308144758,0.5968313452734066,active boundary sampling
0.2537456579568498,0.33933761623478587,active boundary sampling
-0.9669069502934546,-0.011455268054632815,active boundary sampling
0.5040981413661345,-0.9207955368300714,active boundary sampling
-0.7261437578130097,0.49916233178993785,active boundary sampling
-0.5708766695642526,-0.13063823759481694,active boundary sampling
0.9683797491432922,0.04211486153294387,active boundary sampling
-0.15256736595447884,0.10159471011540752,active boundary sampling
-0.734940365373211,-0.05428092856526756,active boundary sampling
0.8316359409843992,0.0758543805884365,active boundary sampling
0.2950086019878846,-0.7969161230756417,active boundary sampling
-0.9879537951132293,1.0,active boundary sampling
-0.939279531663672,0.0023224690082978136,active boundary sampling
-0.878516348658551,1.0,active boundary sampling
0.8826092176758973,-1.0,active boundary sampling
0.9275577248316063,0.039031387076908855,active boundary sampling
0.9501028556646678,-0.5438566627421124,active boundary sampling
-0.39162098747933927,-0.2463033556996773,active boundary sampling
-0.3597839905929032,0.28623808374201526,active boundary sampling
0.7082316148183365,0.1038207375313248,active boundary sampling
0.4474817071950139,-0.3163057460991562,active boundary sampling
-0.30747861719615055,-0.30642091306286284,active boundary sampling
-0.7105416216871692,0.4671165715434503,active boundary sampling
0.9840452715733721,-0.5628394961233545,active boundary sampling
-0.35667520718828416,0.29707165299919497,active boundary sampling
0.2750056761122306,-0.8115523528267998,active boundary sampling
-0.06978936965135385,0.5796875628360502,active boundary sampling
-0.10805955213158946,0.07538895402045595,active boundary sampling
-0.8840398411705821,-0.025818336763070292,active boundary sampling
-0.8998007104164236,1.0,active boundary sampling
0.9238205807844908,-1.0,active boundary sampling
0.9042656180600084,0.08252610918590571,active boundary sampling
-0.12451552320448078,0.6467191223296791,active boundary sampling
-0.205324240387456,0.1619226124715121,active boundary sampling
0.8460909275883615,0.07214230481053692,active boundary sampling
-0.9945097662541225,0.5868868832887109,active boundary sampling
0.45251675069629615,-0.3540968055040422,active boundary sampling
0.24168761820095663,-0.7676504514683689,active boundary sampling
-0.009146016009708546,-0.5543950564705128,active boundary sampling
0.7901174546140599,-1.0,active boundary sampling
-0.2364186034277569,0.16232453506221525,active boundary sampling
0.28978732804689455,-0.22884857423484484,active boundary sampling
0.3697206723998925,0.23768029957380485,active boundary sampling
0.4371926901171872,0.22836274606152335,active boundary sampling
-0.40910380455096895,0.8630654256267094,active boundary sampling
0.5403028265030783,-0.9466005108431534,active boundary sampling
-0.06675982904070299,0.04302878085238757,active boundary sampling
-0.5665671593490045,-0.1510307328635422,active boundary sampling
0.3179233950624585,-0.27640992821131455,active boundary sampling
-0.9934387292227282,0.02990964741061398,active boundary sampling
-0.20043719519632908,-0.3771761263905699,active boundary sampling
-0.004920011248245482,-0.5508630795828926,active boundary sampling
-0.6983041720827128,0.47566339502030436,active boundary sampling
-0.47883461176598385,0.9061278068736717,active boundary sampling
0.34182303955780124,0.28976666196172834,active boundary sampling
-0.6927926317243622,-0.10903023302547758,active boundary sampling
-0.4597094660367509,0.3297857837261391,active boundary sampling
-0.3886255864525252,0.27624261778235903,active boundary sampling
0.27705439976573065,-0.7847012201470058,active boundary sampling
0.5999784677093434,-0.42757998691151433,active boundary sampling
-0.7336432180423664,-0.07810546061509284,active boundary sampling
0.08872144900849599,0.45851028265959226,active boundary sampling
0.7482649403838066,-0.4741399327587396,active boundary sampling
-0.5318575496167539,-0.16651706617046827,active boundary sampling
-0.3482618031439981,0.2599700612752965,active boundary sampling
0.642987000046098,0.11403168239386208,active boundary sampling
0.7747287985310614,-0.4882857627300468,active boundary sampling
-0.05725647973415948,-0.5039290536040496,active boundary sampling
-0.32613959622125455,-0.27187654320354804,active boundary sampling
-0.7033749665096805,1.0,active boundary sampling
-0.5601848482495615,0.960663240483061,active boundary sampling
-0.9657142309358238,0.5890721120338006,active boundary sampling
-0.500677860358292,0.925913918208351,active boundary sampling
0.37224059230834716,-0.8458797597822831,active boundary sampling
-0.13050986279765842,0.09658204299598538,active boundary sampling
0.02764674927298416,-0.5600651122878225,active boundary sampling
-0.12961255625646406,0.09211295671130276,active boundary sampling
0.4467102430976828,-0.31966824975457975,active boundary sampling
0.2804878429732309,-0.791900419339732,active boundary sampling
-0.21493578123920143,0.6860454718048934,active boundary sampling
0.2310043312196286,-0.20337345975220164,active boundary sampling
0.039389147645183975,-0.07998373957147861,active boundary sampling
0.5175035414877363,-0.38297431266945225,active boundary sampling
-0.9380056323796426,0.569770621650457,active boundary sampling
-0.9524533150690198,-0.0075248768626666965,active boundary sampling
-0.8509568683445285,0.5332194264657533,active boundary sampling
0.010589289475492203,0.5065281171121322,active boundary sampling
0.007315690595308455,0.5252268424895563,active boundary sampling
-0.9095163449251591,0.5516301889503589,active boundary sampling
-0.513889833326223,0.9390089196904662,active boundary sampling
-0.9798585164579592,1.0,active boundary sampling
0.794834594946908,0.0880057446925576,active boundary sampling
0.9843069610494022,-0.5385178685407735,active boundary sampling
-0.9931659251746909,1.0,active boundary sampling
-0.38852703906808395,-0.24642321373471812,active boundary sampling
-0.15111046045624987,0.10009366114556473,active boundary sampling
0.9044081205372196,-0.5445291006059414,active boundary sampling
-0.18577124138133327,-0.416954222597916,active boundary sampling
0.06430269437683123,-0.6277909659235827,active boundary sampling
-0.4736062471102196,0.8919926791331326,active boundary sampling
0.48305939712403756,-0.3599878698052661,active boundary sampling
0.7104348405478849,-0.43001433225520674,active boundary sampling
0.3002187825171254,-0.24088130178819744,active boundary sampling
0.4582503569852874,0.20038149705462283,active boundary sampling
-0.05753194198208922,0.5765505285036023,active boundary sampling
0.0025849674637723474,0.5164325473568847,active boundary sampling
0.37952177542830534,-0.3112766048391421,active boundary sampling
-0.2648765866469882,-0.3583150943429803,active boundary sampling
-0.7817766166124891,-0.04063515958901373,active boundary sampling
0.2191470231608601,0.3368157805098,active boundary sampling
-0.6114247055871933,0.4563703000390772,active boundary sampling
-0.7019325473638558,1.0,active boundary sampling
0.20732582908530084,-0.22784640223425445,active boundary sampling
-0.4409157431931685,0.32881347797425775,active boundary sampling
-0.016717198279018408,-0.5714775512636685,active boundary sampling
0.7067750823208458,-1.0,active boundary sampling
0.3164141706814705,-0.8300116223017068,active boundary sampling
0.9675224952659787,-1.0,active boundary sampling
-0.6157794193971562,0.44814105286827977,active boundary sampling
-0.8243248471184073,0.5208522004124319,active boundary sampling
0.5513425282079027,-0.9561811753420795,active boundary sampling
0.39247816182722794,-0.8782201803134444,active boundary sampling
-0.8268839953724318,0.5251321428797902,active boundary sampling
-0.024054469034640036,0.543096033474974,active boundary sampling
0.9564112009830417,-1.0,active boundary sampling
-0.6150085907903753,0.42135876299097985,active boundary sampling
-0.4933127715491801,0.9297677341616041,active boundary sampling
-0.8391698509409007,1.0,active boundary sampling
-0.9017883876303088,0.0104154593774731,active boundary sampling
0.3225446020507703,-0.25345539604858175,active boundary sampling
-0.9677973256456909,0.015514745982357537,active boundary sampling
0.7495607249513903,0.09904416686493621,active boundary sampling
0.5322898117860866,-0.9515527619138249,active boundary sampling
0.998371553387398,-1.0,active boundary sampling
0.7349759214588576,0.1263951953601796,active boundary sampling
-0.7052023380922345,-0.08521255587625845,active boundary sampling
0.20193564742775116,-0.19393822981627323,active boundary sampling
0.32211529285470863,-0.8358865296088309,active boundary sampling
-0.4630090129001061,0.8852087785505175,active boundary sampling
0.3222231202321624,0.26409413065545556,active boundary sampling
-0.23708474810316904,-0.3848559210264267,active boundary sampling
0.21622329055763356,-0.20022453155968212,active boundary sampling
0.4563000655432774,0.20332818834315666,active boundary sampling
0.14752569791521997,-0.1459858823358371,active boundary sampling
-0.5040210608228608,-0.188211778502238,active boundary sampling
0.7088716699344402,0.13048248330299725,active boundary sampling
-0.6136714510866224,-0.10205101799562963,active boundary sampling
-0.06469727894373878,0.5627743482388199,active boundary sampling
-0.5899380046078,0.9543881214045062,active boundary sampling
0.055047733348617456,0.4932430781672652,active boundary sampling
-0.23121215432019193,-0.3687974679915354,active boundary sampling
0.35058401632467096,0.24627297485093835,active boundary sampling
0.6523441785318385,-1.0,active boundary sampling
-0.4560787098180157,-0.22842087574623907,active boundary sampling
-0.5061378383620341,0.950600037209547,active boundary sampling
0.21603876164060964,-0.1997965634853399,active boundary sampling
0.2208119957335717,-0.1841158135082573,active boundary sampling
-0.11941537460920171,0.603879825799687,active boundary sampling
0.4632832109001761,-0.36388363874945223,active boundary sampling
0.6680633771501836,-0.45333305582509154,active boundary sampling
0.8377531049482783,-0.506233307474513,active boundary sampling
0.0014463130086359577,-0.5652027431879189,active boundary sampling
0.8817561334786275,-1.0,active boundary sampling
-0.3434208050077412,0.2586012792789855,active boundary sampling
-0.9540009105565521,0.573836068936208,active boundary sampling
0.6979285779403994,0.1166489607552033,active boundary sampling
0.29577518019507076,-0.2413430199588735,active boundary sampling
0.1910132324524081,-0.6918754217676006,active boundary sampling
0.9409888351313664,-1.0,active boundary sampling
-0.7206479697972434,-0.08381841616609076,active boundary sampling
0.1755793985070182,-0.17774825961847468,active boundary sampling
-0.9862359071083711,1.0,active boundary sampling
0.8518640827811375,-0.5102366754615022,active boundary sampling
-0.5972549626669401,0.4173210683159716,active boundary sampling
0.26471585920835516,0.3580580640572238,active boundary sampling
-0.6805273714055562,0.4797253274453801,active boundary sampling
-0.5079198321890588,0.9269449059479196,active boundary sampling
-0.0187082653524262,-0.011379505534504269,active boundary sampling
-0.02377994146559348,-0.5222021819459447,active boundary sampling
-0.4535022578233223,-0.22061949031263672,active boundary sampling
0.15207016538805695,-0.14719749856043335,active boundary sampling
-0.6341594418718219,0.47587014361831165,active boundary sampling
-0.1296222273866785,0.10216790313318147,active boundary sampling
0.042678018304881826,-0.6034339947888036,active boundary sampling
-0.4426092033634428,-0.22119057992876162,active boundary sampling
0.9998975197834767,-0.5563461118707644,active boundary sampling
0.5307243878134382,-0.9860361794076273,active boundary sampling
0.7010430179219853,0.13565719846580496,active boundary sampling
-0.29306636120603313,0.1945270936301454,active boundary sampling
0.4763008677262275,-0.33376798715850337,active boundary sampling
0.4258860525233161,-0.9098441707968111,active boundary sampling
0.15496221190198245,-0.11646322949358019,active boundary sampling
0.34236710257164815,-0.8385941030339027,active boundary sampling
0.3426971831103538,-0.26513122301998665,active boundary sampling
0.6888777015640848,-1.0,active boundary sampling
-0.527824128441527,0.9372837250362291,active boundary sampling
0.2286812237450777,0.34174550035734325,active boundary sampling
-0.4636912509434983,0.8814217162512269,active boundary sampling
-0.33258693999983446,-0.32081881720832184,active boundary sampling
0.44683817950584004,-0.35002282781782246,active boundary sampling
-0.20311876788504035,0.14356234453402872,active boundary sampling
-0.568929788824426,0.4307963152482302,active boundary sampling
-0.6176625717523605,0.9827919048682439,active boundary sampling
0.839918774968931,-0.519796490318575,active boundary sampling
-0.9696867781643872,0.016510972643943713,active boundary sampling
0.7604984214048716,-0.4729081720024734,active boundary sampling
-0.7836099034180803,0.5348550870349691,active boundary sampling
-0.16108698910614594,0.6616629869379101,active boundary sampling
-0.7357001798428713,1.0,active boundary sampling
-0.914850061664239,0.5740769037299631,active boundary sampling
0.594656918521673,0.1674890495795374,active boundary sampling
-0.21578760810623976,0.17976685020379404,active boundary sampling
0.4503268384923851,-0.3474435188482515,active boundary sampling
0.06339134552060988,-0.6156793242942121,active boundary sampling
0.6123774973597471,0.1622148325543459,active boundary sampling
-0.3933757406190508,0.2876025286477542,active boundary sampling
-0.919557157444469,0.5711630153797688,active boundary sampling
-0.5141389597980743,0.9486862726978967,active boundary sampling
-0.9498359881601603,-0.00584441856853701,active boundary sampling
-0.9050029111931404,1.0,active boundary sampling
0.3170213262351693,-0.2691036945420857,active boundary sampling
-0.8984808855309065,1.0,active boundary sampling
-0.7252554812587824,-0.06491509075927751,active boundary sampling
-0.2634628657473004,0.19526041025217689,active boundary sampling
0.20004010411039763,-0.7443934628203441,active boundary sampling
-0.15859266610403955,0.658323847497217,active boundary sampling
-0.1979407795812298,0.689719827088781,active boundary sampling
-0.6064669941519301,0.425627593445236,active boundary sampling
0.763062791491965,-1.0,active boundary sampling
0.9041538455818086,-0.5364480946871228,active boundary sampling
0.5983166084466751,-0.9775255859762383,active boundary sampling
-0.5021928697958631,-0.1676585664115965,active boundary sampling
0.5436799597900914,0.16966069734075978,active boundary sampling
0.6226028038414095,-0.4228880480968799,active boundary sampling
0.9568081096917753,-0.5273631216708133,active boundary sampling
0.7849068276434965,-1.0,active boundary sampling
-0.37735630540996357,0.830226947639104,active boundary sampling
0.9685275332595424,-1.0,active boundary sampling
0.07210787117909256,-0.6128156683894277,active boundary sampling
0.10778053871121385,0.4632882689963264,active boundary sampling
0.4259576348270635,-0.8914816554899953,active boundary sampling
0.8311123661196713,-1.0,active boundary sampling
-0.7658572194249065,0.50281874976028,active boundary sampling
0.5803669172404695,-1.0,active boundary sampling
-0.22315615061643101,0.17332991337312223,active boundary sampling
0.3215869510628979,0.3232178827198772,active boundary sampling
0.9984510842868555,-1.0,active boundary sampling
-0.036567490552864124,0.5958886331952916,active boundary sampling
0.6804944907634378,0.11523849689146697,active boundary sampling
0.7629378443683121,0.09745878402606535,active boundary sampling
-0.5080155763577741,0.4102061407456157,active boundary sampling
-0.8937168776540731,0.0065870580747680076,active boundary sampling
-0.7994138185951261,-0.014515913692813048,active boundary sampling
0.7300686322764605,0.14578501960150825,active boundary sampling
0.7983627959116897,0.0746045509831516,active boundary sampling
0.4757416027963801,-0.9231071682072599,active boundary sampling
-0.5671629747015545,0.989101327967808,active boundary sampling
0.873348420344443,-1.0,active boundary sampling
0.9791363555913775,0.02343922015103736,active boundary sampling
-0.2289962544178772,-0.38983948970793425,active boundary sampling
0.12418613006225776,-0.6813782702758524,active boundary sampling
0.3526171912428566,-0.8415522810072965,active boundary sampling
0.6906193623970782,0.11852564294822195,active boundary sampling
0.8906192707878751,-0.5219119676476458,active boundary sampling
-0.6597587627900692,0.48770525040449825,active boundary sampling
0.943618637462813,-0.5530710721505429,active boundary sampling
-0.3004952087292436,-0.3442341593093035,active boundary sampling
0.918273574375833,-0.5278508005432216,active boundary sampling
-0.19501047817605643,0.6831750740365139,active boundary sampling
-0.1643761739930285,0.6492796526197199,active boundary sampling
0.25004006623820696,-0.2330251603469665,active boundary sampling
0.21224616194959411,-0.741335720886862,active boundary sampling
-0.9901314459861623,0.007605101637873188,active boundary sampling
-0.9342822518615694,0.5791970343082035,active boundary sampling
0.275053230437839,0.3201060146639238,active boundary sampling
0.4320195081898224,0.22724831110994284,active boundary sampling
-0.5960699975912289,0.4201721337661419,active boundary sampling
0.6740160611951176,0.13397021717337107,active boundary sampling
0.2797638128612365,-0.7949991910330455,active boundary sampling
-0.025410374943008796,-0.009387130458449472,active boundary sampling
0.43966089854465795,0.2118976859389192,active boundary sampling
0.5135269172965853,-0.3775446522902704,active boundary sampling
0.4541772506647368,-0.36560613202851183,active boundary sampling
0.2926946001821591,0.3062483514815706,active boundary sampling
0.9421984249981754,-1.0,active boundary sampling
0.1523676666594218,0.3934700818501429,active boundary sampling
-0.8755670578739727,0.5559769693649202,active boundary sampling
-0.2936799927929481,0.19142533191567124,active boundary sampling
-0.8342311822792379,1.0,active boundary sampling
0.22714092281560827,0.38374670567915314,active boundary sampling
-0.3395157834569622,0.805373924462096,active boundary sampling
-0.6813415871363531,0.4917782880014944,active boundary sampling
-0.36142940508430277,-0.24744969588825416,active boundary sampling
0.9056352887719585,-1.0,active boundary sampling
-0.19234471262890507,-0.37604484638045993,active boundary sampling
-0.5158197879426418,0.3991285314418587,active boundary sampling
-0.9897953941911073,1.0,active boundary sampling
-0.9184899044884647,0.0003485445027368054,active boundary sampling
-0.6768059865727389,-0.11604246403313108,active boundary sampling
-0.8912826421004847,0.005516857404903305,active boundary sampling
0.42681043537769026,0.2093711689383003,active boundary sampling
-0.3065280416754572,0.23173195501645286,active boundary sampling
-0.362030670866597,0.23730206304870033,active boundary sampling
0.3820272546889132,-0.8821021764875783,active boundary sampling
-0.7418868865255621,1.0,active boundary sampling
0.7776200517539209,-1.0,active boundary sampling
-0.9456718688634644,-0.00103295768004745,active boundary sampling
0.359154600187908,-0.2905757206871744,active boundary sampling
0.5628139910023664,0.17738517035337917,active boundary sampling
0.1405812498546548,-0.6581267223366136,active boundary sampling
0.54383751876214,-0.41002357919098253,active boundary sampling
-0.7100898614257842,-0.09550283049073822,active boundary sampling
0.6644883327991202,-1.0,active boundary sampling
0.5078519215373161,-0.3600085304805277,active boundary sampling
-0.47525604752464745,0.8874777630081181,active boundary sampling
0.6975913294727689,-0.4312783335147726,active boundary sampling
0.21649900779365194,0.33318836590446715,active boundary sampling
-0.4473247359228403,-0.24249279524208242,active boundary sampling
-0.32532142706948997,-0.27904984633280483,active boundary sampling
0.6459535331802768,0.1368592718827608,active boundary sampling
-0.3302406816147878,0.8037192062409154,active boundary sampling
0.13859727439073644,0.41995883186617117,active boundary sampling
-0.14377672032621502,0.08004341669867879,active boundary sampling
0.7413289518488573,-0.4560934926512208,active boundary sampling
-0.5095418059579764,0.3884432586836704,active boundary sampling
-0.10742228949704247,0.6139769004366048,active boundary sampling
-0.2694545931560737,0.7497331502924545,active boundary sampling
-0.11844533627145792,0.623012993463892,active boundary sampling
0.9336112950018782,-0.5528002945911477,active boundary sampling
0.8337094117321828,-0.5111855865464323,active boundary sampling
-0.6261305507161108,1.0,active boundary sampling
0.8101477246621422,-1.0,active boundary sampling
0.9848727371057495,-0.553240648997836,active boundary sampling
0.4558792949208341,0.2155227147949574,active boundary sampling
-0.4400642200913687,0.8853203263131603,active boundary sampling
0.6482080633377698,-0.4321108620095285,active boundary sampling
0.14787213414438005,-0.14061263793558293,active boundary sampling
0.7967743221437145,0.09576621956124574,active boundary sampling
0.38279486351942116,-0.8686128556345147,active boundary sampling
-0.6982470923381794,-0.07935740741531537,active boundary sampling
0.0537290463328266,0.49170163322856736,active boundary sampling
0.5667790269996742,-0.4084708300601703,active boundary sampling
-0.10186409381809658,-0.4490319132704412,active boundary sampling
0.09273707744544923,0.4309827042389305,active boundary sampling
0.5935045713093452,-0.9707367504954154,active boundary sampling
0.14618558632197654,-0.10667142317642062,active boundary sampling
-0.485420365204011,-0.16788501865354907,active boundary sampling
0.6855302710275439,-1.0,active boundary sampling
0.08051278240331539,-0.06826292794223421,active boundary sampling
-0.8536273938459942,-0.031188953287406375,active boundary sampling
0.3298548349844146,-0.2471174824855893,active boundary sampling
0.31504737228539703,0.28561286986621826,active boundary sampling
0.3431379803824881,-0.8380322276446894,active boundary sampling
-0.017515287879660946,-0.5725470768837237,active boundary sampling
-0.24417642032899978,-0.34333357141614973,active boundary sampling
0.8403366256382077,-0.4969806168445237,active boundary sampling
-0.2039879425268507,-0.3913288069469655,active boundary sampling
0.372606769263393,-0.28678966209962553,active boundary sampling
0.21652701419384401,-0.7256847910681986,active boundary sampling
-0.24861088846450952,-0.37655087899722656,active boundary sampling
-0.4963956785742678,-0.15335441016779497,active boundary sampling
0.3578977932098155,0.27087149594767934,active boundary sampling
0.20074332469958622,0.37450872976042343,active boundary sampling
-0.8298810627264379,1.0,active boundary sampling
-0.9500410977893796,1.0,active boundary sampling
-0.14195075945580538,-0.45418216365284897,active boundary sampling
-0.6551707379292206,1.0,active boundary sampling
0.4975046881171674,-0.9325718852563825,active boundary sampling
-0.017583123759875807,-0.5177571352822552,active boundary sampling
-0.975336527264355,-0.004072801476010406,active boundary sampling
0.8572068513394839,0.08035627601063804,active boundary sampling
0.880526945360161,0.05793029495634155,active boundary sampling
-0.07824523362040425,-0.5171772775503186,active boundary sampling
0.7892691640997607,-0.526735858104763,active boundary sampling
0.049691327542025654,0.48200208408383605,active boundary sampling
0.9041169176647292,-0.5489687492723874,active boundary sampling
-0.019477735676848962,-0.5392087835648018,active boundary sampling
0.043865511418377245,-0.05374642170432132,active boundary sampling
0.41641637731575076,-0.3354052866073014,active boundary sampling
-0.44964003742540837,-0.22036961143502865,active boundary sampling
-0.5521036176666896,0.42282325848783303,active boundary sampling
-0.2094833469370394,-0.3839007910063049,active boundary sampling
0.18044556551152624,-0.7113035256542368,active boundary sampling
0.11960878233393868,-0.06640581684552678,active boundary sampling
-0.14243933186331126,-0.42414627568770663,active boundary sampling
0.43358777219124534,0.2048697998461608,active boundary sampling
-0.6932532347462219,1.0,active boundary sampling
0.13645435050009258,0.4069074576845765,active boundary sampling
-0.5907301709629911,0.42614815814040086,active boundary sampling
0.9568815779893318,-0.549004200681863,active boundary sampling
0.11030964823495104,-0.6420394087992067,active boundary sampling
0.3783039182753307,-0.8554298634488436,active boundary sampling
0.7337872772298342,0.10614994460852348,active boundary sampling
0.9333110448187252,-0.5217722242919237,active boundary sampling
0.5011958858824592,0.18776070286475757,active boundary sampling
0.20185948368119822,0.3521644573830821,active boundary sampling
0.9562793764300754,0.04430365864612417,active boundary sampling
0.38495340506629394,-0.8733958062376955,active boundary sampling
0.425389771482509,0.26119785667719664,active boundary sampling
0.42928765809585046,0.2232588211105316,active boundary sampling
0.7360215037803548,-0.4739286091847314,active boundary sampling
0.6781995125839491,-1.0,active boundary sampling
0.37612665154943414,0.2287663913246619,active boundary sampling
-0.44720138090019845,-0.21513489901075583,active boundary sampling
0.01676144979090788,-0.6041813935381791,active boundary sampling
-0.3100076709555444,-0.2961964370809798,active boundary sampling
0.033763268257159806,-0.05338353657654366,active boundary sampling
0.7148695486700434,-1.0,active boundary sampling
-0.15494082378490348,0.116763799327902,active boundary sampling
-0.4976193868768406,-0.19181056157903673,active boundary sampling
-0.5260688727061393,-0.198987235989494,active boundary sampling
-0.12949123492890058,0.6319038215881831,active boundary sampling
0.44585825748674845,-0.33638201848413685,active boundary sampling
0.9825182927449967,-1.0,active boundary sampling
-0.8456649206835798,-0.0021087029598851996,active boundary sampling
-0.9828340461611755,1.0,active boundary sampling
0.23141057291698774,-0.7747137734288627,active boundary sampling
-0.8803925216694208,1.0,active boundary sampling
-0.4263124899738038,0.8705922758529476,active boundary sampling
-0.34625042014097773,-0.2773479590541011,active boundary sampling
0.4360215243728556,0.2280364244517813,active boundary sampling
-0.9432885139661735,-0.012628373401719616,active boundary sampling
0.969701656432743,0.016316759278781595,active boundary sampling
-0.48422204157689674,-0.20335410217682173,active boundary sampling
0.4546082613987352,0.20407762335051077,active boundary sampling
0.08744229752777,0.45532886889126045,active boundary sampling
-0.8673382175989302,1.0,active boundary sampling
-0.27151562978401067,-0.3432060539189386,active boundary sampling
-0.6854228713692072,1.0,active boundary sampling
0.7791397292870743,-0.46395680529555183,active boundary sampling
-0.42500801086696205,-0.21314167339562357,active boundary sampling
0.3737084138896887,0.2529079167241744,active boundary sampling
-0.26661434318976207,-0.32775013558818183,active boundary sampling
-0.6705031003839852,1.0,active boundary sampling
0.07588745335753333,-0.0771267976939828,active boundary sampling
-0.18028349952874323,0.676598049524937,active boundary sampling
0.2107409363598376,0.3748173141080519,active boundary sampling
-0.42335979832710136,0.32829583027693754,active boundary sampling
0.8313607589714496,0.09213811631637794,active boundary sampling
0.5497705835395756,-0.9691219028073613,active boundary sampling
-0.6123128420357855,1.0,active boundary sampling
-0.1837409986955456,0.1357730989190666,active boundary sampling
-0.47783391435136857,0.8946891455560965,active boundary sampling
0.718800586208836,-0.4950357981178239,active boundary sampling
0.14613500236909083,0.4039326463615329,active boundary sampling
0.14267532790039028,-0.17060079451345417,active boundary sampling
0.7408657585578997,0.1087703849730931,active boundary sampling
0.5980491917621706,-0.40068724638684045,active boundary sampling
-0.37806964663290454,-0.27821663072580644,active boundary sampling
-0.9350510669619829,-0.0023893293156778614,active boundary sampling
0.7435797394206474,-0.4761123761639652,active boundary sampling
0.6749665499887838,-0.993044671956013,active boundary sampling
-0.9703024978993742,1.0,active boundary sampling
-0.6420970571402811,0.45513729767752487,active boundary sampling
-0.25561912518714847,0.19349991937063327,active boundary sampling
0.7827608696145274,-1.0,active boundary sampling
-0.21942072920334255,0.17180562430351637,active boundary sampling
-0.06214521870236789,-0.5074180433405558,active boundary sampling
-0.7959995635491335,-0.05965626793509243,active boundary sampling
-0.27385604347600867,0.20341610882036978,active boundary sampling
-0.20417645292250342,0.6868878407049855,active boundary sampling
0.8600174198738793,-1.0,active boundary sampling
0.259054954854651,-0.7866548571465737,active boundary sampling
-0.8658012281912391,1.0,active boundary sampling
0.029393107624284376,0.5124387105134427,active boundary sampling
-0.7863295973362272,-0.05191546825395438,active boundary sampling
0.6389395215011044,-1.0,active boundary sampling
0.6116586090047402,-0.427776617425059,active boundary sampling
0.6182168722813164,-0.9803806130672001,active boundary sampling
-0.46432032163933035,0.35111256043183264,active boundary sampling
-0.705525652909583,-0.11384172446048291,active boundary sampling
-0.8867386628317036,0.004351920745917892,active boundary sampling
0.35786518935380496,-0.860670045860212,active boundary sampling
0.786937147554222,-0.5082899106017619,active boundary sampling
-0.6140946319294842,-0.1370773834860922,active boundary sampling
-0.4229550628783423,-0.2250758013267334,active boundary sampling
-0.6209850211439221,0.9890886225027544,active boundary sampling
0.029659008238952067,-0.05983015765703714,active boundary sampling
0.4323143411535242,-0.30395202397452653,active boundary sampling
-0.3904728694621178,0.29391797163424727,active boundary sampling
0.5890077681249235,0.12334824516828997,active boundary sampling
-0.8709202614655878,-0.0260749419885775,active boundary sampling
0.5860736521016723,-0.43148534303511227,active boundary sampling
-0.7248934364527817,-0.07272773955448575,active boundary sampling
-0.12429346029078792,0.10454640180856396,active boundary sampling
0.4973104865168365,0.22834036847808603,active boundary sampling
0.07427607076995191,-0.6303038892785474,active boundary sampling
0.8706782586412287,-0.5153724184458676,active boundary sampling
-0.7545006927568727,1.0,active boundary sampling
0.6279577060480035,-1.0,active boundary sampling
-0.41332015521391274,0.31354726727459054,active boundary sampling
0.3034772481348329,-0.8092545536725183,active boundary sampling
-0.6283914021628216,-0.1435691325186931,active boundary sampling
-0.5883495705351294,0.9759052308041559,active boundary sampling
-0.7063615605251179,0.4988489225489286,active boundary sampling
0.7659520185546649,-0.4856502769405274,active boundary sampling
-0.25713627544970796,0.7533789075782876,active boundary sampling
-0.7560092700118979,-0.08152936010194155,active boundary sampling
0.5346612226116965,0.18606127400957898,active boundary sampling
0.14703608850812566,-0.14380719594314573,active boundary sampling
0.7560821206329884,0.10749487274314204,active boundary sampling
-0.6360379680497807,0.9929133525586546,active boundary sampling
-0.7568574885461878,-0.05245708832301299,active boundary sampling
-0.5264638105247452,0.35489240872832395,active boundary sampling
0.8087628202035262,-1.0,active boundary sampling
-0.7221664627933804,-0.07719459405933199,active boundary sampling
-0.728691066891922,-0.06998377933262265,active boundary sampling
0.9911811508306043,-0.5702358511736533,active boundary sampling
-0.6297760876543568,1.0,active boundary sampling
0.5760896332293117,-0.974760377711222,active boundary sampling
0.819715233688229,-0.4859873491984277,active boundary sampling
0.3307973284705543,-0.281832533968155,active boundary sampling
-0.3300740360887289,-0.3154362726774795,active boundary sampling
-0.47473041650079484,-0.18286017910678526,active boundary sampling
0.4849596342559921,-0.3871361396197028,active boundary sampling
0.11637759196431352,-0.1330587644473818,active boundary sampling
-0.17562699789346214,0.6546441216394892,active boundary sampling
-0.44950026972302237,0.35510286925282863,active boundary sampling
0.6296783216467015,-1.0,active boundary sampling
0.5678695904156623,-0.41073620739507694,active boundary sampling
-0.12675925661695664,-0.46200072454732705,active boundary sampling
0.07065903466111645,-0.6198390142353728,active boundary sampling
-0.8049917714029171,0.5244995491633503,active boundary sampling
-0.23261001327879893,0.7182152464170167,active boundary sampling
-0.8548479933612931,0.5386576238457286,active boundary sampling
0.7225976751949688,0.10574445206975065,active boundary sampling
0.696000072404372,-1.0,active boundary sampling
-0.7279647211947129,0.4878786598800374,active boundary sampling
-0.4661744238044765,0.893935196191959,active boundary sampling
-0.5893852475315307,0.9912210095369637,active boundary sampling
-0.20702210718896352,0.6816016087781959,active boundary sampling
0.30324725402205277,-0.8169664519395978,active boundary sampling
0.4083892481799496,-0.32928267758608715,active boundary sampling
-0.46443982154293706,0.35438474351987476,active boundary sampling
-0.4426326425447178,0.3278367597534411,active boundary sampling
0.3250960034375825,-0.8419021173453869,active boundary sampling
0.10156440654045706,-0.12031665920117365,active boundary sampling
0.9488238377966001,-0.5351107683072429,active boundary sampling
0.42735010061948264,-0.3471400009130411,active boundary sampling
-0.5550416786765533,0.4088342573881147,active boundary sampling
-0.4311128697144089,-0.2028452894405983,active boundary sampling
0.3191020366232351,-0.26137993170486074,active boundary sampling
0.38345901176237573,0.21574390945053193,active boundary sampling
0.19807348435954597,-0.2013983289458595,active boundary sampling
-0.7711280935652223,1.0,active boundary sampling
0.002286714843247717,-0.01994204337698377,active boundary sampling
0.7489353440438191,0.08587908478573573,active boundary sampling
0.8373831970957311,-1.0,active boundary sampling
0.2695553163759148,0.33824315247459874,active boundary sampling
-0.24881270747930495,-0.3320432670277289,active boundary sampling
0.3456643880784458,0.29477751275121133,active boundary sampling
0.6011097250967363,-1.0,active boundary sampling
0.7228643988568269,0.11206849312547222,active boundary sampling
0.056607050805276504,-0.6119113694533435,active boundary sampling
-0.7427521093637646,1.0,active boundary sampling
0.7379521990760858,0.11240922296209792,active boundary sampling
0.6279337461213506,-0.42788924104674186,active boundary sampling
0.5426477009819342,-0.9759786303863711,active boundary sampling
0.6477599351769914,-0.4361794950543784,active boundary sampling
-0.7930338967802015,0.5429136926324707,active boundary sampling
0.9293095010679595,-0.5474466030517262,active boundary sampling
0.23659879024245423,-0.19185550144507396,active boundary sampling
0.885019220980529,-0.517139821258478,active boundary sampling
0.7254035139616244,-0.4749669852618395,active boundary sampling
-0.5559995660224109,0.41103278132810817,active boundary sampling
-0.5878778109190597,-0.12914632718258848,active boundary sampling
-0.762722949845136,0.486745855810246,active boundary sampling
0.6485864576596059,-0.4235486583362149,active boundary sampling
-0.7768774863543924,0.5252293466723345,active boundary sampling
0.8463822623614541,-1.0,active boundary sampling
-0.23745935240076155,-0.36311781715784536,active boundary sampling
-0.6058446571809104,0.44792650243230303,active boundary sampling
0.8564216998082026,0.10116720193490553,active boundary sampling
0.32882431484891583,0.27859949739115947,active boundary sampling
0.288612306606558,-0.7763991832310799,active boundary sampling
0.4421647357863354,-0.905765472299601,active boundary sampling
-0.06315758271276173,0.5485524650516631,active boundary sampling
-0.20556591333019547,0.6789944674468429,active boundary sampling
-0.1500988648171755,-0.4299361281392135,active boundary sampling
0.021659571273992206,-0.018825161586133985,active boundary sampling
0.24182528873472853,0.3217919423247019,active boundary sampling
-0.1970642689182267,0.13197253017616573,active boundary sampling
-0.4793842200142582,-0.17751200766200353,active boundary sampling
0.7174749376724967,-0.478717048985611,active boundary sampling
-0.19823544528250236,0.1458482762943104,active boundary sampling
0.6058277172243276,0.14999445516208032,active boundary sampling
0.7859126074997589,0.08557783465401544,active boundary sampling
0.11874305791761786,-0.12039036574329902,active boundary sampling
0.1813524420548236,-0.7214502756910556,active boundary sampling
-0.08228409304830842,0.5943330177285149,active boundary sampling
0.3985462132453257,-0.8561794798393838,active boundary sampling
-0.9178777843781067,0.550071690704968,active boundary sampling
-0.6341030902663529,0.45349439075503095,active boundary sampling
-0.36120920674295887,0.30190418981254824,active boundary sampling
0.9262080608379373,-1.0,active boundary sampling
-0.13554662422839026,0.6256703005991808,active boundary sampling
0.27949285297017945,0.3011673820523315,active boundary sampling
0.8941379722768841,-0.5376797125392342,active boundary sampling
0.785146830301628,0.08453385312915025,active boundary sampling
0.20634355598416776,-0.7416871988154727,active boundary sampling
-0.7409485030630409,0.5090115196097778,active boundary sampling
0.3885755225008667,-0.8711846125002644,active boundary sampling
0.45569897755544897,-0.9088383213148764,active boundary sampling
-0.7928065864229976,0.5084520320428131,active boundary sampling
0.08931719775058267,-0.6548266105159057,active boundary sampling
0.16163072170275883,0.39144508644955917,active boundary sampling
0.8118864068253833,-1.0,active boundary sampling
-0.47849143744332867,-0.18332301587366925,active boundary sampling
0.7106188994911935,-1.0,active boundary sampling
0.05023980534842476,0.4647286648724248,active boundary sampling
0.8890358661366888,-1.0,active boundary sampling
0.4938096325178776,-0.9285091885310898,active boundary sampling
0.21721361039509168,-0.19559231684491513,active boundary sampling
-0.7310326078732066,1.0,active boundary sampling
-0.55805604194504,-0.1632412002972567,active boundary sampling
-0.1082714163988947,-0.4628041330577603,active boundary sampling
0.4719765712467612,0.22526376677096982,active boundary sampling
0.2552517809650958,0.32029972555895636,active boundary sampling
0.050667532777664226,-0.043495152007929645,active boundary sampling
-0.3826940036431439,0.8374281240325636,active boundary sampling
-0.6923779453799352,-0.09502477504524277,active boundary sampling
0.2110527550011403,0.3525556318768039,active boundary sampling
-0.21826310689955752,0.6938650125518278,active boundary sampling
0.46320512243966405,-0.3605348815746627,active boundary sampling
0.9286700524729705,0.06112169228147238,active boundary sampling
0.855551559805293,-0.5000301840987103,active boundary sampling
-0.29663294051992106,0.23588010039210605,active boundary sampling
0.1759379517039037,-0.6808365652186763,active boundary sampling
0.07867853761114252,0.47725525273752895,active boundary sampling
-0.17864411318838935,-0.3970112757399719,active boundary sampling
0.8697683808257042,-1.0,active boundary sampling
-0.46895224001674585,-0.22736778634157642,active boundary sampling
-0.23318341303560963,-0.3829361232763875,active boundary sampling
-0.6360044458969842,-0.1210368694953117,active boundary sampling
0.6257214575200623,-0.9973545596473531,active boundary sampling
-0.18465303294333912,0.15618169363634105,active boundary sampling
-0.4126386679599141,-0.24408769548604933,active boundary sampling
0.6012979583204281,-0.3991544294689992,active boundary sampling
0.38576612942019595,0.2511479363296131,active boundary sampling
-0.8670496285794964,-0.014380608191150602,active boundary sampling
-0.6771065863185506,-0.10001503506968465,active boundary sampling
-0.2167926949324246,0.7235849573543083,active boundary sampling
-0.17352475553610347,0.6923647915642536,active boundary sampling
0.6659970594366358,-1.0,active boundary sampling
0.730050251945437,0.09664549873033287,active boundary sampling
0.15305210533381008,-0.13486434062400954,active boundary sampling
-0.30043583072628643,-0.3247886893304992,active boundary sampling
0.012028354539659558,0.5120682022633307,active boundary sampling
-0.007113865404271946,-0.5275184156890734,active boundary sampling
-0.4795337378941933,0.9044944415577819,active boundary sampling
-0.9643258777989998,0.019067931944014516,active boundary sampling
-0.45728369859763207,-0.19627775844061124,active boundary sampling
0.8348930074234628,-0.511238074557426,active boundary sampling
-0.9299235874262626,0.5962489598156717,active boundary sampling
0.12572933828787636,-0.09234461905925419,active boundary sampling
-0.0322513971342997,-0.554435333938679,active boundary sampling
-0.0699930580475574,0.055980022887797465,active boundary sampling
-0.6151635909584676,1.0,active boundary sampling
-0.0704557970651476,0.04463523447936864,active boundary sampling
-0.9268831085884894,1.0,active boundary sampling
-0.8242589977966237,0.5462382221998118,active boundary sampling
-0.8352852380484215,0.5509052250865244,active boundary sampling
0.7297700377589609,-0.4438236653726352,active boundary sampling
0.995419778777253,-0.5809532021737743,active boundary sampling
-0.44837412655651954,0.8743238551991429,active boundary sampling
-0.7278803030316279,0.504236782084146,active boundary sampling
-0.47687664273311836,-0.20950304445060874,active boundary sampling
-0.06398651303601754,0.5674302333064964,active boundary sampling
-0.4238629356892052,0.2931078987622636,active boundary sampling
-0.17705828952820224,0.15197195657578572,active boundary sampling
-0.36892564622495305,-0.25819685754120836,active boundary sampling
-0.48676252078734183,0.9153404057629112,active boundary sampling
0.13997455901803368,0.4150820712433759,active boundary sampling
0.6754953137084219,0.13777887047965878,active boundary sampling
0.20928160874013746,-0.20418345613150568,active boundary sampling
-0.09814030700680765,-0.4873911650318301,active boundary sampling
-0.11197050893179439,0.08306744793745843,active boundary sampling
-0.7621508068902101,1.0,active boundary sampling
0.6595697770083144,-0.422778482154349,active boundary sampling
-0.7498217365681297,-0.05033607164718509,active boundary sampling
-0.20099285964329394,0.6671600032371893,active boundary sampling
0.7896658354477222,-0.46922885403862513,active boundary sampling
-0.5857357818914573,0.9720150142719568,active boundary sampling
-0.5974946134114336,-0.13420805418698,active boundary sampling
0.6542783833960275,-0.4294391378888489,active boundary sampling
0.5515894891003263,-0.9605414078953471,active boundary sampling
0.6730104913666097,-0.4544564348184592,active boundary sampling
0.7184928444407681,0.08382457455175729,active boundary sampling
-0.2653599869477232,0.20167653684764014,active boundary sampling
0.6514311070099177,0.12933300975466394,active boundary sampling
-0.12110623028052858,0.10737798702843769,active boundary sampling
0.5037378270962398,-0.36290692906946087,active boundary sampling
-0.6974804890443274,1.0,active boundary sampling
-0.24825977424640921,0.17048506306561143,active boundary sampling
0.034417349073432746,-0.054282694050149835,active boundary sampling
0.921410772019088,-0.5054961605652306,active boundary sampling
-0.687429244699308,-0.0733870547914372,active boundary sampling
0.49363805672621686,0.18831318447868614,active boundary sampling
0.17713889607032285,-0.7125777667989667,active boundary sampling
0.7167209446078411,-0.46896131028582916,active boundary sampling
0.33220727475591394,-0.8341701021580855,active boundary sampling
-0.14961002134716295,0.6107747073062284,active boundary sampling
-0.9944258801307262,-0.0162364880405637,active boundary sampling
0.945174019039813,-1.0,active boundary sampling
0.979918462866427,-0.5823171440051623,active boundary sampling
0.29289448454060296,-0.791112695058511,active boundary sampling
-0.23737393764602643,0.14273863920780672,active boundary sampling
-0.46482022226114017,0.3529830834871623,active boundary sampling
-0.19593017137211355,0.13782453036408027,active boundary sampling
0.14946393379704537,-0.14723356307945867,active boundary sampling
0.47351342828709075,0.20388900859339695,active boundary sampling
-0.17837628127125238,0.15100120112634252,active boundary sampling
-0.8532607336038118,-0.023063767234333458,active boundary sampling
0.411015666968678,-0.8977482818625644,active boundary sampling
0.8823571512662309,-0.5203529827206439,active boundary sampling
-0.4443644187527176,0.8765740997700066,active boundary sampling
-0.8285735093963127,1.0,active boundary sampling
-0.5130151687329465,0.9541469346960684,active boundary sampling
-0.8245370406446682,1.0,active boundary sampling
-0.5166462248983024,-0.15424397921634714,active boundary sampling
-0.9747164892181661,1.0,active boundary sampling
0.32382147537389483,0.29846365774392253,active boundary sampling
0.3146792187362448,-0.25176224922093127,active boundary sampling
-0.6111506861502127,1.0,active boundary sampling
-0.6386501608904231,0.45211813731189887,active boundary sampling
0.08863412755273026,-0.6368805026561289,active boundary sampling
-0.8674491393416588,-0.016482376500087312,active boundary sampling
-0.30469815393849187,0.7754408561218803,active boundary sampling
-0.26875772679843624,0.7093489180738136,active boundary sampling
-0.637989272583992,0.972477497890084,active boundary sampling
-0.9425209673896366,0.01081489636458501,active boundary sampling
-0.6835036056076449,-0.11269790472184621,active boundary sampling
0.19797781185165952,-0.168967385162941,active boundary sampling
-0.45800224687357804,0.8857410911510489,active boundary sampling
-0.9096711099567243,0.5586798929251204,active boundary sampling
0.40904626558417734,-0.879850429106356,active boundary sampling
0.5879731474550551,-0.4115741421424459,active boundary sampling
0.4917563374142859,-0.3900692629588099,active boundary sampling
0.19746734263011767,-0.7348775791514162,active boundary sampling
0.07594182053001286,0.4518717273231899,active boundary sampling
-0.2702955819129831,0.743530769022459,active boundary sampling
0.2533397512042601,-0.7594336539878611,active boundary sampling
-0.2372843528907127,-0.35742788878917453,active boundary sampling
-0.8189373524627195,-0.031176986359349318,active boundary sampling
0.14868409610931455,-0.6646744240167276,active boundary sampling
0.4956517124741504,0.20791541454575205,active boundary sampling
-0.7886367758802315,1.0,active boundary sampling
-0.39816661965497735,0.8855564332712782,active boundary sampling
-0.04903259148741346,-0.5238699354046426,active boundary sampling
-0.5375964343034207,0.397538816883777,active boundary sampling
-0.9936501764235335,0.583824186798681,active boundary sampling
0.8436466101985363,0.052974176541910195,active boundary sampling
-0.7776119633589746,1.0,active boundary sampling
0.8790361633229118,0.07090644482423986,active boundary sampling
-0.5512873612350782,-0.12324820658125742,active boundary sampling
-0.4559407258640502,-0.20892711925017943,active boundary sampling
-0.6351624720508475,1.0,active boundary sampling
-0.6465187181048979,-0.12907792418207545,active boundary sampling
-0.9709502958166671,0.5989438813632209,active boundary sampling
0.43856650698950106,0.22635662204096849,active boundary sampling
-0.07537198910163911,-0.49745328530395644,active boundary sampling
0.15894424348378178,0.3925286011359715,active boundary sampling
-0.49935796321013215,-0.20461746618114632,active boundary sampling
0.81101464355426,0.07191802769753061,active boundary sampling
-0.4318612645075137,0.8856920780814826,active boundary sampling
0.1530025240210231,-0.6991438386139974,active boundary sampling
-0.5180893049117412,-0.16644776415291979,active boundary sampling
-0.758751135557485,-0.06727529680448703,active boundary sampling
-0.7438430271862224,-0.07788505876228295,active boundary sampling
0.5751067920192547,-0.3773951229780188,active boundary sampling
-0.8829073556778348,-0.008996495491098235,active boundary sampling
-0.5652206732101945,0.9724008360993162,active boundary sampling
-0.909165364008161,1.0,active boundary sampling
-0.0851589104571433,0.594731470516497,active boundary sampling
0.11290169715141207,-0.1232334616765752,active boundary sampling
-0.745662405338632,-0.06448878222150464,active boundary sampling
0.914612562929491,-0.5402178196584895,active boundary sampling
0.6432921572297388,0.13071094499176716,active boundary sampling
0.7287688822769585,-1.0,active boundary sampling
0.26555117574556997,-0.20026569462681926,active boundary sampling
-0.9704684653810047,1.0,active boundary sampling
0.8009099519641041,-1.0,active boundary sampling
-0.5206435687014848,0.9708002110073439,active boundary sampling
0.5746810623777674,-0.4481958829780726,active boundary sampling
-0.14022922100247182,0.12632307666305412,active boundary sampling
0.5507897516098796,-0.968926605029881,active boundary sampling
-0.9357630714628071,0.5683422648268007,active boundary sampling
0.20577658963962286,-0.16553610311507747,active boundary sampling
-0.6612354294804499,-0.09826280330964682,active boundary sampling
0.7295562695708355,0.09927685831978686,active boundary sampling
0.967016568389341,-0.55948312042621,active boundary sampling
-0.08719127818312344,0.04423173271427675,active boundary sampling
0.7069813310643747,-1.0,active boundary sampling
0.20827153257295428,-0.1857555743548332,active boundary sampling
-0.3438667927578052,0.8058792234632949,active boundary sampling
-0.2963038399658877,0.7828169659447849,active boundary sampling
-0.4888505409016759,-0.19704877395967524,active boundary sampling
-0.7746036600198309,-0.046291874516764024,active boundary sampling
-0.5994567993432696,-0.12002023715506799,active boundary sampling
-0.42856836760048167,-0.2427796901504314,active boundary sampling
0.10031660993780989,-0.08883004494442122,active boundary sampling
0.19264999212230305,-0.16879796230253802,active boundary sampling
-0.639366932195431,0.44735613443371663,active boundary sampling
-0.17114681761592032,0.6855919140536774,active boundary sampling
0.3977964858919596,-0.2888798193695635,active boundary sampling
0.9063753383943212,0.07345359860080197,active boundary sampling
-0.32495242949341097,0.24629933810528915,active boundary sampling
0.050224408220831185,0.45764445904402873,active boundary sampling
0.6275805733698019,0.14369459544490665,active boundary sampling
0.05408179962468607,-0.057047163754864315,active boundary sampling
-0.06289786481653281,0.03317776716836114,active boundary sampling
-0.5383522262137759,0.955398819247154,active boundary sampling
0.7460741336988546,0.1000868154536104,active boundary sampling
0.28367832199410015,0.28072721160150466,active boundary sampling
-0.5861218513112332,0.9834590894959383,active boundary sampling
0.17248052628329336,-0.16005511057805763,active boundary sampling
-0.6620773273729574,-0.10086067412557075,active boundary sampling
0.0068620762983522265,-0.5341703324096942,active boundary sampling
-0.9797873037060285,-0.009427612333046688,active boundary sampling
0.9998307791940491,-0.5814736970568972,active boundary sampling
0.8500741477218061,-0.5320031629622923,active boundary sampling
-0.8232687439087458,-0.03237894305883453,active boundary sampling
-0.0951506677381333,0.06189261616861879,active boundary sampling
-0.016915760747436392,-0.030844233833730084,active boundary sampling
-0.948586333400032,1.0,active boundary sampling
0.4243581885434291,-0.32637430155965214,active boundary sampling
0.1417336745868325,-0.6752163233241868,active boundary sampling
0.8107312361968031,-0.5169177342423535,active boundary sampling
-0.9710767826279083,0.6226274443820026,active boundary sampling
0.20232549064470917,0.3919710028504646,active boundary sampling
-0.6445055208808503,-0.09402360303949794,active boundary sampling
0.2919015279630641,0.31474784996541566,active boundary sampling
0.11021086896373644,-0.126218516579671,active boundary sampling
-0.6726774127716597,0.4864045799447676,active boundary sampling
0.673279554655889,0.11549838526969905,active boundary sampling
-0.36658225772013076,0.8176157172917788,active boundary sampling
0.7483960249750945,-1.0,active boundary sampling
0.6979714249494289,0.11244846166859114,active boundary sampling
0.10506028429228564,0.4564336896001758,active boundary sampling
-0.21392669850385748,0.15035560802301218,active boundary sampling
0.8994205999684384,-1.0,active boundary sampling
0.3875587895916337,-0.3125699944150055,active boundary sampling
0.6785556707807039,-0.45552679051101047,active boundary sampling
0.34164479490257627,0.3047232963024811,active boundary sampling
0.9462999679791357,0.029676822512159834,active boundary sampling
0.7318856180063518,-1.0,active boundary sampling
-0.9093226802070828,-0.016228662402945813,active boundary sampling
0.20891839016276292,-0.18578222634418906,active boundary sampling
-0.39355297339873285,-0.26326407908665705,active boundary sampling
0.08551417852623788,0.478674544286777,active boundary sampling
0.5482007666424764,0.1798610480045241,active boundary sampling
0.25652804899685244,0.3120118627119888,active boundary sampling
0.980839968873612,-0.5668507464903992,active boundary sampling
0.10528251753889761,-0.6551334984048977,active boundary sampling
-0.8952721469665976,-0.005379360542268079,active boundary sampling
0.9393843988971107,0.02389925796585927,active boundary sampling
0.7953239448135543,-1.0,active boundary sampling
0.9315899429565364,-0.5203698186041771,active boundary sampling
-0.6899249982647062,-0.10166082361063196,active boundary sampling
-0.8572323412972658,1.0,active boundary sampling
0.18636192626911097,-0.15022768645538226,active boundary sampling
0.5198192113937767,0.20391628378025778,active boundary sampling
0.762204866178144,-0.487103399126099,active boundary sampling
-0.3914874543919038,0.2936222249431964,active boundary sampling
0.8375801569170918,-1.0,active boundary sampling
0.7361901509432143,-0.45763374843866084,active boundary sampling
0.9691832039723578,-1.0,active boundary sampling
0.6885877747791245,-1.0,active boundary sampling
0.5633104885354592,-0.40146978858398963,active boundary sampling
0.774157317062169,-1.0,active boundary sampling
0.47076611118156486,-0.9237388616189851,active boundary sampling
0.3933149013205468,0.2309848993132444,active boundary sampling
-0.4528794878967999,0.8897312596512034,active boundary sampling
0.6152528139090234,0.15043870229733308,active boundary sampling
0.18070487889418563,0.39034873486543664,active boundary sampling
-0.6651199119467037,1.0,active boundary sampling
-0.23374010625826758,0.18465123207666784,active boundary sampling
0.751891578443465,-1.0,active boundary sampling
-0.14397606562357845,-0.44906448865386267,active boundary sampling
-0.5926308542548469,0.9710416376800663,active boundary sampling
0.9410759936482174,-1.0,active boundary sampling
-0.9481010842480997,1.0,active boundary sampling
0.23211569552036004,0.3388094905933823,active boundary sampling
-0.4304124607251827,0.8530924741004369,active boundary sampling
0.6579469919069132,-1.0,active boundary sampling
0.9862277078722839,-0.5353425722640979,active boundary sampling
-0.5879316606069083,0.4391972810129472,active boundary sampling
-0.9326297788244551,0.5734616666000365,active boundary sampling
0.8700093861474061,0.04967716373468524,active boundary sampling
-0.3685240424944931,0.2660584277927211,active boundary sampling
0.3540648069247472,-0.8538057612117395,active boundary sampling
0.7755014853007973,0.09659636171354867,active boundary sampling
0.6241161076061725,-0.4295814794750188,active boundary sampling
-0.9257402972090063,0.023990581218967244,active boundary sampling
-0.873525222764838,1.0,active boundary sampling
0.0558833018891387,-0.06653780597165426,active boundary sampling
-0.5941654797527833,0.9819501990928509,active boundary sampling
-0.9241655879395705,1.0,active boundary sampling
-0.7197584449760028,0.517825424093478,active boundary sampling
0.9163748274419183,-0.5165992482172836,active boundary sampling
-0.8733927792114682,0.009241969752636268,active boundary sampling
0.8658002963637645,-0.5068431953709972,active boundary sampling
0.5038953324210715,-0.955239461130461,active boundary sampling
-0.3383409243301392,0.2626776301401837,active boundary sampling
0.6397019373181174,-0.44488305618647905,active boundary sampling
-0.744794024858396,1.0,active boundary sampling
-0.37791626073453033,0.2999703830874142,active boundary sampling
-0.13940135943122578,0.09070889003698973,active boundary sampling
0.7589500972812353,0.08247078628018524,active boundary sampling
0.1679573944594266,0.3571235132429425,active boundary sampling
0.06145304374238636,-0.0739147762217163,active boundary sampling
-0.6666260457330166,-0.0874570178460947,active boundary sampling
0.8987763251228058,-1.0,active boundary sampling
0.2612646297411454,-0.2314064025107514,active boundary sampling
-0.7638545269464028,1.0,active boundary sampling
0.2945291980194682,-0.7922596797593443,active boundary sampling
-0.67451464554276,1.0,active boundary sampling
-0.0807660362267919,0.035606389034141296,active boundary sampling
0.4188635157323892,-0.3296556622468165,active boundary sampling
-0.9060802520527291,-0.00027330136611609934,active boundary sampling
0.4045359609376509,0.23711536637033503,active boundary sampling
0.6177659339229638,0.12993380619693978,active boundary sampling
0.46931887125325034,0.22076091149385135,active boundary sampling
0.8752354505894231,-0.5109545732262101,active boundary sampling
0.9610239922858339,-0.5716941761241527,active boundary sampling
0.21185089060302986,-0.7182199915736568,active boundary sampling
-0.7914400843671843,-0.04235243340520896,active boundary sampling
0.5352496066546704,0.171403543288995,active boundary sampling
-0.49712987444285606,0.3670951467278394,active boundary sampling
-0.3860544960070298,-0.24118548269066453,active boundary sampling
0.35105197879239114,-0.8365476823743977,active boundary sampling
0.38386726153206063,-0.8770730679440798,active boundary sampling
0.7542576095304261,-1.0,active boundary sampling
0.743644312925045,0.07460342067472785,active boundary sampling
-0.0756517342430938,0.5771659306108226,active boundary sampling
-0.49605299382306667,0.9423060845614405,active boundary sampling
-0.6318224890622084,0.45064730284441373,active boundary sampling
0.6272939862900389,-0.9749196256976227,active boundary sampling
-0.5613918211795399,0.4168521907118187,active boundary sampling
0.09251356127747301,-0.6453317008650205,active boundary sampling
-0.836930282793307,-0.04935715001721745,active boundary sampling
-0.8348263305023123,-0.052910361275436565,active boundary sampling
-0.8287937627773194,1.0,active boundary sampling
0.4048278198718964,0.25323848616734795,active boundary sampling
0.9349912801569316,0.033145990786428034,active boundary sampling
-0.5581638776178519,0.4053540096067693,active boundary sampling
-0.5358281555789555,-0.1532707761338163,active boundary sampling
0.9143383527672104,0.043116165651705805,active boundary sampling
-0.1082171848171869,0.5905935286948694,active boundary sampling
0.04076426025090352,-0.06986898518631421,active boundary sampling
0.15539768707130208,-0.15866137448043713,active boundary sampling
0.7953354490618845,0.07071918615624645,active boundary sampling
-0.49195689756583905,0.34991312544141373,active boundary sampling
0.24405713471279666,-0.22852067343788482,active boundary sampling
-0.6172802904300152,1.0,active boundary sampling
-0.745244411443279,1.0,active boundary sampling
-0.9726562679333275,1.0,active boundary sampling
0.6154749451278638,-1.0,active boundary sampling
0.39938528404603235,-0.3126941184309952,active boundary sampling
0.7678578152583757,0.08813439350155071,active boundary sampling
0.5586411222433982,-0.9546364264285713,active boundary sampling
0.6474703411397231,-0.44875488939249136,active boundary sampling
-0.8036844206053946,-0.06081412673472815,active boundary sampling
-0.7248763254679491,0.5002665908082359,active boundary sampling
-0.20756715088286937,-0.3929858195521343,active boundary sampling
0.21306020100967582,0.3488659191970089,active boundary sampling
0.29788507519513296,0.33292255350094757,active boundary sampling
0.5823380145020463,-0.41569033344102496,active boundary sampling
0.5857410696400471,-0.9818891461986108,active boundary sampling
0.28714462634777904,0.32226261380907795,active boundary sampling
-0.5830973476296881,0.9596789806629591,active boundary sampling
-0.2445431484119216,-0.3558633565067175,active boundary sampling
-0.14268759481898852,0.1282684005594437,active boundary sampling
-0.27917464556397475,0.7466053019607225,active boundary sampling
0.056474312098341084,-0.6128419393055792,active boundary sampling
-0.058523763383283134,-0.5431336797487989,active boundary sampling
-0.6034485001189995,0.4078575935772936,active boundary sampling
-0.9110948431253976,0.5911757322154341,active boundary sampling
-0.5894034102067263,1.0,active boundary sampling
-0.36208354757914996,0.2678803510101187,active boundary sampling
-0.9766405292906093,1.0,active boundary sampling
0.5293566465574684,-0.9417779657997295,active boundary sampling
0.29322548512127034,-0.24819725906203308,active boundary sampling
0.9017411568595628,0.06530889232297393,active boundary sampling
-0.45140834264087815,-0.19729027141568825,active boundary sampling
-0.30262554437383327,0.7477261020918743,active boundary sampling
0.29631601531963003,-0.7764084130408323,active boundary sampling
0.8395465758452474,-0.5103220051682151,active boundary sampling
-0.7977062983694672,1.0,active boundary sampling
-0.8632988795107888,1.0,active boundary sampling
0.3492907765525193,0.23472429791224553,active boundary sampling
0.8616846378288447,-1.0,active boundary sampling
0.5861260260116281,0.17545281606419053,active boundary sampling
-0.48037457595544586,0.9306832299681665,active boundary sampling
-0.11522500640350919,0.6147241864195092,active boundary sampling
-0.02663347630469448,0.5229124167957524,active boundary sampling
-0.2612446954293395,0.7200699217793106,active boundary sampling
0.8771331930959947,-1.0,active boundary sampling
-0.4421587382661556,0.31892678630796467,active boundary sampling
0.2080417084903543,-0.18912258438910076,active boundary sampling
0.8140779820024797,-0.5173831414224136,active boundary sampling
-0.9104580143937724,1.0,active boundary sampling
-0.8836713343749496,1.0,active boundary sampling
-0.2589821422819132,-0.35522668446310485,active boundary sampling
0.20705526229360904,-0.173307772999199,active boundary sampling
-0.6108532146558694,0.9852469387457271,active boundary sampling
0.02486449976154015,-0.06383815679411335,active boundary sampling
0.11463534482844384,-0.6672916122243737,active boundary sampling
-0.05459574936191269,0.02186842491602426,active boundary sampling
-0.052990696541662,0.5606137283361593,active boundary sampling
0.3315364571411812,0.2829845240555749,active boundary sampling
-0.777869069080666,1.0,active boundary sampling
-0.8338338603623869,1.0,active boundary sampling
-0.1692845253041526,0.6307273735558543,active boundary sampling
-0.007641924986124815,0.5343620726680468,active boundary sampling
0.48697706580137146,-0.39988379686713826,active boundary sampling
-0.9544379853835583,-0.03091306952274602,active boundary sampling
-0.5506453299037033,-0.16992315525049384,active boundary sampling
0.4611273082712555,-0.3500805524754233,active boundary sampling
0.52047733263959,0.1789236788460546,active boundary sampling
-0.9641031524677188,1.0,active boundary sampling
0.29874285220795604,-0.8238297452289058,active boundary sampling
0.8568856975195089,-1.0,active boundary sampling
0.7751282779648476,-1.0,active boundary sampling
-0.2796500363833021,0.7659156254490289,active boundary sampling
0.23773531202981446,0.33304433451675386,active boundary sampling
0.908425641109821,0.03887240081001413,active boundary sampling
0.19337633441677915,-0.18282079276847182,active boundary sampling
0.24487817728778638,0.3418228532729468,active boundary sampling
-0.7206453505321275,0.4805590200095984,active boundary sampling
0.9278763227251896,0.05496707918194687,active boundary sampling
0.2931607400838814,0.31626699913630923,active boundary sampling
0.29274655667683924,-0.23818446847738423,active boundary sampling
-0.8506422510798424,1.0,active boundary sampling
-0.23835524178099332,-0.3698382557532686,active boundary sampling
-0.26233267785375336,0.20376740085780676,active boundary sampling
0.1415410993417876,-0.6932768430634602,active boundary sampling
-0.07230526334492593,-0.48248242113911943,active boundary sampling
-0.8948118513598726,0.5553448403322528,active boundary sampling
0.37117190770932185,-0.27745622446282286,active boundary sampling
0.9571018712340733,0.07423510865075642,active boundary sampling
-0.558054578033784,0.9627848959268115,active boundary sampling
-0.5287722802875259,-0.1618220086786646,active boundary sampling
-0.7681611827949368,0.5135530080117274,active boundary sampling
-0.591472568228778,-0.14147442250886946,active boundary sampling
0.07792541360686389,-0.6537415075354042,active boundary sampling
-0.5973190986699384,0.42989104478179313,active boundary sampling
0.043491906746347064,-0.5893063364453535,active boundary sampling
0.9548356048932345,-0.5719296361909129,active boundary sampling
-0.05028617382902145,-0.48189031585297964,active boundary sampling
0.10015933339701921,0.42979998283366455,active boundary sampling
-0.17840576702672517,0.6612245682678574,active boundary sampling
0.17369363148760608,-0.18481597899212643,active boundary sampling
0.3266616042142354,0.27952577308081644,active boundary sampling
0.4795517039255348,0.19903157545768724,active boundary sampling
0.3247624389436252,-0.7978301402532003,active boundary sampling
0.5944777175065397,-1.0,active boundary sampling
-0.3708544295299372,0.8288607662785983,active boundary sampling
0.10420186133462694,-0.09259601292572883,active boundary sampling
0.4840715111154681,-0.9393845166468904,active boundary sampling
-0.7651649962893243,1.0,active boundary sampling
0.2605419639783104,-0.7708328816385968,active boundary sampling
0.3007868341537192,-0.25297897622696913,active boundary sampling
-0.8793595670676515,1.0,active boundary sampling
0.24443840537026507,-0.2247110898732206,active boundary sampling
0.9768633196225993,0.024066761393006734,active boundary sampling
0.2941806154792763,0.2919448705457337,active boundary sampling
0.4627447856085538,-0.9010881466383284,active boundary sampling
-0.8420313088419122,-0.037864490640667686,active boundary sampling
0.9323592611681537,-1.0,active boundary sampling
0.13690202394730333,0.37663162030677233,active boundary sampling
-0.7185161144671537,-0.0478690414569283,active boundary sampling
0.9127768077775051,0.04672494661086915,active boundary sampling
0.6214937767360118,-0.42095617549913933,active boundary sampling
0.9403781069134132,-1.0,active boundary sampling
0.28852879738677784,0.299659421711306,active boundary sampling
0.013006662107427847,-0.5848633064608407,active boundary sampling
-0.24929172657730514,-0.3441233276235654,active boundary sampling
0.16777968092592999,-0.6944486139806474,active boundary sampling
0.22033303216343758,-0.18352414105690226,active boundary sampling
-0.0502037782685365,0.04777258427555049,active boundary sampling
0.08935287508409684,-0.09832779246363146,active boundary sampling
0.8837225443346104,0.03473014325046902,active boundary sampling
0.251404378298161,-0.224351729751822,active boundary sampling
0.9802717004570722,-0.5505866859530149,active boundary sampling
0.7552130263841019,-0.45467530413519525,active boundary sampling
-0.44006510830002843,0.8743133642633698,active boundary sampling
0.8204928231303117,0.05233279822589036,active boundary sampling
-0.2815018440877506,-0.3502161541566535,active boundary sampling
-0.598631413325664,-0.12710058630691606,active boundary sampling
-0.86380306849827,0.5622845877221835,active boundary sampling
0.07959336535423156,0.42991288246899967,active boundary sampling
0.0769515915525032,0.4458123422508024,active boundary sampling
0.33600180093768306,0.26312442072323466,active boundary sampling
0.47675891161126427,0.19191709345150051,active boundary sampling
-0.07166851022244858,-0.47916534920309706,active boundary sampling
0.5670513779188193,-0.9644769317407456,active boundary sampling
0.05497122708679747,-0.07773848297133805,active boundary sampling
-0.3040017361419183,0.2347820895099075,active boundary sampling
-0.675574420505962,-0.07450757659067979,active boundary sampling
-0.7505042953176189,0.49660098089999216,active boundary sampling
-0.1730087149953281,0.6563854695978899,active boundary sampling
-0.9779998756021409,0.6042355052805277,active boundary sampling
-0.6992998044266316,1.0,active boundary sampling
-0.663279357504472,-0.11900998073158324,active boundary sampling
0.1575774516580526,-0.6867881848775971,active boundary sampling
0.5535327519657065,-0.9573057234456117,active boundary sampling
0.9163047059372034,-1.0,active boundary sampling
-0.7972814517833844,0.5166858644989649,active boundary sampling
-0.03748912689529349,-0.520289263002175,active boundary sampling
0.16843187444297603,0.3550444928486481,active boundary sampling
-0.23511318854615149,-0.357606849106294,active boundary sampling
-0.39845897994405743,-0.22914732555064662,active boundary sampling
0.08431318898945328,0.44829792784260525,active boundary sampling
-0.26757366688859885,-0.3457953186124369,active boundary sampling
-0.07274939592745833,0.5958505090037644,active boundary sampling
0.12123949105929199,0.4277748860061937,active boundary sampling
-0.26285796905741754,0.7236410902143242,active boundary sampling
0.33025648856222056,-0.27546883830860175,active boundary sampling
-0.6531250168218945,1.0,active boundary sampling
0.00674594546802898,-0.5535516742820205,active boundary sampling
-0.23508430085864052,0.1741518608572022,active boundary sampling
0.7787161921293673,-1.0,active boundary sampling
0.11384778568096388,0.43374720322549193,active boundary sampling
0.8477999397773177,0.05427914030726583,active boundary sampling
0.7749049199231408,-1.0,active boundary sampling
0.6364898687382718,0.13104770938548801,active boundary sampling
-0.5890916464056928,-0.13513129695202278,active boundary sampling
0.7438960445132876,-0.47220251182165274,active boundary sampling
-0.07769801479468286,0.04445047732133939,active boundary sampling
-0.41963401790309507,0.31550915416631076,active boundary sampling
0.2894855606219606,0.312218410099268,active boundary sampling
-0.7228869708955517,-0.07294368891296757,active boundary sampling
0.1783003381426589,-0.1491247667459143,active boundary sampling
0.15214184465098346,0.3977931625737328,active boundary sampling
-0.1771716832511534,-0.4105315318673053,active boundary sampling
0.9598502719027697,0.005725858059884119,active boundary sampling
0.7542206438773862,-1.0,active boundary sampling
-0.07729833250063511,-0.47547111701925504,active boundary sampling
-0.6496238362157984,-0.08862112655043516,active boundary sampling
0.27595417623912155,-0.7909960714915975,active boundary sampling
-0.29584579112089715,0.7573758039478862,active boundary sampling
-0.5599461030121011,0.3984123873677227,active boundary sampling
0.22314459237440065,-0.21194622049162495,active boundary sampling
0.12775527106996276,-0.11926753497571194,active boundary sampling
-0.31528279668964676,-0.28650794373136823,active boundary sampling
0.35088098479192964,-0.8343602340729834,active boundary sampling
0.42704177083803985,-0.36255341483453424,active boundary sampling
0.043189306189657994,-0.05853896102647847,active boundary sampling
-0.5842731702451449,-0.1336670829190435,active boundary sampling
0.22031824125342525,-0.7356743775966843,active boundary sampling
-0.9996565783957969,0.6089105341152463,active boundary sampling
0.6862011849803735,-1.0,active boundary sampling
-0.973495429468928,0.001573200566432167,active boundary sampling
-0.8817883692339572,-0.04878098103554028,active boundary sampling
0.675683744549554,0.11248605760069301,active boundary sampling
0.020015770829016066,-0.07051093899712632,active boundary sampling
0.752896399552641,0.10671601877725476,active boundary sampling
-0.8228170677111242,1.0,active boundary sampling
-0.2232531241747242,-0.3737593990576964,active boundary sampling
0.4961780973615997,0.22480081061171048,active boundary sampling
-0.3247971623586572,0.25732215532274794,active boundary sampling
-0.013321844268388672,-0.5600281180423496,active boundary sampling
-0.8065838490571999,-0.052490046250445815,active boundary sampling
0.6377551090802627,-0.9941017485213522,active boundary sampling
0.5217169584487928,0.1804948332009737,active boundary sampling
0.23061488806856612,-0.21920767725896423,active boundary sampling
-0.2698999117550902,0.7642460233084385,active boundary sampling
-0.30679884642706123,0.2585040478548892,active boundary sampling
0.7000563381798712,-0.4608770484500013,active boundary sampling
0.10101422010649674,0.4420628417607242,active boundary sampling
-0.4942695902337835,-0.19432590600528418,active boundary sampling
-0.8773435298548451,-0.02643353160791429,active boundary sampling
0.9960862251773255,-1.0,active boundary sampling
0.44584247367796404,-0.34338089247813586,active boundary sampling
-0.6581351238252118,1.0,active boundary sampling
0.04203491384267499,0.48249994701567683,active boundary sampling
-0.23962891751455673,-0.31788937265565165,active boundary sampling
0.06695511422174283,0.44997037703158055,active boundary sampling
0.04166696422553495,-0.0570200695449625,active boundary sampling
-0.9581649674840662,0.011342428216580398,active boundary sampling
0.1651585164510485,0.37906853936656953,active boundary sampling
-0.9122543156961505,1.0,active boundary sampling
0.3065091429495239,0.31618138905845017,active boundary sampling
0.8164727936635061,-1.0,active boundary sampling
-0.8267433235328872,0.5530270001863903,active boundary sampling
-0.7844584257327054,1.0,active boundary sampling
-0.7915358536801798,0.5232759263448459,active boundary sampling
-0.22614563176120095,0.16612695846452533,active boundary sampling
-0.2297460113951446,0.17420114974054113,active boundary sampling
-0.166027354057388,-0.4364902825033844,active boundary sampling
-0.1552512505782826,0.12264914746103851,active boundary sampling
-0.743592351655104,-0.05992263458643031,active boundary sampling
-0.2974011149223772,0.7683349763036414,active boundary sampling
0.4329381275138602,-0.8992479650586506,active boundary sampling
-0.2196036194172133,0.6842820685348998,active boundary sampling
0.6205030019898552,-0.9888176353361577,active boundary sampling
-0.5067900229570035,-0.18205537218096915,active boundary sampling
0.01107701795136884,0.4991621569689809,active boundary sampling
0.3621699381745702,0.2553271741938201,active boundary sampling
0.34902446819180777,0.27770438650137685,active boundary sampling
0.6298525926132899,-0.4245908346758733,active boundary sampling
-0.6543312809267492,1.0,active boundary sampling
-0.5211717961527118,0.374473817149115,active boundary sampling
-0.10541307462998528,0.05873080614094358,active boundary sampling
0.1445860141940689,-0.6754304639852601,active boundary sampling
0.40658552055026576,-0.8886280806724347,active boundary sampling
-0.4628913171235296,0.34645736515640346,active boundary sampling
0.21326734239097522,-0.18580564662165275,active boundary sampling
0.8122464567313772,-0.4932724380746865,active boundary sampling
-0.6665909795329827,1.0,active boundary sampling
-0.37722515759685193,0.29454599134789394,active boundary sampling
-0.7784487230487827,0.5203335228780679,active boundary sampling
-0.23271744805994143,-0.3714019586770097,active boundary sampling
0.10025562590471293,0.4277933454689078,active boundary sampling
0.18964450025154833,-0.17448053417319295,active boundary sampling
-0.1899184998057446,-0.40756996322095457,active boundary sampling
-0.1367048119963299,0.6244030192123559,active boundary sampling
-0.34109873105466737,0.24742580235656156,active boundary sampling
0.8275675974918413,-0.5198503066640059,active boundary sampling
-0.04493201195523855,0.02723858981547333,active boundary sampling
-0.38779866166813926,0.28842656971208475,active boundary sampling
0.29572117434768974,-0.2201385277252063,active boundary sampling
-0.07802295327038067,0.5817862151851506,active boundary sampling
0.509056244466815,0.16005170341408165,active boundary sampling
-0.8535578751074624,1.0,active boundary sampling
-0.1338025627695263,0.09463775776457298,active boundary sampling
0.8372234858384098,-1.0,active boundary sampling
-0.02577466458152089,0.5611740940163086,active boundary sampling
0.9596708464022254,-0.5562837141942715,active boundary sampling
0.9440886721064898,0.05874210839445145,active boundary sampling
-0.6416582028752253,0.4530944528555175,active boundary sampling
0.4733061393350133,0.19684378007966563,active boundary sampling
0.17571604756129489,-0.6888628609140116,active boundary sampling
-0.5623276593976201,-0.14224811891618286,active boundary sampling
0.616702464917124,0.13645180425248118,active boundary sampling
-0.9328219443767929,0.592281618963244,active boundary sampling
-0.8245928699672858,0.5027372016340459,active boundary sampling
-0.3920349080842014,-0.2549534562882059,active boundary sampling
0.7418541612651341,-1.0,active boundary sampling
0.4887290273338838,-0.3677631919745572,active boundary sampling
0.10188093404023513,0.4543069494572377,active boundary sampling
-0.9859804744154159,1.0,active boundary sampling
-0.24582103211404083,-0.36551235225136836,active boundary sampling
0.4034803647206069,-0.8731389378333412,active boundary sampling
-0.7387294662459398,1.0,active boundary sampling
0.17658322592713027,0.3925710658302206,active boundary sampling
0.5181030403523821,0.17359959624934254,active boundary sampling
0.837451533845591,-1.0,active boundary sampling
-0.7552450223333793,0.528392628593821,active boundary sampling
0.12029269711771962,-0.6628463981464335,active boundary sampling
-0.09325595251668473,0.608998255286367,active boundary sampling
-0.4421712357811953,0.348291951165006,active boundary sampling
0.7025860892276825,0.110319862826297,active boundary sampling
0.946158791326253,-1.0,active boundary sampling
-0.6553458636678691,1.0,active boundary sampling
-0.4533145699564203,0.8807355083139414,active boundary sampling
-0.4647650583891927,0.3581789064604848,active boundary sampling
0.019967584928216375,-0.5966688466239952,active boundary sampling
0.7341169521060016,0.08497163859647103,active boundary sampling
-0.20246074009563841,0.14823758577753418,active boundary sampling
-0.08284249575550362,-0.48556971699056756,active boundary sampling
-0.19430399713180946,0.12788416730169289,active boundary sampling
-0.2226008037789653,-0.3626477534241619,active boundary sampling
0.915469690081276,0.024869727056839895,active boundary sampling
0.16955035839976418,0.3677790436706934,active boundary sampling
-0.5270997443075778,0.927820615011392,active boundary sampling
0.8462319299577628,-0.5212731786001558,active boundary sampling
-0.8635468419671559,1.0,active boundary sampling
-0.7870268137790843,1.0,active boundary sampling
0.5637070314956754,0.1615978465613559,active boundary sampling
0.5447843742295231,-0.4083482755642028,active boundary sampling
-0.5477229827401315,0.3988693002526694,active boundary sampling
-0.7636385738765779,1.0,active boundary sampling
0.6734125129993014,0.13386865436140882,active boundary sampling
-0.4400924178788299,-0.22595288173937758,active boundary sampling
0.5711121655116476,-0.40982300769551955,active boundary sampling
0.6956340479770797,0.13794911267090523,active boundary sampling
-0.10088139019421116,0.5892370919151092,active boundary sampling
-0.1934277775600064,-0.402651689060194,active boundary sampling
-0.508290308303831,-0.16898395529669652,active boundary sampling
0.8165850902071656,-1.0,active boundary sampling
-0.3808621688032996,0.30871959659441717,active boundary sampling
0.06946528196819779,-0.07472303929397708,active boundary sampling
0.4018189836121868,0.24615189782549254,active boundary sampling
0.22833762042386585,0.3808763881092616,active boundary sampling
0.3362291058768905,-0.2868683338252509,active boundary sampling
-0.032753453694186696,-0.5306172465682428,active boundary sampling
-0.8985912434993866,1.0,active boundary sampling
0.4111754310548954,-0.9056768283104392,active boundary sampling
0.9723313843038186,-0.5331221991056057,active boundary sampling
-0.793708320966853,1.0,active boundary sampling
0.3114231904297893,0.2705385285002666,active boundary sampling
-0.4614261927404113,0.3230258676971674,active boundary sampling
0.1748457901062641,0.37570805545331937,active boundary sampling
-0.7627767441995534,-0.06304619826531506,active boundary sampling
-0.453188380464268,0.33233979571877126,active boundary sampling
0.10369930878005484,0.44068651994394964,active boundary sampling
-0.6395568875220854,-0.10975513558498415,active boundary sampling
0.29516955945828527,-0.8123657160921944,active boundary sampling
-0.91556215148957,-0.03534944528580028,active boundary sampling
0.13814786369315457,-0.13333749068825934,active boundary sampling
-0.40421662685538684,0.328176752837303,active boundary sampling
0.5411661883466135,-0.3856810017126328,active boundary sampling
0.011336595286225881,0.5006952270789153,active boundary sampling
0.32475062933279863,-0.809755171599101,active boundary sampling
-0.22736809881925768,-0.3625351055203135,active boundary sampling
-0.8222473792195784,1.0,active boundary sampling
0.2612243354976096,0.33412261418906775,active boundary sampling
0.35998794632291875,-0.8707787405193993,active boundary sampling
-0.5996560979949312,0.4350057883725721,active boundary sampling
0.2687756740917686,-0.7548166932704723,active boundary sampling
0.023948274153007043,0.5196045126399895,active boundary sampling
0.2984830174348556,-0.802935654178921,active boundary sampling
0.6090545868812471,0.1448674436636031,active boundary sampling
0.21002949684923755,-0.19307811779300993,active boundary sampling
-0.38288638700891475,0.2763522020094595,active boundary sampling
0.4991554880256439,0.16950333634838854,active boundary sampling
0.10155707659317481,-0.6538518621101667,active boundary sampling
0.7458489728070818,0.1109992875162054,active boundary sampling
0.7105677502736798,0.1093356251286971,active boundary sampling
0.7725494499558392,-0.5090606688327308,active boundary sampling
0.5878628126461951,-1.0,active boundary sampling
-0.29303518781608195,0.22445500585814063,active boundary sampling
-0.9021457225056597,1.0,active boundary sampling
0.23622740457657598,0.36134555448656297,active boundary sampling
-0.5650401491549966,-0.11914587954577814,active boundary sampling
0.4521664067109761,-0.36166846844881734,active boundary sampling
-0.6569528250637295,1.0,active boundary sampling
-0.7366239340113616,-0.054415333803981544,active boundary sampling
-0.34819619399248514,-0.26452644119719804,active boundary sampling
-0.1621766547726271,-0.4255898346013311,active boundary sampling
-0.6370103231454673,-0.13175030996808243,active boundary sampling
-0.6883832752058208,0.48042842427578936,active boundary sampling
-0.7556943854447062,1.0,active boundary sampling
0.27505923361081996,-0.7905156001484157,active boundary sampling
-0.03258375416092951,0.021534869446011944,active boundary sampling
0.6567275319407333,0.14113237042199242,active boundary sampling
-0.8787835783621356,1.0,active boundary sampling
-0.5198976647290334,0.9264463545432698,active boundary sampling
-0.7568438483569286,1.0,active boundary sampling
0.37731227087816155,-0.8661712627186249,active boundary sampling
-0.5645428269474377,-0.13310177580750368,active boundary sampling
-0.6707863989306782,0.4596230046492757,active boundary sampling
0.26573377714278124,-0.2343276633497744,active boundary sampling
0.7384646839146176,-0.4781230462341243,active boundary sampling
0.9353679156924928,-0.5331556120750776,active boundary sampling
-0.5470262661455461,-0.18384028597408092,active boundary sampling
0.055812005184274094,0.48102243159991337,active boundary sampling
0.05084404015384658,-0.06077523422618537,active boundary sampling
-0.9198842210787881,0.5853185960728092,active boundary sampling
-0.660385195167716,0.4587517110101549,active boundary sampling
0.8529543690474575,-1.0,active boundary sampling
-0.5004642478221366,-0.15385280128990617,active boundary sampling
0.2657842338378722,-0.2428515961070945,active boundary sampling
-0.9573648499154335,0.5909602112903314,active boundary sampling
-0.39941604071462833,0.8309108185060571,active boundary sampling
0.03940141603115355,-0.06414681300838035,active boundary sampling
-0.1987414005270478,-0.4092369053953138,active boundary sampling
0.2656534494266074,0.3314489687832487,active boundary sampling
0.003382304224698096,-0.56240757570566,active boundary sampling
-0.44167296835458414,0.3185148448594607,active boundary sampling
0.9736873638008805,0.042865665034208196,active boundary sampling
-0.8175083913367212,0.5594402242947567,active boundary sampling
0.00042568094974559934,-0.02467363551198959,active boundary sampling
0.6698409354435759,-0.4628910442605173,active boundary sampling
-0.5127609175246097,-0.1912324893184055,active boundary sampling
-0.5146327637020427,-0.174723952530777,active boundary sampling
0.5378948079591912,-0.3740792749665092,active boundary sampling
0.9982623637976862,-1.0,active boundary sampling
0.6269989653895842,-0.4290367947303588,active boundary sampling
0.04772672203408268,-0.6040271790191849,active boundary sampling
0.3975050205022883,-0.8655075406646099,active boundary sampling
-0.8603497226128181,-0.015724707613394496,active boundary sampling
0.709184899960194,0.12527051538905634,active boundary sampling
0.36111783629876903,-0.2781569724424866,active boundary sampling
-0.1497474335748452,0.09424678279947418,active boundary sampling
0.9376409268292414,-0.5406453776882627,active boundary sampling
-0.042930359980443145,0.0348247414389456,active boundary sampling
-0.8945282595808925,0.5286427669802846,active boundary sampling
0.033952827846677636,0.49131287280984126,active boundary sampling
-0.8049143238913339,1.0,active boundary sampling
0.7687028940180396,-0.46648866323951826,active boundary sampling
-0.08461995611186279,-0.4986955920885173,active boundary sampling
0.40381868993622816,-0.8500848959025288,active boundary sampling
-0.36262083876515594,0.279799628938193,active boundary sampling
-0.30695713485583687,-0.31852935370208724,active boundary sampling
-0.985188470478167,0.5702968539984611,active boundary sampling
0.7113095053750889,0.11955973412219108,active boundary sampling
0.8961946521091004,0.05657387486851651,active boundary sampling
0.00808915230876095,0.505070980752212,active boundary sampling
-0.017277576278711182,-0.025002401864872386,active boundary sampling
0.37909655758789174,0.21447425201387174,active boundary sampling
-0.027089582005426438,0.008914433852540406,active boundary sampling
0.6237589875567573,-0.42830881396495835,active boundary sampling
0.2146191944531357,-0.21052648757976797,active boundary sampling
0.12370533930472538,-0.14642896850941003,active boundary sampling
0.8559700009284672,-1.0,active boundary sampling
-0.7900263278449655,-0.049840068846593456,active boundary sampling
0.45678559100948357,0.24131316486201282,active boundary sampling
0.6724861860957287,-1.0,active boundary sampling
0.5592914583332795,-0.38836687705907147,active boundary sampling
0.7001190601182483,-1.0,active boundary sampling
-0.09297348979903175,-0.48106205914548533,active boundary sampling
-0.1029105620852615,0.6178368413475457,active boundary sampling
0.8877407249709226,-0.5111111836398458,active boundary sampling
0.7876396784791477,-1.0,active boundary sampling
0.39059109530161096,-0.3130176944222965,active boundary sampling
0.4344028773856359,-0.8947769919771648,active boundary sampling
-0.3401077361883622,0.25635837219273333,active boundary sampling
0.4937262232236064,-0.3416936563486608,active boundary sampling
-0.9572445769668578,0.5793190927149251,active boundary sampling
-0.7901201476414501,0.533416202648823,active boundary sampling
-0.15312748336369486,-0.3960890506584579,active boundary sampling
0.46861528744129144,-0.37266135872679607,active boundary sampling
-0.9806563898266691,1.0,active boundary sampling
0.6401782462670436,-1.0,active boundary sampling
-0.14756272998546272,0.10337484523387588,active boundary sampling
0.9147489265704765,-0.5305324678022854,active boundary sampling
0.601448007533526,-0.4427505342490059,active boundary sampling
-0.9723220529414371,0.6190107148137959,active boundary sampling
0.9616392065213875,-0.5409243570215145,active boundary sampling
0.6309581792986731,0.18117796780695855,active boundary sampling
-0.036220963505539716,-0.5654529846869335,active boundary sampling
-0.07517813346738267,-0.4980060220503527,active boundary sampling
-0.09118588156204965,0.062320568157827265,active boundary sampling
-0.012046299553266415,-0.5280581604112414,active boundary sampling
0.7844300083065665,-1.0,active boundary sampling
-0.326659608628604,0.7977218246381514,active boundary sampling
0.20947981116199466,0.3651548460972747,active boundary sampling
0.5572433822364624,0.1631214870591761,active boundary sampling
0.5528854212872174,0.1921338555757945,active boundary sampling
-0.7465529598150351,1.0,active boundary sampling
0.41384048260054795,-0.3349582122441286,active boundary sampling
-0.16487431370695038,0.1258289617275466,active boundary sampling
0.9119729799034937,-1.0,active boundary sampling
0.38433603476209344,0.26573446025184877,active boundary sampling
-0.6690317842216837,-0.09111247560539179,active boundary sampling
-0.734835244723997,1.0,active boundary sampling
-0.6532018892702054,-0.10736131388308265,active boundary sampling
-0.010333114916629249,0.5357595074967638,active boundary sampling
-0.716107217350874,1.0,active boundary sampling
-0.7958088230678593,1.0,active boundary sampling
-0.6435969362643426,1.0,active boundary sampling
-0.224810593775153,0.7006688926123992,active boundary sampling
0.8439502711569375,-0.5109910141536015,active boundary sampling
0.5228476037845664,-0.9682752570990206,active boundary sampling
-0.5283566115020841,0.9289198348239756,active boundary sampling
0.6445583996274464,-1.0,active boundary sampling
0.7913696103366066,-0.4999302903540292,active boundary sampling
0.3026588101813419,-0.8283717947572325,active boundary sampling
0.45101869568080377,-0.9226613697199411,active boundary sampling
-0.5149684278178008,0.9265000170247922,active boundary sampling
-0.5475960344157034,0.4369411321030948,active boundary sampling
-0.20756384712065912,0.6806316808619115,active boundary sampling
-0.8528380566079059,-0.04013115889280609,active boundary sampling
0.22625187513473333,-0.18188518649752614,active boundary sampling
-0.16289123088630042,0.6339188161712794,active boundary sampling
-0.497177635057237,-0.17634908251991804,active boundary sampling
0.4758733850913941,0.20161954864024628,active boundary sampling
-0.13946362937739165,0.6322379020050103,active boundary sampling
0.4158285448904815,-0.3270898357101767,active boundary sampling
0.8906672045580388,-1.0,active boundary sampling
-0.09541545736154644,0.5831080730623617,active boundary sampling
0.6454576764449573,-0.4137463760159593,active boundary sampling
-0.7119023478672177,-0.0749839884677726,active boundary sampling
-0.26819315061147875,0.19330276098389956,active boundary sampling
0.5756072769793841,-0.4074954209151837,active boundary sampling
-0.5727279653228838,0.39916870186927333,active boundary sampling
0.46861110667264816,0.2100208123357428,active boundary sampling
-0.3302838510655044,0.2511142417151283,active boundary sampling
0.49942143875693246,-0.9257134493829964,active boundary sampling
0.5999280434627574,-0.9905094601402393,active boundary sampling
-0.9139414737366471,1.0,active boundary sampling
0.5670943081331175,0.1855909157523409,active boundary sampling
0.6428791848077382,-0.44680860169685976,active boundary sampling
0.709638273934944,0.10926501157398966,active boundary sampling
-0.9593428321075679,0.5830685316989318,active boundary sampling
-0.2015366729746464,0.7028254124907711,active boundary sampling
0.45699089961594663,0.22822749465410522,active boundary sampling
-0.09163014110048762,-0.49212586866033614,active boundary sampling
-0.798755537278937,-0.04146771746316771,active boundary sampling
-0.03316670479949324,0.016767643064921244,active boundary sampling
-0.5977399819749953,0.9676760772442721,active boundary sampling
-0.6927575959161547,-0.08914313478367743,active boundary sampling
0.9471786906098878,0.04148172260304663,active boundary sampling
-0.5347973581774572,0.9312500801251109,active boundary sampling
0.4032945922725,0.2536684166233205,active boundary sampling
-0.06137127861888514,0.04420110900205596,active boundary sampling
-0.09867233548495657,0.06780168610854408,active boundary sampling
-0.767178872084118,0.5247406251774049,active boundary sampling
0.20016214936118915,-0.16273334790087468,active boundary sampling
0.03318442734237781,0.5074336159796539,active boundary sampling
-0.8932721072877785,0.5810914001094243,active boundary sampling
0.27342693630827863,-0.22084107034657866,active boundary sampling
-0.5735605965931738,-0.15392494446269148,active boundary sampling
0.6486306099160437,-1.0,active boundary sampling
-0.04600842986329301,0.0070960995981124535,active boundary sampling
0.6121808691356188,0.1704447064908096,active boundary sampling
-0.49606130546592775,0.3918078966937705,active boundary sampling
0.3752153668462568,-0.32330788986419395,active boundary sampling
0.028735395104877437,-0.5791073971861911,active boundary sampling
-0.1335715363208292,0.07999873510317383,active boundary sampling
0.4248126476873826,-0.3305165426365861,active boundary sampling
0.9443082966638234,-0.5175807170797451,active boundary sampling
-0.8297601770553256,-0.035826052254563596,active boundary sampling
0.7538551162819336,-1.0,active boundary sampling
-0.31168979665609964,0.7680077461692627,active boundary sampling
-0.7807413088257891,1.0,active boundary sampling
0.05451691095777389,-0.6244827040389047,active boundary sampling
0.7994477124944297,-1.0,active boundary sampling
0.28710971464887236,-0.24797952683499294,active boundary sampling
0.8672359939626828,-0.5078185433682748,active boundary sampling
0.06421225434062494,-0.6127245969359767,active boundary sampling
-0.28204221265643636,-0.3258931722054312,active boundary sampling
-0.8177810577512523,-0.032486535684613245,active boundary sampling
-0.298884859781108,-0.3212617628391115,active boundary sampling
-0.19586716622705636,0.6885866282511489,active boundary sampling
0.6837406156448917,-1.0,active boundary sampling
-0.7419851329471701,-0.08934857390024727,active boundary sampling
-0.5226105695324286,0.9552581407184426,active boundary sampling
0.9857497619952378,0.028318768157797075,active boundary sampling
0.6114686730482479,-0.40755691092154417,active boundary sampling
0.6469341620823177,0.13853656391421715,active boundary sampling
0.19183717357443686,0.3659362892419337,active boundary sampling
0.7754602949241265,0.09894990750135009,active boundary sampling
0.6996340869421638,-0.4299952239468246,active boundary sampling
-0.08275249133171658,0.03450846099967679,active boundary sampling
0.5321593234793378,0.17434464716872988,active boundary sampling
-0.1763485202643833,-0.45098506189618226,active boundary sampling
0.5215660437342717,-0.38241739814285003,active boundary sampling
0.6205098485118459,-0.4223796477507889,active boundary sampling
0.8760405608917252,-0.5073936815645755,active boundary sampling
0.28374874740859735,-0.7862486544619982,active boundary sampling
0.9737681317504474,-1.0,active boundary sampling
0.1231477189164949,0.4201226961934409,active boundary sampling
-0.8088093619675747,1.0,active boundary sampling
-0.6199202970107605,-0.11833807493673051,active boundary sampling
-0.9097443271047876,1.0,active boundary sampling
0.9438154589020622,0.0493518919477027,active boundary sampling
0.30540896367305725,-0.2401537362125132,active boundary sampling
0.8173641261881721,-0.5284954939604908,active boundary sampling
-0.6312335535219407,0.45859955824410625,active boundary sampling
-0.5270604633692033,0.9332462273539744,active boundary sampling
-0.4953603750649902,0.921263215927568,active boundary sampling
0.8365519059579654,-1.0,active boundary sampling
-0.9386770527261834,1.0,active boundary sampling
0.403005937887311,-0.8780402502231308,active boundary sampling
0.37108507005902824,-0.2739044066308015,active boundary sampling
-0.861560213491207,-0.03335290997132362,active boundary sampling
0.9992574465291753,-1.0,active boundary sampling
0.9096113435031721,-0.5107022550479793,active boundary sampling
0.9697451088104381,-1.0,active boundary sampling
-0.5556736503813722,0.38873771069916474,active boundary sampling
0.3625591098292136,-0.8557806484096555,active boundary sampling
0.5531327307092353,-0.41296976854757683,active boundary sampling
-0.8488910161336358,-0.04533408190450486,active boundary sampling
-0.8314556795062433,1.0,active boundary sampling
-0.6899156187696351,-0.09606989724193535,active boundary sampling
-0.018084361067110866,-0.5680587210992525,active boundary sampling
0.3805233773247496,-0.8466448443386572,active boundary sampling
-0.5581764421705253,-0.1648681149641704,active boundary sampling
-0.4595653495471914,0.8838444174423428,active boundary sampling
0.08232625416558204,-0.606718277991119,active boundary sampling
0.1883911904598512,0.37688924962793713,active boundary sampling
0.6613892494093294,-0.4501553525328675,active boundary sampling
0.037606858731533466,-0.5672682601766683,active boundary sampling
-0.374308520479828,0.8354754623344727,active boundary sampling
0.15900240880763827,0.41434115099594115,active boundary sampling
-0.7640934478100345,0.5104564523986532,active boundary sampling
-0.4456281327359526,0.35368586116111983,active boundary sampling
0.5780101099291914,-1.0,active boundary sampling
-0.227056263949025,-0.39904149440617154,active boundary sampling
-0.807698545212407,-0.03359286400546074,active boundary sampling
0.26786140320569984,-0.7530582833507689,active boundary sampling
0.6780114317557129,-1.0,active boundary sampling
-0.4231359595601687,0.3160459464638459,active boundary sampling
0.5363528807859714,-0.9526785548112267,active boundary sampling
0.40164107092261725,0.26793518323502186,active boundary sampling
-0.10370344218190697,-0.46945970946248744,active boundary sampling
0.3908186625305041,-0.31855296703280606,active boundary sampling
-0.28627768143189103,-0.33681881807207165,active boundary sampling
-0.06308144879133493,-0.49244865564011137,active boundary sampling
0.06989624222290947,-0.6296469889792548,active boundary sampling
0.41507505016572743,0.1981516101091649,active boundary sampling
-0.7368972364933681,0.5127199891712487,active boundary sampling
0.700549362297687,0.1330545370972253,active boundary sampling
-0.5212340776643245,0.3808982093899393,active boundary sampling
0.6118890620004924,-0.9986013561250113,active boundary sampling
-0.08335682781825304,0.5975843651459372,active boundary sampling
-0.5309086790376547,-0.16435664385886423,active boundary sampling
-0.6939026156327195,0.4690265528259245,active boundary sampling
0.8083710289886705,-1.0,active boundary sampling
0.35409839161031753,0.2853279594947664,active boundary sampling
-0.13565378212330703,-0.43365470412554186,active boundary sampling
0.5667495105070717,-0.9673398381840197,active boundary sampling
-0.34400815748605607,0.2755150588923275,active boundary sampling
-0.6701669909260193,-0.07959620720626849,active boundary sampling
-0.815174293307501,-0.06985285266423859,active boundary sampling
-0.14311115389862628,0.625486463652735,active boundary sampling
0.3688844158177593,0.25431129565220695,active boundary sampling
0.6508341747796658,0.12882029601442407,active boundary sampling
0.9279956763578803,-0.517883536764765,active boundary sampling
0.6294394649912372,-0.439014542899956,active boundary sampling
-0.6592399248402478,0.4577503245889347,active boundary sampling
0.7974360057924379,0.08567554303722999,active boundary sampling
0.5229658567918145,0.20712834050794182,active boundary sampling
-0.1575927487535871,-0.42947087691877817,active boundary sampling
0.5722587415875502,-0.39326039257860806,active boundary sampling
-0.3236182401693306,0.7532092905433599,active boundary sampling
0.9364564197236109,-1.0,active boundary sampling
-0.8288428212945733,0.5280028628161778,active boundary sampling
0.09762756219878299,0.42474327600904077,active boundary sampling
0.7071274134736727,0.11187327247321713,active boundary sampling
0.14240647487687674,-0.14041268202913457,active boundary sampling
-0.15670088789071612,-0.4392441352017824,active boundary sampling
0.7196173971177682,-0.4857777357426705,active boundary sampling
0.4791310957422541,-0.9259355578350636,active boundary sampling
-0.7048899044408277,0.4775000498207806,active boundary sampling
-0.5878169928142392,0.9866372311944837,active boundary sampling
0.3105224184926836,0.28362562739642666,active boundary sampling
-0.39173589250805096,-0.2873581258624388,active boundary sampling
0.7035924912187972,0.12214316169190947,active boundary sampling
0.172574565302682,-0.7156473542128393,active boundary sampling
-0.06956512399463755,0.05917521176262985,active boundary sampling
-0.9270075347604456,-0.004968060091065872,active boundary sampling
-0.6786686353766858,-0.09489077447801067,active boundary sampling
-0.536361678323586,-0.18358892111148262,active boundary sampling
0.9998989918069496,-0.010566441375635012,active boundary sampling
-0.49132293429649065,-0.19724897406148828,active boundary sampling
-0.7369033221017589,1.0,active boundary sampling
0.28095940501234384,0.2983620093091982,active boundary sampling
0.6527794363311272,0.0929203331826197,active boundary sampling
-0.24405932472508196,0.7199065752906963,active boundary sampling
-0.6476921413369361,0.4462338626678821,active boundary sampling
0.8614348822649003,0.061912217154361585,active boundary sampling
-0.9815397741702825,1.0,active boundary sampling
-0.6776828769011094,0.46734046309157906,active boundary sampling
-0.47524627587821033,-0.1931215729175515,active boundary sampling
-0.6025115992565404,1.0,active boundary sampling
0.8027740400903338,0.09099259490337364,active boundary sampling
-0.37418294882195746,-0.2586789483402461,active boundary sampling
0.9940203507049576,-1.0,active boundary sampling
-0.34099157180555584,-0.2742516340226162,active boundary sampling
-0.6697612549957499,1.0,active boundary sampling
-0.961918633701367,-0.005624278882695132,active boundary sampling
0.4572991793171626,0.2049593853418853,active boundary sampling
0.7965582038244015,-1.0,active boundary sampling
-0.7872588934372926,1.0,active boundary sampling
-0.5476069243872812,0.9625800969382604,active boundary sampling
-0.8921157855564621,0.013564458476584954,active boundary sampling
-0.11446878481124978,0.6014692597003171,active boundary sampling
0.3937722451910477,0.234275323596835,active boundary sampling
0.8671988098646872,0.07347270540753022,active boundary sampling
-0.7073185810473852,0.4778356394660375,active boundary sampling
-0.7220836245853575,-0.05450751757560254,active boundary sampling
-0.08029143978417741,0.5818439377903791,active boundary sampling
-0.5726099383099206,0.9642609447588091,active boundary sampling
0.7553263022905135,-0.46774252868082383,active boundary sampling
-0.4679808539983421,-0.21119501062746712,active boundary sampling
-0.37803340557699516,0.29741429155998844,active boundary sampling
0.3957167354167308,-0.307097357178309,active boundary sampling
0.9646767934161651,-1.0,active boundary sampling
0.2956644956360386,-0.8055615898556907,active boundary sampling
0.0860556571645068,-0.08370236620620863,active boundary sampling
-0.7466528457840058,0.49384672066523716,active boundary sampling
-0.4105362202931935,-0.2615350524962452,active boundary sampling
-0.05819850314554831,-0.520744883535299,active boundary sampling
0.06291105387896012,0.4511299510403836,active boundary sampling
-0.63314868135338,-0.13572153623071667,active boundary sampling
0.11728632665613814,0.41739236293326804,active boundary sampling
0.36271634929730157,-0.8444783887436057,active boundary sampling
0.466696085182182,-0.32639626272307787,active boundary sampling
0.36169626898688567,0.2744278904533895,active boundary sampling
0.039397026620413556,-0.6027739815362291,active boundary sampling
0.9241729207528118,-1.0,active boundary sampling
-0.08627666610017526,0.5742578697277747,active boundary sampling
0.16630078467692266,-0.7082840624999985,active boundary sampling
-0.006778315500980181,0.0043059364399037365,active boundary sampling
-0.03383926111917579,0.013249137377666986,active boundary sampling
0.6277576896908883,-1.0,active boundary sampling
-0.47215930879628076,0.34329650408599055,active boundary sampling
0.9101301960727883,-0.5079148392787278,active boundary sampling
-0.7119862260638921,0.4766688201889645,active boundary sampling
0.06724587060120002,-0.59094685693556,active boundary sampling
-0.908085544725123,0.007522770474871859,active boundary sampling
-0.6081213527122593,1.0,active boundary sampling
0.4967668489583501,-0.3424887396653058,active boundary sampling
0.1653159928594954,-0.6758914025481916,active boundary sampling
-0.672173590904662,0.462527093569154,active boundary sampling
-0.9756750977129305,0.01607855379086487,active boundary sampling
0.5936438068160024,-0.957875066393465,active boundary sampling
0.5504023882873299,-0.39023985104604747,active boundary sampling
-0.4416481575765969,0.8899707428235335,active boundary sampling
0.2521099021874038,-0.7495192283710098,active boundary sampling
0.2261810630313399,-0.19238152540736628,active boundary sampling
-0.3588325833198125,-0.304644183609034,active boundary sampling
0.5986843758645597,-0.9826109349935693,active boundary sampling
-0.7778276611298716,0.5323448962591236,active boundary sampling
-0.7345942587316694,0.5136835348684059,active boundary sampling
0.42328996710674627,-0.33028833678879205,active boundary sampling
0.827502104439481,-0.48822845019655065,active boundary sampling
0.634044589104795,-0.43268403449283627,active boundary sampling
-0.4526725988754965,0.9105759671535286,active boundary sampling
0.4518976286399996,-0.34665780422327286,active boundary sampling
-0.29820502998790155,0.7763466313858765,active boundary sampling
-0.2560802774350066,0.7117228177531048,active boundary sampling
0.9731609129286378,0.02429270392263004,active boundary sampling
0.8196529257541314,-0.479346178374483,active boundary sampling
-0.8342846388014953,1.0,active boundary sampling
-0.3628399089885359,0.8163871481281938,active boundary sampling
0.9472461982920422,-0.5492739134028941,active boundary sampling
-0.5874656035811798,0.44404902569051885,active boundary sampling
-0.9972739136064264,0.028451629172663813,active boundary sampling
-0.7927569575414994,1.0,active boundary sampling
0.4982255226674823,0.25098043582832524,active boundary sampling
0.8070478636624607,0.11580491226638055,active boundary sampling
0.03442558422517905,-0.6049714908616246,active boundary sampling
0.25141012246262173,0.34071912209328153,active boundary sampling
0.7903606013380615,0.08418441197968332,active boundary sampling
-0.5492759040834523,0.9672009949725724,active boundary sampling
-0.6565455804838087,0.4696345499632747,active boundary sampling
-0.15875857267492832,0.6386527500572315,active boundary sampling
-0.5218161706766724,0.3821777623728045,active boundary sampling
-0.9757000336033568,0.0014801422957107981,active boundary sampling
-0.6961069715411761,-0.07862881824641484,active boundary sampling
-0.8174486369015619,0.5384172738308391,active boundary sampling
0.8504123261165584,0.05316425801776174,active boundary sampling
0.9267334861757293,0.030721781052306926,active boundary sampling
0.6728121767758279,-0.44036725989178266,active boundary sampling
-0.562847289657672,-0.13511441305323452,active boundary sampling
-0.7108149033635272,1.0,active boundary sampling
-0.43065459518015325,0.8548457382232237,active boundary sampling
-0.17377974010478514,-0.42690484060765566,active boundary sampling
0.28877793264578844,-0.769910189391653,active boundary sampling
-0.07402047432776193,-0.5240470866654608,active boundary sampling
-0.5997360139846544,0.971995703158898,active boundary sampling
-0.4237577979623839,0.29408803292923535,active boundary sampling
-0.8694718353767035,0.5721090338421057,active boundary sampling
0.7522789087826813,0.07300592480469821,active boundary sampling
-0.018602605345213963,-0.0010862688541200746,active boundary sampling
0.6918025955529674,-0.45154787337143737,active boundary sampling
-0.6767226105615411,1.0,active boundary sampling
0.49026009144444993,0.19276900091080335,active boundary sampling
-0.10626487985785738,0.06422230305161734,active boundary sampling
-0.15084615520325828,0.09498190032761744,active boundary sampling
0.3714455726254977,0.26351578782259544,active boundary sampling
0.6234044868968243,0.16250588972771243,active boundary sampling
0.3036222104424635,-0.2691837957671637,active boundary sampling
0.12668123522180186,-0.6663051270837028,active boundary sampling
0.01969688896815769,0.49538225817804366,active boundary sampling
-0.9511382728904092,1.0,active boundary sampling
0.4304100120923182,-0.3396572144638116,active boundary sampling
0.9830721969451259,-1.0,active boundary sampling
0.3457808925230965,-0.8495425643771408,active boundary sampling
0.49681406868477374,-0.9290330608734577,active boundary sampling
-0.14136767421781604,-0.4562436121428761,active boundary sampling
0.5329191772375306,-0.39026113649124944,active boundary sampling
0.8435689864604596,0.09485077125821052,active boundary sampling
-0.8269258256210841,0.5414782313533429,active boundary sampling
0.17893797902007047,-0.16272933337296114,active boundary sampling
-0.158157160100993,0.6521907941234266,active boundary sampling
-0.4796132433617768,-0.1739867744037034,active boundary sampling
0.9699641811962814,-1.0,active boundary sampling
-0.0304945966891097,0.5479450268500634,active boundary sampling
0.543357130088107,-0.972277203666284,active boundary sampling
-0.4114238404189172,-0.24365236062852044,active boundary sampling
0.3869293570248018,0.26049027405600766,active boundary sampling
0.359296338886703,-0.8421539093656074,active boundary sampling
0.6557758956892943,-0.45237777509585647,active boundary sampling
0.6249511698765815,-0.4480432451277731,active boundary sampling
-0.578082251963266,0.9937932252000451,active boundary sampling
-0.05105936980832948,-0.49896107981082005,active boundary sampling
0.43747240986975466,-0.9190829808421895,active boundary sampling
0.22424825896060585,-0.18907464763337578,active boundary sampling
-0.5254056867267154,0.40206952575642596,active boundary sampling
0.7170718546516943,-0.4804275297260364,active boundary sampling
-0.5645259421634148,0.9708773422767407,active boundary sampling
0.45515282154636094,-0.8802333734698219,active boundary sampling
-0.24582267076954434,0.729152079814334,active boundary sampling
-0.1416380756971174,0.6312833771819293,active boundary sampling
-0.6394520153106196,1.0,active boundary sampling
0.9760913199114785,-1.0,active boundary sampling
-0.6480800098475574,-0.09892253403540194,active boundary sampling
0.2412984005441685,0.3492922135591825,active boundary sampling
0.11268462798976131,-0.6404200071730324,active boundary sampling
0.6193032290643592,-0.4336576413293062,active boundary sampling
-0.7546792680867744,0.508946887769761,active boundary sampling
-0.555043724417696,0.9745533345087133,active boundary sampling
-0.011705538201815191,-0.017878494427298094,active boundary sampling
0.0736945118640262,0.4761154583460671,active boundary sampling
-0.05581097183740513,0.5634572074175794,active boundary sampling
0.7524054629531072,-1.0,active boundary sampling
0.755000687211191,0.07640702225277188,active boundary sampling
-0.5102538181417962,0.9332586245217801,active boundary sampling
-0.4713348463178306,-0.18304250476115494,active boundary sampling
0.5306689588418525,0.16166485647057152,active boundary sampling
0.6856074572652073,0.11506033902709199,active boundary sampling
0.8528688349404703,-1.0,active boundary sampling
-0.9265699341171256,-0.02260615985761004,active boundary sampling
-0.869105165698042,-0.0260981584202297,active boundary sampling
0.24584610684190644,0.3826954221028026,active boundary sampling
0.40919072688828373,-0.321832632758635,active boundary sampling
0.7742837658359796,-0.47434399868959043,active boundary sampling
-0.3936198568346536,-0.23645566905857643,active boundary sampling
-0.5921755565746931,0.45266450268943104,active boundary sampling
0.6355902469356565,-0.9658416814969196,active boundary sampling
0.4924118879028836,-0.3715658913726354,active boundary sampling
0.6716864289757096,-0.4698346833306118,active boundary sampling
-0.8263167083023064,1.0,active boundary sampling
0.34972063803720754,-0.2951193205568552,active boundary sampling
0.6701877790028477,0.15667904272915772,active boundary sampling
-0.10579047605721215,0.0788414001985821,active boundary sampling
0.10347963860462595,-0.11143528973480099,active boundary sampling
-0.47607977867275686,-0.21165268213686114,active boundary sampling
0.24010647531542384,-0.21663686323838174,active boundary sampling
0.9684804468803063,0.03924314300192507,active boundary sampling
0.6484831127394979,-0.4555941059351858,active boundary sampling
0.6267653193220086,0.11120441890988539,active boundary sampling
0.9279041377682997,-0.5184598346756144,active boundary sampling
-0.5663539061724754,-0.11372118824331132,active boundary sampling
0.9541892290075529,0.050941089698796446,active boundary sampling
0.24336033061632278,-0.7531788071663578,active boundary sampling
-0.5614478751743117,0.4210694690770147,active boundary sampling
-0.503694962159174,0.893221501002541,active boundary sampling
-0.44470357162381235,0.8610521747445347,active boundary sampling
0.09720653326668538,0.45662324999498405,active boundary sampling
0.6780583577621819,0.14579571052602372,active boundary sampling
0.17256180155186374,0.38022208923514,active boundary sampling
-0.18487719576588746,0.10826203152037682,active boundary sampling
0.22810524168161073,-0.1833299823090415,active boundary sampling
-0.2474087991403593,0.17857441948782818,active boundary sampling
-0.819528245022328,-0.07066100946414218,active boundary sampling
-0.8021149257482374,0.5280010510752845,active boundary sampling
-0.655802530364332,-0.09578721824271212,active boundary sampling
0.29747999857252383,0.2942773595529263,active boundary sampling
-0.6514397324129688,1.0,active boundary sampling
-0.4986436827476055,-0.17397629864901598,active boundary sampling
0.015467041808858495,-0.5549204303257166,active boundary sampling
-0.8335959117306762,0.5692022394399563,active boundary sampling
0.4602535903290683,0.19759460153360575,active boundary sampling
-0.0506062623041974,0.5771752071318444,active boundary sampling
-0.4431784399942489,-0.21789714264381083,active boundary sampling
0.6033309562765108,0.1515474873658219,active boundary sampling
0.6734103911877942,-1.0,active boundary sampling
-0.7590309285519561,0.5409232727792928,active boundary sampling
0.833868305824641,0.08533806078123153,active boundary sampling
-0.17505944916234029,-0.40652875129114996,active boundary sampling
0.546378399497784,0.158800942310022,active boundary sampling
0.6670858934692792,-0.4398673732248046,active boundary sampling
-0.2517963688056182,0.7266941334173123,active boundary sampling
0.9754682402544557,0.03664748269103042,active boundary sampling
-0.3441147139196443,0.27988801836375776,active boundary sampling
-0.14666760247714805,0.6311480134760383,active boundary sampling
-0.4696154277066782,-0.2154415859099824,active boundary sampling
-0.6579586935265378,-0.09460041104052574,active boundary sampling
0.04058844221403257,-0.04421621000656987,active boundary sampling
-0.8389610688275024,0.5352907289787641,active boundary sampling
0.08466699990071258,0.4522433224976215,active boundary sampling
0.3727551503359079,-0.8279547867030206,active boundary sampling
-0.44686654318388674,-0.19716082860033604,active boundary sampling
0.17737250565430696,0.3848557118374738,active boundary sampling
0.7113827173658747,-1.0,active boundary sampling
0.7116119258285651,0.13087037718182232,active boundary sampling
0.3738155713483653,0.25818493259549885,active boundary sampling
-0.853426546020218,0.018969551301053607,active boundary sampling
-0.17695523047729234,-0.37208111750669537,active boundary sampling
0.9183718900020603,-1.0,active boundary sampling
0.24270261252697,-0.7863983971998125,active boundary sampling
0.5683534237184968,-0.3924067764798916,active boundary sampling
0.7445723237529316,-0.4881200416781224,active boundary sampling
0.4445819901436754,-0.9197366229035445,active boundary sampling
0.4933393911687549,-0.3458192879459762,active boundary sampling
0.23809811888919374,-0.7716909807971221,active boundary sampling
0.28272674632914674,-0.8067150997420066,active boundary sampling
0.717139140539037,-1.0,active boundary sampling
0.06974111630829061,-0.07209202337740905,active boundary sampling
-0.010047331375510948,0.5185249562615061,active boundary sampling
0.042896813537807166,0.4787515567840134,active boundary sampling
0.6930359676933995,-0.42689418667078094,active boundary sampling
-0.5790719818293246,-0.11928295495179234,active boundary sampling
-0.8098897883682221,0.5519307030481343,active boundary sampling
-0.5438649424446411,-0.1509275084089691,active boundary sampling
-0.17850878084654997,-0.4382010204487328,active boundary sampling
0.3921493210895475,0.24232142180189328,active boundary sampling
-0.6034924149342369,0.4240826053350371,active boundary sampling
0.21703877762012458,-0.7343293843042766,active boundary sampling
0.4743177869506059,-0.9401652551846162,active boundary sampling
0.6445826654126432,-0.9918566312679803,active boundary sampling
0.5396260894528733,0.1753822817770097,active boundary sampling
-0.5824430013307875,0.9920847092077558,active boundary sampling
0.6365366953162135,-1.0,active boundary sampling
-0.030946999822798915,-0.5124544575751754,active boundary sampling
-0.32355340695951496,-0.30627076745472953,active boundary sampling
-0.7483977528175689,-0.07123332463895285,active boundary sampling
0.015450590785888618,-0.5884618576923191,active boundary sampling
0.8885349528851427,0.03874718257482254,active boundary sampling
-0.7020079249521938,-0.09094597000292323,active boundary sampling
-0.7338292493421132,0.49731485461368585,active boundary sampling
0.8380595536164133,0.06706973629023433,active boundary sampling
0.5223684481736126,-0.9479139641308866,active boundary sampling
-0.44272107685305406,0.8980740524931409,active boundary sampling
0.421125452054127,-0.8804796832080168,active boundary sampling
-0.7325850368078966,1.0,active boundary sampling
-0.15579299075862818,0.0927966282565358,active boundary sampling
0.1041396226007334,-0.13405335319275394,active boundary sampling
0.19647057587258243,-0.7146951282443876,active boundary sampling
0.478340073186432,-0.3811981729633206,active boundary sampling
0.8424926141015667,-1.0,active boundary sampling
-0.40735319602770215,0.30533952569248174,active boundary sampling
-0.7645679063766935,1.0,active boundary sampling
-0.4613973421685478,-0.22854714340930188,active boundary sampling
0.8226407202172472,-1.0,active boundary sampling
-0.15889216638018722,0.1097693645829687,active boundary sampling
0.5566372395433552,-0.9914561242669632,active boundary sampling
-0.824551085022156,0.5501886052017383,active boundary sampling
-0.14685587920902066,0.09348890020723574,active boundary sampling
-0.5823491205549032,0.9838458442609465,active boundary sampling
-0.3368449324040701,0.7924118117553537,active boundary sampling
-0.7434030147593844,-0.06694495142279125,active boundary sampling
0.8770691087047264,0.043078011869438805,active boundary sampling
-0.8733115194355341,0.5894661002636958,active boundary sampling
0.8499180977991923,-1.0,active boundary sampling
-0.767800182769115,-0.07300069371211815,active boundary sampling
0.7404804244793672,0.11232054436518173,active boundary sampling
-0.8798380743480558,1.0,active boundary sampling
-0.27322181204785534,0.7728651180243833,active boundary sampling
0.6292834043770708,0.1308393065458986,active boundary sampling
-0.9964854924405331,1.0,active boundary sampling
-0.8935167279338987,1.0,active boundary sampling
-0.6390778034531688,1.0,active boundary sampling
-0.5886192468081051,1.0,active boundary sampling
-0.23673501074687997,0.7150508895737748,active boundary sampling
0.027139191585932032,-0.025018569206226866,active boundary sampling
-0.37579784596848453,-0.24077999118298402,active boundary sampling
-0.6166356573258316,0.9680752338096115,active boundary sampling
0.1508788340663645,-0.6987951233651079,active boundary sampling
0.2720788519018813,-0.7962551504805924,active boundary sampling
-0.42151937747758983,0.3226766547479009,active boundary sampling
0.2591605936514847,0.3569778644867196,active boundary sampling
-0.5176796210551848,0.3883489766721649,active boundary sampling
-0.17388112433158498,0.1268209367831956,active boundary sampling
0.44447964382070304,0.2513240253003452,active boundary sampling
0.8992333671398569,0.03923830496896878,active boundary sampling
0.3096646226138664,-0.26881962847748814,active boundary sampling
-0.41915364117670295,-0.2221803497602219,active boundary sampling
0.02036601920363723,-0.05299711018401381,active boundary sampling
0.4163201145753399,0.22215257833282664,active boundary sampling
0.5339389630405651,-0.9479431030758457,active boundary sampling
0.761574366226254,0.08631154681794155,active boundary sampling
0.8259258126553073,0.07430693597186899,active boundary sampling
-0.7930539919634443,1.0,active boundary sampling
-0.282551758141401,0.7574747130901257,active boundary sampling
-0.7015552388827342,1.0,active boundary sampling
0.6114951677534819,-1.0,active boundary sampling
0.028762567874138334,0.5027881829843031,active boundary sampling
-0.9842782611015164,0.5829366048141754,active boundary sampling
0.9568241282723722,0.04768910162440578,active boundary sampling
0.7796337569982983,-0.502581738316074,active boundary sampling
-0.40245997008821144,0.29587870815671236,active boundary sampling
0.0670627488588027,0.4700103295866402,active boundary sampling
0.9047711731303809,-1.0,active boundary sampling
0.7029584251693048,-1.0,active boundary sampling
0.6456972627593047,-1.0,active boundary sampling
0.5597419567859081,0.16933012342604806,active boundary sampling
-0.5724976411611038,0.40122914026704454,active boundary sampling
0.3589008203513522,-0.8422539317962734,active boundary sampling
0.2162499431700895,0.3535022404471879,active boundary sampling
0.10041709215447403,-0.0926299322440542,active boundary sampling
-0.5580075864558518,0.9789238834255266,active boundary sampling
0.6927064640178391,-0.46408193730199465,active boundary sampling
0.9529912929545019,-0.5321626640881777,active boundary sampling
0.8462630276362424,-0.4922935291138551,active boundary sampling
0.9501847979831908,-1.0,active boundary sampling
-0.10169388521809397,-0.47951261110247695,active boundary sampling
-0.6464922213448243,0.45777506746285174,active boundary sampling
0.23319588061508956,0.35681977237828383,active boundary sampling
0.15274964695888338,0.39126574194375535,active boundary sampling
0.8615103855329915,-0.5249120956030106,active boundary sampling
0.8706932992460104,0.058445418134867325,active boundary sampling
0.5072668293577574,-0.9103990825550614,active boundary sampling
0.9420442612851794,0.02256078595050044,active boundary sampling
-0.8462654417173232,0.5368404328367288,active boundary sampling
0.764066568044089,0.07216033613417164,active boundary sampling
0.3725248485067256,-0.2939435008235247,active boundary sampling
-0.2626581312313998,-0.3455195957102452,active boundary sampling
0.6525450732554607,-1.0,active boundary sampling
0.7503256685860344,-0.4812552162231652,active boundary sampling
-0.0822932960114724,0.5706594483899556,active boundary sampling
0.7641041350592588,-0.4966590991566799,active boundary sampling
0.25675870174022597,-0.78749267008276,active boundary sampling
0.4817062056590986,-0.3743831628455715,active boundary sampling
0.2823819317094627,0.3265399488467011,active boundary sampling
0.6637317354559016,0.13967298687635543,active boundary sampling
0.0012895646413535466,-0.04687481228966575,active boundary sampling
-0.6760430267916608,0.48928795405542924,active boundary sampling
-0.6994634628146583,-0.09836186660416009,active boundary sampling
0.4474731547394517,-0.9055810384245779,active boundary sampling
-0.7926000974492247,0.5169042709724713,active boundary sampling
0.4383622130193965,-0.885528089747346,active boundary sampling
-0.9846226146069803,0.5899681547061393,active boundary sampling
-0.6223206732303035,0.46011884688884247,active boundary sampling
0.5291293172254663,-0.3843818280216833,active boundary sampling
0.9297275244921421,-0.5378514069370492,active boundary sampling
0.8339573972569532,-0.5238881031789265,active boundary sampling
0.22868933502696698,-0.21884812477836196,active boundary sampling
-0.3709011526498269,-0.26374422002547804,active boundary sampling
-0.7801307433273532,1.0,active boundary sampling
0.4918988553789361,-0.35473703166348947,active boundary sampling
0.9212141299880312,-1.0,active boundary sampling
0.6323207027051627,0.153048081631204,active boundary sampling
-0.013935195640463416,-0.03306994971644914,active boundary sampling
0.6999732873483748,-0.4763540486947306,active boundary sampling
-0.4314827023972181,-0.2281193750382891,active boundary sampling
-0.561463568107972,0.9721915296285365,active boundary sampling
-0.3924285090810853,0.855050531321141,active boundary sampling
0.333485793343296,-0.2649102570268284,active boundary sampling
-0.6841901465494606,0.4775377891261868,active boundary sampling
0.7587885162182924,-1.0,active boundary sampling
-0.527148424851438,0.9245002536004157,active boundary sampling
0.12674508882316804,-0.15495420828540768,active boundary sampling
-0.8937573391725397,0.001489883838274017,active boundary sampling
-0.168769211201931,-0.42040040298938286,active boundary sampling
-0.25682242155185,0.7120237789471887,active boundary sampling
-0.4945385708297356,-0.1827380535003462,active boundary sampling
0.8625980980627386,0.0811122872928593,active boundary sampling
-0.01310627486643634,0.5457200565429496,active boundary sampling
0.5589708672099258,-0.3927770363460098,active boundary sampling
0.5269696612381503,0.18415910962547727,active boundary sampling
0.3348727328020984,0.2625762301168939,active boundary sampling
0.8936680706519526,-0.5474913765649879,active boundary sampling
0.07624221985785629,-0.6125206123881999,active boundary sampling
0.49510450499048675,-0.9412619088415155,active boundary sampling
-0.4027679882078552,0.3190371231766791,active boundary sampling
-0.0582019421517701,0.550031808827609,active boundary sampling
-0.6570236779402996,0.47573738892447565,active boundary sampling
-0.9421768122435634,0.5789946764146521,active boundary sampling
0.6063056668851352,-0.9971903389951736,active boundary sampling
-0.0042412060018524045,-0.5346988756924527,active boundary sampling
-0.044438502605016694,0.5847682929847933,active boundary sampling
0.24955419857106476,-0.7886344669612269,active boundary sampling
0.9998969847926484,0.013671509183130592,active boundary sampling
-0.017614396468629723,-0.5489009619084224,active boundary sampling
-0.778011258173386,1.0,active boundary sampling
0.5646077350877148,-0.41125170178718307,active boundary sampling
-0.3714078506331928,0.802607207638617,active boundary sampling
0.6464539060371473,-1.0,active boundary sampling
0.878173171614784,-1.0,active boundary sampling
-0.4819430263657949,-0.21387573288284709,active boundary sampling
-0.8393470758270756,-0.018129357096755894,active boundary sampling
-0.5662729748868325,0.9803545716861736,active boundary sampling
-0.5861354020951324,-0.113408932650801,active boundary sampling
0.1970414240722529,-0.6889542864155582,active boundary sampling
-0.4074142956436806,-0.23704944704048805,active boundary sampling
0.512884409217568,-0.39635537474671245,active boundary sampling
-0.7399320320136111,-0.09498858785139762,active boundary sampling
0.5251832916045183,-0.36259828615180184,active boundary sampling
0.3082744208482697,-0.2639189657997576,active boundary sampling
0.1982862363056641,-0.7273572980909175,active boundary sampling
0.9535820610515042,-1.0,active boundary sampling
0.8401035511094554,-1.0,active boundary sampling
0.8941346398327326,-0.5502254173797964,active boundary sampling
-0.2979636924244806,0.21669077973827372,active boundary sampling
0.3831909260882751,-0.3375537474508859,active boundary sampling
-0.03760229288414019,-0.529957367233352,active boundary sampling
-0.6551739030875989,-0.12482866128348459,active boundary sampling
-0.7499563965924365,-0.05377787119719439,active boundary sampling
0.16609809178326262,-0.13976503864352813,active boundary sampling
-0.45079431536609804,-0.22288174206998243,active boundary sampling
-0.5324618269238308,0.3781734627921078,active boundary sampling
-0.25455641225644454,-0.35460503505441154,active boundary sampling
0.46522275032272753,-0.3698673268241819,active boundary sampling
-0.3551026596776874,0.8193187997233596,active boundary sampling
-0.015290749781153412,-0.5371081032178604,active boundary sampling
0.1781717441299524,-0.6899435744172338,active boundary sampling
-0.7616096630321838,-0.07424148332191004,active boundary sampling
0.49232845401163505,-0.9238954918916492,active boundary sampling
0.9934613023571994,0.031998262642498575,active boundary sampling
-0.19568356974102796,0.6697956180841927,active boundary sampling
0.9032649532069463,-0.5436013609893308,active boundary sampling
-0.23568603857347536,-0.3504403258511023,active boundary sampling
-0.2822383219887925,-0.34413939205154914,active boundary sampling
0.47876203243100957,-0.9276559928311353,active boundary sampling
-0.1323712717890151,0.6465835636554519,active boundary sampling
0.8750855175048768,-1.0,active boundary sampling
-0.89300316755282,1.0,active boundary sampling
0.5929417291551986,-0.41915444942571045,active boundary sampling
0.21975566287429338,-0.20558228271178855,active boundary sampling
-0.7801080716572324,-0.04590540676655359,active boundary sampling
-0.811692952099893,0.5536649936431353,active boundary sampling
0.06713878187899547,-0.06356196011026166,active boundary sampling
-0.25579026893221646,0.19590134951391536,active boundary sampling
0.6252367642582701,-1.0,active boundary sampling
0.39399932420735007,0.23251370526078124,active boundary sampling
-0.8896765211522906,-0.029527903204881953,active boundary sampling
-0.18108403764149572,-0.41703085533511086,active boundary sampling
0.5941359757138376,-0.9965562007441551,active boundary sampling
0.9543690320337339,-0.5336309681782074,active boundary sampling
0.765363167308067,0.08869636291652214,active boundary sampling
0.9976570296934149,-0.5564889650569366,active boundary sampling
-0.35562615139630704,0.8045225277473211,active boundary sampling
-0.9765530740234833,0.6033232136949747,active boundary sampling
0.6251487948484276,0.16205743674656128,active boundary sampling
0.4669799567541497,-0.8978497313155288,active boundary sampling
0.5958700195266793,-0.4183479556978828,active boundary sampling
-0.058043946302933414,0.5533836500053726,active boundary sampling
0.6972008529962392,-1.0,active boundary sampling
0.7461125564288182,0.10221984690696508,active boundary sampling
-0.8414554505339384,-0.032116929976508314,active boundary sampling
0.12347116365108612,-0.6782354345338963,active boundary sampling
0.5836807588505093,-0.9796506798943065,active boundary sampling
0.0026964957912889442,-0.012400496888572357,active boundary sampling
-0.11548077788123434,-0.4212259489029657,active boundary sampling
-0.3568944268540848,0.27756700997359396,active boundary sampling
0.11413139255861471,-0.6708911098155335,active boundary sampling
-0.6797915682046305,-0.09972253479309269,active boundary sampling
-0.617881032276669,-0.11933606646684486,active boundary sampling
0.7357237281865674,-1.0,active boundary sampling
0.8040520452293332,-1.0,active boundary sampling
-0.34053182022863426,0.24510994410146822,active boundary sampling
0.041512024916772416,0.47574371084440853,active boundary sampling
0.6864125388968148,0.09510449396479372,active boundary sampling
-0.7929518288409825,0.5393767148833579,active boundary sampling
-0.21041629287814723,0.7161656142556069,active boundary sampling
0.22170016919558377,0.3675698518245523,active boundary sampling
-0.5452639508410915,-0.1776366370724512,active boundary sampling
0.2565886128154826,0.34633942445917165,active boundary sampling
0.005740881458903946,-0.5670390777540905,active boundary sampling
0.5691404993727871,-0.9827263721999981,active boundary sampling
0.5827353853642039,0.18756467250506573,active boundary sampling
0.10186072557176673,-0.625258346685476,active boundary sampling
-0.12349183510182282,0.12896420513000545,active boundary sampling
0.4179574574578129,-0.8689754479366016,active boundary sampling
0.11197055381791343,-0.13358207452283916,active boundary sampling
0.028465618545200577,0.5281685108280034,active boundary sampling
0.5303361104858986,-0.38850704048675583,active boundary sampling
0.7986890218459011,0.08735811739373373,active boundary sampling
-0.19496626486777102,-0.37324191702955095,active boundary sampling
-0.14558900011026266,-0.43157868598128224,active boundary sampling
-0.14180373452011774,0.655678635196277,active boundary sampling
0.8834811675008174,0.06297915781766875,active boundary sampling
0.5313975345676398,0.18796322647541375,active boundary sampling
-0.8975775435074003,1.0,active boundary sampling
0.4054049637188837,-0.34365487300677056,active boundary sampling
0.3688453278674364,-0.8657317903683555,active boundary sampling
0.6077012994204405,-0.42061887620471416,active boundary sampling
-0.3008978227980861,-0.3357373104363698,active boundary sampling
-0.5563594371181948,0.9696028101530696,active boundary sampling
0.3169785943439676,0.29691934943683873,active boundary sampling
0.0896328916964122,0.46419924484486347,active boundary sampling
0.992505548820485,0.02400087280469879,active boundary sampling
-0.23903425290656855,0.7302788428038726,active boundary sampling
-0.6583794386501431,0.4351381291358126,active boundary sampling
-0.2841287378478261,-0.3364712483838455,active boundary sampling
0.4272943775070872,-0.8826930816015295,active boundary sampling
0.9604769400224036,-1.0,active boundary sampling
0.7192325908110577,-0.4645584117565722,active boundary sampling
-0.7436501785942231,-0.08223311692424846,active boundary sampling
-0.18969672998852438,0.134117083821918,active boundary sampling
-0.46245585843327186,0.33550324307359514,active boundary sampling
-0.30565672328366866,0.7882962081633978,active boundary sampling
0.8907668416166135,0.04441207381619268,active boundary sampling
-0.4176125701621569,0.2968850950739883,active boundary sampling
-0.5779160562835615,0.9658547956350607,active boundary sampling
0.3583817081026355,-0.848522498658182,active boundary sampling
0.08940603263163904,-0.07966450656760254,active boundary sampling
-0.7491535618066496,0.5166499503179248,active boundary sampling
-0.08021356397345714,0.584898760503298,active boundary sampling
-0.8707684973171319,-0.013576111800620015,active boundary sampling
-0.09832557656820806,0.5960203473362615,active boundary sampling
0.04788360679495174,-0.07070639648135538,active boundary sampling
-0.04774719216974632,-0.5399838378696853,active boundary sampling
0.6218429024680849,-0.9822416641751994,active boundary sampling
0.866071901577459,-0.5069451364570322,active boundary sampling
0.34399122369302226,-0.2801531036306222,active boundary sampling
0.09757473879558098,-0.08433648595369214,active boundary sampling
-0.3948439803894368,0.3098605781860175,active boundary sampling
0.020092125742833034,0.504905065469454,active boundary sampling
-0.5410784684118446,0.3903527405233066,active boundary sampling
0.08795554741773692,-0.6520268184213686,active boundary sampling
0.5897986962992952,0.17542519531291717,active boundary sampling
0.6994420633875695,-1.0,active boundary sampling
0.7804501848957908,0.08868152244228474,active boundary sampling
0.5141781602443265,-0.36513674381832006,active boundary sampling
0.04311066156087384,0.5066411429345509,active boundary sampling
-0.9364439172777876,0.5865817143438694,active boundary sampling
0.8324019827999944,-1.0,active boundary sampling
-0.5939933346529556,-0.11533196054001633,active boundary sampling
-0.22809205187125348,0.1673721570635457,active boundary sampling
-0.9653962789662562,0.030310486719489695,active boundary sampling
-0.10421891215852264,0.0799035816133091,active boundary sampling
-0.26011275501367437,0.7484658706818905,active boundary sampling
0.371401973077635,-0.2973666279347882,active boundary sampling
0.8365685844395967,-1.0,active boundary sampling
0.8941517973163948,-0.525606389736729,active boundary sampling
0.8971075471067844,-1.0,active boundary sampling
-0.4207574772599978,-0.2632428375402762,active boundary sampling
-0.7044383042358988,-0.1096702813740906,active boundary sampling
0.6101551653503867,0.13883406017062994,active boundary sampling
0.8649012023101741,0.061259290387020666,active boundary sampling
-0.8113506520664469,-0.006033993471182199,active boundary sampling
0.8321489330943752,-1.0,active boundary sampling
0.17895760673274497,-0.1578678723022741,active boundary sampling
-0.6442190300697788,-0.11310467840874287,active boundary sampling
-0.3474983110012346,0.782762794432192,active boundary sampling
0.8141093650907127,0.09165432497877374,active boundary sampling
-0.06360683571362324,0.5676425626408012,active boundary sampling
-0.6463087979733375,-0.09798866110817445,active boundary sampling
0.3393584912544827,0.29652101516870316,active boundary sampling
0.7157168448610387,-0.4506547651139034,active boundary sampling
0.1849612456946539,-0.7152781478533009,active boundary sampling
-0.3614101358278188,0.2781539383175533,active boundary sampling
0.35530988617106196,-0.2972989447882503,active boundary sampling
0.22181192123828053,-0.2109089474536975,active boundary sampling
-0.17034277321096591,0.6579552910508597,active boundary sampling
0.6118191525600214,-1.0,active boundary sampling
-0.346517532689419,0.2483388471202277,active boundary sampling
-0.26268686967377985,0.7052065507745192,active boundary sampling
-0.1304827276066134,0.6199698002571239,active boundary sampling
-0.6234603032020098,-0.13418452486438934,active boundary sampling
0.4381382414080224,0.23254033408760924,active boundary sampling
0.5023786752948791,0.2012002561503659,active boundary sampling
0.0018752422457923856,0.5297996509044043,active boundary sampling
0.17690291647653478,0.3764308665711571,active boundary sampling
0.5746900453118617,-1.0,active boundary sampling
0.06925556266123412,-0.641677837570498,active boundary sampling
0.6147191001811569,-0.4041869474531637,active boundary sampling
0.41211523925912075,0.21132844589582334,active boundary sampling
-0.8561344314683672,0.5151093598031542,active boundary sampling
0.7801246220054063,0.09258956789778727,active boundary sampling
0.2441511963629508,0.31573979990850437,active boundary sampling
0.23214846236731557,-0.7646073418403906,active boundary sampling
-0.15157630383000087,0.09798655427433162,active boundary sampling
-0.776855690430011,1.0,active boundary sampling
0.9594960251111129,-0.5685488027902792,active boundary sampling
-0.22474701450279166,0.13562874348337328,active boundary sampling
0.20593702784575996,-0.20996801477157334,active boundary sampling
0.3453338743613428,-0.8637700203372822,active boundary sampling
-0.8826657289900781,-0.02167937078283957,active boundary sampling
-0.3460787566294261,-0.2715953516203959,active boundary sampling
0.11677156727858895,-0.11995633514774091,active boundary sampling
-0.40768273796536914,0.3044304687778306,active boundary sampling
0.755670262175383,0.09067336700740367,active boundary sampling
-0.4984877157568446,-0.19941569424135397,active boundary sampling
0.6059590920650546,-0.4180279227340909,active boundary sampling
-0.07407654818087805,0.5604437904364595,active boundary sampling
-0.17524030563990456,0.6628179241760602,active boundary sampling
-0.5484833914110065,-0.16255467794939654,active boundary sampling
-0.03899738174964362,0.5483316638201294,active boundary sampling
-0.910896139312249,1.0,active boundary sampling
-0.98398570254098,0.6076828148834622,active boundary sampling
0.15944707426015015,0.3681140588584222,active boundary sampling
0.12699516426564617,-0.6685460424908982,active boundary sampling
0.24486094016551885,0.324906273390259,active boundary sampling
-0.3504332204281615,0.2797975093952947,active boundary sampling
-0.32956224787288657,0.25858098404833946,active boundary sampling
0.861221546805333,0.07925329926701438,active boundary sampling
0.5487318598597866,-0.4011587310792818,active boundary sampling
-0.1881896408428807,0.15183647157301822,active boundary sampling
0.33335848942126134,0.2942982048950307,active boundary sampling
-0.4549614472040924,0.869644368141097,active boundary sampling
-0.97491807164046,-0.013445991526688912,active boundary sampling
-0.5642592611597617,0.9675048018026211,active boundary sampling
0.5590985028542919,-0.9822816403727486,active boundary sampling
0.12750436567730405,-0.6645497603887813,active boundary sampling
-0.1507288078919633,0.08346904548403301,active boundary sampling
-0.8386526760171142,1.0,active boundary sampling
-0.9567227404935617,0.5723156332408847,active boundary sampling
-0.5455034109816503,0.40976954207466515,active boundary sampling
-0.9423488243640399,-0.0019339203435827321,active boundary sampling
0.341198576287717,-0.27326886034340986,active boundary sampling
-0.4126084066960567,0.298201180506367,active boundary sampling
0.001589634533532891,-0.019239677006155254,active boundary sampling
-0.7484183443678418,-0.0866253388873415,active boundary sampling
0.5793887730869034,0.1541626539603249,active boundary sampling
-0.722721340813316,-0.08338346241045984,active boundary sampling
0.15373139960435522,0.39129727164894734,active boundary sampling
-0.38045238771869094,0.2845636953462778,active boundary sampling
-0.1492440042316896,-0.46903177761906256,active boundary sampling
-0.6201810205504485,1.0,active boundary sampling
-0.9372477492446956,0.577187886750523,active boundary sampling
0.11004365329148902,-0.6420044506476826,active boundary sampling
0.30688544548668895,-0.2828780427104568,active boundary sampling
0.33865330378300085,0.2931286108659084,active boundary sampling
-0.7782700594259193,0.4932517998010296,active boundary sampling
0.35461409128906074,-0.8298315240648658,active boundary sampling
-0.7520345567439772,0.5173295224478437,active boundary sampling
-0.17378806734655572,0.663267203107848,active boundary sampling
-0.6139724070344585,1.0,active boundary sampling
0.2149641826125246,-0.7632724235478168,active boundary sampling
-0.2794342785002957,0.20677459853608343,active boundary sampling
-0.18480046637511305,0.6767039345095208,active boundary sampling
0.6441403002517616,-0.42463762695177715,active boundary sampling
-0.42435412718574494,-0.2262874506507099,active boundary sampling
0.034590113772551945,0.48438229711789893,active boundary sampling
-0.34439096283745574,-0.2787843346025994,active boundary sampling
0.046192290226009236,-0.6041370638324122,active boundary sampling
0.06150657018898009,-0.09809119913815748,active boundary sampling
0.5780135671791635,-0.40332407491168104,active boundary sampling
0.6873243682921666,-0.45279105109138845,active boundary sampling
-0.8299192513338267,0.5320915950523103,active boundary sampling
0.48496321565719147,0.19510949386505705,active boundary sampling
0.5024164558225792,-0.37503046104694376,active boundary sampling
0.008889169633253147,-0.591106089746651,active boundary sampling
-0.33488672920303486,0.24430451424237473,active boundary sampling
-0.7585581455315653,1.0,active boundary sampling
-0.28970043846157045,-0.3347076681440038,active boundary sampling
0.16153853676682028,-0.15749937989136653,active boundary sampling
-0.22031811587768524,0.6865526926760481,active boundary sampling
-0.41002033237054314,0.31761716608377577,active boundary sampling
-0.8981467343989762,-0.018151554732379328,active boundary sampling
0.7319173248960325,-1.0,active boundary sampling
0.20013863276532406,-0.731345485980707,active boundary sampling
-0.8649312735565422,1.0,active boundary sampling
-0.8370483235295303,1.0,active boundary sampling
-0.05239756099735682,0.02066081331530055,active boundary sampling
-0.49784608385995943,-0.19061151162036435,active boundary sampling
-0.39184533812571765,0.8603475733866329,active boundary sampling
-0.01029791063455221,-0.5220684024760667,active boundary sampling
0.7303620563618096,-0.46420869044866064,active boundary sampling
0.14137755010383368,-0.695006013718947,active boundary sampling
-0.24798067740682672,0.20799584054341375,active boundary sampling
-0.8441110106206107,1.0,active boundary sampling
-0.8694329357737454,1.0,active boundary sampling
-0.2789514527366834,0.22107822936189345,active boundary sampling
-0.13227122838443406,-0.44501154804268056,active boundary sampling
0.17626702767901659,0.37666926411919593,active boundary sampling
0.6766515711016807,-1.0,active boundary sampling
0.491753231401868,0.21228831520873462,active boundary sampling
0.4785065685464689,-0.9252012102182332,active boundary sampling
0.03422569096150574,-0.5860389726624624,active boundary sampling
0.14721163642269142,-0.6716493996434456,active boundary sampling
0.5316885114730021,-0.9477614959868491,active boundary sampling
-0.29848813889016035,0.787906422370485,active boundary sampling
-0.29211877542776454,0.7485451529008879,active boundary sampling
-0.5477317763410798,0.9410259178957135,active boundary sampling
-0.4168680888916929,0.8864495509847374,active boundary sampling
-0.5047768174660843,0.36700189667308386,active boundary sampling
-0.9091548881004556,-0.0023507757318735403,active boundary sampling
0.9261535633907336,-1.0,active boundary sampling
0.18044497474859233,0.37310298010892295,active boundary sampling
-0.6715472651958108,-0.11780755299782703,active boundary sampling
0.10695434984236885,-0.08991185379458469,active boundary sampling
0.5120376467393211,0.17653264657028064,active boundary sampling
-0.8430906801246902,1.0,active boundary sampling
-0.17974015487063943,-0.4232485970230477,active boundary sampling
0.6721119833615317,0.12341879818690767,active boundary sampling
-0.485011429705245,0.3473919355270496,active boundary sampling
-0.8290920919448599,-0.043666493347471136,active boundary sampling
0.11073845629284285,-0.6498185817496067,active boundary sampling
0.8248067899920761,-0.5198812767039486,active boundary sampling
0.5325792058862613,0.1754028870879338,active boundary sampling
0.1960240890918683,-0.1736533277056146,active boundary sampling
-0.34357592471279297,-0.2714261765634891,active boundary sampling
-0.9795796930563285,0.005110985152675107,active boundary sampling
0.18325464866971175,0.3579084184429624,active boundary sampling
-0.6488178049429851,1.0,active boundary sampling
0.623084706191767,-0.9776908978480197,active boundary sampling
0.1979745085372142,-0.19243989872518807,active boundary sampling
-0.8358814189479935,0.5476612493063636,active boundary sampling
-0.5202865334396154,-0.16137917754291872,active boundary sampling
-0.70009702786699,1.0,active boundary sampling
0.0550844137987998,0.4631809782539044,active boundary sampling
0.5793336782885967,0.15201909939447455,active boundary sampling
0.22792231533007512,0.3637591858145913,active boundary sampling
0.7962840669295435,-1.0,active boundary sampling
-0.09075811360836528,0.06650936561850497,active boundary sampling
0.0573561537040268,0.4815102443883314,active boundary sampling
-0.3352846601080335,0.25546979491271565,active boundary sampling
-0.3040196900058545,0.7691093918848927,active boundary sampling
-0.4933403125517877,0.9059006289840624,active boundary sampling
-0.8957204922784401,0.022866543347373876,active boundary sampling
0.9078273262399028,-1.0,active boundary sampling
-0.6746658519853568,-0.1263743520589758,active boundary sampling
0.3925640119942264,0.2456995637184556,active boundary sampling
0.34230727424726415,0.26627265259767624,active boundary sampling
0.18286949188303936,0.37685782969731346,active boundary sampling
0.5613155164342047,-0.9407952412400168,active boundary sampling
-0.8531353770085661,-0.05783065322714161,active boundary sampling
0.8035445289114407,-0.4812046588791066,active boundary sampling
-0.8990518330715556,0.5725472654880749,active boundary sampling
-0.5038087999838345,0.9482755172480678,active boundary sampling
-0.9917084127016174,1.0,active boundary sampling
-0.13372703002153807,-0.46960813837813725,active boundary sampling
-0.6726780810920179,1.0,active boundary sampling
0.34574855734949805,-0.30980370853761235,active boundary sampling
-0.529395152668716,0.9777603877150511,active boundary sampling
-0.7174296520111514,-0.07810846033873313,active boundary sampling
0.9362723738937275,-1.0,active boundary sampling
-0.5096526735625071,0.37517419607098174,active boundary sampling
-0.8650375735322218,-0.009771188209604853,active boundary sampling
0.5138419655482902,-0.9371994288858616,active boundary sampling
0.5001976929518137,-0.9160642423440929,active boundary sampling
-0.0008483851076239723,-0.019720372812805698,active boundary sampling
0.7247815576925745,-1.0,active boundary sampling
-0.8578809225168134,1.0,active boundary sampling
0.26882821492520703,-0.7959145045169547,active boundary sampling
-0.8248630746282117,-0.04506534525785199,active boundary sampling
-0.8601700365235461,1.0,active boundary sampling
-0.428624633098627,-0.24532255448777937,active boundary sampling
-0.9459651138174909,1.0,active boundary sampling
0.7151275912310195,-1.0,active boundary sampling
-0.16359520343814538,0.12973148090506526,active boundary sampling
-0.9688610205543067,0.002907264721453989,active boundary sampling
0.5398759478192037,-0.405863526461057,active boundary sampling
0.3343671386977165,0.2709179229726487,active boundary sampling
-0.31614678969614274,-0.3090018952777178,active boundary sampling
-0.3640556992125401,-0.2711175935471161,active boundary sampling
-0.4514602101172658,-0.20233336513284508,active boundary sampling
0.8524767963708553,-1.0,active boundary sampling
0.7288355791200951,-0.44856594803792366,active boundary sampling
-0.6374480863265504,-0.11485354430794009,active boundary sampling
0.4959251455130347,0.1875982176215222,active boundary sampling
-0.2805773093514776,-0.34905495339487874,active boundary sampling
-0.3359134671112838,0.8288297906796892,active boundary sampling
-0.3527059362776517,0.2819459962073155,active boundary sampling
-0.12904456642680207,0.0852042208887958,active boundary sampling
0.5829296684128746,0.18332193482014775,active boundary sampling
0.09420282546839776,-0.07838214907306294,active boundary sampling
0.507914659316091,0.19146073949409684,active boundary sampling
-0.16218074756844802,0.6666312303910761,active boundary sampling
-0.7028550978004615,1.0,active boundary sampling
-0.176637219405976,-0.38701209217325405,active boundary sampling
0.8707452428533631,-0.518055108206849,active boundary sampling
0.14075114919214715,-0.7009705436836792,active boundary sampling
0.3009132149291118,-0.25226124210631024,active boundary sampling
-0.5004206018727184,0.9226240581194531,active boundary sampling
-0.6517144960725119,1.0,active boundary sampling
-0.5701872467359497,-0.14438818618336993,active boundary sampling
0.6255919737719005,-0.43447388425344585,active boundary sampling
-0.7655908404700853,-0.05592739492376766,active boundary sampling
-0.717202458303291,0.4980711906160381,active boundary sampling
-0.23664432452510464,0.17142786199240187,active boundary sampling
-0.6929865536576003,-0.09502335441879808,active boundary sampling
0.16591864504326703,-0.15153977157897816,active boundary sampling
0.5211289016041496,-0.39493594657519965,active boundary sampling
-0.006204360535859266,0.511115714258195,active boundary sampling
0.5715948632383276,-0.3986765825629869,active boundary sampling
-0.5325586745003121,0.3574281686183846,active boundary sampling
0.9048302360927432,0.05047722214933959,active boundary sampling
0.3694830859550211,-0.3074521422484074,active boundary sampling
-0.22581243331717116,0.716015241375953,active boundary sampling
0.48249086726079793,-0.9654312897496486,active boundary sampling
-0.898674417238948,0.5500391906429348,active boundary sampling
0.32490018193280745,-0.2622883906096138,active boundary sampling
-0.5695819763934324,0.414439119208564,active boundary sampling
-0.9437234670605643,0.5835478712124288,active boundary sampling
-0.796209968093581,-0.051698568876047554,active boundary sampling
-0.15339495677212267,0.10252804347447277,active boundary sampling
0.9362812611804676,-1.0,active boundary sampling
0.3899590867899221,-0.3067364683176339,active boundary sampling
-0.7999993057830606,1.0,active boundary sampling
0.24358778348069765,-0.20961295457030968,active boundary sampling
-0.007517284957522907,-0.5513415997095175,active boundary sampling
-0.08462374703711584,0.5813649763401956,active boundary sampling
-0.8203047417650708,1.0,active boundary sampling
-0.5749451811431785,-0.17149295388719765,active boundary sampling
0.46185532495749615,0.2073853019953872,active boundary sampling
-0.6264795281828781,0.45533720511047376,active boundary sampling
0.21882598053734315,-0.19459824952131713,active boundary sampling
-0.24722149762177748,0.7323701262196767,active boundary sampling
-0.1740820924859663,0.6391740524545325,active boundary sampling
0.6966428803867761,0.11619976513911806,active boundary sampling
-0.8134967023419066,1.0,active boundary sampling
-0.45655976674177334,0.34143268505908664,active boundary sampling
-0.30931615108001975,-0.2916675758134633,active boundary sampling
0.6874918742556679,-1.0,active boundary sampling
-0.18518125269333274,0.11352752958547663,active boundary sampling
0.022347558191606387,-0.592850285302839,active boundary sampling
0.25314424076858044,0.3155154307320315,active boundary sampling
-0.6668190513403147,-0.11397618097520554,active boundary sampling
-0.727337739591964,0.5002905917236953,active boundary sampling
0.12307626843570119,0.42860100302224113,active boundary sampling
-0.8436631998472346,1.0,active boundary sampling
-0.6188050946603463,-0.127791658663393,active boundary sampling
-0.6812677373228497,-0.07809804011554947,active boundary sampling
0.19154926709899955,-0.7116923480439452,active boundary sampling
0.17940581327108318,-0.19386968436309213,active boundary sampling
-0.480644308282246,-0.19998269221891388,active boundary sampling
-0.820044220665413,1.0,active boundary sampling
-0.9287165454200723,-0.007786168282129963,active boundary sampling
-0.2518718091392871,0.19092445293747756,active boundary sampling
0.26826561277517413,-0.7495521955500754,active boundary sampling
0.240526409670476,-0.7549469566807063,active boundary sampling
0.4256297881497886,0.2252643009135753,active boundary sampling
-0.1535722937949957,0.6216890781234748,active boundary sampling
0.059682226970761976,-0.5884060852167293,active boundary sampling
-0.8681527130327846,1.0,active boundary sampling
-0.7063979668024143,1.0,active boundary sampling
0.02441508315507601,0.5065326940667673,active boundary sampling
-0.11729796634372391,0.0936478229416332,active boundary sampling
-0.6201000359667379,0.4799056484967911,active boundary sampling
-0.560273273926972,0.9848144516977905,active boundary sampling
0.30587429463953586,0.2852105645765652,active boundary sampling
-0.18794491818856307,-0.4240502918984956,active boundary sampling
0.9319106117483129,-1.0,active boundary sampling
-0.6168817065005472,-0.12512549926447833,active boundary sampling
0.9724727008329643,0.023338135049633967,active boundary sampling
0.07989281767106404,-0.6021714835029106,active boundary sampling
0.5347944828512954,-0.3909142136542654,active boundary sampling
-0.35016981436370154,-0.26907152953378183,active boundary sampling
-0.18721031228952723,0.12983456047236072,active boundary sampling
0.9714051626801445,0.029698010440848036,active boundary sampling
-0.28538705453998925,0.7479217250601872,active boundary sampling
0.3116966524350755,-0.8033842848598152,active boundary sampling
-0.4681443587604752,-0.2275222087714838,active boundary sampling
-0.4434297310362174,0.33504383223316175,active boundary sampling
0.25475147834690204,-0.22463648494355054,active boundary sampling
-0.9195851635555123,1.0,active boundary sampling
0.04488174536586009,-0.5875405951385656,active boundary sampling
0.5214337063841019,-0.38431197174140774,active boundary sampling
-0.17369660621578964,0.6619891792883278,active boundary sampling
-0.1537621751402629,0.6570642633682459,active boundary sampling
-0.42260891422443736,-0.2483583190531755,active boundary sampling
0.5893461750010431,0.16847742240145808,active boundary sampling
0.7429256586099815,-1.0,active boundary sampling
0.29948332748540296,-0.7970053376379304,active boundary sampling
-0.5225651627485657,0.3952036431104785,active boundary sampling
-0.4792556050972907,0.9268282527524626,active boundary sampling
0.495049170992091,-0.37060432441807206,active boundary sampling
0.13289374342276505,-0.6577497964819959,active boundary sampling
0.1483187088736868,0.42304098803546303,active boundary sampling
0.6033026320270172,-1.0,active boundary sampling
0.7822258977074377,-1.0,active boundary sampling
-0.25621337065647865,-0.3458944203606451,active boundary sampling
0.24403146085514704,0.34392228737313213,active boundary sampling
-0.5436400269246198,-0.13088098004386883,active boundary sampling
0.0495380968600696,-0.614724707703007,active boundary sampling
-0.48811492358633135,0.37237609464742183,active boundary sampling
0.9000039394808024,-1.0,active boundary sampling
0.9509007884092449,0.00599090345809751,active boundary sampling
0.42518324367279337,0.2277945296429062,active boundary sampling
0.011711301209665237,-0.03602830282383503,active boundary sampling
0.6810026721213596,-1.0,active boundary sampling
-0.21439141693627017,0.17301493985819957,active boundary sampling
-0.8169664894212239,-0.05284273926518847,active boundary sampling
0.09324217346248975,-0.0740422565855875,active boundary sampling
-0.2289843606542854,0.7268625730100422,active boundary sampling
0.4711986297425621,-0.36454032324216196,active boundary sampling
0.4505155734371742,0.228723001924348,active boundary sampling
-0.5470458009215939,-0.14690848605863516,active boundary sampling
-0.03772265633321337,-0.5090778668614409,active boundary sampling
0.9466329932078288,0.030758818523428856,active boundary sampling
-0.33968428334690715,0.24036578758402777,active boundary sampling
-0.35336124900913624,-0.2909362290822255,active boundary sampling
-0.10218573317611068,0.05687394684514001,active boundary sampling
-0.9475154813312572,1.0,active boundary sampling
0.6070030394517179,-1.0,active boundary sampling
-0.881896001289376,1.0,active boundary sampling
0.7342380266805317,-1.0,active boundary sampling
-0.06289162972388818,0.5818463556214529,active boundary sampling
-0.09842452283922931,-0.43970625880598296,active boundary sampling
-0.0046980942135042,-0.557703885521783,active boundary sampling
0.3922538531464901,-0.8843179345226068,active boundary sampling
0.7024365116362012,-0.4794212866051446,active boundary sampling
-0.8701100581531034,-0.017838381573729585,active boundary sampling
0.06708534880215744,0.45712148498694444,active boundary sampling
0.5364488387168111,0.1570141373912804,active boundary sampling
0.8833777102487679,-0.5160780581932535,active boundary sampling
-5.072392242211343e-05,0.5042163437817144,active boundary sampling
0.4266002781661713,-0.8963610840041161,active boundary sampling
0.01963534899970165,0.5235810978914883,active boundary sampling
-0.4202990820822494,-0.2486289874293478,active boundary sampling
0.5201850789592304,0.1657719250981678,active boundary sampling
0.9140411886562074,-0.556200852669079,active boundary sampling
-0.8995494089904481,1.0,active boundary sampling
-0.8910947372976621,-0.0331662544462237,active boundary sampling
0.10568530304134449,-0.1286398128044623,active boundary sampling
0.525371460699843,0.17169109719883693,active boundary sampling
0.1863068101852312,-0.18371585297954368,active boundary sampling
-0.42079882675607583,-0.25065121821962205,active boundary sampling
0.5241136941611249,-0.9135291398739126,active boundary sampling
0.3171354688399579,-0.23492571897180856,active boundary sampling
0.37678954850726476,-0.30877208096240844,active boundary sampling
-0.2309407436271893,0.16363692061892504,active boundary sampling
0.5175266980186977,-0.38342343850574034,active boundary sampling
-0.24314414280319974,0.16613764079732976,active boundary sampling
-0.8990233474511229,0.5507057362550787,active boundary sampling
0.19573086975116216,-0.18666947649139948,active boundary sampling
0.3987070794001153,0.23844580738306478,active boundary sampling
0.9834701107907724,-0.5403806092537364,active boundary sampling
0.7367493644389742,-0.4806243169374438,active boundary sampling
0.17617845846368851,0.38393325587996857,active boundary sampling
-0.6512634368684698,-0.11708035577420799,active boundary sampling
0.009580905515660598,-0.0004085911148058348,active boundary sampling
-0.8646831429802355,0.5899256717529273,active boundary sampling
0.7032166522767676,0.1333740491157837,active boundary sampling
-0.31103330940622254,-0.2992947235874941,active boundary sampling
-0.6752851594581204,-0.1262642066279788,active boundary sampling
0.9974309993803578,-1.0,active boundary sampling
0.01590400652538637,0.5299252217902513,active boundary sampling
-0.9452694614314139,0.5503527637630643,active boundary sampling
0.15924315639559716,-0.6839010588214359,active boundary sampling
0.8073435853876532,-1.0,active boundary sampling
0.8545221999085375,0.06721255601848035,active boundary sampling
-0.8046651763620034,0.5326481510289481,active boundary sampling
0.270066809280312,0.3582107844273567,active boundary sampling
-0.8229263565564668,-0.01635087861307991,active boundary sampling
-0.41493435606228446,0.2722450500481654,active boundary sampling
-0.5001282689931901,-0.20064301253326708,active boundary sampling
0.8308649890074471,-1.0,active boundary sampling
-0.18810141498872102,0.6493420312407825,active boundary sampling
0.26137837078717685,-0.7910131398954524,active boundary sampling
0.5893261475546929,-0.9955696676330048,active boundary sampling
-0.42731215723257976,0.8572826025853302,active boundary sampling
-0.4999843518164062,-0.19966487436339753,active boundary sampling
-0.8405116643763937,0.5391503910246548,active boundary sampling
-0.9986026930889753,0.581770636734946,active boundary sampling
0.7836446283455119,0.04011653833566621,active boundary sampling
0.5267680739947502,-0.3827354801522346,active boundary sampling
0.23470714026185724,0.3563911569741599,active boundary sampling
0.5003170016803205,-0.3756788912326957,active boundary sampling
-0.38109181860060937,0.8411775394004485,active boundary sampling
-0.4491160242599055,-0.19446071577823543,active boundary sampling
0.20764315852798942,-0.7251129485958917,active boundary sampling
-0.5246541636004314,-0.17253018482267318,active boundary sampling
-0.2743332096245621,0.23158381412093043,active boundary sampling
-0.18993862834226705,0.6961159593519209,active boundary sampling
0.9259002454823411,0.04217306866452393,active boundary sampling
0.5058371250922626,-0.9267197459443488,active boundary sampling
0.7098976454022703,-0.45708180080816063,active boundary sampling
-0.8940313935224249,0.02660518279947089,active boundary sampling
-0.5619094114658518,-0.12401193004700221,active boundary sampling
-0.009557816916257345,-0.5452263882923184,active boundary sampling
0.04169864946894797,-0.04172199771302615,active boundary sampling
0.0022943013466913964,0.48828269917641465,active boundary sampling
0.28859086823952396,-0.24508119599896042,active boundary sampling
-0.08661772554341574,0.5917374733846136,active boundary sampling
0.12676947821315832,-0.65995872079716,active boundary sampling
-0.4548872374993871,-0.22057004479844144,active boundary sampling
0.19487044668446774,-0.722176785860527,active boundary sampling
-0.03011460704976887,0.5495055853725304,active boundary sampling
0.8056647928439551,0.07484643171197197,active boundary sampling
-0.5654031276401428,-0.15245026286657062,active boundary sampling
-0.29389129402523584,0.75881889834077,active boundary sampling
0.8465287222134941,-1.0,active boundary sampling
-0.1625175427519827,-0.4039280263263449,active boundary sampling
0.5755711888672299,0.19679801263228888,active boundary sampling
0.20301034075294466,0.36472326568913127,active boundary sampling
0.44815508780019075,-0.31583098183381475,active boundary sampling
0.027493872921696916,0.48356787100163573,active boundary sampling
-0.01923580005820469,-0.5671343194344854,active boundary sampling
0.7945083922819876,-0.4947909219649037,active boundary sampling
0.6291616881499245,0.14830885749304915,active boundary sampling
0.809567964457266,-0.5219111076958391,active boundary sampling
-0.9033995712469058,0.5639075646164549,active boundary sampling
-0.5249105461519485,0.9433901145000505,active boundary sampling
0.7864530066920046,-1.0,active boundary sampling
-0.9435640737631643,1.0,active boundary sampling
-0.31716320747955873,-0.3016482180424811,active boundary sampling
0.30125521297022884,-0.7844549388082858,active boundary sampling
0.2506863089035598,-0.2065890808019336,active boundary sampling
0.7853604231420581,0.09770577333940181,active boundary sampling
-0.3986109797018995,-0.2743157179893825,active boundary sampling
0.11521374717415966,-0.11591678906548938,active boundary sampling
-0.2656056604423316,-0.32305624538293615,active boundary sampling
-0.7151033111572662,-0.07506188147334672,active boundary sampling
0.1881951434637983,0.3852837449411474,active boundary sampling
-0.39670145920447886,0.2883047969211638,active boundary sampling
-0.2382154498154172,0.16312349120280673,active boundary sampling
0.4482102906485719,-0.9118085340267855,active boundary sampling
0.4605566086560502,0.23811848435953348,active boundary sampling
-0.8900852672682054,-0.013548521952983422,active boundary sampling
-0.8410945749833652,1.0,active boundary sampling
-0.6954322717739552,-0.09969852769839532,active boundary sampling
-0.5715327558815191,0.3890903592660951,active boundary sampling
0.9863108417569015,-1.0,active boundary sampling
-0.09965840178771224,-0.4843725108073185,active boundary sampling
0.840889833091417,0.08999378258524035,active boundary sampling
0.10899994335737895,0.4586514057399461,active boundary sampling
0.6100107301328175,-0.9694983902156964,active boundary sampling
-0.3731078394033718,0.8375025023714285,active boundary sampling
-0.5517991065038601,0.4171544422742519,active boundary sampling
0.38485941106505694,0.26392112401534645,active boundary sampling
0.3154306917695171,0.2825179578767861,active boundary sampling
-0.7918631384832902,-0.045149333424811644,active boundary sampling
0.6770565396903281,-0.45037625020943217,active boundary sampling
-0.007560997294235872,0.5164613017006747,active boundary sampling
0.4221462973181511,-0.3336285050939187,active boundary sampling
0.15134157858005626,-0.6947781852217582,active boundary sampling
0.7298023305501162,0.11934038678287916,active boundary sampling
0.3503667175118359,-0.8249444417792385,active boundary sampling
-0.8224878253311942,1.0,active boundary sampling
-0.20313127240723872,-0.39397917747260663,active boundary sampling
-0.13344241920671784,0.10583675377290751,active boundary sampling
-0.9597186070447234,1.0,active boundary sampling
-0.43567084637624487,0.8745859203194326,active boundary sampling
0.07200629326563046,-0.0819693145982248,active boundary sampling
0.5333004944487796,-0.3691334999362253,active boundary sampling
-0.8919578856322321,1.0,active boundary sampling
-0.6423547561399967,1.0,active boundary sampling
0.08398280842313488,-0.6435995672596678,active boundary sampling
0.35748960206601677,0.26530722069422,active boundary sampling
0.74839355879244,-1.0,active boundary sampling
0.9959409014271141,-0.5483007103659103,active boundary sampling
0.3609376101950581,0.2573761252099448,active boundary sampling
0.6669139241759563,-1.0,active boundary sampling
-0.5108161898893349,0.3581730038269644,active boundary sampling
0.4175482154672727,-0.34036391277643224,active boundary sampling
-0.4290536484803211,0.8653674324133187,active boundary sampling
0.665312100113663,0.12473678024019412,active boundary sampling
0.4218451504868137,0.24349948826121587,active boundary sampling
0.580164038516827,0.1601940704784987,active boundary sampling
-0.8570594469069017,-0.025857368981227976,active boundary sampling
-0.020173308403470314,0.5423908373827983,active boundary sampling
-0.5728456179224028,-0.1579606985541013,active boundary sampling
-0.2656647637108982,0.7407798401217306,active boundary sampling
0.6250414318113375,-0.4342434648265381,active boundary sampling
-0.26105807164547645,-0.32517558591701434,active boundary sampling
0.18125077377429166,-0.7070837931008087,active boundary sampling
-0.898218707444211,-0.004348998604559956,active boundary sampling
0.4319917095506436,-0.8894915963149066,active boundary sampling
0.6466273078716209,-0.4260237180572579,active boundary sampling
-0.27606719935005253,0.7704833254079373,active boundary sampling
0.3798909248361646,0.25817711780793423,active boundary sampling
0.1998684171784415,-0.7381226749305231,active boundary sampling
0.15942294525190737,-0.6951095145715598,active boundary sampling
0.6671377090434907,0.10839254816731886,active boundary sampling
-0.949277003846229,1.0,active boundary sampling
0.21118819206575723,-0.7365655645095546,active boundary sampling
0.4651596518996792,0.21837921568989146,active boundary sampling
0.9688054743289678,0.025473518208696266,active boundary sampling
-0.16034348063244197,0.6629906429020879,active boundary sampling
-0.5129723610546209,0.9653169078909511,active boundary sampling
0.7328229127424313,-1.0,active boundary sampling
-0.751896172410708,-0.07555189957354945,active boundary sampling
0.07113016546162876,-0.6288668179894968,active boundary sampling
0.12613104426474275,-0.6662672677523631,active boundary sampling
0.186174061806887,-0.2039822931378898,active boundary sampling
-0.1110348882174379,-0.467676998852882,active boundary sampling
-0.20846940532169111,-0.38988383295072493,active boundary sampling
-0.8465891885164358,0.5697339829774514,active boundary sampling
0.07557465309382505,-0.08808997810144963,active boundary sampling
-0.5514619797458327,0.4006249193360327,active boundary sampling
-0.7602234365669898,-0.055054286021774514,active boundary sampling
-0.7339226696794541,0.5072762780631345,active boundary sampling
-0.2327800737348107,0.18082749488119776,active boundary sampling
-0.35677845544994446,0.25582955652889944,active boundary sampling
-0.41076058879803456,-0.24905141873072428,active boundary sampling
-0.36552052043097505,-0.2614254546000291,active boundary sampling
-0.0012101410039782046,0.521964134888138,active boundary sampling
0.12430367806774711,-0.6671337480635814,active boundary sampling
-0.0038366582240454417,-0.5737131369776735,active boundary sampling
-0.18155648678230296,0.6641469814124654,active boundary sampling
-0.4165453749656358,0.8772987352297054,active boundary sampling
-0.28903687232625397,0.7921541329534936,active boundary sampling
0.30476181596608143,0.32396344364931945,active boundary sampling
-0.16184773533245211,0.0997604305118241,active boundary sampling
0.6219624967925701,-0.41586428879848325,active boundary sampling
0.08031124847105908,-0.630234797899662,active boundary sampling
0.760660188764354,0.07313402687920034,active boundary sampling
-0.047896418217046266,0.02754624771626725,active boundary sampling
-0.7943685579954061,-0.044372215386081784,active boundary sampling
0.49954436788619616,-0.36483117874388726,active boundary sampling
-0.38191774929234845,-0.27611571944470076,active boundary sampling
0.4727503055465163,-0.9468701772974012,active boundary sampling
-0.912269931998865,0.5676094350589906,active boundary sampling
-0.10229646001523762,0.6094118878637251,active boundary sampling
-0.9750506172238498,0.6038196982416102,active boundary sampling
0.5511788130979456,-0.40461405196783257,active boundary sampling
-0.5634891953353531,0.4012310587719177,active boundary sampling
0.7430070701849847,-1.0,active boundary sampling
-0.5896613686377066,0.9651722467957624,active boundary sampling
0.8552012032247338,-0.5136558946452424,active boundary sampling
-0.034951018790925215,0.5515497142355857,active boundary sampling
-0.6702099510718302,-0.10334806634381494,active boundary sampling
-0.8952423525632247,0.5725634763417795,active boundary sampling
-0.5469278591327149,-0.149427155756993,active boundary sampling
-0.21984226712039523,-0.3725300359386494,active boundary sampling
-0.7211216179485183,1.0,active boundary sampling
0.08477339638340786,-0.6205259222983475,active boundary sampling
0.6286662974741748,-0.43874464257694223,active boundary sampling
-0.9116077910319895,1.0,active boundary sampling
0.6001230838342819,0.16399900016341412,active boundary sampling
-0.09509150876276062,0.5945140118824653,active boundary sampling
-0.2781524285186381,0.7700195974362805,active boundary sampling
-0.2058137404723135,0.16371028740742208,active boundary sampling
-0.5336331655001163,0.40795900537164054,active boundary sampling
-0.977710103290947,-0.007173996379678809,active boundary sampling
-0.6891576350808983,-0.11032110183056636,active boundary sampling
-0.47753188569504523,0.9169088376720369,active boundary sampling
0.1868777522940004,-0.1489710530034021,active boundary sampling
-0.5907958572691723,-0.12810294813250184,active boundary sampling
-0.7064682023543094,0.4833241164745314,active boundary sampling
-0.24820371722034396,0.7316598597281309,active boundary sampling
0.3808535504516566,-0.2837565569919354,active boundary sampling
-0.18355979434748781,0.7028638380535221,active boundary sampling
-0.48599612211964205,-0.18536516464956318,active boundary sampling
-0.13611789087172133,0.6224659126445032,active boundary sampling
-0.9682682581567357,0.6012669542536202,active boundary sampling
-0.9405716629172063,0.5922061116915168,active boundary sampling
-0.8222508808625804,-0.02984579413932663,active boundary sampling
-0.4706326785627495,0.369617424268209,active boundary sampling
-0.5461656615769823,-0.16320238836182854,active boundary sampling
-0.34429462713818304,-0.30366268545690905,active boundary sampling
-0.4486809300105281,0.9120718045812228,active boundary sampling
0.23081848200523103,-0.205702453372748,active boundary sampling
0.8864182139898267,0.035768594294448626,active boundary sampling
0.4127586878796612,0.22369399377168847,active boundary sampling
0.9290219089561969,0.0722053914108704,active boundary sampling
0.4742974658817529,0.20425223400059056,active boundary sampling
-0.8405346048842168,1.0,active boundary sampling
0.1887319395548861,0.3956019008610965,active boundary sampling
0.7067985473241278,0.10632193663115867,active boundary sampling
0.3412944882868203,-0.8247882278967584,active boundary sampling
0.4711061013029225,0.2092903523941668,active boundary sampling
0.00944478914236302,0.532166837788399,active boundary sampling
0.9453559467667403,-0.5372791385103963,active boundary sampling
0.4760478330942659,-0.888798996611353,active boundary sampling
0.704242455634347,-0.4736363682568116,active boundary sampling
-0.45344205243414804,0.28422191638303207,active boundary sampling
-0.8730799473026525,0.5466798094464018,active boundary sampling
0.3819086523893438,-0.8613468967276618,active boundary sampling
0.5560831400566004,0.16718292163879764,active boundary sampling
-0.5803300889974354,-0.14255643745522822,active boundary sampling
0.5140103887398566,-0.950303164697521,active boundary sampling
0.2907504530708642,-0.23061085033776463,active boundary sampling
-0.42134726608365125,0.28639536481257344,active boundary sampling
-0.9713843772636466,0.5796648237970169,active boundary sampling
0.6383706416537123,-0.9842446804845604,active boundary sampling
0.5380892845854031,-0.957335532084061,active boundary sampling
-0.9626545139880645,0.008364150682350089,active boundary sampling
-0.6478422803385866,1.0,active boundary sampling
-0.9824227660128515,0.01842566982813923,active boundary sampling
0.9452043312768608,-0.5413124949435446,active boundary sampling
-0.24597933884071455,0.20275560148892227,active boundary sampling
0.22428393604753816,-0.7363501365249813,active boundary sampling
0.7859762577250959,-1.0,active boundary sampling
0.10664535515728879,0.4448288702354144,active boundary sampling
-0.4559218141919219,0.3410227001794868,active boundary sampling
0.5296787626133888,-0.36985602595434053,active boundary sampling
0.5064799785168022,-0.9193959847189865,active boundary sampling
-0.830447760904391,0.5173831063122677,active boundary sampling
0.007221834131456051,0.511305063835819,active boundary sampling
-0.3723946745676081,-0.2798698066909238,active boundary sampling
0.20003594446172612,0.3622080518765693,active boundary sampling
0.7680793447032457,-0.5064027363942383,active boundary sampling
-0.29221955969630975,0.7762308664126624,active boundary sampling
0.7936998331047236,-1.0,active boundary sampling
-0.8769494913810745,1.0,active boundary sampling
-0.3071990743148503,0.2166071241837983,active boundary sampling
0.8248543730348614,-1.0,active boundary sampling
0.10179519050898267,-0.1084642500548127,active boundary sampling
-0.9373822485573047,1.0,active boundary sampling
-0.6685733841554702,0.48548877448123284,active boundary sampling
-0.7904653603409975,-0.05224658963494546,active boundary sampling
0.8026933813695918,-1.0,active boundary sampling
-0.7741808067073765,1.0,active boundary sampling
-0.10582928062755403,-0.4643462787398135,active boundary sampling
0.3191713224450119,0.2800214015042445,active boundary sampling
-0.4756950740479937,0.907036464131837,active boundary sampling
-0.745871163795365,-0.06834806096420769,active boundary sampling
-0.357118442695173,-0.28172086913676003,active boundary sampling
0.1260204183293896,-0.10831086982515975,active boundary sampling
0.4694161140221429,-0.9346236683590236,active boundary sampling
0.2776381932672689,0.31155119891254657,active boundary sampling
-0.22757623179650066,0.7282502377722704,active boundary sampling
0.47023053438604223,0.19083358551094673,active boundary sampling
0.515495468943058,-0.35989923492781617,active boundary sampling
-0.8369437999896616,1.0,active boundary sampling
0.2214920405815528,0.3485238344683017,active boundary sampling
-0.2942447437444571,0.2479775179125441,active boundary sampling
0.9308913097776699,0.013122855170658209,active boundary sampling
0.6551557088073889,-0.4552470316008579,active boundary sampling
0.9471049803725771,-1.0,active boundary sampling
-0.5119139721138537,-0.1840173003982702,active boundary sampling
-0.27481929762423474,-0.3624775607468862,active boundary sampling
0.8770662822838329,-1.0,active boundary sampling
-0.02974412276464178,-0.5322098552361136,active boundary sampling
0.017563536609157104,-0.026593476747121828,active boundary sampling
0.48257318557465245,-0.34965516252034334,active boundary sampling
0.8789309980586435,-0.5197000692233711,active boundary sampling
-0.9119955643795483,1.0,active boundary sampling
0.25380040295408546,-0.22598457211263973,active boundary sampling
0.11133745373281312,-0.6339131737934179,active boundary sampling
0.19030903965401724,-0.19619013036539149,active boundary sampling
0.46918967804838463,-0.919374726036921,active boundary sampling
-0.6785430264779568,-0.0908905357117353,active boundary sampling
-0.4229583462357678,0.31510998537216367,active boundary sampling
0.11462084410630413,-0.12916671203906402,active boundary sampling
-0.3042389264523746,0.76257987469952,active boundary sampling
0.7387113864928474,-1.0,active boundary sampling
0.27986494900429415,0.3080485414857711,active boundary sampling
-0.5805131412929325,1.0,active boundary sampling
-0.6023707368406428,0.44627850089141063,active boundary sampling
0.27623684869241427,0.316092639878022,active boundary sampling
-0.42519580049053074,-0.23443360396855412,active boundary sampling
0.06123834035033093,-0.596554605653636,active boundary sampling
0.18311976619377468,0.3625290499839723,active boundary sampling
0.22027222757282416,-0.16526397166951334,active boundary sampling
0.5222631851479642,-0.3992606696055825,active boundary sampling
0.09529022160547185,-0.6284735496721419,active boundary sampling
-0.519391182666775,-0.1835951893627557,active boundary sampling
-0.16516969866758324,0.10098423826474048,active boundary sampling
-0.31570888014050347,-0.32245381275464474,active boundary sampling
0.5395562833991507,0.18764936281608885,active boundary sampling
-0.7435974958113623,1.0,active boundary sampling
0.8545752601443783,-1.0,active boundary sampling
-0.6340457307715148,0.4271562441213996,active boundary sampling
-0.6018871829584103,0.9895988342308121,active boundary sampling
-0.532746200518353,-0.1746490355405036,active boundary sampling
0.4226795988594385,-0.8760642580329379,active boundary sampling
0.0680299090720855,-0.07679493475806291,active boundary sampling
0.3387469450914842,-0.28594490108308496,active boundary sampling
-0.7077370852931777,-0.05932361780898757,active boundary sampling
0.8664467037877701,-1.0,active boundary sampling
-0.695818584173528,1.0,active boundary sampling
-0.6314902224295651,0.4142880704041723,active boundary sampling
0.6413752590490132,-0.9942574660832029,active boundary sampling
-0.016813700804603426,0.5261322704602146,active boundary sampling
-0.4217292039686984,-0.22893904014431357,active boundary sampling
0.6611927834224287,-1.0,active boundary sampling
0.22871294025010935,-0.7572277676871869,active boundary sampling
0.46531507200859545,-0.9341668773310403,active boundary sampling
0.6210644265561904,-0.4417785449226293,active boundary sampling
-0.5796789253053045,0.9792966723519206,active boundary sampling
-0.6956484471326612,0.5006317649300087,active boundary sampling
0.11733430703721726,-0.6446395111436067,active boundary sampling
-0.9068481002339344,0.5773354436017543,active boundary sampling
-0.45800520142764367,-0.23049292105876817,active boundary sampling
-0.17296872698176502,0.11438905716811838,active boundary sampling
0.9775302110756636,0.0012620922904239586,active boundary sampling
-0.1198210584109689,0.6095345920813573,active boundary sampling
-0.20986589514916387,-0.38347914673368694,active boundary sampling
-0.7020146277126851,1.0,active boundary sampling
0.5972124996503052,-0.9788473990893073,active boundary sampling
0.24500644086530032,0.3792606550404082,active boundary sampling
-0.4636810514715657,0.33068478073522434,active boundary sampling
-0.5874914838599419,0.42077466976778505,active boundary sampling
0.9065567270375152,-1.0,active boundary sampling
0.9907943124846348,-1.0,active boundary sampling
-0.9029845199299908,0.5997051357087906,active boundary sampling
-0.5968031070302899,-0.15162183556355463,active boundary sampling
0.5546627018167689,0.1859907915619324,active boundary sampling
-0.3155112755568239,-0.3035517096109449,active boundary sampling
-0.31687740022699806,0.26281701578360744,active boundary sampling
-0.8952621605765854,1.0,active boundary sampling
0.9181451774019378,0.03265015988576371,active boundary sampling
-0.8924282930860572,1.0,active boundary sampling
0.689739308951234,0.1387337526037183,active boundary sampling
-0.9052366237220804,1.0,active boundary sampling
-0.08632835501391978,0.05457003207320621,active boundary sampling
0.2747682969250338,0.2937875510280645,active boundary sampling
0.09264571812391531,0.4476836329541683,active boundary sampling
0.005192263497374672,0.5393946657731676,active boundary sampling
0.9857209264810753,-1.0,active boundary sampling
-0.16485498112873764,-0.41576963977491677,active boundary sampling
-0.2780608900135835,0.7572965518227993,active boundary sampling
-0.8747218611573297,1.0,active boundary sampling
0.08522815706909026,0.46437473193996837,active boundary sampling
-0.8306382150929277,-0.027147667445175234,active boundary sampling
-0.9598312170006646,-0.025029855812903873,active boundary sampling
-0.5380902112538297,0.9312947899085823,active boundary sampling
0.582064619087223,0.17217978302388254,active boundary sampling
-0.9188848677979065,0.5898584099587851,active boundary sampling
-0.7069352376775073,0.49952482201458914,active boundary sampling
-0.26976820816843583,-0.33213628239984233,active boundary sampling
-0.5811562476879322,0.9940668811165149,active boundary sampling
0.9637779969886173,-1.0,active boundary sampling
0.26712032919637285,-0.24575134674118343,active boundary sampling
0.7928824481995371,0.08575920332152807,active boundary sampling
-0.7149943691234275,-0.08378736338962044,active boundary sampling
0.9200800242952409,-1.0,active boundary sampling
0.4134499951656412,0.23802131946525634,active boundary sampling
-0.4248769867063962,0.3162163442721284,active boundary sampling
0.903070262608566,-0.5289883969932028,active boundary sampling
-0.7514920890580399,0.49571975965311016,active boundary sampling
0.847462456052704,-1.0,active boundary sampling
-0.3071601700404978,-0.3060366563507703,active boundary sampling
-0.7514836130894593,0.5084820411610015,active boundary sampling
-0.7777933115920566,1.0,active boundary sampling
0.8912889575501757,-1.0,active boundary sampling
-0.31954823582848846,0.7982571515048695,active boundary sampling
0.06135114780117834,-0.09094967639292408,active boundary sampling
0.180256114054814,-0.16773816294272562,active boundary sampling
0.6082943957196973,-1.0,active boundary sampling
-0.8948176642444734,1.0,active boundary sampling
-0.41841439265185265,0.3169286112655032,active boundary sampling
0.3449792379999239,0.28095824385361473,active boundary sampling
-0.8350017505049518,0.551455651291629,active boundary sampling
0.15697397447051586,-0.7014069968414687,active boundary sampling
0.761266569107603,-0.47987165899913,active boundary sampling
-0.49345547999348804,0.8954889539849848,active boundary sampling
-0.01996161130370666,-0.5547807478341031,active boundary sampling
0.849880923061479,-0.5232554855250777,active boundary sampling
0.8498800513134428,0.05311984050250862,active boundary sampling
-0.6016447282822737,1.0,active boundary sampling
-0.3482660231809074,0.2365164614084401,active boundary sampling
-0.6856008745361417,0.48558762900884894,active boundary sampling
-0.47927683408727884,0.8980217052645468,active boundary sampling
0.37907649626491335,-0.8676529907387958,active boundary sampling
0.38635001735187013,-0.28696478395521324,active boundary sampling
-0.10746422777598919,-0.4704311890631591,active boundary sampling
-0.6291478213344268,0.425168946874988,active boundary sampling
-0.3975727778591285,0.8613564304647578,active boundary sampling
0.18258032587603945,-0.16236618172794762,active boundary sampling
-0.6479701090274006,0.443475178191892,active boundary sampling
0.6295316035559788,-0.44864929762723277,active boundary sampling
0.9417918881213361,-1.0,active boundary sampling
0.77872820273054,-0.521494810127978,active boundary sampling
-0.973612714028947,0.5877671567421698,active boundary sampling
-0.710458565228109,-0.10409897635573805,active boundary sampling
-0.13203512482068436,0.08557041393661535,active boundary sampling
-0.7783638856228543,0.523290580886954,active boundary sampling
0.36914420846136164,0.2615406758306487,active boundary sampling
-0.0914345611490337,0.06026655787822766,active boundary sampling
0.6987602803941353,0.10272520839096162,active boundary sampling
-0.3429886018175963,0.2537408258423103,active boundary sampling
-0.6933222095075622,-0.0762296126298235,active boundary sampling
-0.5967233473068738,0.9858711016727579,active boundary sampling
-0.3555697833546856,0.25877055642605995,active boundary sampling
-0.7785447033526927,0.5395884917779915,active boundary sampling
0.5854646050844146,-0.4187373750225276,active boundary sampling
-0.09010196655087399,0.5887200272012263,active boundary sampling
0.7409269516936323,0.09007232771107161,active boundary sampling
-0.04687499359640701,0.5647022764992493,active boundary sampling
0.04770523015729955,0.48578742554417154,active boundary sampling
0.0008323391632201194,-0.02920518988250561,active boundary sampling
0.4140398168882109,0.2596751082466529,active boundary sampling
0.09091090171924177,0.4667324435599811,active boundary sampling
0.5467068006492706,-0.40487351447388986,active boundary sampling
-0.31279289906192,0.24914203100830842,active boundary sampling
0.34773584510412014,-0.2917412793191349,active boundary sampling
0.8529526931420519,-0.5114651432587201,active boundary sampling
-0.6152527071361635,0.43511189660461186,active boundary sampling
-0.1492752100624739,0.6719999479522789,active boundary sampling
-0.5175100363743577,0.9261596935037333,active boundary sampling
-0.6352870389224776,-0.09949006756301436,active boundary sampling
-0.10931864875572628,0.08339924012003251,active boundary sampling
0.5764102560420494,-0.39803402200370613,active boundary sampling
-0.6525797555685358,1.0,active boundary sampling
-0.22503052533809642,0.18558534790449405,active boundary sampling
-0.8913421936618029,-0.0038680883665605965,active boundary sampling
-0.7650699636884497,-0.05461643928798746,active boundary sampling
-0.44434280974736473,0.8879094072923692,active boundary sampling
-0.25071860793398937,0.7420814814343364,active boundary sampling
0.6166095782796535,-0.43125553844205466,active boundary sampling
-0.6997002515318558,1.0,active boundary sampling
0.6080984024289526,0.1535555062541465,active boundary sampling
-0.2958764708378676,0.23765270315461517,active boundary sampling
-0.2578577986257349,0.7488300557860939,active boundary sampling
-0.3125927114865046,0.7890524574718676,active boundary sampling
-0.2240691853196184,0.7018783577102052,active boundary sampling
0.05842441408030519,0.476433713646653,active boundary sampling
0.7054836225395733,0.09082441285426683,active boundary sampling
0.1242833354816526,-0.6764189495515746,active boundary sampling
-0.1402922578559307,-0.4421162655119523,active boundary sampling
0.8475775863434138,-0.5068583471889467,active boundary sampling
0.5717763395932309,-0.9786871310921358,active boundary sampling
0.41786012980248666,0.2500309717676997,active boundary sampling
-0.08954461473511688,0.5990141746136103,active boundary sampling
0.930597401209404,-1.0,active boundary sampling
-0.8711628275594334,1.0,active boundary sampling
0.5085153547715826,-0.37344548327004273,active boundary sampling
-0.07546093317686164,-0.4788560986913632,active boundary sampling
-0.1663837159237327,0.13996488119871994,active boundary sampling
0.9615719440102932,-0.5283629124708632,active boundary sampling
0.9561922962444425,0.045159288629771366,active boundary sampling
0.7966734141560008,-0.4765585311088523,active boundary sampling
0.020158869397804535,0.4873819349577657,active boundary sampling
-0.05518211303543774,-0.49307886364894105,active boundary sampling
-0.7267450763318815,-0.051832716822954386,active boundary sampling
-0.3375748961859544,0.2774678516103131,active boundary sampling
-0.48011084406345717,0.3570398200979286,active boundary sampling
0.1829634386343293,-0.6998186099766727,active boundary sampling
-0.6249839720490571,1.0,active boundary sampling
-0.3363569955874728,0.7915577608057675,active boundary sampling
0.587460770276186,-1.0,active boundary sampling
0.39229830848533576,-0.30689129225815504,active boundary sampling
0.08015849787906482,0.502970954705157,active boundary sampling
-0.865042001780904,-0.050221626451582464,active boundary sampling
0.8761331219866673,-0.543598821164309,active boundary sampling
-0.07376335338919393,0.566441798886145,active boundary sampling
0.22986834592081684,-0.7523804330098138,active boundary sampling
0.5391982645797555,0.17042995262510674,active boundary sampling
-0.5359480324558588,0.9469588900868421,active boundary sampling
0.1756323253268619,-0.6999461404594274,active boundary sampling
-0.4009815174851432,0.841487452230221,active boundary sampling
0.262294330068217,0.32652090217820573,active boundary sampling
-0.10637454059850548,0.6311245946245192,active boundary sampling
0.9303656941445253,-0.5360383626387535,active boundary sampling
0.9595779646168645,-1.0,active boundary sampling
0.7978580434967772,-0.5027254268189931,active boundary sampling
0.9023542922278309,-1.0,active boundary sampling
0.7550298989243576,0.09980102066980699,active boundary sampling
-0.12567109853539904,0.6410213631080419,active boundary sampling
-0.6885318696694984,-0.08130657932196891,active boundary sampling
-0.13515003457106078,-0.47422039784615155,active boundary sampling
-0.8390589030506939,1.0,active boundary sampling
-0.19233205715027668,-0.3996571495066766,active boundary sampling
0.7068229011776643,-1.0,active boundary sampling
0.9830058641183399,-0.00266935901301427,active boundary sampling
-0.3977842628369195,0.8729785456498461,active boundary sampling
0.1944125227149407,-0.7146698089546448,active boundary sampling
0.0660340831069337,-0.6225343994646689,active boundary sampling
-0.6047153237862939,0.4149007552445233,active boundary sampling
0.3533783646142783,-0.8508974225172765,active boundary sampling
-0.5796384516904709,0.4222146894508287,active boundary sampling
-0.3794669168439957,-0.26367175676076254,active boundary sampling
0.35064498351981577,-0.2857313277549968,active boundary sampling
0.8193800534718918,-1.0,active boundary sampling
0.8486694171424818,0.07898632978359975,active boundary sampling
-0.5849018520330704,-0.15386137058851254,active boundary sampling
0.25424540820548924,-0.18983202904438323,active boundary sampling
-0.5110945090823249,-0.19470758031441177,active boundary sampling
-0.22134957252269483,0.1491307027701111,active boundary sampling
0.8367693489894457,-1.0,active boundary sampling
-0.5913915875463229,0.42752376652358415,active boundary sampling
0.5592862423434004,-0.3778983897112296,active boundary sampling
0.2022926243015939,-0.7154569644087085,active boundary sampling
-0.8564733937265219,-0.054776198715168936,active boundary sampling
-0.19075385256188837,0.6891919097989975,active boundary sampling
0.8300904396178543,-0.5036668021509877,active boundary sampling
0.4654246685815582,0.21017571164836238,active boundary sampling
-0.9742109068253495,-0.01417986828551275,active boundary sampling
0.8107147938632102,-1.0,active boundary sampling
-0.6523910604025795,0.4737896252535483,active boundary sampling
-0.8150614373507232,-0.013433962508848336,active boundary sampling
0.8294943282771401,-1.0,active boundary sampling
0.5956874703271458,-0.4111118659811726,active boundary sampling
0.4331220543704031,-0.3393191634599628,active boundary sampling
-0.47286929521189336,-0.22803200169362353,active boundary sampling
0.02296649859739941,-0.5854903389852766,active boundary sampling
-0.6791956440757396,0.4744508481680502,active boundary sampling
-0.8952710375750959,1.0,active boundary sampling
0.49194375570507987,0.20196476796433602,active boundary sampling
0.07542546155896002,-0.6386519528052492,active boundary sampling
-0.7979570436762158,-0.06850315067180535,active boundary sampling
-0.8239137876956781,1.0,active boundary sampling
0.44412645044145327,-0.3563869763520241,active boundary sampling
0.006097103262087122,-0.5712525717608753,active boundary sampling
-0.574107372674403,0.9675302804449614,active boundary sampling
0.8832877725850825,0.07505021096350745,active boundary sampling
0.3213037988794689,-0.8347925097387199,active boundary sampling
0.26855857531495597,0.29752904214999465,active boundary sampling
-0.7961907859342852,1.0,active boundary sampling
0.7635306216384212,-1.0,active boundary sampling
-0.09908423587848403,-0.4975872489439278,active boundary sampling
0.4337451775995107,-0.34785586275260016,active boundary sampling
0.07562099741245398,0.45543181910793296,active boundary sampling
0.06303522623833846,0.419282262292521,active boundary sampling
-0.49751403078941503,0.3537991827536038,active boundary sampling
0.8277146927668817,-0.492082753442257,active boundary sampling
-0.78541658278107,0.5250175134220283,active boundary sampling
0.6410683638993311,-0.4219541717784647,active boundary sampling
0.3480142726565423,-0.8168337536609701,active boundary sampling
-0.9489861104236847,0.5892765743517027,active boundary sampling
-0.9180373257693997,1.0,active boundary sampling
0.5692632333909697,0.15698008518035303,active boundary sampling
-0.1801600255990261,-0.3990465157828641,active boundary sampling
-0.14582753861270326,-0.4183531552332707,active boundary sampling
-0.8892694185365233,1.0,active boundary sampling
0.6030916930519978,0.177911415448756,active boundary sampling
-0.7642510265167561,1.0,active boundary sampling
-0.12871113769204157,-0.444116909398807,active boundary sampling
0.6951412161318018,-1.0,active boundary sampling
-0.1554544637059716,0.6582619839916342,active boundary sampling
-0.47026250214878695,0.9055928761466969,active boundary sampling
-0.7840383773869095,1.0,active boundary sampling
-0.5236843254850021,-0.17356873494509623,active boundary sampling
0.007375704823185059,-0.5989413856116745,active boundary sampling
-0.7300175307668506,1.0,active boundary sampling
-0.43850220794683104,-0.259345531438381,active boundary sampling
-0.09217496743276321,0.08850473571468825,active boundary sampling
0.2800438776950216,0.29240613702785845,active boundary sampling
-0.056868561200163814,-0.5240165139558018,active boundary sampling
0.4519083089023239,-0.9003508674981845,active boundary sampling
0.8095031645142321,-0.5115320138815999,active boundary sampling
0.13125251496428825,-0.6865225520800551,active boundary sampling
-0.4944202258355572,0.3506959413650696,active boundary sampling
-0.1995153709347124,0.1527719579305867,active boundary sampling
0.7621714718424661,-0.49777387162912695,active boundary sampling
-0.3803220406914125,0.8459553870323512,active boundary sampling
0.7370184693907613,-1.0,active boundary sampling
-0.9520781495487072,0.5477922068798513,active boundary sampling
-0.3627455595616653,-0.29151889413678295,active boundary sampling
0.4337736223533806,-0.3271950200092011,active boundary sampling
0.7286793735372337,0.10278591850825472,active boundary sampling
-0.03579801335283084,0.0036601703994832103,active boundary sampling
0.3064034318011728,-0.25577543348620063,active boundary sampling
0.5651102333537417,-0.3933585030465676,active boundary sampling
-0.6826199661226686,1.0,active boundary sampling
0.8507141587352081,-1.0,active boundary sampling
0.6777040851214324,-0.45247985760859566,active boundary sampling
-0.18380575669967203,0.13927472962223478,active boundary sampling
0.7672942555022086,0.0991996557154328,active boundary sampling
0.2631425206367841,-0.7709782825329322,active boundary sampling
0.2788836652285538,-0.2439617447415793,active boundary sampling
-0.5968947181638373,0.4209370887427692,active boundary sampling
-0.1975406679703231,0.6667315178902692,active boundary sampling
-0.6211229290879652,1.0,active boundary sampling
0.3002609268354084,0.3201567504431455,active boundary sampling
0.7530196852168349,0.14409099305671563,active boundary sampling
-0.5495293513133959,-0.15782758784600343,active boundary sampling
-0.8935021136985852,1.0,active boundary sampling
-0.26331643323774623,-0.3512920068679939,active boundary sampling
-0.34769078016219024,0.7969694176069838,active boundary sampling
-0.9169767405171494,0.0055491515316784,active boundary sampling
-0.8759485864667949,-0.03260962545630072,active boundary sampling
0.6544790117646802,0.16088732426358468,active boundary sampling
-0.1003854578861405,0.5894925196731703,active boundary sampling
-0.34885717283439255,0.8318426788342679,active boundary sampling
-0.37761750877712297,0.30174712913670876,active boundary sampling
-0.1290350770567268,0.6165498597012774,active boundary sampling
-0.9019200320021354,-0.02620231149706668,active boundary sampling
-0.9658183441086934,0.5850199970384506,active boundary sampling
-0.21930789530221917,0.6986327033922456,active boundary sampling
0.8379996369539136,0.09692268263471307,active boundary sampling
0.26511099039148633,-0.22256339673195985,active boundary sampling
0.20718947454950953,0.36175592799613826,active boundary sampling
0.345148138937319,-0.8309480304106462,active boundary sampling
-0.9547775513258752,1.0,active boundary sampling
0.8067686557179654,-1.0,active boundary sampling
0.4023533865878768,-0.8597166007098872,active boundary sampling
0.0008950405614407408,-0.5584544161433989,active boundary sampling
-0.8689318494861817,0.5281772167290231,active boundary sampling
-0.73411300183153,0.5134932608887386,active boundary sampling
0.18870527482869948,-0.1688217778301327,active boundary sampling
-0.09419470589205403,-0.4809355041032873,active boundary sampling
0.01558249972667225,0.5007595660796332,active boundary sampling
0.9481309377338176,0.038686821902768814,active boundary sampling
0.6553209004628915,-1.0,active boundary sampling
-0.9217644067095985,-0.001693413760547807,active boundary sampling
0.4656995943795925,-0.9252806485825317,active boundary sampling
-0.7881240938143159,-0.05213421717271394,active boundary sampling
-0.069791713211375,0.5767539627318174,active boundary sampling
0.8837724869765933,-0.5336936833177106,active boundary sampling
-0.7641639936126254,1.0,active boundary sampling
-0.06369801928547503,-0.518111458187157,active boundary sampling
0.2835661648684362,0.31000732879639886,active boundary sampling
0.733530875895037,-0.4703508398374686,active boundary sampling
-0.7348125333757092,0.49449794838620864,active boundary sampling
0.24635222209353413,-0.23421869323024674,active boundary sampling
0.06023321196122855,-0.08505377145117965,active boundary sampling
-0.3942539409194854,0.8498580895589513,active boundary sampling
0.8937918731347267,-1.0,active boundary sampling
-0.3698649701388277,0.8181432670295884,active boundary sampling
0.11782806320806705,-0.6714887064155616,active boundary sampling
0.672799820628698,0.14822593002600068,active boundary sampling
-0.8260845732106896,1.0,active boundary sampling
0.07845278042262671,0.4665449064137465,active boundary sampling
-0.44306745997011543,0.885446475003304,active boundary sampling
0.5964155754547902,-0.9809440610164997,active boundary sampling
-0.1646496324555089,0.14441040629602953,active boundary sampling
0.38095989284107,-0.8753597388393389,active boundary sampling
-0.7899358017804197,-0.07778524429335487,active boundary sampling
-0.08952700178998163,0.06468600351319052,active boundary sampling
-0.4594380062100294,0.3372033672725516,active boundary sampling
0.5365534031293042,-0.9506979204911635,active boundary sampling
-0.6844754488392037,-0.07416932604713886,active boundary sampling
-0.13092866709184414,0.6407399258077718,active boundary sampling
0.10036204975756102,-0.10560290692273776,active boundary sampling
-0.7150846290594239,-0.07318506306051008,active boundary sampling
0.8898103211523871,-0.5302993333885136,active boundary sampling
0.7041646274930928,-1.0,active boundary sampling
-0.1717818664835089,0.12080025022577773,active boundary sampling
0.4752194381276571,-0.3773262479970614,active boundary sampling
0.7646277877274261,0.10593156367258694,active boundary sampling
-0.1308149856178613,-0.42761479716057976,active boundary sampling
0.40952608734533436,-0.31430427244753034,active boundary sampling
0.06955244181080866,-0.6031956214819983,active boundary sampling
-0.37546021014317454,0.2886008680442358,active boundary sampling
-0.3620671689079782,0.8409151714008536,active boundary sampling
-0.9644422644875499,0.5766432264893703,active boundary sampling
0.19875606087953623,0.37435611344148295,active boundary sampling
0.903907794303628,0.06327907749444395,active boundary sampling
0.5916435025237419,0.1614718790594096,active boundary sampling
0.6016520543339339,-0.41677558046015695,active boundary sampling
-0.5510154547651034,0.9442019461783986,active boundary sampling
-0.6510531307590028,0.4433078838641304,active boundary sampling
-0.5365672715839316,0.9427846366071124,active boundary sampling
-0.3367800323575374,-0.29120045519255516,active boundary sampling
0.9050100808438266,-1.0,active boundary sampling
0.35987845396082263,-0.8622033502597373,active boundary sampling
-0.8892635577758969,0.5512537182487955,active boundary sampling
-0.9386222389574588,1.0,active boundary sampling
0.6803219198035053,-1.0,active boundary sampling
0.16161710234124071,-0.1350673277349079,active boundary sampling
0.7789586004228402,-1.0,active boundary sampling
-0.7395882210376223,-0.06879127403006333,active boundary sampling
-0.9161990985067612,0.5471645801517412,active boundary sampling
0.8295572426820821,-0.4966383066562651,active boundary sampling
0.7997366491725346,0.09002100189094564,active boundary sampling
0.5787340876266145,-0.43142187001985244,active boundary sampling
0.20335876010868636,-0.19344730947984565,active boundary sampling
0.19693074795216003,0.34833737704283146,active boundary sampling
-0.3585678168324016,0.8369981939368623,active boundary sampling
-0.13759612304783553,0.6411241943963015,active boundary sampling
-0.8117543368937117,-0.0502506876428645,active boundary sampling
0.29720360899768816,0.3313913341750432,active boundary sampling
0.1443126634239622,0.40917905488126266,active boundary sampling
-0.32240079226938656,0.26638719827511237,active boundary sampling
0.7515194246052208,-0.5076977633226558,active boundary sampling
0.7845655525246988,0.08072249958724126,active boundary sampling
-0.03208080391273227,-0.5309470763092878,active boundary sampling
0.24892502884873857,-0.21775061793943257,active boundary sampling
-0.26470482792522065,0.2243955522496685,active boundary sampling
0.24686135700096878,0.34035076647843526,active boundary sampling
0.014131152754409237,0.5001904429918939,active boundary sampling
-0.8029362098372623,-0.06006708023143138,active boundary sampling
0.4475431920712618,-0.36040936357606246,active boundary sampling
0.7728728834723988,-0.4876973204560842,active boundary sampling
-0.7611058414429088,-0.03858205566385513,active boundary sampling
-0.5600175288210396,0.4134350878034046,active boundary sampling
-0.484369767123902,0.9051245092258615,active boundary sampling
-0.4712162598862415,0.3600789386033809,active boundary sampling
0.8070673988881385,0.09176948500665627,active boundary sampling
-0.9079171123394407,1.0,active boundary sampling
-0.9635467508359019,1.0,active boundary sampling
0.9224889947612935,-1.0,active boundary sampling
-0.3715999989112564,0.2860838729801233,active boundary sampling
0.15677692670086274,-0.14440300520032678,active boundary sampling
0.37004901043931526,-0.8274524100627931,active boundary sampling
0.879639786531101,-0.5110807704747367,active boundary sampling
0.06659724737818107,0.44405552661019904,active boundary sampling
-0.6183146861120199,1.0,active boundary sampling
-0.41004876526772827,0.3000815298423776,active boundary sampling
-0.059864773214725275,0.5629552978231769,active boundary sampling
0.6599595111004812,-1.0,active boundary sampling
-0.1100069588036432,0.06778545808038854,active boundary sampling
-0.27449567144852405,-0.31653190440664936,active boundary sampling
0.8796964900812223,-0.5443080262519426,active boundary sampling
-0.13310278874365644,-0.4712629846419425,active boundary sampling
0.6269096814049877,-0.432808456847203,active boundary sampling
-0.48676755147494455,-0.19715908393186132,active boundary sampling
-0.9542301117809591,1.0,active boundary sampling
-0.1363155344676965,0.07118968685295149,active boundary sampling
-0.06252025593760546,-0.4979525707463252,active boundary sampling
-0.7759897792297841,0.5320265399416252,active boundary sampling
0.5668411535140931,-0.9648139421947568,active boundary sampling
0.9420600012035709,-0.5456579179456394,active boundary sampling
-0.019360386599589496,0.5302062745047568,active boundary sampling
-0.597506304526324,-0.1170491916069003,active boundary sampling
-0.8343018681212253,0.00014174412407298026,active boundary sampling
-0.427103664983699,0.8853299513446728,active boundary sampling
-0.8021044630145158,-0.033198098411916524,active boundary sampling
0.9761267715732673,-0.5468195220542732,active boundary sampling
-0.6061191005784212,0.9753151655057999,active boundary sampling
-0.8475053547555074,1.0,active boundary sampling
-0.710024207655489,0.466949059172308,active boundary sampling
-0.049470064758593724,0.5488593317473441,active boundary sampling
0.4875703056630041,0.21984337797668677,active boundary sampling
-0.4373376908123112,-0.19697498868765337,active boundary sampling
-0.4036737266974064,0.2967898820950663,active boundary sampling
-0.38305513138951097,0.29180925798631097,active boundary sampling
0.07259733720351758,-0.06850467314246728,active boundary sampling
-0.4698164706242347,-0.20403795018526025,active boundary sampling
-0.007524571145803183,0.5072852949447784,active boundary sampling
0.42320296634572574,-0.3243166363343617,active boundary sampling
0.6914063009729559,0.13167046566198187,active boundary sampling
-0.7111313662421792,-0.07905754223053255,active boundary sampling
-0.10285255406969829,0.6088905528979395,active boundary sampling
-0.4224227210038789,0.3259531681781096,active boundary sampling
0.38483330922220227,-0.8948207066174951,active boundary sampling
-0.6758564468325658,1.0,active boundary sampling
0.7083565779398127,-1.0,active boundary sampling
-0.7851228807304917,0.5457448860261251,active boundary sampling
-0.16594812472744236,-0.42011371661866764,active boundary sampling
0.4185306322683353,-0.8914889209407681,active boundary sampling
-0.22718900156045652,0.15475118091096987,active boundary sampling
0.5992919817102829,-0.9938810114981348,active boundary sampling
0.26512469828071783,0.3181155307603918,active boundary sampling
-0.8895809191722441,1.0,active boundary sampling
0.7690507543760006,0.08415123689511231,active boundary sampling
-0.1525469418445322,-0.4248660920065521,active boundary sampling
0.501620890217858,-0.9317747777624409,active boundary sampling
0.6620685582233736,-1.0,active boundary sampling
-0.5971057257864776,0.9509901613634245,active boundary sampling
-0.5924639003239396,0.976345945727961,active boundary sampling
-0.8931989751337548,-0.0023994363063672176,active boundary sampling
-0.4012532341316648,0.8693849667112186,active boundary sampling
0.5227648631748376,-0.42605212889083616,active boundary sampling
0.7698729528769528,0.08631831033105761,active boundary sampling
0.9984199627276873,-1.0,active boundary sampling
0.824077304347945,-0.5092370683933224,active boundary sampling
0.13147629905004532,-0.12537119488719148,active boundary sampling
-0.021943276820885593,-0.5428084257709385,active boundary sampling
0.7857096767339802,-0.5077201353095162,active boundary sampling
-0.46007000005819787,0.3774475426362758,active boundary sampling
0.9073519101704646,-1.0,active boundary sampling
-0.6294342317208128,0.46074433553241123,active boundary sampling
0.06858745377416353,-0.07188108755875755,active boundary sampling
0.36403316705915767,0.2381261181763432,active boundary sampling
-0.3648181651467597,0.29310327527003666,active boundary sampling
0.6210579298237959,0.13709096019994868,active boundary sampling
0.5558281031900314,0.17221222990984078,active boundary sampling
0.4231763269130031,0.2159104690885037,active boundary sampling
-0.5664516389544767,-0.12694501746452594,active boundary sampling
-0.6568710786581102,0.46451881272889073,active boundary sampling
-0.6069688981929746,1.0,active boundary sampling
0.04305321206655233,0.512451629468912,active boundary sampling
0.9699355678585022,-1.0,active boundary sampling
0.6010980422171583,0.16528914909451153,active boundary sampling
0.25895916791079077,0.3511448778711615,active boundary sampling
-0.7079415500593642,-0.11279727567977586,active boundary sampling
0.8575528098580814,-1.0,active boundary sampling
-0.0495437315930336,-0.5392674127155996,active boundary sampling
0.4378520573631979,0.22503463072455523,active boundary sampling
0.03187724195895192,-0.07260510672291433,active boundary sampling
0.6367222299991964,-1.0,active boundary sampling
0.7025420302226515,0.12154476825635092,active boundary sampling
-0.6905188100304731,0.4685472942145857,active boundary sampling
0.8113474299679031,-0.4864636181429384,active boundary sampling
-0.36776190343038384,0.8409999913510149,active boundary sampling
-0.9642059408562691,-0.009369335511518357,active boundary sampling
0.7224792014039088,-1.0,active boundary sampling
-0.339555997951384,-0.3004508074730463,active boundary sampling
-0.20383642522532286,-0.38628063156276177,active boundary sampling
-0.32147119992100315,-0.2904396824517886,active boundary sampling
0.8108456675157747,0.09400323790273941,active boundary sampling
0.08598856377592057,0.46641005694584475,active boundary sampling
0.2273610583936585,-0.20770103371198176,active boundary sampling
0.9642463547004281,-1.0,active boundary sampling
-0.07059115559622153,-0.5149818657394526,active boundary sampling
0.8179186055533905,-1.0,active boundary sampling
-0.9409131666214008,-0.012047201991332494,active boundary sampling
0.64060411980982,0.13634772380110316,active boundary sampling
0.3962053334385942,-0.8694474856522452,active boundary sampling
0.26078966686194516,-0.2418065387366433,active boundary sampling
-0.4110027768168578,-0.24256280838345703,active boundary sampling
-0.46319070805652496,0.9064627944750349,active boundary sampling
0.13139799967545773,-0.6601457454413582,active boundary sampling
-0.21627699065196082,-0.38111041237196086,active boundary sampling
-0.6566057199800797,0.4582927793025035,active boundary sampling
0.8450496330381612,-0.4840036104925547,active boundary sampling
0.8741675944955931,0.03419480271830089,active boundary sampling
-0.8185882960964428,1.0,active boundary sampling
-0.9566186035435775,-0.017296667615635933,active boundary sampling
0.8422612108195011,0.08074284731118105,active boundary sampling
-0.5728778311705771,-0.14420550929649845,active boundary sampling
-0.2680124933975305,0.2122740199624014,active boundary sampling
0.10352636115227587,-0.12126594641984256,active boundary sampling
-0.4911371076809177,0.3713453833791962,active boundary sampling
-0.4498929000240086,0.9000325565463618,active boundary sampling
-0.7161860402838365,1.0,active boundary sampling
-0.5394689784306677,-0.15116650987175573,active boundary sampling
0.6495822001391711,0.1280544192734198,active boundary sampling
-0.8349315121464813,1.0,active boundary sampling
-0.9132081079404717,-0.014018498392564582,active boundary sampling
0.9165233475529566,-1.0,active boundary sampling
-0.5614388537568424,0.4077763289988982,active boundary sampling
0.08842374203923664,-0.08444528052919369,active boundary sampling
0.4345790665112681,-0.335673704132403,active boundary sampling
0.5391185317623464,0.1818049814025777,active boundary sampling
0.28390451937815553,-0.23956749813421252,active boundary sampling
0.6747944450650034,-0.4333659288051349,active boundary sampling
0.9499771952783111,-1.0,active boundary sampling
-0.5324749403099576,-0.1760607001572036,active boundary sampling
0.6277622213386769,0.1445731553142347,active boundary sampling
0.2694606482260826,-0.7638974427683233,active boundary sampling
0.7326667974584145,-0.4544500998706327,active boundary sampling
-0.7356952949920605,-0.0837743090947514,active boundary sampling
-0.24571296410601473,0.7315542717054245,active boundary sampling
0.5041358423672062,0.1892184734183953,active boundary sampling
-0.7533699182518414,-0.0464523236192335,active boundary sampling
0.9700793711065934,-0.5277804216188577,active boundary sampling
-0.598727853068197,0.43359725421656986,active boundary sampling
-0.5047702144687829,-0.16027447757585156,active boundary sampling
-0.7450836460286387,0.4932252738691055,active boundary sampling
0.7035226817718723,-1.0,active boundary sampling
0.7159242003767943,-1.0,active boundary sampling
-0.5367384588906874,0.37782158866952464,active boundary sampling
-0.3591182511461253,0.28356724119945953,active boundary sampling
-0.0534305002951303,-0.5166656013833385,active boundary sampling
-0.859813407079173,0.5317253381809702,active boundary sampling
0.23654646034739102,0.349663521446813,active boundary sampling
0.6685846796099466,0.12870881691009306,active boundary sampling
0.5203144073240331,-0.9681517049286217,active boundary sampling
-0.6019287124702579,1.0,active boundary sampling
0.8666526619250305,-1.0,active boundary sampling
-0.09834201744216231,0.060905930952057694,active boundary sampling
-0.5586511432242554,0.4115666263613863,active boundary sampling
0.3857504695017844,0.24332050125165156,active boundary sampling
-0.776664843138765,0.5388706093082987,active boundary sampling
-0.3355187650773406,-0.28709608943339276,active boundary sampling
0.6216048271320003,-1.0,active boundary sampling
-0.35268610486346996,0.28419264174425496,active boundary sampling
0.24316973480104953,0.3658879026365981,active boundary sampling
0.32162588385539026,0.26455297904951697,active boundary sampling
-0.22115947286584992,0.1730593234022824,active boundary sampling
0.6480811697743774,-1.0,active boundary sampling
0.279205110573687,-0.24733738529678811,active boundary sampling
-0.9121829134199146,1.0,active boundary sampling
0.4265378950166998,0.23751230683054889,active boundary sampling
-0.4576745926225938,0.9088348526240431,active boundary sampling
0.6655074151415044,0.14506546368632875,active boundary sampling
0.8279235764448731,-0.535619087572138,active boundary sampling
0.346150152683234,-0.8304837326991692,active boundary sampling
0.6634811230115274,-0.4218806667233345,active boundary sampling
0.8645577073991642,-0.5380405976951435,active boundary sampling
-0.35135364763253474,0.7950287486718371,active boundary sampling
-0.8355299270389169,-0.019692669242903284,active boundary sampling
-0.6727134484881396,-0.07462801136627072,active boundary sampling
0.23546758944813484,-0.2135162719240056,active boundary sampling
0.041862728558243356,0.45124527627398775,active boundary sampling
0.5638530874957968,-1.0,active boundary sampling
-0.7211511224914189,-0.08322061482807744,active boundary sampling
-0.3231017097802915,0.2565014879134304,active boundary sampling
-0.23115508522578265,-0.3745877001813799,active boundary sampling
0.2626651331488261,-0.7868656820922098,active boundary sampling
-0.8447879918010388,0.017845156486827045,active boundary sampling
-0.5063323056418148,0.9193178853086718,active boundary sampling
0.7077633178416765,-0.47359014023015356,active boundary sampling
0.45422715866199215,-0.3566239657784605,active boundary sampling
0.6264598987504748,-0.4089304466034724,active boundary sampling
0.5355975108991833,-0.368657850974875,active boundary sampling
-0.3691063186627712,-0.26278687130631656,active boundary sampling
-0.7551654641637069,1.0,active boundary sampling
0.7028779782129722,-0.4581314402066541,active boundary sampling
0.1962596071773337,-0.7371791155480056,active boundary sampling
-0.527812809390865,-0.1753696001886203,active boundary sampling
-0.6127429653334628,-0.11184013968234967,active boundary sampling
-0.7179467979053633,1.0,active boundary sampling
0.9288379285316191,-0.5573581845621823,active boundary sampling
-0.8156728993272881,-0.04864196972040729,active boundary sampling
-0.32205684363725307,-0.3027414942992672,active boundary sampling
-0.523767536214111,0.392358610139537,active boundary sampling
-0.8837246866611941,0.5457995335879472,active boundary sampling
-0.2540579068899178,0.7113817444937665,active boundary sampling
0.9383049295258241,-1.0,active boundary sampling
0.08499659468285836,0.42468726716297517,active boundary sampling
-0.10846741719790498,0.5909360154363233,active boundary sampling
0.3268314384678739,0.27427774977202907,active boundary sampling
-0.7937765466054829,1.0,active boundary sampling
0.8475975081051592,-0.5226659491099771,active boundary sampling
0.6307150502539027,-0.9993251262592474,active boundary sampling
0.6225099292764329,-0.9996079942367727,active boundary sampling
0.7953822301589533,-0.5001652128546434,active boundary sampling
-0.8788474236861124,0.5665479847058504,active boundary sampling
-0.5055597572692283,0.9273263708577046,active boundary sampling
-0.5840438714156386,0.4399527023772882,active boundary sampling
-0.7262020214929039,1.0,active boundary sampling
-0.28918858076345266,0.779329791751961,active boundary sampling
-0.07891698001277314,0.061178245414399465,active boundary sampling
0.07799176120612072,-0.06362778173793093,active boundary sampling
-0.5132720033969749,0.3720095025017165,active boundary sampling
-0.039087114494364306,0.028261935650859632,active boundary sampling
-0.2798550997053748,-0.33988119776862574,active boundary sampling
0.8175119577244967,0.07032811151163869,active boundary sampling
-0.7261626029043429,1.0,active boundary sampling
-0.9793057528348674,0.03233572851620206,active boundary sampling
-0.2506518836676417,0.7138140988366924,active boundary sampling
0.9136371133268335,0.03415856474654021,active boundary sampling
-0.17263633253353605,-0.45079735865324816,active boundary sampling
-0.6360277811179302,1.0,active boundary sampling
-0.5302933446826097,0.9441410499354677,active boundary sampling
0.646600492029179,-1.0,active boundary sampling
0.9141351300157659,-1.0,active boundary sampling
0.15085411511551383,0.3962710249961683,active boundary sampling
-0.1846316439370972,0.15215854311269883,active boundary sampling
-0.9458630381274473,0.5843421260088884,active boundary sampling
-0.40545275150953475,0.8517127176427907,active boundary sampling
-0.5450512620759678,-0.17378229267370562,active boundary sampling
0.476350436778892,-0.9271234403118807,active boundary sampling
-0.658310871877851,1.0,active boundary sampling
0.4248277291249698,0.2207187281158201,active boundary sampling
0.2955769361932825,-0.8251276708626529,active boundary sampling
0.7346621671415405,0.08135087153397362,active boundary sampling
0.8965440540696701,-1.0,active boundary sampling
-0.748174876331807,1.0,active boundary sampling
-0.18849383656419372,-0.3953975025856882,active boundary sampling
-0.9565369576654519,1.0,active boundary sampling
0.8968288129337354,-1.0,active boundary sampling
0.4713623671957605,-0.9189959065737848,active boundary sampling
-0.22652328459934745,0.6973726801169119,active boundary sampling
0.923492251373508,-0.5249858172405238,active boundary sampling
0.8407461079345049,0.07354695972612942,active boundary sampling
-0.9559837977185017,-0.0008760072388646345,active boundary sampling
0.4305187145291487,0.21757270687037894,active boundary sampling
-0.9401603080188254,1.0,active boundary sampling
0.9148523201991063,-0.560783579691603,active boundary sampling
0.7255772778766458,-1.0,active boundary sampling
-0.6236142031739249,0.4527431760592903,active boundary sampling
0.8777984147612277,-1.0,active boundary sampling
0.6252049579957764,0.12689089531893222,active boundary sampling
-0.35243619555840233,0.2849879806857894,active boundary sampling
0.24886205779608894,-0.21684263566457224,active boundary sampling
0.7942045271813154,0.09146109707242718,active boundary sampling
-0.8748122702901855,0.5667111617427425,active boundary sampling
0.24905588372515464,-0.21061533726289694,active boundary sampling
-0.9756663112215043,1.0,active boundary sampling
0.7242272994387098,-1.0,active boundary sampling
0.067311532676396,0.47504697086367503,active boundary sampling
0.7126509620883672,-1.0,active boundary sampling
-0.26396336257737385,0.7234654908426698,active boundary sampling
-0.5505432585494403,0.9595459799640174,active boundary sampling
-0.7268669222360333,1.0,active boundary sampling
-0.08953152124837782,0.5803016633090555,active boundary sampling
-0.5494428135839284,-0.1822731325346228,active boundary sampling
-0.782316464589836,-0.041902880755316334,active boundary sampling
-0.6045815294418995,-0.13072620414702604,active boundary sampling
-0.017838213887241938,-0.014887698846536809,active boundary sampling
0.025987872873392437,0.4844237724585028,active boundary sampling
-0.9222038387353106,0.027931121889656702,active boundary sampling
0.3379955117097364,0.23490737791511018,active boundary sampling
0.9004978838655036,0.04550951270191153,active boundary sampling
0.7108093189703919,0.11625750146497953,active boundary sampling
-0.3729650922355012,0.8146951786526901,active boundary sampling
-0.16443624572352866,0.6597772686392409,active boundary sampling
-0.5609506616965481,-0.15253800824143726,active boundary sampling
-0.47951757049192767,-0.18189446423096287,active boundary sampling
0.1847341603970032,-0.7086772578404099,active boundary sampling
-0.1278655518667675,0.6314560721138539,active boundary sampling
0.30735925944950493,-0.8017703668628655,active boundary sampling
-0.4407310917878289,-0.21416680207115094,active boundary sampling
0.39187788713335436,-0.2933118715702919,active boundary sampling
-0.07904934837940236,-0.5146617428238991,active boundary sampling
-0.34924844696366275,-0.27939672819486316,active boundary sampling
0.9914768321421707,0.027184460216334406,active boundary sampling
-0.059461464494886096,0.5651498518925289,active boundary sampling
-0.8967273174706685,-0.022262871758432022,active boundary sampling
0.9927346608727952,-1.0,active boundary sampling
0.2852670327025546,-0.22972115046483066,active boundary sampling
-0.3919974663376242,0.8450596587512057,active boundary sampling
-0.9705698871313679,0.024764724246590233,active boundary sampling
-0.3800185611858926,0.2762538626823344,active boundary sampling
-0.8574992712372049,1.0,active boundary sampling
-0.49922757832340214,-0.1930651739153213,active boundary sampling
0.052240477772510285,-0.6032348698829898,active boundary sampling
-0.8768277711748853,-0.023919593158680474,active boundary sampling
0.1785297432939288,-0.1457246495807258,active boundary sampling
0.436334649050933,-0.33232486181631693,active boundary sampling
0.3753096157392213,-0.2988460644740144,active boundary sampling
-0.5142718974194485,0.39643384626099454,active boundary sampling
-0.5718979594233016,0.409105122971072,active boundary sampling
0.7423518692364512,-1.0,active boundary sampling
0.5957569101097182,-0.42741700979596153,active boundary sampling
0.7781039704192247,-1.0,active boundary sampling
0.7119025057642214,0.1234707947225764,active boundary sampling
0.6723607419332385,-0.46114353605562186,active boundary sampling
-0.2614036153990109,0.7574434584400209,active boundary sampling
0.47563711280573595,0.18879195728983178,active boundary sampling
-0.12890263425914283,0.09214851070161492,active boundary sampling
-0.9486056227814454,1.0,active boundary sampling
-0.9448298211532506,-0.026122278159581316,active boundary sampling
0.6584997383763975,-0.4504573766910192,active boundary sampling
0.9397307110264179,-1.0,active boundary sampling
-0.05033173816851022,0.016301855915784896,active boundary sampling
-0.7899340245650315,1.0,active boundary sampling
-0.6361363799750273,1.0,active boundary sampling
-0.9838115276983679,1.0,active boundary sampling
-0.9561504043962856,0.0025787667398824935,active boundary sampling
-0.8702297666143259,0.5794662819776266,active boundary sampling
0.2733865515794931,-0.24076661436825794,active boundary sampling
-0.7912665989427359,-0.029883456292006668,active boundary sampling
0.5375306707156986,-0.39895413998688434,active boundary sampling
-0.20996406981867133,0.13337652241068748,active boundary sampling
0.8262113811575684,-1.0,active boundary sampling
0.17603968623599142,0.3907705405000778,active boundary sampling
0.9139459853853851,-1.0,active boundary sampling
0.9449384275003947,-0.5427046005033263,active boundary sampling
0.6978517649363902,-0.43168252156038683,active boundary sampling
0.19470726017064655,0.3971642992970673,active boundary sampling
0.5002693225486281,-0.381026829834995,active boundary sampling
-0.04112334594658518,0.56075321716532,active boundary sampling
0.6069043342392706,-0.9958522120514947,active boundary sampling
0.3811146748374037,0.26088920751118017,active boundary sampling
0.5745482424438928,0.1553236231396602,active boundary sampling
-0.5682889680177108,0.9748718249565765,active boundary sampling
0.4735790686903052,-0.3592848703455773,active boundary sampling
-0.7526344365657192,0.5190571722334062,active boundary sampling
-0.28849455151630243,0.7636128605840864,active boundary sampling
0.5805999564730233,-0.39498215222837607,active boundary sampling
0.7723822483662832,0.09296386546098599,active boundary sampling
-0.8294148739071732,-0.035339634515980684,active boundary sampling
0.7785839761702209,-0.5023196903931831,active boundary sampling
-0.7878099488116894,1.0,active boundary sampling
-0.17070074791654766,-0.4292463687009042,active boundary sampling
-0.8295470485441969,0.5267254812653891,active boundary sampling
0.6292803391672177,-0.42544080200724677,active boundary sampling
0.44703026916066957,0.2318667404178873,active boundary sampling
0.5857619306788306,0.15832920606537168,active boundary sampling
0.23710641048566594,-0.7604976116607642,active boundary sampling
0.3500014962271387,-0.8552473481711801,active boundary sampling
-0.19039508825951978,-0.3983477511854137,active boundary sampling
-0.40099542623106377,0.29638587539161465,active boundary sampling
-0.3410912927995895,0.26279869320018945,active boundary sampling
-0.19115417242923272,0.13081325516883693,active boundary sampling
-0.20379543226753816,-0.3646674860948075,active boundary sampling
-0.6198040268169065,-0.12025315129849545,active boundary sampling
0.2443900513105146,-0.22488711548709014,active boundary sampling
-0.8707258828669004,1.0,active boundary sampling
-0.6565398003413834,-0.09907024481874148,active boundary sampling
0.12510065082972077,-0.10097255759937307,active boundary sampling
-0.7436251792054658,1.0,active boundary sampling
0.9263398915867365,0.053420666894672474,active boundary sampling
-0.3091059629903723,0.7749823933839068,active boundary sampling
-0.9053723721504208,0.5695160232722541,active boundary sampling
-0.7285684723799859,1.0,active boundary sampling
-0.7312110808125656,1.0,active boundary sampling
-0.28958409311634004,-0.3284474387935937,active boundary sampling
0.37861695028607834,-0.8551956695324632,active boundary sampling
0.7767769300050631,-1.0,active boundary sampling
-0.5955275663744131,0.9725052508851753,active boundary sampling
0.710975750629528,0.11982206825975064,active boundary sampling
-0.30295898822356526,0.20580704358421398,active boundary sampling
0.3029070081657981,-0.8267151621924747,active boundary sampling
0.20803808699654147,-0.7263567317367782,active boundary sampling
-0.3813062432487351,0.8218247652667852,active boundary sampling
-0.24169511011773004,0.15593624608058776,active boundary sampling
0.39214326239486996,-0.8340513879364215,active boundary sampling
-0.386760198118538,-0.22711442836085,active boundary sampling
0.04909323367582896,0.4858794226528716,active boundary sampling
0.4605905943166584,0.21286602216744044,active boundary sampling
-0.9928416479278359,1.0,active boundary sampling
0.4274167619057976,-0.8702475291809174,active boundary sampling
-0.7892227543626715,0.5323427810465883,active boundary sampling
0.5258844367983924,0.1769310772904019,active boundary sampling
0.7853577160043665,-1.0,active boundary sampling
0.3192181714272495,0.2796061020671537,active boundary sampling
0.9737680486667226,-1.0,active boundary sampling
0.01913016009329027,-0.575817835441252,active boundary sampling
0.396271377822341,-0.30796725126732793,active boundary sampling
-0.6623430611080223,-0.10110727280432044,active boundary sampling
0.9293892665962258,-1.0,active boundary sampling
-0.945001999984117,0.006843056106530653,active boundary sampling
-0.9637820239174419,0.009584887048963518,active boundary sampling
-0.05515991996395564,-0.48816305540824806,active boundary sampling
-0.2391999962793243,0.1662057495153339,active boundary sampling
0.25404223713981366,-0.763480888738495,active boundary sampling
0.7207108031818041,-1.0,active boundary sampling
0.3119938340909012,-0.2549030485037618,active boundary sampling
-0.4041314415397299,0.3274826896071006,active boundary sampling
0.6979652018591807,0.11164555960437875,active boundary sampling
-0.4111971499229752,-0.2298924616302865,active boundary sampling
0.018126106008416576,0.5160356176938918,active boundary sampling
0.07674919883263764,-0.6091894303546543,active boundary sampling
-0.17477338372939455,-0.4038145009305599,active boundary sampling
0.8314216146532967,-1.0,active boundary sampling
0.8504187740195872,0.059281977209231375,active boundary sampling
0.5723364172379859,-0.4020664260015522,active boundary sampling
-0.4792151204198112,0.9234450586885506,active boundary sampling
0.39781827674889914,-0.3166278247251412,active boundary sampling
0.1677132193870401,-0.1566264517652087,active boundary sampling
-0.515922474767954,-0.1611041920555499,active boundary sampling
-0.5498031535408949,0.9568145111032063,active boundary sampling
0.4608251079698005,-0.3254298291614813,active boundary sampling
0.5055033473686004,-0.9489434351920396,active boundary sampling
-0.5343571916599401,0.3868093187533069,active boundary sampling
-0.1489367612282002,-0.44621135044315885,active boundary sampling
-0.5869149376810667,0.44073814490352836,active boundary sampling
0.9240579352014524,-0.5241331250040773,active boundary sampling
0.2725619514949815,0.3040443862842722,active boundary sampling
-0.8050447671346879,-0.04468198224310896,active boundary sampling
-0.609598114693118,0.43343531481089037,active boundary sampling
-0.9672874549894339,0.02196659115256462,active boundary sampling
-0.918323444068059,0.5719255776141634,active boundary sampling
0.7057618728417843,0.12103730425469339,active boundary sampling
0.45516171254194027,-0.35522509742125136,active boundary sampling
-0.14642425316320895,0.6322488748293529,active boundary sampling
-0.8391289361570891,0.005123936547509762,active boundary sampling
-0.8820631903825542,-0.013936003451275587,active boundary sampling
0.6132459505407255,0.17909148309983042,active boundary sampling
-0.3015284531514322,0.23778930298771608,active boundary sampling
-0.2050264204865475,0.6880819625766608,active boundary sampling
0.9976066295427941,0.027707306516008556,active boundary sampling
0.45721707169202075,0.18808645476543445,active boundary sampling
-0.8378741799102778,-0.06172950393484402,active boundary sampling
-0.7887189387021034,0.5113409783951701,active boundary sampling
0.20884399372965,-0.19106193234813298,active boundary sampling
0.6198904057975896,-1.0,active boundary sampling
-0.7210007048777118,0.49453607331913024,active boundary sampling
-0.14341556821300383,-0.44383307824776047,active boundary sampling
0.3069767281044693,-0.25187669851266986,active boundary sampling
-0.08963389061180504,0.052602279843099835,active boundary sampling
0.9604088638529573,0.0010134765625513381,active boundary sampling
0.18267742238068108,-0.6983226806449321,active boundary sampling
0.7905012744436186,-1.0,active boundary sampling
0.807119128205041,0.06683375946462916,active boundary sampling
0.14296098034625593,0.42520212076767716,active boundary sampling
-0.5701004730053185,0.42327661367663355,active boundary sampling
-0.7760205908168112,-0.037628312178726794,active boundary sampling
0.1540780297723945,0.3975782110722893,active boundary sampling
0.3135176225821037,-0.27403375903635546,active boundary sampling
0.14219140842725686,-0.09989606517980798,active boundary sampling
-0.9123426271126143,0.000999658740878052,active boundary sampling
-0.47604685110182654,0.9073681046342245,active boundary sampling
0.9208046070220621,-1.0,active boundary sampling
0.40185858242003714,-0.8879130826931145,active boundary sampling
0.5276135094950007,0.16411904050711595,active boundary sampling
-0.6151514911433014,0.9930579634194449,active boundary sampling
-0.5367677899516079,0.9570036827189763,active boundary sampling
-0.9449366233041241,0.003888682781232336,active boundary sampling
0.9028190082034591,-1.0,active boundary sampling
-0.818689974780132,-0.018109091550907865,active boundary sampling
-0.29831421577792794,0.20809002871743695,active boundary sampling
-0.8870708274904402,0.5623225439428841,active boundary sampling
0.9809687511719842,0.024636775753813015,active boundary sampling
-0.8610771963698989,-0.025901909701652383,active boundary sampling
0.25376707509752294,-0.2074111614791885,active boundary sampling
-0.33251056111159727,0.23620616182707643,active boundary sampling
-0.23886421866173557,-0.34940712988876604,active boundary sampling
-0.730096403443163,1.0,active boundary sampling
0.02279177855065173,-0.06570008015336747,active boundary sampling
-0.9086153524745777,1.0,active boundary sampling
0.9759143170721998,0.0415819430690252,active boundary sampling
0.12833910958027794,0.446874544311268,active boundary sampling
0.3636674127383379,-0.8379868181219732,active boundary sampling
0.013158520251448813,-0.024831059757542736,active boundary sampling
-0.24866594532319652,-0.3548597928004497,active boundary sampling
-0.6936892810556301,0.49180357466161667,active boundary sampling
-0.4662414844889129,-0.21396706312462765,active boundary sampling
-0.05939061540769752,0.5732323622558088,active boundary sampling
-0.3013114607657388,-0.3398021346264751,active boundary sampling
-0.9338076728872837,0.023297995994884413,active boundary sampling
-0.7708101473723907,-0.04903957560592235,active boundary sampling
0.41864369115674815,-0.3321787709958834,active boundary sampling
-0.07729209658945635,0.04178203005548622,active boundary sampling
0.7227052908751954,-0.4369969079085176,active boundary sampling
-0.42216033316955515,-0.19382847493232713,active boundary sampling
-0.9551897259679587,0.6007716891472485,active boundary sampling
0.9308788552060745,-1.0,active boundary sampling
-0.9950558078349323,0.026226013432194245,active boundary sampling
0.45035068904993136,-0.3368138303340676,active boundary sampling
0.09380794719713936,0.43970123676321465,active boundary sampling
-0.9027055750786674,1.0,active boundary sampling
-0.9027074450656645,1.0,active boundary sampling
-0.1947990731015965,0.6964642721684048,active boundary sampling
0.8835431294188527,-1.0,active boundary sampling
-0.38922521666679066,-0.2474344757555367,active boundary sampling
-0.5698757509908312,-0.13837991137470732,active boundary sampling
-0.8124893184829869,-0.04607049349205118,active boundary sampling
0.4514787394982587,0.216478697262191,active boundary sampling
-0.7890267975592935,-0.06752947088610171,active boundary sampling
-0.8251196518724389,1.0,active boundary sampling
0.8167291869897504,-1.0,active boundary sampling
-0.9608115861817175,1.0,active boundary sampling
-0.7170944862243804,1.0,active boundary sampling
-0.03477683484602845,-0.5169964140585768,active boundary sampling
-0.8772541273207204,0.5787088729175093,active boundary sampling
0.9968879005303548,0.029248707945900593,active boundary sampling
-0.8991653362269252,0.5845407623838139,active boundary sampling
-0.5226079782205595,0.37411559691540147,active boundary sampling
0.3703665823860667,-0.8598570328175601,active boundary sampling
-0.8916076523468679,1.0,active boundary sampling
0.14317038838544338,-0.6886331413360623,active boundary sampling
0.5935621602694012,-0.42561162700414035,active boundary sampling
-0.06901372463695554,0.5822416594180292,active boundary sampling
-0.08191687471931197,-0.5018588304254791,active boundary sampling
-0.2696316896477091,0.24176667091762447,active boundary sampling
-0.11264600894842602,-0.4765731279901531,active boundary sampling
0.6623349320250869,-0.45312889560722014,active boundary sampling
-0.9684591637789768,0.5742494576544404,active boundary sampling
0.6625290866407958,0.10334448436476815,active boundary sampling
-0.31573682026468886,0.7760456923226868,active boundary sampling
0.13648320283658477,-0.11484606245637438,active boundary sampling
-0.005987909796085544,-0.5311021206952656,active boundary sampling
-0.028369872426189824,0.5448603785847594,active boundary sampling
0.06783336896240533,-0.07097935354686795,active boundary sampling
0.8357490619826784,0.0648415511012649,active boundary sampling
0.8087481874044404,-0.518759052457106,active boundary sampling
-0.35389176660815447,0.8046428321168236,active boundary sampling
-0.8425049392960502,-0.03689806977436738,active boundary sampling
0.34735049269571805,-0.84753036397698,active boundary sampling
0.9343275337257233,-1.0,active boundary sampling
0.8743278318328791,0.05553064514853692,active boundary sampling
0.1461396809655724,-0.15815277707231368,active boundary sampling
0.9469263613437997,-1.0,active boundary sampling
-0.4364138034278586,0.904521880954932,active boundary sampling
0.8757039084859053,0.06303700461547282,active boundary sampling
0.2506584723234464,0.3284232392110849,active boundary sampling
-0.7084488981963304,0.49478195317737417,active boundary sampling
-0.21934147797455172,0.16498683421977703,active boundary sampling
-0.1050859101729611,-0.48055908591047597,active boundary sampling
-0.3057427670041324,-0.31798283887190365,active boundary sampling
-0.8242961213382216,-0.02499496758501102,active boundary sampling
0.33389878085028446,0.2995417512087441,active boundary sampling
0.33179742099079435,-0.3201276780798333,active boundary sampling
0.044174802186396134,-0.5867084074804556,active boundary sampling
0.43416414316728646,-0.9050643079613607,active boundary sampling
0.3065949049868697,-0.7839545438649832,active boundary sampling
0.3156330328504764,-0.27943625148636697,active boundary sampling
0.003727679110008042,-0.5596103837318148,active boundary sampling
-0.6792355900444726,1.0,active boundary sampling
-0.7237068918445999,0.5062527772255021,active boundary sampling
0.1851847542651337,0.3741587847313342,active boundary sampling
-0.2960023714824027,-0.3248478211259309,active boundary sampling
-0.3243466078444466,0.24049608490142688,active boundary sampling
-0.6018751876363768,1.0,active boundary sampling
-0.9620097321224248,1.0,active boundary sampling
-0.589727967748791,0.41327295344344056,active boundary sampling
0.830776589355787,-1.0,active boundary sampling
0.016427078181370014,0.4716530814829041,active boundary sampling
-0.8635476902982544,1.0,active boundary sampling
0.02378800848805085,0.49219116933686907,active boundary sampling
0.5344853276636623,-0.39561118527168526,active boundary sampling
-0.731933385799616,1.0,active boundary sampling
-0.8312632914200342,-0.06716004334761302,active boundary sampling
0.12546790570808186,-0.1328989024950724,active boundary sampling
0.4415778053787025,-0.8793197392098466,active boundary sampling
-0.018981897383052004,0.5467496512408949,active boundary sampling
-0.21899178054020285,0.6897193877341448,active boundary sampling
0.1508253252141596,-0.12493006545008496,active boundary sampling
0.09932314486454374,-0.6596283304668886,active boundary sampling
0.33796368650260766,0.2734329869071842,active boundary sampling
-0.35682068326220584,0.8111621335811082,active boundary sampling
0.17984994432510804,-0.1703939962063776,active boundary sampling
-0.49533327839521557,0.9105959391255098,active boundary sampling
-0.26056912151852685,-0.345126937933856,active boundary sampling
0.379307237651864,-0.2986097313818016,active boundary sampling
0.6531848071032478,-1.0,active boundary sampling
-0.13661744502705564,0.6610481795738773,active boundary sampling
0.6633126540124725,0.14228595969609173,active boundary sampling
0.6816899649767831,0.14286727373318706,active boundary sampling
0.23659443802186564,-0.19090754549533273,active boundary sampling
-0.6789644021900803,-0.11135516156338618,active boundary sampling
0.7749698579517141,-1.0,active boundary sampling
0.5569179960571964,-0.9559493389041201,active boundary sampling
-0.3975751578497937,-0.23406647259940488,active boundary sampling
-0.7487534912278773,0.5029028153726635,active boundary sampling
-0.2942104830341039,0.22267316189595174,active boundary sampling
0.29146656167223917,-0.25432092874960915,active boundary sampling
0.41602156001452384,-0.334282682446169,active boundary sampling
0.20662335990195846,0.3588480225142489,active boundary sampling
0.20558653930186543,-0.7432156909303741,active boundary sampling
0.8294796315065827,-1.0,active boundary sampling
0.05747326620655069,-0.0944152012101872,active boundary sampling
-0.3824361274847319,0.2818024468028376,active boundary sampling
0.4018938501895917,-0.8791214225586312,active boundary sampling
0.4888837343831127,-0.3600854044533667,active boundary sampling
0.9091709428325923,0.07488662023040363,active boundary sampling
0.36980499597755356,-0.8544342103797251,active boundary sampling
-0.5729575666550628,-0.1357316164636182,active boundary sampling
0.38536204224501636,-0.2959967092796371,active boundary sampling
-0.28433266514819033,0.21250385746979142,active boundary sampling
0.48081165491455113,0.22361365244008144,active boundary sampling
0.7542708841211303,-1.0,active boundary sampling
-0.1456874740597751,0.10507569253865376,active boundary sampling
-0.27507182218172455,0.7354032289166734,active boundary sampling
-0.41673473669033023,-0.2392368112444715,active boundary sampling
-0.30461861469626417,0.25032262146975215,active boundary sampling
-0.2580929041457005,0.20333858284033832,active boundary sampling
0.13840626878214501,-0.14870151660385492,active boundary sampling
0.7537147469962409,0.13382169414411849,active boundary sampling
0.008398490202762288,-0.5681568593706053,active boundary sampling
-0.7409697247883626,0.5243366215713433,active boundary sampling
-0.521074406116848,0.959807883852248,active boundary sampling
-0.9891197632551703,1.0,active boundary sampling
0.008516892074741156,-0.5861331344051186,active boundary sampling
0.04791640621643678,-0.05505150923460889,active boundary sampling
0.34469728473146555,0.2663414532500712,active boundary sampling
-0.5473257676053533,0.38157188734470543,active boundary sampling
0.4243541704942779,0.22173930597782165,active boundary sampling
0.3841897376400911,-0.32122530378012154,active boundary sampling
-0.4962179939910243,-0.18262703841270533,active boundary sampling
-0.9023297291737127,0.5691398305935724,active boundary sampling
-0.38299484586832566,0.3007197857095903,active boundary sampling
0.8834814208700381,-1.0,active boundary sampling
-0.5956896361672281,0.4097089214537998,active boundary sampling
-0.4901066029115575,0.3460950859669848,active boundary sampling
0.17919962227732644,-0.7138230146395725,active boundary sampling
0.05809008212065758,-0.05831634416567709,active boundary sampling
-0.4382265460308721,0.8831362624775867,active boundary sampling
0.5626084297542362,0.16696239431965654,active boundary sampling
-0.7371156559552694,1.0,active boundary sampling
0.5264806040004197,-0.4126577848933622,active boundary sampling
-0.7173849149645062,-0.07024777175724245,active boundary sampling
0.5449776121318888,-0.37308574550805357,active boundary sampling
0.8751923816986922,0.07211444947479939,active boundary sampling
-0.031224357482552145,0.0005024998657432661,active boundary sampling
-0.5732600242426868,0.446624732246197,active boundary sampling
-0.052311791087924275,-0.528487471097052,active boundary sampling
0.18582664727542086,0.3671151878963944,active boundary sampling
0.444722217367274,-0.3130440492582009,active boundary sampling
-0.6786640065772482,-0.10253295819532868,active boundary sampling
-0.793858770686829,0.5409789428372522,active boundary sampling
0.37670597492185176,0.267018987274853,active boundary sampling
0.197503186909604,-0.17803713826407308,active boundary sampling
0.7442655125867201,-1.0,active boundary sampling
0.7202935229213276,-0.44994314948958425,active boundary sampling
0.6814175994063516,0.14051703415296585,active boundary sampling
0.30846905104626576,-0.24781251989463582,active boundary sampling
-0.8157111284723564,-0.024047652164262325,active boundary sampling
-0.5630370513763789,0.43121101545542895,active boundary sampling
-0.5893912326133681,0.9790036531677705,active boundary sampling
-0.6791212125934314,-0.10832979222508735,active boundary sampling
-0.6088631843419297,0.45902088543922914,active boundary sampling
0.5235686439977321,-0.3866081292198711,active boundary sampling
0.308959164789411,0.28829167118507254,active boundary sampling
0.1536419400630633,0.42344402092467265,active boundary sampling
0.6158151217816963,-0.9758339071324176,active boundary sampling
0.2264447904583371,-0.7430844191944262,active boundary sampling
-0.414283584258738,0.8379567447083496,active boundary sampling
-0.1349008806671781,0.08835031438673313,active boundary sampling
-0.5182161943044972,0.940879434910086,active boundary sampling
-0.9643071300527954,0.5940553075705667,active boundary sampling
0.26562621259248176,0.32888169787374943,active boundary sampling
-0.6995024152431186,-0.10824763923016086,active boundary sampling
-0.5907251293034006,0.4304199344612301,active boundary sampling
-0.46287227320518687,0.3206351890926806,active boundary sampling
0.3857366258549124,-0.856742106249774,active boundary sampling
0.3022352693960324,-0.8161103748741232,active boundary sampling
-0.2101796712430346,-0.40461697691193343,active boundary sampling
-0.7165883847116232,-0.06567895049822832,active boundary sampling
-0.047197592707075575,0.5720681891245883,active boundary sampling
-0.25286286104896494,0.21560283056196605,active boundary sampling
0.14007119957969905,-0.6749785289606528,active boundary sampling
-0.564266889835422,0.3983709064045815,active boundary sampling
-0.1354286185869915,-0.44038815270523785,active boundary sampling
-0.44029192827162844,0.9268336181825821,active boundary sampling
0.030034901643365863,0.4877363802127247,active boundary sampling
0.8074785818709429,-0.49202906079069797,active boundary sampling
0.949540405837368,0.05054272921160619,active boundary sampling
0.9362965823444995,-1.0,active boundary sampling
-0.05360807825970171,0.025358968122910844,active boundary sampling
0.6486272337105545,0.11095176251121755,active boundary sampling
0.8190097318172713,-0.5112947850140507,active boundary sampling
0.9320101110606958,-0.5273124529243655,active boundary sampling
-0.07163812523826563,0.07280362171609006,active boundary sampling
0.552329245795762,-0.40151758895005946,active boundary sampling
0.6557437887350508,0.15109327946707599,active boundary sampling
-0.8648795663670836,-0.002877794849737981,active boundary sampling
0.4481757427677957,-0.3409194228902109,active boundary sampling
-0.9876127828721872,-0.016230582146336103,active boundary sampling
0.9071471780755329,0.051509886171448256,active boundary sampling
0.8793616655214211,-0.5261843582819509,active boundary sampling
-0.7295741096579753,0.5214677633316925,active boundary sampling
-0.700984841050668,1.0,active boundary sampling
0.06696185955501499,-0.0766058906702161,active boundary sampling
0.6442806890822868,-0.42928784821822885,active boundary sampling
-0.5658287992888329,0.9670923483233139,active boundary sampling
0.33405961716530275,-0.28070660430011585,active boundary sampling
0.27238524591194424,0.32438658126465764,active boundary sampling
0.985505417211932,-1.0,active boundary sampling
0.44491340542178937,0.20329291585655368,active boundary sampling
0.13345200786726097,-0.6760961769405424,active boundary sampling
-0.22161441447229602,-0.40536128978249625,active boundary sampling
0.950342270280756,-1.0,active boundary sampling
0.4541731332025942,-0.3383573781961889,active boundary sampling
-0.7454473087038889,1.0,active boundary sampling
0.9100777593073979,0.043640012560917846,active boundary sampling
0.7886058735487083,0.10272490725296947,active boundary sampling
0.16736236387870052,-0.1766770232899884,active boundary sampling
0.7063756944999993,0.12807373370384248,active boundary sampling
-0.2689263048090291,0.7431620781773994,active boundary sampling
-0.32274577650598113,0.26581601239281255,active boundary sampling
0.44111328088444735,-0.3260205261892691,active boundary sampling
-0.5588697635533835,-0.19205098504229381,active boundary sampling
-0.9326512383639767,0.5835441452566112,active boundary sampling
0.19740465450141453,-0.7012517872996571,active boundary sampling
0.5116096638969136,-0.9657899889472299,active boundary sampling
-0.680765726832187,1.0,active boundary sampling
0.2991267995440523,0.3034642122956263,active boundary sampling
0.14453392955762245,-0.14932267430856527,active boundary sampling
-0.5829082303004831,-0.13197820657634862,active boundary sampling
0.0785214426951808,-0.6210825582965066,active boundary sampling
-0.47717323797594546,0.3542063890885932,active boundary sampling
-0.04084383772369482,-0.018437764982023326,active boundary sampling
-0.05884206130085423,-0.5091821945077841,active boundary sampling
0.7232201114272852,-1.0,active boundary sampling
-0.539237255537699,-0.1999217608881878,active boundary sampling
-0.8624314774941755,1.0,active boundary sampling
-0.7638090098461898,-0.06867637552923452,active boundary sampling
0.19046302285265937,0.3846101790039994,active boundary sampling
-0.08349408046842965,0.5911043555928711,active boundary sampling
-0.3287765719193745,0.24246285661850137,active boundary sampling
-0.7412221964085388,-0.046918007605908404,active boundary sampling
-0.44397224054857665,-0.21515239522576268,active boundary sampling
-0.6623464114448419,1.0,active boundary sampling
-0.8064769570166535,1.0,active boundary sampling
0.21053788656147598,-0.7506289742613663,active boundary sampling
0.11167367033441189,-0.6501078141768122,active boundary sampling
0.7937264670645099,-0.4839236810089192,active boundary sampling
0.8602420636474046,0.07278805230686407,active boundary sampling
0.0975243633410352,-0.11165579892975158,active boundary sampling
-0.5957277834024663,0.9971156457219063,active boundary sampling
-0.9072724880171525,1.0,active boundary sampling
0.16826740713277166,-0.15664372555062223,active boundary sampling
-0.5733434191220588,0.9676370661562466,active boundary sampling
-0.3904350128540157,0.28039568042072005,active boundary sampling
-0.3469821998603799,0.8099645063874357,active boundary sampling
0.30351412966062474,-0.22566114768800202,active boundary sampling
-0.5561245942897926,0.9754664233545567,active boundary sampling
0.9589337082226037,-1.0,active boundary sampling
0.759169117115805,-0.46446610820623224,active boundary sampling
-0.48316854829187994,0.9298888618631292,active boundary sampling
0.4575244340260942,0.20945697961310936,active boundary sampling
-0.32858203333603186,-0.3123598169000133,active boundary sampling
0.24411233077405559,0.3492859948814017,active boundary sampling
0.8723058566135504,-1.0,active boundary sampling
0.2743253498423548,-0.7878641570979547,active boundary sampling
0.03104915270671249,-0.6006319106487829,active boundary sampling
0.05740524395693125,-0.07887839800757299,active boundary sampling
-0.03437298401386357,0.5579734466426443,active boundary sampling
0.37239902754227727,-0.858576001376526,active boundary sampling
-0.619623857006151,0.45151558605580655,active boundary sampling
0.2829377905240933,0.32739028279459204,active boundary sampling
-0.8999300670024213,0.5806975159539346,active boundary sampling
0.7580834727583428,-1.0,active boundary sampling
0.12000990393700062,-0.1103924929243452,active boundary sampling
0.5954624946146228,0.1470210734758819,active boundary sampling
-0.7295888547870686,-0.07809864946944342,active boundary sampling
0.5960988637755431,-0.9823365751952418,active boundary sampling
0.4115894697322615,-0.8704287140781694,active boundary sampling
0.13997031857370978,0.417110834985885,active boundary sampling
0.07469893056271504,-0.08178982724172462,active boundary sampling
0.012277418590417977,0.4960719430116375,active boundary sampling
-0.6661240384961489,-0.11408146903452995,active boundary sampling
0.24588322774605476,-0.2093794010853804,active boundary sampling
0.08377356381376133,0.44749472286134756,active boundary sampling
-0.5246556943614775,-0.18108167732352562,active boundary sampling
0.6515804178955151,-0.45353903608387863,active boundary sampling
-0.4416136772468604,-0.22759336319051282,active boundary sampling
-0.8879862549471058,1.0,active boundary sampling
0.554530391518969,-0.41324754461971314,active boundary sampling
0.14826126332214162,0.40366697924407463,active boundary sampling
-0.24311008585523664,0.7081732754987553,active boundary sampling
-0.5140504368708381,0.926523002848544,active boundary sampling
-0.674825607066601,1.0,active boundary sampling
-0.09163066612329906,-0.4707281489110105,active boundary sampling
0.5315524619196614,-0.3598000049563432,active boundary sampling
0.15628487781427536,0.37058933136277633,active boundary sampling
-0.868816947749784,1.0,active boundary sampling
-0.8139171073965732,0.5550480828972028,active boundary sampling
-0.9757615575763383,0.5759540634327011,active boundary sampling
0.33581136185918337,-0.27885447799992547,active boundary sampling
-0.06630307698648208,-0.5026379203108818,active boundary sampling
0.7627916591870327,0.08275594588100803,active boundary sampling
-0.11067908100409873,-0.4350419203088849,active boundary sampling
-0.7437173059828233,-0.06274977331050861,active boundary sampling
-0.6693999266845092,-0.10432308849219528,active boundary sampling
-0.544814926381527,0.40589640707941765,active boundary sampling
-0.13263422139389514,-0.43858666230894094,active boundary sampling
0.40116688561797265,-0.31320214226396104,active boundary sampling
0.12781061874172095,-0.12250123043097642,active boundary sampling
-0.534089822183768,0.9570025674794456,active boundary sampling
-0.17584554685053355,-0.40403738333736927,active boundary sampling
0.6920946102015424,0.1265102036034263,active boundary sampling
-0.4194878609394268,0.2980472846643586,active boundary sampling
-0.5417325274653471,0.3784438939988454,active boundary sampling
0.8529438141657368,-0.513946725918269,active boundary sampling
0.9149347874238105,-1.0,active boundary sampling
0.5903404361316902,-0.41444465976890543,active boundary sampling
-0.576660292543584,-0.16129215162996213,active boundary sampling
0.9770900010261641,0.01658291730473143,active boundary sampling
-0.9717450661931379,1.0,active boundary sampling
-0.4640144558194492,-0.1916462888674373,active boundary sampling
-0.4399759332294362,-0.21946195743109426,active boundary sampling
0.9467219283182535,0.0256735166585739,active boundary sampling
-0.5494761048533787,0.412360674192632,active boundary sampling
-0.1712070168927764,0.6498503296774992,active boundary sampling
0.07761728427994896,-0.6351566171240032,active boundary sampling
-0.17357576063953828,-0.39623138556956744,active boundary sampling
0.6318167820642482,-0.44829715672592363,active boundary sampling
-0.12623495375019145,0.6142964224912413,active boundary sampling
0.04588134589841242,-0.05469157183422182,active boundary sampling
0.3295728024836493,0.2843953749662404,active boundary sampling
-0.389542160444039,0.821065483881132,active boundary sampling
-0.4548684659984299,0.32845138259991785,active boundary sampling
0.45719471420650093,-0.9288421055367551,active boundary sampling
-0.9502746722871303,1.0,active boundary sampling
-0.6551520978729495,0.4669568479797961,active boundary sampling
0.45824237239790366,-0.3388460142755136,active boundary sampling
-0.14626085854741988,0.11148181118054333,active boundary sampling
0.0749938986588452,-0.5806597257434133,active boundary sampling
-0.4842897881674717,0.915287343043702,active boundary sampling
-0.3449922619299115,0.7867582751792868,active boundary sampling
-0.33205346248958856,0.7714721396712553,active boundary sampling
0.8727867349047496,-1.0,active boundary sampling
-0.28227642410180476,0.20271618404217914,active boundary sampling
0.3605164213563756,-0.30286804030148823,active boundary sampling
0.5809651226433525,-0.4048925969673541,active boundary sampling
-0.42454271304425184,-0.2291215307387096,active boundary sampling
-0.8200930017511163,0.53990525613169,active boundary sampling
0.6998824597091613,-1.0,active boundary sampling
-0.5843397461747748,1.0,active boundary sampling
-0.9194233456776453,-0.018278999169697923,active boundary sampling
-0.3114930295918952,0.235323131952416,active boundary sampling
0.019913431360417677,-0.02561526442495405,active boundary sampling
-0.5359383054773224,0.9464666444584917,active boundary sampling
0.9697232778659288,0.027107675396884273,active boundary sampling
-0.6265129159760547,1.0,active boundary sampling
-0.9931161853765118,0.612270303372074,active boundary sampling
0.5619624769244698,0.1953540795828452,active boundary sampling
0.5391244838785265,0.1825914781182526,active boundary sampling
-0.7590962488804853,-0.07389840202161571,active boundary sampling
0.13433758100531312,-0.6712613766089512,active boundary sampling
-0.13927996631829243,-0.4492398926705803,active boundary sampling
-0.9267353170932255,-0.005702811140255951,active boundary sampling
-0.18334820908275296,0.13975535837236244,active boundary sampling
0.876907820150568,-1.0,active boundary sampling
0.5979355808377491,-1.0,active boundary sampling
0.58043602088648,-0.9523996155766439,active boundary sampling
0.06828784589287751,0.47311215656018396,active boundary sampling
-0.7175165738998888,0.4780791013313587,active boundary sampling
0.6720316812295966,-0.4222518300098594,active boundary sampling
0.9173873214375918,-1.0,active boundary sampling
0.2686079885224626,0.316000920634987,active boundary sampling
0.04751161252800995,-0.03498247779426103,active boundary sampling
0.4171566225893446,-0.8572607644057374,active boundary sampling
0.49022250985404625,-0.3859442793555823,active boundary sampling
0.6000210959129115,0.1612600529136085,active boundary sampling
-0.21943566001679637,0.6821985573049898,active boundary sampling
-0.4604293726657238,0.8861960073674491,active boundary sampling
0.8274509712202065,-0.5153363111527994,active boundary sampling
-0.053246171403319886,-0.5421659850845268,active boundary sampling
-0.7975534726410118,-0.05105998919338407,active boundary sampling
0.2754244843544995,-0.7861208517769549,active boundary sampling
0.26262815024998587,-0.7828636308492853,active boundary sampling
-0.7938709213307233,1.0,active boundary sampling
0.1554967815470667,-0.14982262259671164,active boundary sampling
-0.5210793888245624,-0.17112033030676999,active boundary sampling
-0.36291727866422185,0.8231238647723301,active boundary sampling
-0.16398588746068454,-0.4261772806338993,active boundary sampling
0.8348042741969888,-0.5282774025443296,active boundary sampling
0.8758078682923502,-1.0,active boundary sampling
0.8511031791064958,-1.0,active boundary sampling
-0.36729320681205047,0.8391412926349514,active boundary sampling
-0.7062862551707292,0.5017688538559459,active boundary sampling
-0.5260953869916067,0.9627314768089281,active boundary sampling
-0.27127710281148354,0.7628848362863543,active boundary sampling
-0.8474656973727321,0.5535088833652843,active boundary sampling
0.6949215474429049,0.12493939995284335,active boundary sampling
-0.7523937065445945,-0.07893947878656991,active boundary sampling
-0.5458660677366918,0.9642235053124162,active boundary sampling
0.7612155765552926,-1.0,active boundary sampling
0.13806628017501366,0.4117539046858481,active boundary sampling
-0.29641746685467285,-0.3271368905323872,active boundary sampling
0.5907073332160722,0.14002302776402095,active boundary sampling
0.3826912674416725,-0.8675270189932112,active boundary sampling
0.20158594478438197,-0.7148359505594196,active boundary sampling
0.6253268520306325,-0.46354093181611095,active boundary sampling
-0.11873526704179427,-0.46621318789330946,active boundary sampling
-0.5799366179827561,0.4332906522709213,active boundary sampling
-0.97056124915247,0.0032446675676132642,active boundary sampling
0.056826178429595586,-0.6187280884359541,active boundary sampling
-0.9981388706181014,1.0,active boundary sampling
-0.5388187411690923,0.9408297878545241,active boundary sampling
-0.7984431269941961,0.5335717769793844,active boundary sampling
-0.4428276398825697,0.3476676910082681,active boundary sampling
0.8112482630334268,-1.0,active boundary sampling
-0.6501735581399728,0.4618516757141728,active boundary sampling
0.7575056569348697,-1.0,active boundary sampling
-0.1443644351060458,-0.4113322588793913,active boundary sampling
-0.9890422234353973,0.5406728869816493,active boundary sampling
-0.06318116751114311,0.5641425587056094,active boundary sampling
0.7424580589717265,-0.4814633600926305,active boundary sampling
0.8010481148514392,-0.5101591543529821,active boundary sampling
0.38828311955231953,-0.3327703370745926,active boundary sampling
-0.963764655470513,0.004275919156436085,active boundary sampling
0.32193882446776567,-0.28130798117823286,active boundary sampling
-0.7750096394083477,0.5036912900134487,active boundary sampling
0.18229938938987988,-0.17180990294817397,active boundary sampling
-0.4280879667872206,0.31488356040070015,active boundary sampling
-0.6574224379284455,-0.1185455448885449,active boundary sampling
-0.3247344066206448,0.7681284714629711,active boundary sampling
-0.9148816277549627,0.5523854896504335,active boundary sampling
0.5367510402656392,0.1742078023722628,active boundary sampling
-0.23945997401885166,-0.3719010003180844,active boundary sampling
-0.48343278872720163,0.9275627298087578,active boundary sampling
0.9953689233261633,0.018286381226439486,active boundary sampling
0.7255999350747517,-1.0,active boundary sampling
-0.3200820356552614,0.2532084190140589,active boundary sampling
-0.08434710800741518,0.03366376921168089,active boundary sampling
-0.5950393919875283,0.9829858813131205,active boundary sampling
-0.49825528109889516,-0.16483204660475323,active boundary sampling
0.9690459855973059,0.028726950980446947,active boundary sampling
0.6959797180809248,0.10676326921114174,active boundary sampling
0.8036915569490652,-0.5131022889205358,active boundary sampling
0.9128400970500219,-1.0,active boundary sampling
0.8931391132390643,-1.0,active boundary sampling
0.12070258437457948,0.4062569109268197,active boundary sampling
0.16920425021964935,0.36990959089726994,active boundary sampling
0.011617368914899728,0.5180580695106795,active boundary sampling
0.6077476747952606,-0.41690552863427865,active boundary sampling
-0.8809913011346575,-0.00858228148454768,active boundary sampling
0.3161869004647264,0.31079379006630775,active boundary sampling
-0.5656269095186686,1.0,active boundary sampling
-0.6038269131032938,0.4302291592749151,active boundary sampling
-0.39340959347199433,0.8192226647835008,active boundary sampling
-0.17370312928190068,0.6541589590411796,active boundary sampling
-0.41929618925748113,-0.25847765297076836,active boundary sampling
0.28499081668100623,-0.25499058111080936,active boundary sampling
0.5582794850395116,0.155092418334904,active boundary sampling
0.3822623357842201,-0.3355513407039515,active boundary sampling
0.7738337000389894,-1.0,active boundary sampling
0.8890930353848367,-0.5202370980213242,active boundary sampling
-0.5283624347936768,0.9449084325879126,active boundary sampling
-0.5248850611480396,-0.17778408419133576,active boundary sampling
0.08922780269710318,-0.6165570006874781,active boundary sampling
-0.8705903912532922,1.0,active boundary sampling
0.3424359668890946,-0.8256851695345502,active boundary sampling
0.41417140275024233,0.2468317778988222,active boundary sampling
-0.18469299210953105,0.6811417095164355,active boundary sampling
0.5219682192449444,-0.9347613727654654,active boundary sampling
0.10252204809416576,0.44684195133211896,active boundary sampling
-0.7755662268261301,-0.043141625844444274,active boundary sampling
0.18693923739205376,-0.7122083523527017,active boundary sampling
0.11602286311166532,-0.642281199782052,active boundary sampling
-0.04682298591843437,0.03961172115348181,active boundary sampling
-0.3739146841449885,0.2700594596365732,active boundary sampling
-0.7853215675686294,0.5453313613025694,active boundary sampling
-0.5794269656851061,0.9335101765677416,active boundary sampling
0.2255052177447472,-0.7601486816451153,active boundary sampling
0.0583651019689273,-0.06783338835443806,active boundary sampling
0.3275702622096994,-0.8116196357538118,active boundary sampling
-0.04791152786360198,0.5610113685093137,active boundary sampling
0.592694341249109,-0.986951569737013,active boundary sampling
0.11139259185931727,0.43119310676959693,active boundary sampling
0.006704966271606105,-0.029570773842893305,active boundary sampling
0.3433165773915634,0.28023637448095023,active boundary sampling
-0.11454728713243867,0.09460664214602024,active boundary sampling
-0.19039609132477486,-0.3913811874700175,active boundary sampling
-0.2987908128006753,-0.32020481183912136,active boundary sampling
-0.07277390634586767,0.5757025311740491,active boundary sampling
-0.6731585480067714,0.4811925666531831,active boundary sampling
-0.4782039691608668,0.34634136888328976,active boundary sampling
0.9420231792401987,0.04036067871798789,active boundary sampling
-0.8636840587150643,0.0071084210597531505,active boundary sampling
-0.2312154570573568,0.7241553979629364,active boundary sampling
-0.45580286970216877,-0.24357395113654515,active boundary sampling
-0.709230214597723,1.0,active boundary sampling
0.32158868105556526,-0.2657732745580817,active boundary sampling
0.2406326449470546,0.31365033874262555,active boundary sampling
-0.1034378304666248,-0.489740075871283,active boundary sampling
-0.06615392169386292,0.0025300910450776135,active boundary sampling
0.8845103897786835,-0.503262572694902,active boundary sampling
0.36753237234284075,-0.8610418080630696,active boundary sampling
0.32995237992736026,-0.8145866916759672,active boundary sampling
0.6936348695177443,-0.442634121854422,active boundary sampling
-0.1161879523784175,0.6388344821834061,active boundary sampling
0.26399932131423287,-0.19424445579764582,active boundary sampling
-0.5575248183432178,0.3915452986300101,active boundary sampling
-0.010163917385030086,-0.5574436557184098,active boundary sampling
0.5489784930282617,-0.9415345426570653,active boundary sampling
-0.11400595522217949,-0.45666806706738144,active boundary sampling
0.874134659496526,-1.0,active boundary sampling
-0.7187215928645039,-0.08484489390320515,active boundary sampling
-0.26139021935008255,-0.378892406506463,active boundary sampling
-0.8218573567130811,0.5305152562845478,active boundary sampling
-0.8055137914068986,0.5024048356217344,active boundary sampling
0.4054471086998219,0.24041336444938902,active boundary sampling
-0.03271675105012095,0.005726846877541529,active boundary sampling
-0.8245928838178629,-0.0443320594345734,active boundary sampling
-0.47584546782038206,0.9238083031367803,active boundary sampling
0.16241984814882415,0.40502806735380575,active boundary sampling
-0.44550223419513535,0.8844820285124444,active boundary sampling
-0.37686945746029665,0.8394894768705216,active boundary sampling
0.22672399141676625,-0.7279339367507809,active boundary sampling
-0.7490771162998264,1.0,active boundary sampling
0.43203080746729094,-0.8942277976563101,active boundary sampling
-0.46633564212771894,0.9196121591424558,active boundary sampling
0.710109956463089,-1.0,active boundary sampling
0.33531555968652005,-0.849899453328609,active boundary sampling
0.894085384773216,-0.5425797924374474,active boundary sampling
-0.9840375004383066,0.586564452247772,active boundary sampling
0.25482330752478055,0.3277468937053774,active boundary sampling
-0.5196624078867649,-0.19213561437846124,active boundary sampling
0.911195786255228,-1.0,active boundary sampling
0.8029881331072961,0.09322060338842018,active boundary sampling
0.18720492571041003,0.37230029062324116,active boundary sampling
0.5955573183188305,0.1654882349211766,active boundary sampling
0.8769791785451273,0.06659389226540172,active boundary sampling
-0.20573846044032695,-0.39438369842565413,active boundary sampling
-0.4988862136027348,-0.17783097736531456,active boundary sampling
-0.6845635361818216,-0.1292540781904267,active boundary sampling
0.9655157478222147,-0.5149886317523218,active boundary sampling
0.12660486598366827,-0.6389117112225754,active boundary sampling
-0.711694298367417,0.5143052221538976,active boundary sampling
-0.2533596305482373,0.1816807197643088,active boundary sampling
0.4639075386680953,-0.8924201789435368,active boundary sampling
0.11472744757566122,0.42862479249358243,active boundary sampling
-0.37914292647855774,-0.2708961894229462,active boundary sampling
0.48763954719345914,-0.38345663448375633,active boundary sampling
0.23629429576532668,-0.7662905835410192,active boundary sampling
-0.23154555420357337,0.17201201353496753,active boundary sampling
-0.19441661332022409,0.1546001755738625,active boundary sampling
-0.6678550548208246,0.471659025866647,active boundary sampling
0.7740783756114906,0.07273765115993278,active boundary sampling
-0.7796134631435461,0.5245527516527555,active boundary sampling
-0.23380621476683916,0.20183221359585596,active boundary sampling
-0.29255647963388287,0.7604367423239816,active boundary sampling
-0.9763145397451289,1.0,active boundary sampling
-0.12483603148016664,-0.44107226705791924,active boundary sampling
0.6254606552224555,0.127387213134311,active boundary sampling
0.6340557192492058,-0.43953217022924046,active boundary sampling
0.576165379518526,-0.9712715340066659,active boundary sampling
-0.5580110798052642,0.9827800154022921,active boundary sampling
0.19878038324058256,-0.7324443570572616,active boundary sampling
-0.031320416856272404,-0.011574955382557267,active boundary sampling
-0.2650900766864872,0.7940383325565024,active boundary sampling
0.06496894765921146,-0.07908883812786138,active boundary sampling
0.8503818212814684,0.0889205450541556,active boundary sampling
0.7376973496700232,-0.4762061542771754,active boundary sampling
0.4646851455209975,0.23143324577246854,active boundary sampling
0.7956437258688918,-1.0,active boundary sampling
-0.8897180484651603,1.0,active boundary sampling
-0.7445673346892767,1.0,active boundary sampling
-0.1962824357696913,0.11896642417656414,active boundary sampling
0.008082718223370922,-0.5538527230083264,active boundary sampling
-0.24843349243997737,-0.3764619092713639,active boundary sampling
0.24460038999575007,-0.7496244817979157,active boundary sampling
0.06890122119765962,0.4446457599394614,active boundary sampling
-0.0031575805662868994,-0.004593700871411253,active boundary sampling
-0.8060550571408864,0.5272020804672758,active boundary sampling
0.9610223110535752,0.009002579451045975,active boundary sampling
0.2763748016968075,-0.23824067187979417,active boundary sampling
0.35923287180530483,-0.8420725020935766,active boundary sampling
-0.48926444538938574,0.38149242011482665,active boundary sampling
0.9569177064377437,-0.5513917227967738,active boundary sampling
-0.868661779287452,-0.004077036402671989,active boundary sampling
0.138628591948049,-0.11380997682691008,active boundary sampling
0.4973066066573244,0.17781233341622646,active boundary sampling
0.6100690513758991,-0.9864668197307871,active boundary sampling
0.18427590982360043,-0.15136262830544472,active boundary sampling
-0.05868866141423079,-0.5269075289800528,active boundary sampling
-0.6944295488395877,0.5188699688950068,active boundary sampling
-0.17600390813231304,0.6633791824138339,active boundary sampling
0.32982023122895443,0.26764052174996555,active boundary sampling
0.09611385854699783,-0.6372660980579705,active boundary sampling
0.6371028374425947,-0.4211459506619813,active boundary sampling
-0.40137283067137886,0.8564652414331484,active boundary sampling
-0.28709879772645963,0.7637779516454107,active boundary sampling
0.600601697266202,-0.40007314380361697,active boundary sampling
-0.966144581486521,1.0,active boundary sampling
-0.7424854732849684,1.0,active boundary sampling
0.2903249387515774,-0.7994334604889983,active boundary sampling
0.8724816891554008,0.061733263279699024,active boundary sampling
0.541851777177883,-0.41674251326605194,active boundary sampling
0.8868723958800315,-0.5233010311417684,active boundary sampling
0.47217316871484893,-0.3564751887703589,active boundary sampling
-0.056239530492139034,0.5862991501819329,active boundary sampling
0.6834963696582868,-1.0,active boundary sampling
0.429374638681304,-0.8764451717828383,active boundary sampling
-0.39366232256416867,0.3156375846388459,active boundary sampling
0.5464157067122792,-0.3986568743203882,active boundary sampling
0.9337812127467915,-0.5464680052000199,active boundary sampling
0.9552656578493322,0.032995553693524374,active boundary sampling
-0.31293553195805135,0.19995959481190742,active boundary sampling
0.5383030385390757,-0.9853007975616431,active boundary sampling
0.2927560300527796,-0.8036891233492633,active boundary sampling
0.5341279310507765,-0.3960194499528109,active boundary sampling
0.32092137842611823,0.2874438806075763,active boundary sampling
-0.02304164866728997,-0.010497854527515553,active boundary sampling
0.9391250044868231,-1.0,active boundary sampling
-0.34674260416994485,0.26380691906667414,active boundary sampling
-0.2715452567853103,0.7577135487486284,active boundary sampling
0.08071375204353903,-0.09657086656967885,active boundary sampling
-0.2165661463793458,-0.3895396258251033,active boundary sampling
-0.9570660932741579,1.0,active boundary sampling
0.03942897256226252,-0.05153452460218161,active boundary sampling
0.17778227902522903,0.3879230788343678,active boundary sampling
0.1676603052955976,-0.7098374078169006,active boundary sampling
-0.5321304795893727,0.9515157810047612,active boundary sampling
-0.840485447852332,-0.05366829666572173,active boundary sampling
-0.9181314411214438,-0.00849114785401303,active boundary sampling
0.42091860185526286,-0.8952450784995021,active boundary sampling
-0.061695559435463565,-0.5258965804433889,active boundary sampling
-0.4260891780474063,0.33016001552715585,active boundary sampling
0.8311378759965715,0.048857406016123414,active boundary sampling
-0.851433012284925,-0.028568246194631275,active boundary sampling
-0.9538383780226074,0.5927598668816778,active boundary sampling
0.8471781910062843,-1.0,active boundary sampling
0.9911728106876267,-0.5458777614927259,active boundary sampling
-0.21945733064393536,0.1500203768211494,active boundary sampling
-0.8456420005341594,0.5395251072727206,active boundary sampling
0.46298060778987593,-0.3318487029230193,active boundary sampling
-0.429221235582252,0.8906454345776464,active boundary sampling
0.13617900880754497,-0.6619348101658314,active boundary sampling
0.07250528723565797,-0.6067246838547127,active boundary sampling
-0.8268834826126559,0.5355404134792495,active boundary sampling
-0.5764083021880257,0.4435808630544968,active boundary sampling
-0.3774723148642236,-0.27916362272527584,active boundary sampling
0.2232458127603203,-0.18409353188342525,active boundary sampling
0.8817451292164513,-1.0,active boundary sampling
-0.9760869856406287,0.6008560278611086,active boundary sampling
0.823320249832241,0.07777830687621673,active boundary sampling
0.6714277917787372,-1.0,active boundary sampling
0.26806528344300795,-0.7676304718684468,active boundary sampling
-0.06183777418836556,-0.520129649425108,active boundary sampling
0.6923376316200951,-0.47247437659718716,active boundary sampling
-0.4909546526084003,-0.18909751549541012,active boundary sampling
0.8539649537432135,0.07714659484309999,active boundary sampling
0.7032920096732582,-0.47154159225774417,active boundary sampling
0.12991975151196988,0.44440242395888246,active boundary sampling
-0.2642615957256589,0.20891251992109902,active boundary sampling
0.27162447865150163,-0.775043885086861,active boundary sampling
-0.15308528368828545,-0.4273300152357919,active boundary sampling
0.47240110288801107,-0.36887847758344056,active boundary sampling
0.4432354048684177,-0.8880201265584443,active boundary sampling
-0.23854837186261313,-0.37426270013758145,active boundary sampling
-0.38117738689973435,-0.24032318882255627,active boundary sampling
0.30496843821320363,-0.2404766227258045,active boundary sampling
-0.4605144003713637,0.34182489697923113,active boundary sampling
0.6457279799077047,-1.0,active boundary sampling
0.40208198985841603,-0.9023727593266544,active boundary sampling
-0.554249804748215,0.9641407514458178,active boundary sampling
0.5032357635309888,-0.3709386496075077,active boundary sampling
0.890547760533354,-1.0,active boundary sampling
-0.9218097619937964,0.0185131318065326,active boundary sampling
-0.1390516487864626,0.1007323437982799,active boundary sampling
0.6131143249630608,-0.961443066367717,active boundary sampling
0.9695367399231185,-1.0,active boundary sampling
0.7050545164214741,-0.4616829011404257,active boundary sampling
0.38645623691579956,-0.8449189384229111,active boundary sampling
0.5786622796222152,-0.40988491829724694,active boundary sampling
-0.6582483977853035,1.0,active boundary sampling
0.5540309524144018,-0.4260640816269234,active boundary sampling
-0.6230336330388964,-0.14924221452187958,active boundary sampling
0.46026501074752035,-0.3717078605943301,active boundary sampling
-0.1546990895967526,-0.4013605077545241,active boundary sampling
0.5641063500979853,-0.4191373497009545,active boundary sampling
-0.34032015854244246,0.8170058064004393,active boundary sampling
0.8377426020529073,-0.4923324837450261,active boundary sampling
-0.14838854395974055,-0.4477097221611241,active boundary sampling
-0.506997581353593,0.3973254573010775,active boundary sampling
0.47174789705676123,0.2016398813237004,active boundary sampling
-0.5388028229666881,0.9777211983803915,active boundary sampling
0.9762410708806764,-1.0,active boundary sampling
0.07856480145048295,-0.05565799643880881,active boundary sampling
-0.3266539856980546,0.24323971929990348,active boundary sampling
0.22006784080549235,-0.7487483587873989,active boundary sampling
-0.012243134893951568,-0.02761767224766913,active boundary sampling
0.32143495120854193,-0.23878774154317348,active boundary sampling
0.382873864416033,-0.290257291399476,active boundary sampling
-0.052722510757672314,0.5574091979890418,active boundary sampling
0.5147552219454208,-0.37772587349141906,active boundary sampling
0.9485334835307095,-1.0,active boundary sampling
0.45122388464407437,-0.9207232616587809,active boundary sampling
0.98269599295569,-1.0,active boundary sampling
-0.2698023689531259,0.202053248442084,active boundary sampling
-0.046499192664911204,-0.5446501679920829,active boundary sampling
0.38465515496397673,-0.8760836790472414,active boundary sampling
-0.0786042766832793,0.056244901446266315,active boundary sampling
-0.5196663716637071,0.4074287893619651,active boundary sampling
0.5623882541907133,-0.35705048277029766,active boundary sampling
-0.8070334970478201,-0.03493908033185395,active boundary sampling
0.3877293085119782,-0.3322075555119097,active boundary sampling
-0.3894563094341901,-0.25475581689150634,active boundary sampling
0.557303522611929,0.18537153336307086,active boundary sampling
-0.5128630914795256,-0.18599863519885204,active boundary sampling
0.20561420693384247,-0.20129504554680042,active boundary sampling
0.3647037264962869,0.18624117309951216,uniform
-0.8923579623955546,-0.2930585519591373,uniform
-0.5592802544547772,-0.3274465584806674,uniform
-0.6312563786026606,-0.20053252704377078,uniform
-0.6481881978299393,0.8309180266405181,uniform
0.6241890133115473,0.6445550994788078,uniform
0.8466899960541128,-0.039163905935669874,uniform
-0.4468512044057875,0.8596040275760721,uniform
0.6395091231860042,0.9018953148673945,uniform
0.7797853862223718,0.7271127845501522,uniform
0.02594091045906377,0.5282081494299855,uniform
-0.510070797862407,0.27638242424796533,uniform
0.6484831921948226,0.9132484161833374,uniform
-0.572474073249809,-0.6437905314580672,uniform
0.4829341044694193,-0.1318467378936301,uniform
0.2598804091793616,-0.7250409497736565,uniform
0.8548145170503341,0.6753335053352396,uniform
-0.5361836227871624,0.5378949565471867,uniform
0.5982502572401658,-0.511530550375775,uniform
0.0363300737054284,0.6306719957466165,uniform
-0.536888750365865,-0.0493757622996529,uniform
-0.6681920135185109,-0.37516926984724397,uniform
-0.00442206300441228,-0.2928080190317919,uniform
0.16544928123063984,-0.4556761587599045,uniform
-0.6313240251430405,0.5441283163170803,uniform
-0.9702101664795355,-0.7795673380213572,uniform
-0.05773354221907834,0.19310226472887937,uniform
0.4564866563665233,0.37709709304496974,uniform
0.8372009835470866,0.30275966739115634,uniform
0.25106801147092805,-0.6163260431298945,uniform
0.8342451450952046,-0.9214940095843562,uniform
0.7293805021875497,0.9254266722516111,uniform
-0.5637142535000241,-0.6216122143015568,uniform
0.7322548614764859,0.8212589583399306,uniform
0.4615038727425076,-0.6604076381597535,uniform
-0.44426941940214437,0.3955013917085497,uniform
0.5940871063669291,0.6618262686308418,uniform
0.730443425687473,-0.030352038969102324,uniform
-0.4011242087250855,0.2692672575204982,uniform
0.05408416806059391,0.7257291560206207,uniform
-0.8570263867532062,0.7448932532676256,uniform
0.16647682030211608,0.7228427125103061,uniform
-0.5241872007407649,-0.2103423765660266,uniform
0.5299272922072968,0.7555266482072709,uniform
-0.6527367276491949,-0.42644122106477744,uniform
-0.3745154874984662,-0.7379840625212881,uniform
-0.9710510464198661,-0.0996298604030883,uniform
-0.9348961567868213,0.7963330619823514,uniform
-0.006596316409319014,0.1802942780919632,uniform
-0.06337493114684767,-0.9083238912989628,uniform
-0.7446193542150445,-0.01299197624778281,uniform
-0.48487499018095237,-0.7680129308191217,uniform
-0.9936377814133768,0.3808394187496067,uniform
-0.23786450436836182,0.19024865206670682,uniform
0.15174616807393315,-0.3012374582405555,uniform
-0.14540245743409974,0.11213894583484518,uniform
0.6702046946171389,-0.6859181716571194,uniform
0.23298250282037958,0.9548717506881295,uniform
-0.4678321759774504,0.03520198865908131,uniform
0.6220442226361662,0.0052761637032614495,uniform
-0.0010264993939654854,-0.45156753757785895,uniform
0.5176206420077356,0.02778583086497255,uniform
0.13217817265343768,0.8028329754165244,uniform
-0.12511927688548186,-0.24697430474752213,uniform
-0.20769111116515315,-0.10697639081335208,uniform
-0.9555294241602423,-0.35388834442938566,uniform
-0.061298423664074786,-0.4951185779206069,uniform
0.2471168043162113,0.6470348544414879,uniform
0.8922268420214838,0.7523225405864733,uniform
-0.1293478396690264,0.3199780152132916,uniform
-0.028717193840005706,0.5980606137539475,uniform
0.03823028795899108,0.30861472816317215,uniform
-0.18281804001576818,0.5170356272368675,uniform
0.1575914377024945,-0.698900813269473,uniform
-0.8592986534485494,-0.322928324587751,uniform
-0.023232337593552144,0.2758752646707989,uniform
0.22028965660346467,0.39053288520014107,uniform
0.4877582146393129,0.8087705539525478,uniform
-0.14033935913150675,-0.14238770804970824,uniform
-0.39439573455523136,0.6955551518912804,uniform
-0.9882199333650605,-0.37251125210465186,uniform
0.5129579402919144,-0.5201973909005906,uniform
-0.8448480596028471,0.7133245939605384,uniform
-0.02002392468217251,0.019631288966259985,uniform
-0.39127780643508747,-0.46377220269977704,uniform
0.6816443243527219,-0.7051621530749714,uniform
0.9009517245001681,-0.17408373826392576,uniform
-0.36225084253123385,-0.5009348402986,uniform
0.795536577852515,-0.9851805696907738,uniform
-0.32494189877931556,0.37482394998467705,uniform
0.6242242210271529,-0.335749855912026,uniform
0.597687196118228,-0.7467936258968035,uniform
0.31057035402215805,-0.9848419908989081,uniform
-0.5425930904487892,-0.12110308055883601,uniform
-0.7246510705154632,-0.3856701303516039,uniform
-0.15125772214597744,-0.34370225583960834,uniform
-0.6969224939613863,-0.16766672394492832,uniform
0.7465458975761032,0.12343803202160286,uniform
-0.641746485024397,-0.1987874564696821,uniform
-0.9394106767753456,-0.16342950148932722,uniform
0.11849935426733094,-0.061807596378782304,uniform
-0.142387493295961,0.4370778646266915,uniform
0.7171948431187083,0.2616754603260705,uniform
-0.6783372489420112,-0.13335825361336706,uniform
-0.2792926012163852,-0.8852102909072195,uniform
0.2810198736651608,0.2802227750243407,uniform
0.8621586992235202,0.9948561841952142,uniform
-0.4763979558191338,0.29841522208723004,uniform
0.37619682716369396,0.05199123303357478,uniform
-0.7018946952892748,-0.005828617049709495,uniform
0.48030994684215256,-0.3821924317172696,uniform
-0.4136374339578808,0.6572664772443604,uniform
-0.5125097908591854,0.00035099719657738504,uniform
-0.5403571243101659,0.8789254825588844,uniform
-0.25869766966486973,0.16151387568845021,uniform
-0.34288982503770504,-0.298771278122427,uniform
0.22528334363630198,0.5251291323852991,uniform
0.089430800383272,0.42031426003985484,uniform
0.49928620978181737,-0.26113840522081166,uniform
-0.41009142914791963,-0.48720535151732336,uniform
0.9211074567500608,0.40323283856707093,uniform
0.0869655172002115,0.6485730303100261,uniform
0.35884829681903496,0.4210301643764842,uniform
0.3765184969853712,0.9169771497037593,uniform
-0.6954044145013301,-0.2535823862018829,uniform
-0.7099510968973268,0.45590768932524317,uniform
-0.07591235590044021,0.38325085743552956,uniform
0.04386706682875263,-0.9521583851555582,uniform
-0.45591049367762304,0.5060440238172286,uniform
-0.6397581061118871,-0.8385412190865351,uniform
0.007842174384460998,-0.7944113619673263,uniform
0.3192766968173901,-0.34040755805910883,uniform
-0.5424910931554654,0.405251145799425,uniform
-0.563163538272532,-0.008272441432133792,uniform
0.9097981179260306,0.09895908435312673,uniform
0.44978586832847833,0.15194307128987616,uniform
-0.931326303482704,-0.07404276733357129,uniform
0.963234068383265,0.04912723082110548,uniform
-0.9830076674162227,0.1619870948739246,uniform
-0.47007623669741805,-0.1361338993035781,uniform
0.8346483030692051,-0.0017413052456032307,uniform
-0.839224567220394,-0.04065339120597744,uniform
0.7094314084406559,0.40141335618552465,uniform
-0.7106452052572734,0.13335093118096442,uniform
-0.6415178445416654,-0.9477886237497122,uniform
0.5693469465984486,0.1665979618494473,uniform
0.7908481132241889,0.43357781248586313,uniform
-0.07853134785540505,-0.32825532416115677,uniform
-0.9230326355955594,-0.764355417437538,uniform
-0.36938947957492396,-0.2765006197290223,uniform
-0.9694135006151745,0.07897898068864007,uniform
-0.30165262973779705,0.48392925670871745,uniform
0.31862003777393655,0.5903557227215548,uniform
-0.4695677356132948,-0.8714338265945487,uniform
0.3040376768818893,-0.6543101294083637,uniform
0.854960393247048,-0.4025306813716014,uniform
-0.06772248283113158,-0.7087099419608054,uniform
-0.585780878668934,-0.38141773131058443,uniform
0.8454284892795554,-0.0479032783075537,uniform
0.8917132218851971,0.6140635979913076,uniform
-0.7301886921620291,-0.7836524648832448,uniform
0.799277067536164,-0.7434171595373331,uniform
-0.4157016663231785,0.6371615304252944,uniform
-0.7436491135595082,-0.9765014151643934,uniform
-0.7638466195335021,-0.1773385771237037,uniform
0.5189001541703608,-0.770503250183538,uniform
-0.8231149711623196,0.44513505302070233,uniform
0.5263034872126753,0.28720781550204366,uniform
-0.5207628920276233,-0.33519113019106883,uniform
-0.16243242015415893,-0.36733164499426607,uniform
-0.7139645885798636,0.20579754485329138,uniform
0.30533959424488133,-0.10419283043787142,uniform
-0.08442814629133233,0.1347430355310435,uniform
-0.21233969732454927,0.6801480767378354,uniform
0.6093462750364298,0.4404876850802677,uniform
-0.08196977917243498,-0.8528832914420303,uniform
0.38313667463082335,-0.3809075649416376,uniform
0.5639781541864786,-0.14269864696432877,uniform
0.2297625164831234,-0.5854035407552867,uniform
0.9227817895408648,-0.9346334645181376,uniform
0.10175609484332182,0.953692370928473,uniform
-0.5619749454579812,0.770165889604135,uniform
0.08375968586736526,-0.8672860440632586,uniform
-0.5108860383335836,-0.7186219734177184,uniform
-0.8333459655789179,0.6174070785109977,uniform
0.512724183486905,0.10375750208229406,uniform
-0.47100490299777165,-0.6802093466094608,uniform
-0.37271912591602274,0.8493517215640549,uniform
0.9766857162336782,0.16151222228047835,uniform
-0.19888433680962936,-0.975460630023554,uniform
-0.11737580834663786,-0.5171055989164339,uniform
0.8411974598755823,-0.8168404745243465,uniform
0.5801327565610277,-0.5284488635747024,uniform
0.7189641753133684,0.11179164257949137,uniform
-0.06328657213439426,0.8792731448418578,uniform
-0.574992852543946,-0.11385691233716821,uniform
-0.8687223669981639,-0.15819194350640897,uniform
-0.8403719618477092,0.6465242475913988,uniform
-0.7260208939546229,-0.9922946683725187,uniform
-0.46130215166146105,-0.24214094448554024,uniform
0.554747900671583,0.7308012482012372,uniform
-0.5409479824079784,-0.21366410617189202,uniform
-0.1564128370595257,0.2245478273355661,uniform
-0.08372693005152132,0.5228221568201519,uniform
-0.3806280157213986,-0.2452414841436883,uniform
-0.6459781946535104,0.6104017106457424,uniform
-0.4639384252469141,0.6890980912395126,uniform
0.7047087624400974,-0.6028041509544964,uniform
0.9881445494273744,-0.9917270506740004,uniform
-0.25865150927163194,-0.795767012040892,uniform
-0.07649818247287099,0.22352541749164256,uniform
-0.3300228926746114,-0.1592854170351845,uniform
-0.26912259000001004,0.0915973455426422,uniform
0.3743469889496731,0.07840493830484552,uniform
0.4706526280817276,0.07563802840700151,uniform
-0.3659248213794597,-0.737371444777746,uniform
-0.7099598281888733,-0.37450433964903573,uniform
0.415052005240915,-0.3556784893055591,uniform
-0.12121800526821036,-0.11804415375988397,uniform
0.8325905511512723,-0.9202939233799785,uniform
-0.18133178175210696,-0.005468349303122455,uniform
-0.9445699860263674,0.28283021638860895,uniform
0.4522772796502934,0.6815128386479248,uniform
0.9715637805609711,0.358465907432973,uniform
-0.06727634626346801,-0.16333235938210544,uniform
0.9052987776411332,-0.1647809039863033,uniform
-0.6748205832566794,0.24329320838320245,uniform
-0.5742806239046241,0.24864245151248965,uniform
-0.3169759164418482,-0.5853857239370768,uniform
-0.18810792790971953,0.9133956467718767,uniform
0.7989163767375633,-0.40509111097740313,uniform
0.9450195399157686,0.2411801631402135,uniform
0.020424459150406138,0.9344178879943161,uniform
0.39348855470903366,0.47974761759545737,uniform
0.2552379491837182,0.22592174153820643,uniform
0.72106550876494,-0.8788482657645376,uniform
-0.7844369434435505,0.9191332149445952,uniform
0.12334965761233319,0.03086915331334983,uniform
0.6166588136666546,0.6640936386153498,uniform
0.5484542339493441,0.328908337974378,uniform
0.5349239056814643,0.865947059531426,uniform
0.9624000695565242,0.23043509217529512,uniform
-0.9433923682747685,-0.01635952158840137,uniform
-0.7878045250114736,0.37519575611806855,uniform
-0.6933415398933427,-0.9272898597614165,uniform
0.1617636276496226,-0.9608447753143592,uniform
-0.13832543437416378,-0.4395448070275587,uniform
-0.8717411801761692,0.12635200087753762,uniform
-0.44163375378651093,-0.38269603586502754,uniform
-0.21847949130903754,0.18721852504631387,uniform
0.011742438441159742,-0.2103420158479139,uniform
0.5114777842200096,0.42066065513709616,uniform
-0.02195259437347885,0.9246092966020625,uniform
0.6514551806720272,0.7329711509877377,uniform
0.08093628086669069,0.9779179700907576,uniform
-0.2856335965416654,0.7203968273918304,uniform
0.6119549617651103,0.1356374745199822,uniform
-0.6272429066352199,-0.7595374576497336,uniform
0.7785780635724611,0.3388798299481883,uniform
0.34682741498224967,0.8398872462801847,uniform
0.9067545040484857,0.26799202722982174,uniform
-0.5803140083897227,0.00855972713620412,uniform
-0.5345085918577224,-0.792058373941773,uniform
-0.0868824445199039,0.2789108216917573,uniform
-0.7024883760272367,-0.3848413476433661,uniform
-0.9205467703455401,0.8539163629789235,uniform
-0.2961837777165226,0.4442804820956938,uniform
0.5021468739382708,-0.4823579252672534,uniform
0.777970067765186,0.5256310585249746,uniform
-0.5333380611661456,0.35258548764099107,uniform
0.8886073825140153,-0.865964341001765,uniform
-0.8415235095276092,-0.8524115710107105,uniform
-0.8434170112509782,-0.563899747713362,uniform
0.41076117536611534,-0.6457111200077867,uniform
-0.8643943090812651,0.9659247568549307,uniform
0.9412947878981599,0.3877185159732537,uniform
-0.4515803794459732,0.7277076789879819,uniform
-0.7425523707148658,-0.4323639677203346,uniform
0.5369089297295206,0.19643632333667416,uniform
-0.15509827694580847,0.6148123328275292,uniform
0.8001507712821414,0.6700528390412472,uniform
-0.015082918795013223,-0.15374514966343544,uniform
-0.9840327438967391,-0.8612853778142757,uniform
-0.6733137536035554,0.7979210027610104,uniform
-0.8012289668320494,0.010007663427822777,uniform
-0.6373010129190535,0.6517968716462659,uniform
-0.4588636608882448,0.8920603319686404,uniform
-0.849243132356784,-0.766865929044922,uniform
0.7578508022586787,-0.5234130119427307,uniform
0.34658561168580726,0.695617207642738,uniform
-0.11204533715301701,0.1671372549595198,uniform
0.7974266306011766,0.7873259791018541,uniform
0.22333549267097053,0.16841072123792822,uniform
0.3634435628493755,0.7071053502515279,uniform
0.42529112338588804,-0.4473774574498306,uniform
-0.12107202317818233,-0.7214049513788654,uniform
-0.41367152029664056,0.77763464702799,uniform
0.7735171577674667,-0.601149026244387,uniform
-0.2618273053485032,-0.5170013176940544,uniform
-0.1264115696010788,0.0511418701766988,uniform
-0.4474530969659465,-0.8589825093377361,uniform
0.10728918970292489,0.2587668126643079,uniform
0.07628593024226138,-0.812037199564017,uniform
-0.13653242911991037,0.07263741595649442,uniform
-0.2934429066090587,0.6429731759220587,uniform
0.08348615573811857,-0.8704862531934838,uniform
-0.23588411628031625,0.3933215948885511,uniform
0.5581979784117665,0.5833119694470754,uniform
-0.6931755798213963,-0.9688699078638396,uniform
0.4409235735784027,0.9325904112433951,uniform
-0.5826639788191985,-0.36756848459947,uniform
0.8640496004350775,0.08803760816922979,uniform
-0.23001657486801008,0.9799041856248547,uniform
-0.35243970265491975,0.9857506066763215,uniform
0.8019526577628986,-0.013311258540864346,uniform
-0.9052478140266449,0.38217764796226694,uniform
0.9552698463987543,0.9665225479510764,uniform
0.8573739681478025,-0.32930136509635277,uniform
0.32925730049579705,-0.824698296690147,uniform
0.1392016385262922,0.7411554197498484,uniform
0.04870569613743503,-0.9928886390788367,uniform
-0.833167131043923,0.6732100844076265,uniform
-0.8184357374757425,0.8308945559685539,uniform
0.381290238148734,-0.5400819662467156,uniform
0.9159353547838789,0.4022424206508697,uniform
0.02049854742985624,0.634273756013584,uniform
-0.9979631020948154,-0.14512306318751556,uniform
0.6576838559119731,0.25385602113800587,uniform
0.6610541843397235,-0.4815894356763377,uniform
-0.3269762196909267,-0.6782714433741195,uniform
0.35963726276664265,-0.9936594602450366,uniform
-0.7168327016775222,0.16965566550939548,uniform
-0.6735240438702392,-0.7606865956941202,uniform
0.42286507487366176,0.6318273939242425,uniform
0.019854473431194952,0.02509171335855709,uniform
0.17785120603119164,0.5810080724574624,uniform
0.04741169837585213,-0.5070509381719208,uniform
0.8809352460927138,-0.813210687668944,uniform
0.5773843592863925,0.1786707094829998,uniform
0.7982467485697704,0.8120904308646204,uniform
-0.4167728385663889,-0.17532606526553018,uniform
0.9592212379946692,0.30727083944511,uniform
0.6375555214467334,0.010747361795380606,uniform
-0.8008675607617246,0.288137948542611,uniform
-0.8257861218052935,0.597775998072327,uniform
-0.616957924342874,-0.8791514899540533,uniform
-0.32725071956269547,0.49657172285988227,uniform
-0.5611245295680265,0.7874359840314873,uniform
-0.8963197093597877,0.5648216483832982,uniform
-0.10997374095462797,0.8999563443467749,uniform
-0.4749762799840498,-0.24825912625378166,uniform
-0.07466012935075672,-0.09547967405169433,uniform
0.5669749501701586,0.48522378360231544,uniform
-0.3564546558370598,-0.6142600353785352,uniform
-0.9193940230720221,-0.5513097439262831,uniform
0.669075946556257,-0.10957576639486644,uniform
-0.019362986783239,0.0918252516726874,uniform
-0.5117022830556015,0.42289813367307927,uniform
0.8565146280959324,-0.3679381357831366,uniform
0.47039010505368184,-0.029185349414860617,uniform
-0.15659207149521182,-0.3699037068911548,uniform
-0.3057525306936284,-0.32724048208511936,uniform
-0.857896422456242,-0.9389530640279877,uniform
-0.4286953916472118,0.6131812715781104,uniform
0.43165886214749594,0.3055230092396457,uniform
-0.8487302505621479,0.23153589687556742,uniform
-0.2470441010561839,-0.09446090672894636,uniform
0.18314308597619977,0.327981184449192,uniform
0.4799130477045015,-0.5467621811981294,uniform
0.48564502125492903,-0.19141672310376268,uniform
-0.41478424566671834,-0.8731160716782456,uniform
-0.3415152098492724,-0.9200808133891425,uniform
-0.6853031994822285,-0.9873083227933277,uniform
0.4585756823372378,-0.12110883079057655,uniform
-0.46906087337766134,0.9139967448638875,uniform
-0.039153317615412186,-0.7809422665082959,uniform
0.7994516808576067,0.38976595093876254,uniform
-0.9871420751440663,-0.8166758196140298,uniform
0.7133869212968083,0.43199602614907273,uniform
0.4796976776058144,0.9162092356458069,uniform
0.2903047624656292,0.2717473768358558,uniform
-0.18584551554705153,-0.7488698900008717,uniform
0.24803685637563655,0.7943619629501029,uniform
0.8971937734649889,-0.30846830143729354,uniform
-0.8094344135969251,-0.4133400639591631,uniform
-0.8644561100440757,-0.8294875341235675,uniform
-0.3190059292681404,0.010063788311859945,uniform
-0.7938868869367421,-0.30181793607142016,uniform
0.8355132683712181,0.6602785010379029,uniform
0.5747564282779063,-0.9536974259684652,uniform
-0.683163386614912,-0.4496061299061054,uniform
-0.2527461701148519,0.7525911155336278,uniform
-0.16921741655018474,-0.2970210483748932,uniform
0.9088458164580713,0.5633560129917246,uniform
-0.34156049375441766,0.8363703292849132,uniform
-0.03958295809983747,0.11857863990396611,uniform
0.05792435114650063,0.5134993664916867,uniform
0.5636065472309872,0.26603973254623514,uniform
0.7360892950888036,-0.15915122489448796,uniform
0.3415490112815176,-0.920006681952082,uniform
-0.27334156336215143,-0.795011588765614,uniform
-0.5419079938989464,0.25625140225543497,uniform
-0.20384890972294611,-0.29548231133529446,uniform
0.15167546223951178,-0.4294235769134269,uniform
0.5338442243171466,0.8247113999993432,uniform
0.9189940274026964,0.2844051013527251,uniform
0.7468047183008075,0.6666083130830189,uniform
0.5755516812059003,-0.8338974162979469,uniform
0.8013195148406116,-0.5826861043302216,uniform
0.39210066904825025,-0.3975086519885398,uniform
0.8909804562833485,0.4064062058642146,uniform
0.027096941488140125,0.6147728209741354,uniform
-0.8178486131890865,0.018589056231831602,uniform
0.4590437870256745,0.49446248567122386,uniform
0.8969557492201845,0.26233410727979933,uniform
-0.9379194576026764,-0.13214023231180727,uniform
0.2441855902590817,0.8793136652213716,uniform
-0.39046298582325134,0.9819032400765408,uniform
-0.1916350580777877,0.2924074460875423,uniform
0.836197651572179,-0.7909839484888939,uniform
-0.3312209600115632,0.12305673070094159,uniform
0.251625934120407,0.37876411761318374,uniform
-0.1532025025187116,0.24275593483230096,uniform
0.8536642588103014,-0.10942796585540049,uniform
-0.2626476806974636,-0.06642371887538778,uniform
-0.8012408496230223,0.5033211655143044,uniform
-0.1620025438761692,0.8515338407108213,uniform
-0.18976187529777455,-0.7463915580368732,uniform
0.7707576440365611,0.21950717981423273,uniform
-0.33717129248451094,0.22228849423646557,uniform
-0.4119911122423132,-0.7483227062050206,uniform
-0.18593703808961015,-0.9594445551780824,uniform
0.38201947671997005,-0.6153003071253134,uniform
-0.15537350197318078,0.648320178061552,uniform
0.04410617752533885,0.40001542242640475,uniform
0.4204352225248884,0.636226630715006,uniform
-0.9464039264363115,0.009570383567548246,uniform
-0.733681532956882,-0.49299246025306287,uniform
0.4502309522706114,0.9747922307763592,uniform
0.8143509394305188,0.9925833885534721,uniform
0.734054323067028,-0.44486227398582123,uniform
0.4144054992156194,-0.3842159360172439,uniform
0.9637093193086601,0.9714208822622785,uniform
0.705811010873884,0.8241758335976068,uniform
0.3875053278470011,-0.48676801289210636,uniform
0.280243392363281,0.7058921599704591,uniform
0.7062632529033217,0.978542146004791,uniform
0.7603123300137911,0.6508946821859627,uniform
-0.45192403511094814,-0.8654404248184091,uniform
0.7080382705014421,-0.054676127804552443,uniform
0.17641360532443895,0.630041843646926,uniform
-0.9996272404454627,-0.9600982675214238,uniform
-0.6058011649651367,0.4493065094644495,uniform
0.5591963267684172,0.15725143510227158,uniform
-0.3156190057264623,0.12662819045465934,uniform
0.6861219201497615,0.09605752046882099,uniform
0.20534504579407065,0.07573653197988883,uniform
0.9733098738907597,-0.08386323619500025,uniform
0.5277084649768515,-0.9170938535444528,uniform
-0.8139111444963618,0.5573079682699211,uniform
0.6755757810682248,-0.6696748956738374,uniform
0.32782431176152005,-0.08287782516167752,uniform
-0.5597544903344367,0.7304835063377659,uniform
0.033608825676378684,-0.4097243120547134,uniform
-0.679296419911634,0.18303895625291755,uniform
-0.2539078469271947,0.1893259471874722,uniform
0.4895769580778955,0.8293834510792979,uniform
-0.09326720635126562,-0.9075131036298147,uniform
0.32291623535662284,0.15390866640994183,uniform
0.7986902877741116,0.13770458873368252,uniform
0.40305017784086594,-0.6637609526556685,uniform
-0.8158866002340324,-0.3229660393990159,uniform
-0.17505308094028504,0.0675000750132213,uniform
-0.3677343325633142,-0.2618260918658255,uniform
-0.04309600755112397,0.10224453765010488,uniform
0.7936956788763574,0.7863709983193283,uniform
-0.31419937061327463,0.36671745197628747,uniform
0.48285956819184683,-0.52921262330116,uniform
-0.06344667395230297,-0.32715658730003283,uniform
0.6754372276288947,-0.2380194461318752,uniform
-0.5285992289364252,-0.45636061936282357,uniform
0.0469112316872593,0.5629751766190398,uniform
0.2636234837392393,0.24306258712624462,uniform
-0.24660054783270335,-0.45461873441076994,uniform
0.1270053013519461,0.713802331392204,uniform
-0.40652272669206635,-0.018701747246293587,uniform
0.9748515402299123,0.08906962409289876,uniform
0.3745213903033735,-0.7492596266669012,uniform
0.2589201060262538,-0.4599514651950185,uniform
0.8690950488348161,0.9044343173472136,uniform
-0.11865400002599769,0.05203761710793087,uniform
0.9625387027904515,0.927597551262902,uniform
-0.8199720737020044,0.42559340336944107,uniform
0.9764230548481183,0.5243559991990374,uniform
0.4393841731929691,0.610667871698187,uniform
0.1598797619665122,-0.9107212554944772,uniform
-0.2870269240961898,-0.3618994778042466,uniform
-0.5938266244368329,0.5112932655796028,uniform
0.965115749835953,0.4307880422826642,uniform
-0.5295566542775576,0.9849002894877863,uniform
0.7602153678904922,0.5360609192107373,uniform
-0.8859051410875913,0.7913891437534879,uniform
0.6025286284794871,-0.3775878892673019,uniform
0.7391689870207907,-0.17729288472548377,uniform
-0.5101751470117886,0.21580755316061162,uniform
0.953906352626118,0.6179538376070612,uniform
-0.25633781139587786,0.09219611173460462,uniform
-0.6832882185638887,0.3222215255652301,uniform
-0.16101968677528578,0.36099352146379093,uniform
0.9446512809261136,-0.39941270168269916,uniform
-0.7730175422368166,0.2868442304241494,uniform
0.3859445787895053,0.10156734403756396,uniform
-0.7278159366629058,0.06750604816684014,uniform
0.37059430469351784,-0.9949645214031824,uniform
-0.6915601313540765,0.17029408107544186,uniform
0.8874996455277697,0.6714853416817372,uniform
0.8274223014314066,0.47972720624699483,uniform
0.9688268128825617,0.8429515650168686,uniform
0.7568311081015955,0.1405638846789179,uniform
-0.22816022016984983,0.31420161285921777,uniform
-0.06839465731052785,-0.8066198597918892,uniform
-0.3722198560807095,0.8632741309777874,uniform
-0.015667979774491858,0.49593405549752534,uniform
-0.5241989051728677,-0.4698753854345148,uniform
0.920117499398414,-0.8885591885273172,uniform
-0.16429258812800374,0.1334205404654889,uniform
-0.32795794255362254,-0.9955058675920252,uniform
0.8705502645098708,-0.8655724540195409,uniform
-0.30493820734420285,-0.6963801500117883,uniform
-0.15700288530789597,-0.037297657127969064,uniform
0.2558568120281146,0.22701934818431324,uniform
0.46111310202003275,0.09597539565741853,uniform
-0.14866433939512702,0.7739698219646791,uniform
-0.5554842484356326,0.8465819338566891,uniform
0.24378821034060727,0.1537913801063684,uniform
-0.6597288037703986,-0.19095933907281482,uniform
0.23776569701651407,0.47838891119906335,uniform
0.28513034383109304,-0.9620653604131206,uniform
0.27779005259495704,0.8813113876230299,uniform
-0.2960348715527983,0.28632810546117815,uniform
-0.20735836980723898,-0.9261986493687231,uniform
-0.46996909142982846,0.6759578186178645,uniform
0.5787350265483793,-0.7806516565379615,uniform
0.4324784020850503,0.6453756715279184,uniform
0.3828751400775232,0.8517978370494865,uniform
0.942629877751656,0.7530921299053768,uniform
0.7736364618536742,-0.305330739230701,uniform
-0.14167892509335078,-0.3020965706649097,uniform
0.5158096845086912,0.26530497466845904,uniform
0.2881005674217463,0.7990913422220793,uniform
0.07406070024970224,0.41807002276661764,uniform
-0.7199195014246387,-0.8167177825915648,uniform
-0.012702717588288337,0.005886467565445752,uniform
-0.5660860749372094,-0.6090633370481082,uniform
0.6169163393944996,0.14796782924353225,uniform
0.4785913261785617,-0.47867246724834556,uniform
-0.6418174089326758,-0.1392094526115526,uniform
-0.8193429603783622,0.2282506772731654,uniform
-0.782827218185348,-0.638170766508928,uniform
0.5671739586423461,0.7060199742093398,uniform
0.8830320981444522,-0.40913647895617133,uniform
-0.42054610100922973,0.653172798766553,uniform
-0.7815100304205167,-0.7176416064701288,uniform
0.415440176096195,0.42724374348357985,uniform
0.04519338222696634,0.5910399522785663,uniform
0.21134093461331482,-0.8577814059812079,uniform
0.0036428459299602256,0.07491244177859868,uniform
0.6194816789148816,0.7657224666831071,uniform
0.16979394109727886,0.006725978922315301,uniform
0.6044256956451795,-0.7330310935254922,uniform
0.31551881875851273,-0.4899193576353271,uniform
0.36990635811751504,-0.6882104725450682,uniform
0.47316126396465275,-0.9617012806576912,uniform
0.15637516939516916,-0.3826859348999163,uniform
-0.2804779934552313,-0.5396893193878469,uniform
-0.2074736525005667,0.4636294989329228,uniform
-0.9553478594701208,0.25111077357078604,uniform
-0.9256435820330711,-0.6017858868682007,uniform
-0.0703587953164404,0.3313787577311871,uniform
0.6039464375020704,-0.7278132900365679,uniform
0.41445282591360555,-0.885926063591933,uniform
-0.23022098974083605,0.1442521253284319,uniform
-0.040940650002135204,-0.6836904637265062,uniform
0.6762284298020451,0.7192180087553488,uniform
0.575385745687254,-0.3066001299058667,uniform
0.22044436969893044,-0.22024843015635542,uniform
0.6981261500836089,-0.6046617080231298,uniform
0.958415325462254,0.800880592795848,uniform
0.24593272390866483,0.12031326331944925,uniform
0.9397632974024586,0.254403132438185,uniform
-0.8439818864007871,-0.49514890758562746,uniform
0.5517115512947748,-0.13981977226918918,uniform
-0.8077903905676671,-0.3947787466186379,uniform
-0.5566173642413881,0.40234390271793075,uniform
-0.3216598210364021,-0.8390656382075585,uniform
-0.7665984227300451,0.8695183588532778,uniform
0.43192565234400937,-0.5841941837633191,uniform
-0.3011291082169367,-0.41267192865764546,uniform
-0.6627337537327926,0.5258978434432144,uniform
-0.5705148209799145,-0.7015918950920657,uniform
-0.9504654195505677,-0.9215773307062067,uniform
0.9210704093410012,-0.5837833697110795,uniform
0.90236418574969,0.3018915125098913,uniform
-0.4911177045151698,-0.8240040880202031,uniform
0.398547136592178,0.8735290422915594,uniform
-0.907137281231762,0.5709061518219134,uniform
-0.3008570787389555,0.8751274906965627,uniform
0.35253243359803776,-0.4755818968190444,uniform
-0.5446466081499588,-0.12342399570257667,uniform
-0.321702172103038,-0.06831682674277251,uniform
-0.7377272159742863,-0.5095257862183098,uniform
-0.6973667154854459,0.8547137118358084,uniform
-0.9875796457220474,0.7815213427257632,uniform
-0.32273820060349534,0.440199753760955,uniform
-0.148521962817731,0.5947616939261726,uniform
-0.15480049886851743,0.18535839095607787,uniform
-0.4301669951614788,0.4414579766761635,uniform
0.06346316668144092,0.9483252817526988,uniform
-0.9492436370108532,-0.7156876550431306,uniform
-0.18845112939483366,-0.6480396988892754,uniform
0.22579684125344812,0.5838696597188162,uniform
0.5281514530132334,-0.9769683893979111,uniform
0.9854544015107676,-0.8313163000354129,uniform
-0.12125014969227421,0.5034197618714511,uniform
0.8803772141221693,-0.530761622817294,uniform
0.8327439888001618,0.5398661114689292,uniform
-0.7216183120451847,-0.1785498493723625,uniform
0.0016866253098311024,0.054949001440488754,uniform
-0.5514386014249457,0.7139408666660341,uniform
0.5861550251807504,-0.19649036028552036,uniform
0.4703361185853736,0.1317223072760778,uniform
0.9469131170059468,0.14866889812610107,uniform
-0.8813315572023319,0.0031616119935693465,uniform
-0.13393050527981898,-0.5789232639074433,uniform
-0.27093640831247345,0.9551896430170015,uniform
0.3113562091018436,-0.8603094070158823,uniform
0.06164227758720875,0.8715040813507184,uniform
0.1403763087850174,-0.38588426523312913,uniform
-0.7159150822475062,-0.7654013470537431,uniform
0.8822600754568553,-0.2845683892611919,uniform
-0.35003653600724083,0.8297877654823116,uniform
-0.21356978994630538,0.2982228544198431,uniform
-0.5428061223433813,0.4730261690924167,uniform
-0.39327729391535726,-0.724964702284131,uniform
-0.24251040387758338,0.4694456246516068,uniform
-0.47879088694136973,-0.8908773938882921,uniform
-0.09300290983820392,0.45192708279492844,uniform
0.6661792791483869,0.844371930057362,uniform
0.6873322665792829,-0.4474357641853819,uniform
0.22463440521272382,0.49226311216988616,uniform
0.10541897111072518,-0.988708776548846,uniform
0.20456535105830165,0.46581962395807563,uniform
0.008477513867838793,0.6719251119400083,uniform
-0.8579958848921745,-0.8790883033253378,uniform
-0.796008046048845,0.15588893848810437,uniform
-0.04266562600062551,-0.6392657517754887,uniform
-0.8523163171486812,0.38722850641122974,uniform
-0.7405658047290109,-0.39003201528770814,uniform
0.25154453950815525,-0.06720767021898522,uniform
0.8911678890524493,0.09518348863445825,uniform
-0.9304740438278105,-0.49238322676523816,uniform
0.20463008789633563,0.525729319182396,uniform
-0.09502104862627925,-0.9770876548212775,uniform
-0.9209830020135799,-0.8582211465690093,uniform
0.5607440900821588,-0.4800441948007428,uniform
0.4093612623826779,-0.24141556597095226,uniform
0.8686762038265574,0.17457492375949846,uniform
0.32788090646076795,0.16350623197976955,uniform
0.43100887072084904,-0.40794474414234494,uniform
-0.2797896065434686,0.6756156686051111,uniform
0.15819703780823002,-0.3357331604056033,uniform
0.24094626043933665,-0.09034527877850107,uniform
-0.7669889314008063,-0.6707795112920691,uniform
-0.6015677529052839,-0.5983077089967603,uniform
-0.527827883847596,0.5400156661832058,uniform
0.21976048278411975,-0.39358801074014615,uniform
0.08576939695899877,-0.6695006943857409,uniform
-0.35450828302582527,0.2509795319749146,uniform
0.5795788868961749,-0.5994547779947541,uniform
0.38362770358528087,0.2082734554556558,uniform
-0.721369071463287,0.3726932228159199,uniform
0.5796046038548632,0.17291201832045178,uniform
-0.3808935539282281,0.06906357329297697,uniform
-0.06775962654563084,0.9977003164340577,uniform
-0.6365025520247014,-0.707774389043295,uniform
-0.19343948911134223,-0.6861187257707806,uniform
-0.5407692831842841,0.6877164806078377,uniform
0.46673806569908294,-0.954729808070208,uniform
0.17649289760067055,-0.9339999264196774,uniform
0.7628945234862843,-0.07422326018564074,uniform
-0.6838796145906088,-0.2894422951035698,uniform
0.14938296566627263,-0.7343277573531188,uniform
-0.055849549770302875,0.059623924813439144,uniform
-0.04767926324102856,0.45099628461062813,uniform
0.5108917381616904,-0.36790080025818117,uniform
-0.17064143511781849,0.5442141035322425,uniform
0.3905424438781091,0.11904168297836737,uniform
-0.4425770020972619,0.45985082445383463,uniform
-0.7458480939860701,-0.5710946743726193,uniform
0.5857157543103557,-0.050962750526402756,uniform
0.051712833869826724,-0.4318750597033809,uniform
-0.5044876009977761,-0.9339155171120637,uniform
-0.09641158014712703,-0.6808304334741546,uniform
0.2652929848821315,-0.5657615920529622,uniform
-0.5061292992876107,-0.613169504510338,uniform
-0.63874860559498,-0.12127936334011369,uniform
0.9811414103800806,0.1703098417837583,uniform
-0.6311285115493368,0.8354517043346057,uniform
-0.3314697702800087,-0.8366349873541001,uniform
-0.20330729878957876,-0.5540312056630445,uniform
0.7223192420495206,-0.16760205179071952,uniform
-0.44353240609662237,0.11988894473412759,uniform
-0.556763572208161,0.8266275514895096,uniform
-0.7466341745901197,0.8985552935763395,uniform
0.5211893736989603,-0.8768453291877416,uniform
0.1303659026646824,0.426129422512844,uniform
-0.8114424234794786,-0.08919613052826292,uniform
-0.09010306808963109,-0.907434468201838,uniform
0.9768900956827098,0.8358912308700182,uniform
0.8461438673376525,0.0960341178952242,uniform
0.12476771846447221,0.9394147125247536,uniform
-0.5296331595658252,-0.16262129434141004,uniform
0.17795821397403055,-0.901914772281933,uniform
0.0254085947876328,-0.8997341122281373,uniform
0.9399602266882507,0.5237117134144988,uniform
-0.969919080307224,0.4408299873968995,uniform
-0.37730700747379675,-0.44680981566541633,uniform
-0.1937038515281051,-0.8858780288585508,uniform
0.4606189097561568,-0.7858307060605507,uniform
0.49838510280595827,-0.9413248522609594,uniform
0.4683911546711925,-0.8957410008491131,uniform
0.1377736362045281,-0.637362731431041,uniform
0.103364569040993,0.11627444050381364,uniform
-0.41949270090434254,0.7168982180657106,uniform
0.737729677860703,-0.9109283654834077,uniform
-0.14624708742184933,0.2821312733431851,uniform
-0.28492618183210383,0.1538132292437866,uniform
0.5902506301708945,-0.04076141316149684,uniform
0.44948517589259396,-0.7526771152765697,uniform
-0.3628969311643162,-0.1529108109854942,uniform
-0.9526240271240396,-0.8999459752199326,uniform
-0.9832337856318076,-0.4047368191524443,uniform
0.7016518183694842,0.957063005005409,uniform
-0.6979068405781383,-0.5748645712560674,uniform
0.2048911777654434,0.08817418272040611,uniform
0.1814633038695379,-0.1892029694903894,uniform
-0.5492927525425386,0.20062485159109977,uniform
-0.1088300161801361,-0.5904484755033501,uniform
-0.1619539204824021,-0.13688666716527464,uniform
0.005415873328193044,-0.5926996903339761,uniform
0.7140442808939047,-0.23822125240277847,uniform
0.8319432471450254,-0.8878878720628078,uniform
-0.8268599058501738,-0.8483969367855417,uniform
-0.14183460234887257,-0.40284143102645387,uniform
-0.4109261364125991,-0.9653606105762984,uniform
0.5756981453864816,-0.6926470049367579,uniform
-0.30830420526288416,0.954550629958201,uniform
-0.02978880390976646,0.5837634304625965,uniform
0.413153450338682,0.5716728979457029,uniform
0.27043854253095145,-0.867655153730029,uniform
0.4868718794278084,0.8497986260745107,uniform
-0.13815966490429088,0.542831406644753,uniform
0.0826463407193998,-0.5981756008768784,uniform
-0.4557118600009593,-0.4390857629325515,uniform
0.5541901678025851,0.17797272679516007,uniform
0.7325800976661989,-0.27322973639522985,uniform
-0.3957410177510381,-0.7416451659027814,uniform
-0.004485039576099803,0.25236658861381045,uniform
-0.7907891008008239,-0.7320210104117499,uniform
-0.7765465204019237,-0.3369011837095921,uniform
-0.7107425123420446,0.8226885475504715,uniform
0.25981071101163233,0.8425577146883605,uniform
0.5725280805605095,-0.922643304486712,uniform
-0.7416190527927893,0.07637719152987432,uniform
0.9948717984584732,-0.3828285613953284,uniform
-0.2922670648283554,-0.9019029802420531,uniform
0.7866892885533168,0.11765056445997968,uniform
0.9992172478717123,0.06890560645804022,uniform
0.6821188693806193,-0.950461099340447,uniform
-0.23929290483862187,0.43757593771893033,uniform
-0.9516731256902726,-0.13696407274582967,uniform
0.015943337134341373,0.9967583423509401,uniform
-0.024113347347053615,-0.6057784560310313,uniform
-0.9929633177788892,0.03079506949085986,uniform
0.7373047898541532,0.6221919449238427,uniform
-0.7076318569696849,-0.330484359821942,uniform
0.2540107528011526,-0.7010380868334405,uniform
-0.4749702351034142,0.38146485176542355,uniform
-0.17141483948039493,0.7551565496533306,uniform
-0.0602257145631393,0.352404813193989,uniform
0.17532736040469943,0.6166818062454054,uniform
0.039038704024737525,0.005958003913558274,uniform
-0.2711214576513903,0.008187318913469799,uniform
-0.9190753588459375,-0.11187477628084186,uniform
-0.7467908166287347,0.8603389673254787,uniform
0.24798195064664075,-0.7801575116709569,uniform
0.21203553985994406,-0.724359997048815,uniform
0.33654443340677265,-0.17822946195805223,uniform
-0.839245946443578,-0.21413209588296112,uniform
-0.5004066220829735,0.9898904248466012,uniform
-0.5302592725118758,-0.04758339706141168,uniform
0.6292622968933896,0.34811425067229607,uniform
0.519603095998628,0.6845672693071092,uniform
0.503283027816328,-0.9224252329712761,uniform
0.9438056753565027,-0.023685787678137116,uniform
0.831702587476844,0.3278595041847798,uniform
0.2881498373005802,-0.7245917350562101,uniform
0.01768789131970694,0.1754257857704764,uniform
0.6353080765883528,0.8935137810009026,uniform
0.09932519006130636,0.13210740943984445,uniform
0.5352374914189522,0.3290869012481368,uniform
-0.6396580477086764,-0.002751405485816427,uniform
0.026011292232093197,-0.7261841961941449,uniform
-0.032788791903572756,-0.6295461400605031,uniform
-0.030698734477715206,-0.8647522162416927,uniform
0.039006600005561776,0.7793179341539485,uniform
0.22798063794385515,-0.4376308002279252,uniform
0.2108362554954406,-0.8144767210412296,uniform
0.905171271447405,-0.8274941308518178,uniform
-0.5609032389504778,-0.8719332041736059,uniform
-0.7121650376318451,0.060579184616677884,uniform
0.45884046844863313,-0.9527790563902869,uniform
-0.5130398021419051,-0.18941325434480172,uniform
-0.4389942223696126,0.20939894784396018,uniform
-0.641131777026146,-0.5607157377140028,uniform
-0.044944380230928616,0.18392852175022445,uniform
-0.18101697980752918,0.5786888531587708,uniform
0.9503344159531784,-0.2297662884823135,uniform
0.35036838630335776,-0.04486632196896512,uniform
0.1697452375397337,-0.48861523646856986,uniform
0.1546856131073744,0.3965192296062221,uniform
-0.4299931895307878,0.1329294732770563,uniform
0.7743694384446389,-0.49605104160375735,uniform
-0.7672883979128284,0.4483589631187539,uniform
0.4711096488864146,-0.690288052144401,uniform
-0.7519739927639137,-0.05793097466996344,uniform
-0.003219360653229586,0.033194045909072045,uniform
-0.5672045123889695,0.0709940962986868,uniform
0.10764557364788963,-0.7026045685199862,uniform
-0.6074799906560577,-0.3222516831949369,uniform
0.005737865444257695,0.826510461272032,uniform
-0.937781887313232,-0.4814187525989124,uniform
-0.5064625908994487,-0.26491264276837145,uniform
0.4707898175211285,-0.2772017235404136,uniform
0.03937924228358303,-0.36566949170118335,uniform
-0.009729450243396665,-0.7653984380871646,uniform
0.27297718698121765,-0.033111995392705706,uniform
0.05050964358808363,-0.9478452736034586,uniform
-0.473866063505324,0.23048308086952907,uniform
0.779942559973505,-0.390175966069938,uniform
-0.3736765376436746,0.877828453983339,uniform
-0.9635383526470169,-0.2651585456036425,uniform
-0.6209949624843223,-0.4439179215982829,uniform
-0.1818575887012377,0.6021180699013566,uniform
-0.980478719787969,-0.5786610629992441,uniform
0.09140862137211503,0.9262327939780648,uniform
0.9065523020454003,-0.9403289750876571,uniform
0.11940900996105674,-0.4465488482428621,uniform
-0.5858656232521804,0.4682643854781152,uniform
-0.8716481335921473,-0.9869797424276627,uniform
0.08114150125428332,-0.1282432010235901,uniform
0.37089730775686136,0.8693797958432092,uniform
0.28311840568021496,0.16389942682607472,uniform
0.13496876426766558,-0.10258288917503955,uniform
-0.26419664996312053,0.3025359958440479,uniform
-0.22327918815656478,-0.3631642408181097,uniform
0.7247929042803016,-0.17193616597456796,uniform
-0.9033216785663332,-0.024931118321243506,uniform
-0.4023470004777008,-0.7136838840218653,uniform
-0.42550926851503745,-0.6287287076479209,uniform
0.9627592996012226,0.9450600910220375,uniform
0.0035445292166085274,-0.930138389482098,uniform
-0.6375682134384988,-0.6118141209418511,uniform
0.695914787335314,0.4877275739594136,uniform
-0.25250699237226537,-0.3142966544693311,uniform
-0.22991758266607,0.9795808814025546,uniform
-0.325686781127942,-0.9411817308980002,uniform
-0.6994888845770304,-0.20682180106172265,uniform
-0.10674593007527045,-0.9160138411668415,uniform
0.09842363174252844,0.1211895579377078,uniform
-0.0943267081842154,-0.7894922971825273,uniform
-0.23737410428339922,0.2047438233870209,uniform
-0.5406113451611256,0.36080119097288565,uniform
0.717405551975119,-0.2136660259857459,uniform
0.7260636542167358,-0.1529673025909113,uniform
0.12543606909886362,0.5643257828200854,uniform
0.4203313868324303,-0.6781419665474504,uniform
0.8219597475366862,0.9391565288763533,uniform
-0.679083388495046,0.12996038209285543,uniform
-0.7452958029851553,0.8034872374938704,uniform
-0.6033168163953893,0.928337458047028,uniform
0.18274145061096192,0.16324302469005314,uniform
-0.8533144250048521,-0.051255588017165676,uniform
0.46765743182160135,-0.8377294101368506,uniform
-0.9001944255983181,-0.6982995819779863,uniform
-0.9486950372789509,0.9330309111588961,uniform
0.9325913942263147,-0.8756610757158461,uniform
-0.2934515034108416,-0.06591058841147901,uniform
0.11877390928347653,0.47007110572814814,uniform
-0.034161966051259984,-0.02112935809387273,uniform
0.2944081340823328,-0.9621368584125567,uniform
0.8843431568627131,0.27516953120699794,uniform
0.11421799440824376,-0.7537321490185334,uniform
-0.35468441896109226,-0.02380757706694192,uniform
-0.9190311358788823,-0.6009651093524393,uniform
0.2897214226060132,-0.26267924005664445,uniform
-0.15896275355926637,0.9713557719391701,uniform
0.9107402311863317,-0.9914195057371449,uniform
0.17040757925587457,-0.7016924825262139,uniform
0.2680751053190602,-0.8678316062956439,uniform
0.28277499544347284,0.9131816516104834,uniform
0.08598822997031741,0.12822213190272036,uniform
-0.22399369446214612,0.12349962809972137,uniform
-0.07797066541522168,-0.759252888975438,uniform
0.36573786613639414,-0.8569497509086395,uniform
-0.5223173911721817,-0.10225393273420114,uniform
-0.6349192988604653,0.880233696081778,uniform
0.798521025081075,0.772060330612778,uniform
0.3656235261025851,-0.7683832669464385,uniform
0.74259896230613,-0.5687963417471795,uniform
-0.26536574719832196,-0.44237443787274433,uniform
0.15173396344623646,0.2810302517205814,uniform
0.20860519144053535,0.6073053102240011,uniform
0.7892383748198308,-0.12769186638168684,uniform
0.7548645424221896,-0.4948522839603644,uniform
-0.4794601071180735,-0.18454582355359328,uniform
0.9371247034077328,-0.14385358406322135,uniform
-0.25553784508155686,-0.8410423111558716,uniform
0.21933902936840477,-0.9927050121017855,uniform
0.9864632192332292,-0.3693185259863987,uniform
-0.18564258284676605,0.9381825249493243,uniform
0.28375261117798,-0.08818706684758593,uniform
0.9766100108673423,-0.7087462938796223,uniform
0.25858532134246137,-0.9820620292212048,uniform
0.3152378142536225,0.5262844908892244,uniform
0.5763214091771209,-0.9514321555992624,uniform
0.5758205819183979,0.13530665571049982,uniform
0.896031048519625,0.9131712766371574,uniform
0.29782614817655007,0.9581278361497951,uniform
-0.497872993538367,-0.23516253250571006,uniform
-0.8776396998581362,-0.6094608552429948,uniform
-0.8405637562311323,-0.6625817183272507,uniform
0.9246020355697779,0.3284275984241838,uniform
0.6466136550502724,-0.40075049076769376,uniform
0.18675312864858618,-0.8319758987927006,uniform
0.7999429725966958,0.38399796187306334,uniform
0.7402649617314561,-0.6949084003002495,uniform
-0.2808475311568941,0.2913781702502709,uniform
0.6189039410009234,0.28545392444430706,uniform
-0.6018935015267282,-0.3599907772332278,uniform
0.9676761506788465,0.8008200020001706,uniform
-0.36776156081050426,-0.614907190402683,uniform
-0.44081872881411144,0.4624594102153601,uniform
-0.6353679401310579,-0.9525311787676831,uniform
0.11068927980929866,-0.9330606697790595,uniform
0.8026764508659232,0.5813523285518538,uniform
0.10854822735523939,-0.004872892505163318,uniform
-0.9220318991122405,-0.651660680452556,uniform
-0.8933206165915211,-0.07770504927580979,uniform
0.03655533734817107,-0.14909374475282822,uniform
0.7798878359893668,-0.9999565483011337,uniform
0.16669566548062242,0.4084943116627391,uniform
0.4928537557392878,-0.7243650805754283,uniform
0.6734708843943076,0.7880781467513187,uniform
-0.7369363801973841,-0.07183275030034708,uniform
-0.14209231733060412,0.20692778322064465,uniform
-0.9923706957535487,-0.7985955179503039,uniform
-0.16233065660273294,-0.9353576914758388,uniform
0.7169121567325569,-0.26471032133060035,uniform
0.5749362092239778,0.24950194032844952,uniform
-0.33100155463894687,-0.7000378169967452,uniform
0.4257660730817423,-0.38307222474107827,uniform
0.4250782476714816,-0.3532354111518323,uniform
-0.017145217379249456,0.3772535693325936,uniform
-0.7922592185680097,-0.3971415231152542,uniform
0.8523497958019082,-0.4487510802515864,uniform
0.14516080604239612,-0.3239715401924961,uniform
-0.6431805231668157,0.3880183829272943,uniform
0.347829817352832,0.24465360505370048,uniform
0.5420958237918463,-0.7794368631731978,uniform
-0.7771000182304566,0.8481616926299855,uniform
-0.15002074482803907,-0.3307951533014124,uniform
0.8993076596449661,0.72821295463415,uniform
0.1747694121666925,0.25085504993403296,uniform
0.5696537173261906,-0.25633880485770155,uniform
-0.697098873622872,-0.2809243885592745,uniform
-0.46582180312110943,0.1276012869819796,uniform
0.9262613922502854,0.8781622152356028,uniform
-0.8384266542387033,0.8939888464690193,uniform
0.7882053542853595,0.6362448346053717,uniform
-0.8728813903523189,0.0015126120337001225,uniform
0.1888466694208275,0.31745737381947503,uniform
-0.97240200605922,-0.45552349538927284,uniform
0.8046653546488487,-0.8679058261710035,uniform
0.06941295948964243,-0.31128971524520344,uniform
0.07467579849582973,-0.8569828328344353,uniform
-0.222989154376108,0.8972713719238188,uniform
0.3945583391428016,-0.9479888936099465,uniform
0.33427984733322935,-0.7269890706177824,uniform
0.2033582278436188,-0.309716714876191,uniform
-0.07696351775153132,0.04849751987439044,uniform
-0.6209866270618785,0.3003013287273415,uniform
0.15902351954154104,0.7120652753776593,uniform
0.8780937628873675,0.6236342460988344,uniform
-0.40185530104952916,0.9741869295682535,uniform
-0.07904724561044807,0.9921398836810373,uniform
-0.8848697848554912,0.6168514707480091,uniform
-0.8293956517319261,-0.0330671651990051,uniform
-0.6011108788441246,-0.488609359315743,uniform
0.2603279798109046,-0.07054795249731494,uniform
-0.45509937169582937,0.6532413189165083,uniform
0.8996325386358308,-0.10474436520097719,uniform
-0.16759699406850626,-0.6480483073422987,uniform
0.2484399554084995,-0.3553953922767219,uniform
0.13101203436440545,0.09663055339112114,uniform
-0.005967797494888627,-0.7443294184818889,uniform
-0.20062918905847082,0.6346716973710849,uniform
-0.10771651678004757,0.31435912309550407,uniform
0.9920335669088445,-0.310124618564926,uniform
-0.8158479946140287,-0.09345637432102882,uniform
0.9322924709189282,-0.9751095597076425,uniform
-0.49314322898178253,-0.6126839104288331,uniform
0.596096578949769,-0.7845586190911642,uniform
-0.5381305129493064,0.3585234549538314,uniform
-0.2171226504945991,0.5684816467046534,uniform
0.42504952426106457,-0.5447814052767841,uniform
0.848991752232787,0.3497655930717831,uniform
-0.12739179128788147,-0.912661181644769,uniform
0.21929021753620503,0.5214484634851995,uniform
-0.30508989042637347,0.805698703526494,uniform
-0.5811026385161275,-0.24924012469051404,uniform
0.8806916476914719,-0.6362292244896972,uniform
0.8780970845640348,0.7108088587676962,uniform
0.9520698737385402,0.4892637934599162,uniform
0.9564438256731378,0.5886000230581203,uniform
0.8058570165491772,0.3821451542980734,uniform
0.12140410149305514,-0.9891687478438698,uniform
-0.3816158664346283,0.42764987134017574,uniform
-0.21684317783673457,-0.0009525779479748753,uniform
-0.41474239121216994,0.18937579357321677,uniform
-0.36474619160432953,0.44217252348376723,uniform
0.5327090823804022,-0.862093664699952,uniform
0.8795584473906797,0.7466278621090365,uniform
0.13993665460952864,0.4410074564098778,uniform
0.42650602912139557,0.7084490138060566,uniform
-0.4518395605448955,0.828206795609919,uniform
0.7900437019361939,0.56511061492113,uniform
0.06117834255110277,0.9312666308489315,uniform
0.3245010267375519,-0.42849944306224175,uniform
0.7280347219386663,0.8204468618394833,uniform
-0.36753191645943684,-0.15145032139534975,uniform
-0.6237902769204735,0.2202738362202994,uniform
0.11428661914649263,0.6210588776099046,uniform
0.635084161445219,0.08036713472678558,uniform
0.7166245484968186,-0.8360668603104957,uniform
-0.8996813770770875,0.7343915432595354,uniform
0.5852196055057166,-0.11727251831849661,uniform
-0.44948568434710023,0.35082369667779534,uniform
-0.7877662132198917,-0.6685235573462904,uniform
-0.4063196146760104,0.669327166044607,uniform
-0.7565549032654382,-0.9569139236354207,uniform
-0.25318070630656964,0.5190301970341364,uniform
-0.030289591177811825,0.6856624590807201,uniform
0.8457536985507654,-0.21730698447819607,uniform
0.7497890377045529,0.5302885163403845,uniform
0.5044866957327603,-0.989099040441344,uniform
-0.8042083578181298,0.6814234836172859,uniform
-0.09945830171703762,-0.7631418672124342,uniform
-0.33857453367189727,-0.07308503666606403,uniform
0.9558126239049745,-0.6410065148265651,uniform
0.8295524476045142,0.810089233216815,uniform
0.8277377584601218,-0.9849745321249816,uniform
0.6767690119528627,-0.4076812881068823,uniform
0.4985907991880081,-0.05114963840940412,uniform
0.42152093292146464,-0.6737061704187861,uniform
0.05387668248254385,-0.7230476583771492,uniform
0.16455656052174406,-0.7392652680119718,uniform
-0.039478721249865956,-0.4757508023076289,uniform
0.011872327932652471,0.8435629498988608,uniform
-0.6779079018861198,0.2438041361785197,uniform
-0.5135417683705599,-0.6735717652813416,uniform
-0.5316577352886118,0.15645918647170376,uniform
-0.31813756518100034,0.2322011158721955,uniform
-0.06663871143176792,-0.5341352914360009,uniform
-0.11339259452766393,0.6313643153769626,uniform
0.8329483346594717,-0.18724917700700883,uniform
-0.671906089568737,0.04861701718076805,uniform
-0.1344430833391368,-0.19908294117856418,uniform
-0.499235875428818,0.7817833841690198,uniform
0.9386728550191368,-0.6365570170414963,uniform
0.011737712327938743,0.3113484032728193,uniform
0.1951459760516301,-0.27521011684299346,uniform
0.9220539758201998,-0.35345761077287086,uniform
0.3764349591336258,0.5433623767547433,uniform
0.024269379319139972,-0.024445270906148675,uniform
-0.2700541538223413,-0.8094256072430166,uniform
0.5488829917406322,-0.2414990399111463,uniform
-0.18201894701870658,0.7643581489396243,uniform
0.5139178504760478,0.41432237650073134,uniform
-0.5989384910204012,-0.8812731180406448,uniform
-0.9525906531634947,-0.20414102634358366,uniform
-0.3702397363221508,-0.49565241148309247,uniform
0.43755522416422954,-0.5476739221845293,uniform
0.9868227288465281,-0.8747841423015568,uniform
-0.5909099564578013,-0.6841630745279841,uniform
0.6267868711395426,-0.3126461512284786,uniform
0.20477735125864927,0.42984643182191484,uniform
-0.055151008324360706,-0.7738542521820686,uniform
0.8310712808432308,0.8387100422836895,uniform
0.09893548006940556,0.04251654963092055,uniform
0.10722215684542302,0.5203327058025413,uniform
-0.924092134828882,-0.3387208704442626,uniform
0.2471214087049971,0.5321047269509185,uniform
0.5526002172530595,0.8019260278568008,uniform
0.16685745839261723,-0.7960484123591045,uniform
0.6129384551040538,-0.2587678827168933,uniform
0.17736558135769176,0.347785108069252,uniform
0.4024412970443769,0.8530244710404777,uniform
-0.436297048334918,-0.02233716906557004,uniform
-0.6959567978536192,0.3070287150006854,uniform
0.13031214020687654,-0.18449586650499183,uniform
0.4655894091900472,0.22373726055578658,uniform
0.09632576315177599,0.13762635750759733,uniform
-0.6448017583708605,0.869163631466106,uniform
0.613593158156958,0.2433850840455256,uniform
-0.6479412352694345,-0.6649332297909085,uniform
-0.16986151583181663,0.009969847806837961,uniform
0.7221354823826804,0.8857487123303034,uniform
-0.5924646278993819,0.41151999885582935,uniform
-0.3932500267650827,-0.4679143548271292,uniform
0.9125634231560313,0.6202992375123373,uniform
-0.006140857541347966,0.34893979779051265,uniform
-0.4737188695289214,-0.1863641645717855,uniform
-0.9890357098705473,-0.8115612668305896,uniform
0.014402812305469803,-0.9251567052053145,uniform
0.7356205831776563,0.9695122023193257,uniform
-0.48864948276262443,0.25159017616912416,uniform
0.21195542713598514,-0.5681536462507728,uniform
-0.9049041703459018,-0.46402550348687654,uniform
-0.99376079112604,-0.4411414877403539,uniform
0.1096811811550471,0.4315957276993483,uniform
-0.7788354531009585,-0.34843838407483196,uniform
0.9546435080459421,0.5120661684201793,uniform
0.28941584525792097,0.8054669128958682,uniform
-0.015340404685619147,0.08046335939519111,uniform
-0.12314648095916536,-0.9340129698867987,uniform
-0.8007920605415966,0.6630600800764184,uniform
0.4411176812580979,0.10219672673187175,uniform
0.9330405185010702,-0.7007445045470702,uniform
0.1144372043013564,-0.43987051362326257,uniform
0.13351168704324357,-0.49583853515702425,uniform
-0.5998892496706285,0.3874672615012553,uniform
-0.5967467908185393,0.23184893651783245,uniform
-0.9604812355514885,0.8036884569649263,uniform
0.41756508966269035,-0.13301640998047404,uniform
0.5666375376438237,-0.5600409862237297,uniform
0.21074801669228593,-0.6442577145873467,uniform
-0.8231988534365431,-0.14717097848843674,uniform
-0.8151010251074922,0.0730560583132489,uniform
-0.32473656382639704,-0.29339964071840074,uniform
0.34394805396435446,0.46244976186420605,uniform
0.6221889292581431,-0.5951096675388727,uniform
0.2962601551294144,-0.16247978395921647,uniform
-0.8286864109871801,0.3328582576955925,uniform
-0.16816171699134053,-0.9687975042951511,uniform
-0.7735417461069691,0.9052665875587234,uniform
-0.23036807527090364,0.21627902462293047,uniform
0.7968115923593138,-0.6924017333689612,uniform
0.6566674419239225,-0.8576307378829582,uniform
0.2639525248370045,-0.4158982510963689,uniform
-0.5783616140160632,0.023278725815177204,uniform
-0.7959655155289005,0.9404789551287556,uniform
0.6978407773120252,0.8380940458199602,uniform
0.005018220024209263,-0.9549785165201252,uniform
-0.8352650497650713,0.6290598307951387,uniform
0.7563875736754047,0.26597431946724615,uniform
0.08719233435755958,0.9347527397807385,uniform
0.8724417875710577,-0.7387318345785623,uniform
-0.9254562993782969,-0.40659372407257344,uniform
-0.5321846589878181,-0.6536722600672986,uniform
-0.3353644717596942,0.16052848876748316,uniform
-0.7667127489712484,-0.9048992632241513,uniform
-0.6405170522299553,0.9833201486525229,uniform
0.10069206898076266,-0.8396463658955673,uniform
-0.3701719249791977,-0.5423482265317112,uniform
-0.06741593835861592,-0.4910326040740258,uniform
-0.7618997891141495,0.41993359300804456,uniform
0.9346607582269264,-0.1327257234860315,uniform
0.03441944349627124,-0.3140636375156436,uniform
-0.341173485280335,-0.5826384202894253,uniform
0.013879928344867842,-0.7915406825119278,uniform
0.35494752100669236,-0.572629188202922,uniform
-0.12132963012767473,-0.6233220421985819,uniform
0.07326793630501838,0.21317052881051723,uniform
0.01623806679228812,0.29678647768926103,uniform
0.3218311059194072,0.5930914013920316,uniform
-0.4367941368542705,-0.7932653152653846,uniform
0.5348256283468731,-0.4561916492274607,uniform
-0.1248315372083284,-0.5226773390598287,uniform
0.7065065903419605,-0.0030118003784576075,uniform
-0.27906667448168854,-0.5711218974561647,uniform
-0.6017004461833655,-0.5569535312517606,uniform
-0.4526734543589779,-0.7770283697299827,uniform
-0.8327856282305144,-0.944452835462442,uniform
0.3033490319625649,0.41834416988473655,uniform
-0.5198832192496867,0.3695086608399045,uniform
-0.20087650063389617,0.639589552595007,uniform
-0.4113876989251446,-0.26355612985305976,uniform
-0.48173673501795267,0.6984812692396472,uniform
0.842162292824987,0.11688584527384771,uniform
0.9549155565290632,0.24966095091541285,uniform
0.5189278115604943,-0.33731015981321355,uniform
0.8344716465657158,-0.5980633752880229,uniform
-0.5505216534730113,0.7982838338310871,uniform
-0.9820964166483477,0.560277770606195,uniform
-0.3346900731699636,0.10076814352447205,uniform
-0.6296438613590147,-0.34438034373595894,uniform
-0.6868674862245969,0.41997291278788507,uniform
0.9732980878514996,0.5798999575490571,uniform
-0.6338837649106661,-0.6686105086728573,uniform
-0.2789900311210598,0.08727475911958349,uniform
-0.9305028136675577,-0.17808495408914982,uniform
0.40053408022406134,0.4682633812759547,uniform
-0.02440740452907386,0.1479605670782984,uniform
-0.7477129217946223,-0.43937730624816784,uniform
-0.4623142929989634,-0.9073505644439044,uniform
-0.890284318374414,0.3163294457850727,uniform
0.9534151699752484,-0.3209726579440555,uniform
-0.3875231366538183,-0.005471204260077744,uniform
-0.8741709261671367,-0.4276154406650885,uniform
0.742804424722628,0.12750331017381455,uniform
0.09345298841110217,-0.39562976760817103,uniform
0.14061286790190164,-0.1906833491479376,uniform
-0.23300539463737202,-0.9313123950315587,uniform
0.32034845622138364,0.0281159534157005,uniform
-0.3929298587032639,0.49795524704611105,uniform
0.1844422664689056,0.9092822118559816,uniform
-0.5033632792925273,0.4525897550030833,uniform
-0.14983894120754715,0.25696509174184246,uniform
-0.5221468135737684,0.022188303992811687,uniform
0.8429327637476178,-0.9572689893414603,uniform
-0.02601154368197256,-0.4355163777304014,uniform
0.1972015978739814,-0.6094303522458748,uniform
0.20593263053455146,-0.3624483315713427,uniform
0.7630306071918498,0.33406843820427023,uniform
0.0039829954027141845,-0.8339607695736933,uniform
0.9111596596680172,-0.525441671915851,uniform
0.606099349242827,-0.18658018755157202,uniform
0.7789646683370424,0.8326333735888003,uniform
0.17251807994756452,0.033452942851784906,uniform
-0.40281812632761604,0.36790668040009145,uniform
-0.658597804599367,0.6866415742009198,uniform
0.35293119487899616,0.5832203122321751,uniform
-0.9062680389933517,-0.5565963511826653,uniform
0.1635431296893164,-0.5731251206946424,uniform
-0.13922934207276083,-0.792757491182086,uniform
-0.6100594603398328,0.8288244413530417,uniform
0.7489816437509951,0.4490625421285628,uniform
-0.4479167631717911,0.9927474049959575,uniform
-0.7762273317026107,-0.5358328968842727,uniform
-0.45270843772460645,0.18534375366930544,uniform
-0.09654065190305272,0.03955232321482516,uniform
0.12990378419501214,-0.6040515690665249,uniform
0.8997551252245455,-0.13778531109379344,uniform
-0.2850969351768564,-0.5273440623093029,uniform
0.6424763711460213,-0.6015678992392679,uniform
0.565705623496862,0.7945821322718791,uniform
-0.36984112677056546,0.0959243677783308,uniform
0.3148162522299087,-0.9246317446494048,uniform
0.35000625983784905,0.8991958390442378,uniform
-0.6044451261187505,-0.8732367345593604,uniform
0.8667373493267514,-0.3709607636172001,uniform
-0.8726565721655657,0.7756133310509008,uniform
-0.8763864695848662,-0.492767683906288,uniform
0.10717432006123451,-0.5815150554591428,uniform
-0.37347198796687,0.9377698227999138,uniform
0.10567020990585196,-0.43129644738854966,uniform
-0.4068935486773242,-0.8323896718504746,uniform
0.7733330347811671,-0.4220516200108564,uniform
-0.09099960245044691,0.302318427641479,uniform
-0.7743239363604113,0.1832366467984592,uniform
-0.45382245966284707,0.08204100291787553,uniform
-0.6788407559521636,-0.8407293842538215,uniform
0.9776962533705378,-0.54314190594645,uniform
0.52959575495316,0.20364588918810123,uniform
-0.5224895826843188,-0.781382716479375,uniform
-0.586973021635053,0.34824589412318896,uniform
0.41949487278202957,-0.20291604453768985,uniform
0.5672022819138649,0.5094890375592296,uniform
-0.003356831623930745,-0.7827897310510421,uniform
0.8452304764076621,0.8915471184061907,uniform
-0.13386729387793106,-0.6277441819871465,uniform
0.19334097862458433,-0.3759545924568508,uniform
-0.8755965049547576,-0.7728645346546883,uniform
0.08013767775756997,0.5576419701770023,uniform
-0.5421491014386597,0.9290857788950497,uniform
-0.7563995422062073,0.37358239963320283,uniform
-0.27584539041578937,0.6378521821288001,uniform
0.1926700681267941,0.32520784761147503,uniform
0.6915808368130101,-0.29896064232682407,uniform
-0.3337380505292449,0.6554616879643174,uniform
0.031279273287418086,0.2061575886665057,uniform
0.33567614140093194,-0.19426214629500937,uniform
-0.97846336333772,0.502483274103334,uniform
0.12998420768952212,0.08156403515360333,uniform
0.20659112209889052,0.5565508875589049,uniform
-0.7579031010488382,0.5606976036861628,uniform
-0.10843895053963193,-0.7091590102372289,uniform
-0.11860223545291393,0.06792587234682812,uniform
0.4913423646562569,0.06925230824957973,uniform
-0.36977064369790713,-0.2729858063646442,uniform
-0.2729773154306212,0.5957062075249482,uniform
-0.8791580231800313,0.913366714722724,uniform
-0.506148290754729,0.47226719334701106,uniform
0.3084358964567797,-0.12291771482255442,uniform
-0.36930286387531663,0.24177387390197613,uniform
0.18796753825327195,-0.5279649572352427,uniform
-0.27675468897082656,-0.018937178764667495,uniform
0.17907383333669058,0.282510106458735,uniform
0.30284096623561263,-0.6346537851553047,uniform
-0.1897028801041254,0.02866755888447048,uniform
0.7709451324401495,0.7746883045845354,uniform
-0.9881162447230865,-0.32231465293717676,uniform
-0.7401377326774303,-0.15461476060167678,uniform
0.10935333715935669,0.06062575830711059,uniform
-0.6828691736063193,0.5923021566375453,uniform
-0.4045631586696832,0.7817211707042229,uniform
-0.5216323229798527,0.053889819593455845,uniform
0.6263232645705374,-0.3515888655598274,uniform
-0.4871356521229113,0.7259371705420767,uniform
-0.08900983601480261,0.5935259942462849,uniform
0.7335466702522349,-0.03363800274672024,uniform
-0.05167660995261003,0.5886517417229784,uniform
0.7596487753546086,0.1936551581269006,uniform
0.22677784696597092,-0.28811048507116466,uniform
0.6112337231551461,-0.514834294801817,uniform
-0.220071692677974,-0.4564848708137199,uniform
0.09824806841295342,0.46289904784869496,uniform
-0.962296633259464,-0.04294336119634323,uniform
0.35729773233019513,0.8009108689766427,uniform
-0.9577294213150895,-0.4371621249747406,uniform
0.4945348555811011,0.15397827568359745,uniform
0.9862657297028736,0.3913364692040129,uniform
0.9138393324627199,-0.4533965889137024,uniform
0.25780565052748483,-0.5986572614403445,uniform
0.5696539253938613,0.07943439047616874,uniform
-0.5371756896802493,-0.08555092221326288,uniform
-0.07616927783764615,-0.10408908542693562,uniform
0.4802761371988391,-0.8571760921414928,uniform
-0.7383804474627134,0.3002384619742886,uniform
-0.4203541002542017,-0.39392234918756186,uniform
-0.6548444731706933,-0.09325201828767149,uniform
-0.4829752602396411,0.5523234927340726,uniform
-0.776521741222167,0.6933022326868032,uniform
-0.5889976600287039,0.14425722351496106,uniform
0.24244999477416163,-0.7799133542090477,uniform
0.9146770244339468,0.1082448886593852,uniform
0.0916131362854451,0.360628349520125,uniform
0.8506817759375276,0.3814145384227543,uniform
-0.2686274642648696,-0.7851748430580956,uniform
0.42336178080158704,-0.17568238949205983,uniform
-0.32000598256602175,0.9760726534251463,uniform
0.02343378324216494,-0.5074508078063145,uniform
-0.70215592940217,0.6132839828455394,uniform
0.5350076337474601,-0.5057487188351173,uniform
-0.47561767749504424,-0.8412654058617881,uniform
-0.05965275698715233,0.8613469696272975,uniform
0.9458590389067663,0.40160905029239413,uniform
-0.06084975571664253,0.6578885053428001,uniform
0.8194663025137117,-0.1739208240219341,uniform
0.689496056983284,-0.7182013270805738,uniform
0.00447362054217737,0.9782379594718296,uniform
-0.7312372249617691,0.2878032079854109,uniform
-0.6297528296195243,-0.26050732622114103,uniform
-0.15536482837790389,-0.7135870861342966,uniform
-0.126972713076269,-0.1508328033085673,uniform
0.5371133344383632,0.9359861556740785,uniform
0.48923589285385605,-0.2670538851934432,uniform
-0.8385820217924771,0.3808760857117537,uniform
-0.2650461479527271,-0.5708698234276128,uniform
-0.9215193849872703,0.10657196113866574,uniform
-0.5448378882910501,-0.8329954992111128,uniform
0.9119563977297025,0.3094737479979792,uniform
-0.4652894586553795,0.1964536897340572,uniform
-0.7813011396359237,-0.462725743252707,uniform
0.3698691694597178,-0.9860888964927723,uniform
-0.8085776928164687,-0.3023122730104164,uniform
0.8310959213892364,0.7187245053964701,uniform
0.25338749970560626,0.29126412247422606,uniform
0.3836297908093991,0.5083549671024521,uniform
0.10591811805331952,-0.5765681629415464,uniform
-0.2780590759235049,-0.704518226959135,uniform
-0.939252245737445,0.3970015767513724,uniform
-0.4270398820996455,0.5121094690013013,uniform
-0.8801978185341139,-0.12324298712204573,uniform
0.5424376621140432,-0.4114516748308168,uniform
-0.13982273632051045,0.3263083275779315,uniform
0.3499542062516887,0.17686269842986868,uniform
0.6701630643711132,0.9871601703830455,uniform
-0.40869073761864083,0.584474652999361,uniform
0.7492334123672602,0.4086508559322073,uniform
-0.7500780180710371,0.4823790003644117,uniform
0.053856572399156866,-0.7984741850685557,uniform
0.554790684454397,-0.16584763947406223,uniform
0.4796846290715091,0.7752223873084012,uniform
0.3216282938368278,-0.4498742033232255,uniform
0.13026082496621094,-0.8450937110280881,uniform
-0.5593039135042135,-0.9369327902793223,uniform
-0.5230870937045708,0.08557138322143754,uniform
-0.9813668510883962,-0.3033970094882126,uniform
-0.10348669236475438,-0.8569508972529478,uniform
-0.469294309331427,0.35751749179311854,uniform
-0.5183694611250651,0.21931454623395275,uniform
0.2770602850889865,-0.6385335526403686,uniform
-0.6862839312244355,0.8814637816860771,uniform
-0.5269900399774528,0.9152098980293175,uniform
0.49296957621621407,-0.6128605835300405,uniform
-0.20594158495428894,0.6136614229356574,uniform
0.5355939748961858,0.22806725377756387,uniform
-0.6390023996509957,0.45642277703513234,uniform
-0.23484395528659796,0.1631144348066338,uniform
0.24350730552345468,0.8955597335155963,uniform
0.16404031331810742,-0.8543527000361084,uniform
-0.4079613349046951,0.49710311486317904,uniform
0.9848286430286195,0.7123922771112956,uniform
-0.22042369331716394,-0.8309126462348697,uniform
0.27728470972549,-0.19163416248862797,uniform
-0.6660334136661008,-0.8266389080253878,uniform
-0.6531696150089141,-0.9145736783160379,uniform
-0.9725202660382719,0.09287134927730878,uniform
-0.5248386635492837,-0.9798065963937439,uniform
-0.6007219277091331,-0.28054449961994865,uniform
0.5901759074338737,-0.6545326240640557,uniform
-0.6446790240555571,0.12561630850393835,uniform
-0.2585583018293014,0.9402624764007645,uniform
0.85266508601894,0.16429960105337682,uniform
-0.233815091052074,0.15705126422468463,uniform
-0.6842070815831662,-0.256416837379684,uniform
0.7759725374792112,-0.1861404172648531,uniform
-0.6745504091965973,-0.5631934017886473,uniform
0.8875520080668919,0.4817319691956652,uniform
0.8955410451393342,0.2127716319338595,uniform
-0.5828685214587812,-0.41698818567019313,uniform
-0.4861845692042728,0.043446964352926276,uniform
0.3613271157222433,0.0450490282614997,uniform
-0.31610746062830786,0.867042871087184,uniform
-0.7300116167515451,-0.9104878797395082,uniform
-0.010421953185792754,0.6175956876390529,uniform
-0.9886651271304514,0.8291148459892883,uniform
-0.50966875508041,0.735863452194577,uniform
0.23804657668098894,-0.795800004697022,uniform
0.951187839973709,-0.2488630900375044,uniform
-0.8815077323623062,0.4146767764042294,uniform
-0.8181991590183844,-0.7957885403241078,uniform
-0.07351239558911127,0.6730969664931805,uniform
0.6447746998301973,-0.3685564554590808,uniform
-0.6581638187332146,-0.059650887201298186,uniform
0.1502019679345088,-0.34969829414076603,uniform
-0.3297192621597682,-0.24666962345673138,uniform
-0.06258806233696124,-0.68694070210305,uniform
-0.7056975952165698,-0.5976475365689695,uniform
0.6945079694438425,0.3126372899564682,uniform
-0.16046085141876798,-0.347097635399223,uniform
-0.9463210728050697,-0.9715060923782501,uniform
0.22470782813361367,0.3577909087613944,uniform
-0.48496340017519635,-0.9957759414209222,uniform
0.5206146772587783,-0.860047354480189,uniform
-0.9763700375355209,0.9182661111503028,uniform
-0.16731590591078893,0.3345751960038248,uniform
0.27921650572335976,0.4145088142560267,uniform
-0.35521451975624996,-0.2786711695004713,uniform
-0.25115969012362416,0.4334083763232275,uniform
-0.21973012591628116,0.9001984905135854,uniform
0.362478447686323,0.3950624431141443,uniform
0.8589568442101891,0.02614230401896034,uniform
0.8580974770553327,0.3094106214319883,uniform
-0.5596057823633929,-0.1984000496883116,uniform
0.09600165575221475,0.41152521204360415,uniform
-0.10543812221126814,-0.38984746141704596,uniform
-0.5478940632962648,0.7106782828782845,uniform
0.3482305609553302,0.1304524208407123,uniform
0.6991437261114111,-0.8738014212709226,uniform
0.38536136758156303,0.5673741634539289,uniform
-0.5161642991789002,-0.01736504992420418,uniform
0.7277324001215968,-0.6703381685299592,uniform
0.47471336152107035,-0.5748104563615937,uniform
-0.21705484114684936,-0.5816251536978474,uniform
0.22389414274338115,-0.6371860799061102,uniform
0.4454862855382251,-0.48235523430453076,uniform
0.45870068491793803,-0.9258502849415688,uniform
-0.23581092496479084,0.34681037938765513,uniform
-0.7734637394743789,0.34895804202276093,uniform
0.32337878058537384,0.07701927116929252,uniform
0.09793079738819821,0.6096255466483897,uniform
0.15721920123162736,-0.16874350661788307,uniform
0.6565937534443564,-0.851300302376643,uniform
0.7322963656544517,-0.6545669357127715,uniform
0.21236631954706842,-0.16047638641383788,uniform
0.4878157231485436,0.9030987901899663,uniform
0.3680822786778697,-0.01501812785810519,uniform
0.00925918682523208,0.1621060997039625,uniform
0.17138898411549253,-0.12917494059492118,uniform
0.08922703561099232,-0.1636129130080457,uniform
0.009418634089034317,0.07432316459772292,uniform
-0.26459227713301714,0.4318478646669779,uniform
0.4133537767525215,-0.2571636851744439,uniform
-0.837024846943617,-0.1965203288613826,uniform
-0.0831648401053724,-0.4203057848410663,uniform
0.089992000716963,0.46042937327824696,uniform
0.6802066490991354,0.5178742705503263,uniform
-0.18196169765309733,-0.18862380372077237,uniform
-0.091483871743397,-0.720815311668979,uniform
0.0031090064368897163,-0.2422743909152396,uniform
0.7645483250624379,-0.5074307333638648,uniform
0.39758391663842785,-0.6480665644154882,uniform
-0.011414454140054042,0.5433769389705518,uniform
-0.45805029152129895,-0.14861856934562634,uniform
0.960690082007182,-0.06634144450596002,uniform
-0.2445093825258493,0.415064137097765,uniform
-0.2915490861239278,-0.3156159711668096,uniform
-0.2841077822283333,-0.8398705753517608,uniform
-0.6729555738918038,0.9687007571662554,uniform
0.008868442319491132,-0.11397468694574342,uniform
-0.6856616940681841,0.30791029261823843,uniform
-0.47419551530686044,-0.9098650012696947,uniform
0.5081616629274537,-0.9717210287825673,uniform
-0.7146755562842777,-0.11478928556727852,uniform
-0.9021602286628643,-0.9818664771289818,uniform
0.7939133512155323,-0.15513805117828672,uniform
-0.6679436338060931,-0.7724550880969787,uniform
-0.7885110101691899,-0.725567383447691,uniform
0.1545242447224453,0.6050139645768431,uniform
-0.009333063458893509,-0.3007160017509434,uniform
-0.46155692283481975,0.5115922155513788,uniform
-0.8498741914465955,-0.05314105157042204,uniform
0.6012824510514723,-0.6762512674123142,uniform
0.27575191497654883,-0.7079074845892739,uniform
-0.7108181358465615,0.8451546778088692,uniform
-0.42119256014340944,-0.08119030319383191,uniform
0.6580285116053859,-0.4971231060153376,uniform
0.8124650226907022,-0.4923037587577981,uniform
0.06997643906158313,-0.5716260827695179,uniform
-0.6232452950208762,0.9827538841581789,uniform
-0.9719278524809096,0.4130050497010034,uniform
-0.7562312268274849,-0.3938548718788688,uniform
0.7072969861856941,-0.23588771304768397,uniform
0.47890888953485344,-0.6759799065926484,uniform
-0.4885802347539412,0.4680591846394475,uniform
-0.006946483667088277,-0.25349232835558233,uniform
-0.7166489987550257,0.23792660280728017,uniform
-0.7782374233595588,0.14791596721661393,uniform
-0.9545992838391035,0.14773909849926659,uniform
0.013911474015134706,0.6877335647538168,uniform
0.4246418949830377,-0.42954031076941024,uniform
-0.877295288315783,0.28354991406649765,uniform
-0.1884388606136218,-0.9274857343350567,uniform
0.15071231771978733,0.08847831726638034,uniform
-0.14485949720451696,0.1801747343558322,uniform
-0.9216536674581663,0.45565651295843645,uniform
-0.2817497646171634,0.4914203517866791,uniform
0.21506170954161363,0.17259375030323731,uniform
-0.5800390149558365,0.6452487915153253,uniform
0.2751556160935422,0.10742055437588638,uniform
-0.06404408270373274,0.33130504252642834,uniform
0.33587374647429513,0.48945955066762625,uniform
0.03185135045557552,-0.05559126287016869,uniform
-0.9655112936593124,0.32388902433028877,uniform
0.9817996242931337,-0.7785370936936122,uniform
0.3274508676755308,-0.5347716636626878,uniform
-0.9468046777159382,-0.545620247029837,uniform
-0.3411974142147316,-0.9177447993501855,uniform
-0.592454714649636,-0.17788553406067598,uniform
0.0506421619038957,0.17618220422705244,uniform
0.04354805798155814,-0.003405623048881923,uniform
-0.2764866771467902,0.9284074640016495,uniform
0.40286774526004443,-0.8100169108869097,uniform
0.7213239586243012,-0.06750883529222662,uniform
-0.4330187875035305,0.4747844783150619,uniform
-0.8048010658450322,0.485679556728591,uniform
0.9952737587425828,0.8576951266238626,uniform
0.6788048423318795,-0.261274213038847,uniform
-0.42175513210815785,0.6977912204817049,uniform
0.20274079992285277,-0.9643791445573635,uniform
-0.8443451469376126,0.42494282163845587,uniform
0.9176809672656054,0.9735339705949191,uniform
-0.40938212914576155,-0.8955003569194111,uniform
-0.45317040061024594,0.27992243535541905,uniform
-0.5697081753969186,-0.4086116334854064,uniform
-0.5347854918282304,-0.757025451134836,uniform
0.7990822606568309,-0.030441201354310943,uniform
-0.47636063777914117,-0.6956792950805744,uniform
-0.14019677683086362,0.4916410718199935,uniform
0.018664105230252526,-0.9951185847268835,uniform
0.5535201473153097,0.625696656527285,uniform
0.933455211148676,0.5016699458792884,uniform
0.8065433247957321,-0.10396015365702604,uniform
0.04315457383998522,0.7702841474088589,uniform
0.40379379645027824,0.27604100928625797,uniform
-0.5029379161695031,0.013366473184157623,uniform
0.09665805122875049,-0.2846266844616465,uniform
-0.6204085457799331,-0.8341239933114732,uniform
-0.7674434540781221,-0.7945775816296228,uniform
-0.8459002438814613,0.8395832941932575,uniform
0.5962190418006108,-0.20241948132250553,uniform
-0.38513669877505485,0.8632871019736752,uniform
0.8673136245740598,0.31346425261809596,uniform
0.4189542136626714,0.03844833464801045,uniform
0.20670399747033086,0.31136485725004337,uniform
-0.31494036161382466,0.007018525299927525,uniform
-0.22040049871644918,-0.8501204710026,uniform
0.6280895304799599,0.06921341578164864,uniform
0.0972949900345248,-0.7254183576070306,uniform
0.3579117053868157,-0.07565109958789318,uniform
0.05575070367689161,0.08500599701412992,uniform
0.8450481049819705,0.8153192860769645,uniform
-0.07066275064738758,0.7604164053782538,uniform
0.554576520442962,0.38575623060457565,uniform
0.3277226865351819,-0.1982974516083189,uniform
0.5136616103306286,0.8858360736939828,uniform
-0.22497976478152193,0.17771014137323227,uniform
-0.32157025620895774,-0.6547878711715753,uniform
-0.1809573961940789,0.6345608523940058,uniform
-0.9001957058354806,0.028574005143007453,uniform
-0.8657811922331489,0.28073122155572827,uniform
0.7436708838669319,-0.11716732605081348,uniform
0.4289596059342091,-0.9729753025723191,uniform
0.7430012719139492,-0.6292899645530825,uniform
-0.058232326040614346,-0.7947561888588617,uniform
-0.323090643267526,-0.485564737212415,uniform
-0.6134025039575741,0.2110456162526515,uniform
-0.9818389376463947,-0.5899625477590507,uniform
-0.9760300859121476,-0.05223800796032885,uniform
0.6504264824359951,-0.7093066350891255,uniform
-0.930853515019241,-0.7796199271608601,uniform
-0.7498762095222675,0.8184439574552991,uniform
0.9341417345489247,-0.36527292030620107,uniform
-0.8094846723452014,-0.5318799894142556,uniform
-0.7738508273797091,-0.6931345669145004,uniform
0.7320344281943347,-0.5274846615998188,uniform
0.7134769357417945,0.7283088937266169,uniform
0.2683205048182553,-0.8534299955416029,uniform
0.04363462096861048,-0.453630705772911,uniform
-0.9525346018838927,0.47280501112380136,uniform
-0.9108401892239548,0.18127890121263923,uniform
-0.7651309447740866,0.2606433038188529,uniform
0.6808171810299835,0.6116558102075456,uniform
0.11149156591255771,-0.735424547620072,uniform
0.5120494769875763,-0.8465232536598146,uniform
0.2461272674859094,0.5930998185986702,uniform
-0.5461266533069873,0.6597724975797321,uniform
0.20517234640692683,0.7111596136841529,uniform
-0.8401550784239522,-0.2973000239913357,uniform
-0.44883703298659006,0.3810250309314256,uniform
0.47271646263898437,0.22884232316029363,uniform
-0.36647875398480334,0.1769104990610466,uniform
-0.22272188605788656,0.6745696965296704,uniform
-0.371398575244569,0.6638657246218427,uniform
0.41033282787738967,-0.9979501426642843,uniform
0.9924186701997868,-0.052366919805000745,uniform
0.6267271147035955,0.6824794181474307,uniform
-0.9399179101189654,0.08841839099069393,uniform
-0.3119469010422622,-0.5656448793539912,uniform
0.36439117932924203,-0.7610681986543102,uniform
-0.04483113830616592,0.7418252009926161,uniform
-0.7823834874603364,0.8018999706490195,uniform
0.8585415679239199,0.560258357498832,uniform
-0.7663136941534576,-0.07665340646792318,uniform
0.22215141311497555,-0.7793129288054472,uniform
0.8898956592258336,-0.9404618242366298,uniform
-0.567316053085942,-0.904550648116248,uniform
-0.7237773732269237,-0.5054698842132717,uniform
-0.5361174813377048,-0.711326632567655,uniform
0.5865930689737802,-0.1185372924464041,uniform
0.5693210158583375,-0.3910034508155411,uniform
0.9244415522127363,-0.4580276380793842,uniform
0.9560774280004971,0.9341490972413333,uniform
-0.48675401948662467,-0.32789070903109563,uniform
-0.4942345037134952,-0.32923835344007557,uniform
0.7174577680103063,-0.036805178058932464,uniform
-0.5041839731813524,0.1266475986627651,uniform
0.651093524975588,-0.1872806845393089,uniform
0.14696603574156653,0.9878375345746551,uniform
0.03791810861769518,-0.05889536741961887,uniform
0.7095345974660743,-0.241405899441681,uniform
0.13526976183511952,-0.39838712131497234,uniform
0.5440247514485101,-0.5823172893679385,uniform
0.6907831828037905,0.7659323597356404,uniform
-0.49242467518883926,-0.3909978649269856,uniform
0.8537834614623669,-0.8353045079054122,uniform
-0.1953989221774184,-0.20028633553520603,uniform
-0.19018609407520626,0.018071309217607023,uniform
0.7931075087751178,0.11924477795219968,uniform
-0.19216403416036965,0.803355916289229,uniform
-0.5074709420986001,0.9355929136712533,uniform
0.3267183624080674,-0.7782354417056572,uniform
0.5940794869486039,0.12993323265608048,uniform
-0.7562559235946222,0.7713334152769682,uniform
-0.9505843590187786,0.09688390634955324,uniform
-0.3119559800997491,-0.11674631311452144,uniform
0.229378427090555,0.10796342603721287,uniform
-0.5074620535061534,-0.06346324802670766,uniform
-0.7676338792775281,0.4865084704880047,uniform
-0.8814812364497515,0.7157132104658133,uniform
0.8723937016004439,0.1439194882728949,uniform
-0.6382747252126617,0.44493812432828683,uniform
-0.6879278742533852,-0.7366693201607608,uniform
-0.34350905964517775,-0.09842232519557315,uniform
0.2501127918279058,-0.6541629098976494,uniform
0.920114210865185,-0.6693863302704806,uniform
0.960908274853929,0.69769752034414,uniform
0.47723131746571834,0.4756601222443273,uniform
0.27729412051943325,-0.7911314520574517,uniform
-0.15695995320651157,-0.3365492776404926,uniform
0.28205949260936936,-0.358783004491543,uniform
-0.689203281229785,0.29003433765084297,uniform
-0.7238183609190183,-0.794456147139982,uniform
-0.11664728708040073,-0.5639237159254824,uniform
-0.5813660693764051,-0.03365098920763154,uniform
-0.7214507912693526,0.37797177969674167,uniform
0.2411942378560803,0.5973568667464169,uniform
-0.41379452143851125,-0.6677518844856973,uniform
-0.04582745144809741,-0.715769508795431,uniform
-0.011602237985061326,0.8949421470849113,uniform
-0.6375113808806143,-0.07180851323500637,uniform
-0.999067161320474,-0.3118992911385745,uniform
-0.559175976327978,-0.019891038288400997,uniform
-0.06906740599312511,0.8905317612392121,uniform
-0.226666784152312,-0.16540567254201677,uniform
0.32189333108810625,0.49745725469850877,uniform
0.4263489504564555,-0.7304823276223231,uniform
0.8201094889613179,0.9992083111245476,uniform
-0.483587302488625,0.7587645828642988,uniform
0.6934369091534107,-0.5198525633343238,uniform
-0.11917849666805735,-0.8695064338123324,uniform
-0.6370961093687488,-0.6429274707310486,uniform
0.1294338528967678,0.135933326521666,uniform
0.20289349910341437,0.9128762600821476,uniform
-0.7868033087802322,0.7287143751975502,uniform
-0.3256278880148342,-0.5340426648852825,uniform
-0.1781318263407572,0.6366472276200368,uniform
-0.39958133010672814,0.21294263338317787,uniform
0.39067953884754836,-0.35184138969875955,uniform
-0.7240376451272623,-0.9514451200385525,uniform
-0.06038642531297045,0.5762820587684521,uniform
-0.9835579357264401,0.2508822928455583,uniform
-0.4134986798171856,-0.1705438429140378,uniform
0.9448077061210056,0.38328590100572657,uniform
-0.817844907985773,0.18729366590620056,uniform
0.5367829848317716,0.7560704811429666,uniform
-0.05764930793022249,-0.639699159936324,uniform
-0.5190522275628779,-0.5234047936842661,uniform
0.2796882279109616,-0.8639556690700136,uniform
0.5436013176606893,0.7731001139723814,uniform
-0.7171966555445455,0.34180658574465617,uniform
0.7079183379915226,-0.27617921111296195,uniform
-0.5048863718905863,-0.06829671393766379,uniform
0.5498796804400814,0.9210102499822641,uniform
-0.910991566073797,-0.2231475517317525,uniform
-0.45320377103156506,0.9336499861861773,uniform
0.10853049110410917,0.07028676874992645,uniform
0.7275179415652842,-0.5635093850787147,uniform
0.5484388217196055,-0.8580487289898404,uniform
-0.16645234260569208,0.753757641357305,uniform
0.45023707519928813,-0.3348277016254446,uniform
0.07858020877839955,0.7645579899762542,uniform
-0.7825770516629189,-0.02182939841015341,uniform
-0.8348832298755413,0.1606434188278758,uniform
-0.3872936684957333,-0.8273265904732554,uniform
-0.2335609411980668,-0.17233698430148636,uniform
0.7216789023415564,-0.9898178102008586,uniform
0.3599536880507397,0.23184177097735237,uniform
0.45173439765658996,0.8971176011645534,uniform
0.9708555578024423,-0.39117274873327523,uniform
-0.916724409883608,-0.9585934997466454,uniform
-0.8942283804291582,-0.29287424287648345,uniform
-0.924487424616584,0.7707291629387512,uniform
0.4722563489128051,-0.7788059745715079,uniform
0.9176263769894126,0.10808885886266517,uniform
-0.9729885219409615,-0.26595908850697025,uniform
-0.2185936850811001,0.5230693567436577,uniform
0.8379282566533774,-0.7944204424819117,uniform
-0.5319052205792427,-0.8027145175069013,uniform
-0.03703556109258277,-0.3706028454524497,uniform
-0.08715066057108234,-0.1239243751135819,uniform
0.3486716785111441,-0.010080279817187288,uniform
0.5536459482322491,0.9418930936107561,uniform
0.6487563854897875,0.1871977111965888,uniform
0.42265483912507507,0.0282285873878807,uniform
-0.70477521479264,-0.3290381566795937,uniform
-0.9769866089501038,-0.3995516462573572,uniform
0.9806832761439415,0.9793833952204298,uniform
0.6504693004920146,-0.4493592689261956,uniform
0.498323922268749,-0.8301685830121954,uniform
0.6324512766655621,0.5100773220662691,uniform
-0.07934600703773698,-0.8267523901394591,uniform
-0.40575103569767434,-0.4878926654854576,uniform
0.7092210359712168,-0.5444623079909863,uniform
0.07670689307269662,-0.4798480309923774,uniform
0.9232626990873547,-0.5912810701262299,uniform
-0.5958935948985014,0.5416953531932192,uniform
-0.2025094725385881,-0.7034727864369281,uniform
0.7957381623036013,-0.17301395855761736,uniform
-0.5649379752494166,-0.04442430881722337,uniform
0.43438132788080086,0.3555073770861228,uniform
0.6857908008344145,-0.6217272946783552,uniform
0.01841834979804391,0.1678489367318039,uniform
-0.44429833044788203,-0.2698636418116249,uniform
0.5407702023888787,-0.5325525474633901,uniform
0.7977527574600032,-0.9116887285110848,uniform
-0.954734053552944,0.9321565196686432,uniform
0.40286821321802746,-0.46857522163825904,uniform
-0.032496271837052504,-0.22352236165807016,uniform
0.15686547366968373,-0.93706712340344,uniform
0.7163407120840886,0.4578419752045688,uniform
-0.8741018217161487,-0.15284694303344892,uniform
-0.7279491974150043,0.6229212614643682,uniform
0.04740059003624175,-0.01792812531313004,uniform
-0.0525876753936696,-0.8787174353036846,uniform
-0.377208872266916,0.7950875501975319,uniform
-0.3193147832966914,0.16338969893352662,uniform
-0.23117074922333414,-0.5795497690230142,uniform
-0.4242560809403577,0.2597560790914395,uniform
-0.4923506575387333,-0.6631353849034398,uniform
0.1638330147620466,0.6564334435194814,uniform
0.061822455354084704,0.457034780093712,uniform
0.8708224974714831,-0.19119598302321394,uniform
-0.9944581959870664,0.4319956110913492,uniform
-0.42457170051794146,0.30315454055143,uniform
-0.43066005734737356,-0.49991252346956605,uniform
0.3383659929434535,-0.3746576773490973,uniform
0.03599169018145809,0.3066852496745518,uniform
0.6607146086969324,0.5698754192279889,uniform
-0.1839215259668745,0.43796054088354675,uniform
0.3404195564248558,-0.0542137298778973,uniform
0.4189440663825825,0.8413393590126901,uniform
0.9540790270269113,0.5575227332364237,uniform
-0.7386018332914788,-0.9904459591601849,uniform
0.4919879354473986,0.21425200374165732,uniform
-0.87047792916081,0.8372762506199818,uniform
0.23790478683544225,-0.17944500282433018,uniform
-0.785460161548625,-0.22071027615236982,uniform
-0.8762904772394584,-0.8740552321227082,uniform
0.22949077709262533,-0.8771504123710547,uniform
0.6902501529561826,-0.5307027849163801,uniform
-0.724204556667646,0.836064716216766,uniform
0.4989391958896634,-0.036338825159717425,uniform
-0.3801282567403892,0.04419968292196197,uniform
-0.684288444086617,0.7061279426617937,uniform
0.8291269066278697,-0.7790595864481429,uniform
-0.0798199883518318,0.35564466990751065,uniform
0.37368075895206765,0.3433236567892983,uniform
0.22633451950795846,0.09541096956996653,uniform
0.1439137364012799,0.12147088117205729,uniform
-0.631026635620429,-0.2336447438784166,uniform
-0.16086510388211894,0.09174012164205458,uniform
0.6029021983654062,0.6647017363831489,uniform
-0.48011338492818467,-0.07629250211145178,uniform
-0.8352543232849952,0.27290844762511957,uniform
0.36906684295309367,0.6192587262201998,uniform
0.5050991084036509,0.6020776925369993,uniform
0.6576806920816556,-0.6620944093754415,uniform
0.23531805938105932,-0.9925502382134825,uniform
-0.404799346168881,-0.7887295006890487,uniform
-0.6520888181090476,-0.4374896786273541,uniform
-0.3884878979610602,-0.9793004160653289,uniform
-0.9959286191556573,0.12829005941281157,uniform
-0.4903660966145271,-0.911979068313213,uniform
-0.0375409318726907,0.3322356991994304,uniform
0.6693809052761135,0.8104444335120209,uniform
-0.4823475588074726,0.9405577033602806,uniform
-0.7762741098086785,-0.14037870047514467,uniform
-0.3796451292082026,0.6571717497462859,uniform
0.6172923813342395,0.2639886756658272,uniform
0.9022567805474726,0.7100132928744243,uniform
-0.8487100256123741,-0.6270068491269782,uniform
0.5667739919039272,0.35704272384277136,uniform
-0.07880861262409589,-0.9185640147953349,uniform
-0.08359761069274407,0.8300063868234764,uniform
0.02057901383069538,-0.9692153007083364,uniform
0.5162034115489964,0.7192996401327905,uniform
0.8329367970583146,-0.42147846587510096,uniform
-0.7430351120108709,-0.013083389763154818,uniform
-0.4828329885163365,0.24198468703494957,uniform
0.39353023614000193,-0.20370920227883293,uniform
-0.9883194843716994,0.3241422060618502,uniform
0.38459980248423253,-0.1509139084916753,uniform
-0.0807665350033906,0.8647749152895092,uniform
-0.09895296344026194,0.7221784876208475,uniform
0.48043035448764715,0.1320528328026458,uniform
-0.2759548366513773,-0.7519201358512262,uniform
-0.725582052312661,0.344707478020543,uniform
0.3035428926321011,0.5412878202607045,uniform
0.56580904879116,0.17521646107755084,uniform
0.9044696859405978,0.22767445898433603,uniform
-0.42029937015257257,-0.982374811540212,uniform
0.37719134925933084,-0.8458263197919986,uniform
0.5398758628355225,0.03910325861740649,uniform
-0.08324331243952088,-0.5034653108143003,uniform
0.8775329472786055,-0.8511872752877718,uniform
0.5263588217400428,-0.36484185138883185,uniform
-0.7262346596292135,-0.4249536653491899,uniform
0.11330522245273156,-0.22682580121253126,uniform
-0.07060366626647752,0.6337304966337631,uniform
-0.5127561449558324,-0.8943833331875697,uniform
-0.7301590948935357,-0.8500735629684018,uniform
0.08195821045481111,-0.6809246559567395,uniform
0.8337196860902323,-0.7347769436616347,uniform
0.5268984744504297,0.6396740433996433,uniform
-0.6962837120050389,-0.6391504012453679,uniform
0.69315340559162,-0.3059701996592574,uniform
-0.5563533201208752,-0.038991897641862616,uniform
0.6336811560798083,0.6098774606301527,uniform
0.8497108222185985,0.18602664643312372,uniform
-0.08853651028325027,-0.16060984082127172,uniform
0.4085761323476984,-0.14863502197228717,uniform
-0.04369407206648601,-0.7783194659641737,uniform
-0.14924176608320772,-0.11221314555249262,uniform
-0.04970623744710867,0.49995178136610474,uniform
-0.3267035199922139,0.28564032351182767,uniform
-0.26678995472298794,-0.5231566202330398,uniform
-0.6231007153739918,-0.7312388664487919,uniform
0.2934630807836074,0.9645652093507016,uniform
0.9508333363884685,0.4678863947341265,uniform
-0.6727899671434732,-0.43686067743236356,uniform
-0.21857010592870108,0.17528158436030572,uniform
-0.43414635166927007,0.45524683401336463,uniform
0.5460512109759146,0.14157908394864216,uniform
-0.2786035404059011,-0.8971918468178073,uniform
-0.9913571380169399,0.5228198464759874,uniform
-0.37330568531252717,-0.8749063475102434,uniform
-0.04819455937790007,-0.9912793775212274,uniform
-0.682559458026538,-0.3872480872759041,uniform
-0.6524227782726266,-0.8432510043346246,uniform
-0.709602997693924,-0.6509371303536902,uniform
0.7113469161039525,-0.7377691203680687,uniform
-0.6292382663809784,-0.8714190111800659,uniform
0.01647411445821101,-0.3986042114506838,uniform
-0.28963685714966325,-0.8183716416455085,uniform
0.9723101482206629,-0.04699118561727622,uniform
0.4299664548816593,0.6108335759497578,uniform
-0.038750014274177014,0.24770644921024654,uniform
0.8173757661519783,0.015711502368140673,uniform
-0.5094684817828095,0.9692431841099687,uniform
-0.9211147943556379,-0.03222142623761992,uniform
-0.4553295800027284,0.9031703892382166,uniform
0.09117188382414043,-0.09349688006639156,uniform
0.9343397683713184,-0.2505887258333872,uniform
-0.23348973164049203,-0.6583292459666386,uniform
0.24553758436756157,-0.37367937892570713,uniform
0.08435620596260174,-0.6922954980519125,uniform
0.3794190729173026,0.5718666186130859,uniform
-0.09392747131665669,-0.07209592184624336,uniform
-0.4500827939715839,-0.6501842919250516,uniform
0.06377588196758666,0.2496274560814693,uniform
-0.1857154321493728,0.8944912733868937,uniform
-0.9206867798339546,0.26131707378872626,uniform
0.9046787938715595,-0.2992456888738124,uniform
0.9617849344312956,0.03695992304654916,uniform
-0.6765947808397477,0.35710229712769337,uniform
0.832611050682438,-0.9192104232354723,uniform
0.6258158042891775,-0.1857041750138375,uniform
0.5644056315921593,-0.46823642551036393,uniform
0.38235438400814803,-0.4214256925420812,uniform
0.29665581398841456,0.2919525187944263,uniform
0.17832248247484084,-0.20200929219551877,uniform
-0.5805825756332923,0.1519369800759045,uniform
0.9741743020572231,-0.487372381368693,uniform
0.7607117619592298,-0.9033986115582464,uniform
-0.9520580916985948,0.8481308795615656,uniform
0.9601083211130874,0.051701295085681664,uniform
0.1173954621858071,0.5431241576518957,uniform
0.5334232753889698,-0.20207594064722523,uniform
0.6790716309271279,0.9477112279064601,uniform
-0.44620097740525133,0.8025057733868848,uniform
-0.7744034998832949,0.44954581236330315,uniform
0.039051473283477245,0.3733862390279783,uniform
0.1007232234075448,-0.8346336478163632,uniform
-0.46163026329863976,0.7890726396889634,uniform
-0.08822210395937913,0.003137996223391726,uniform
-0.7709505175334159,0.6283585836832561,uniform
0.5948649091467102,-0.9902325552183058,uniform
0.8945946111007443,0.8091722194652788,uniform
-0.9957986998674269,-0.6091048240079291,uniform
-0.34873678062962465,-0.19132959074556322,uniform
-0.21207816417378056,-0.6001945245301004,uniform
-0.6584548083762152,-0.8548810001969656,uniform
0.9561010994282557,0.7227441149296931,uniform
-0.5417381265772667,-0.809935511742943,uniform
0.5121167485016542,0.4924187529740629,uniform
-0.26529883317443903,-0.448979205841078,uniform
0.385927942083647,0.21002651502534353,uniform
-0.8260167681585486,0.6937108355178385,uniform
-0.41328660233359327,0.21064673102865084,uniform
0.330860416524976,0.6098445205606997,uniform
-0.6269219058430067,0.268089183784878,uniform
-0.20324227992831756,0.9783666354032492,uniform
0.9688805848780169,0.46679190690688577,uniform
0.20267183771676378,-0.12420388128402715,uniform
-0.7881694706659219,0.6359839595783474,uniform
-0.9128175171256452,0.3401243335759039,uniform
-0.3045651756496568,0.34042697714816517,uniform
0.8903532045073388,0.5635673376304902,uniform
0.9178774053586196,0.10329340275284693,uniform
-0.5410562039141362,-0.46207628629474207,uniform
-0.01910152447728386,0.7443349472894845,uniform
0.5021852886382583,0.05921405977362992,uniform
0.8686449914118426,0.033749478947843636,uniform
-0.5691571127105772,-0.947398583147854,uniform
-0.05087447506319065,0.7366501892957498,uniform
-0.017092210787751583,0.6985857239089226,uniform
0.9183770914980851,-0.224723565722599,uniform
-0.23490045019155525,0.9579953449418614,uniform
-0.3555316029732938,0.6838086339937188,uniform
-0.1585781435910263,0.297465781321667,uniform
-0.5563406707884986,-0.8947415733888828,uniform
-0.1727695258911135,-0.3668256354138961,uniform
0.5216420949290397,-0.28929141517918056,uniform
-0.18271238694667713,-0.26129150986113125,uniform
-0.8088566632802399,-0.07784193776029258,uniform
-0.7297131106658061,0.5572490975368571,uniform
0.12895571230101832,0.5247517612249506,uniform
-0.30215082794397397,0.9337379813936284,uniform
0.1982318304541617,0.7407189931707427,uniform
-0.714218584478078,-0.5734519226156622,uniform
-0.29478483865669314,0.7267791455396324,uniform
0.8815917785919578,0.19129748818561398,uniform
-0.911656915299867,-0.1434730257771375,uniform
0.5709377351760863,0.7450012259587826,uniform
0.6840726772017278,-0.7318069097938538,uniform
0.08255058712866425,0.10750939559075401,uniform
0.5707774554661791,0.15744267747479124,uniform
0.3128682287344997,0.881229051829354,uniform
-0.7353096738190379,-0.988066927584986,uniform
0.04251652741481138,-0.23129316943747713,uniform
-0.6906965433114836,0.4698226426395773,uniform
-0.8792615531225827,0.5941724673477005,uniform
-0.5381501663895556,0.3593068635009413,uniform
0.16682237705740688,0.13443401419079226,uniform
-0.33775321236477995,0.2952470339500146,uniform
-0.5699162274237846,-0.37066106793358,uniform
-0.23947642010219883,0.5559213928328852,uniform
-0.6154629355657273,-0.30749347615330747,uniform
-0.6922780085085725,-0.269702777732034,uniform
-0.26337851055202277,-0.43034685142121565,uniform
-0.9500192365931901,-0.40406873443107383,uniform
0.38871739298518726,0.22488115004147846,uniform
0.22017458410859625,0.20498434708308344,uniform
0.33088748801854817,0.09559856438845404,uniform
0.519627694131058,0.03812752611759174,uniform
-0.5170866029148136,0.26175477402873715,uniform
0.6620372962546797,-0.21647733956719928,uniform
-0.35186064044087084,0.1537591622370047,uniform
-0.322215617570206,0.667830245237109,uniform
0.6021138134284063,-0.5468526450118154,uniform
0.41082888921809513,0.5728912210656099,uniform
0.51665262758737,0.5460270173384854,uniform
0.27878750037261213,0.1623331798262444,uniform
-0.24504840118443227,0.11381961556201503,uniform
0.06836836135139945,-0.5178580083065725,uniform
0.0158405315436132,0.31650695922503913,uniform
-0.6375160726984019,0.8683783864950372,uniform
0.48894381045534807,0.9148663848313259,uniform
0.392145457943597,0.8794918808323109,uniform
-0.23045049040595944,-0.15016101253455894,uniform
0.8695985585365351,-0.11397317258085371,uniform
-0.2184333856680769,-0.811052344262684,uniform
-0.7126483368082706,0.28005239445541097,uniform
0.9927344534020621,0.46935508866305087,uniform
0.5343703891599698,-0.5363920775421096,uniform
0.15826750448597937,-0.28023807878813445,uniform
0.21878573281993763,0.7950325236206726,uniform
-0.37558554030479874,-0.212592024092076,uniform
0.1809719994377763,-0.23912086454145443,uniform
0.7582452083466409,-0.1443729065988506,uniform
-0.5465711363343677,0.25000117870686434,uniform
-0.6755525051805764,0.9362295510535767,uniform
0.5593866696104708,0.7105558834213499,uniform
0.3631329674215651,-0.3855386227897477,uniform
-0.5862997082687751,-0.7071970825056049,uniform
0.34806275242349183,0.4143215373495732,uniform
0.44054935839777354,-0.7845324362211514,uniform
-0.43709976218243907,0.1217499591486475,uniform
-0.3878906617892093,0.6908368611648319,uniform
-0.698767301467506,0.8989952201464144,uniform
0.1154309746856157,0.19508082965485918,uniform
0.2967731232623101,-0.40664476858423404,uniform
0.11431425158451458,-0.006430061360411132,uniform
-0.4448147231654098,0.37571089669933677,uniform
-0.017458814002130785,-0.28496921648206497,uniform
-0.33724631705937513,0.7139519107360217,uniform
-0.32824534793611515,-0.6454467879652697,uniform
-0.11567204712019707,0.43266487791073427,uniform
-0.1775897465830527,0.3763679597366576,uniform
-0.3376731950646319,0.7425496647779919,uniform
-0.16896064311951497,0.7780372856477189,uniform
-0.832912661702049,-0.3646750744304257,uniform
-0.5600518425243801,-0.451531093563879,uniform
0.999706670338014,-0.8415993538628994,uniform
0.26072414170608726,-0.403114798241496,uniform
-0.06102073203629055,-0.07805240050745854,uniform
-0.9527086431424567,-0.3760157880135693,uniform
-0.6596368384853686,-0.945630729607005,uniform
-0.9177732953242161,-0.3063448385970515,uniform
-0.429089056289383,0.7974780152414465,uniform
0.28611671877968026,-0.1865085839764713,uniform
0.1172230085763164,0.421143600020619,uniform
-0.9594370134741113,-0.24403909835168625,uniform
0.20190080614191785,-0.6021135696037494,uniform
-0.955900524029716,0.6133561563487746,uniform
-0.6819923176760354,-0.0380111083229262,uniform
-0.666432727631012,-0.9929916490452451,uniform
0.7195057918646444,-0.10626760224725906,uniform
-0.5827505762089209,-0.5163762938894931,uniform
0.732131788772892,0.6956451798950838,uniform
0.16219925554224712,-0.18506811178389593,uniform
0.3426574259589381,0.2206575675493443,uniform
0.10231540228659952,-0.2904742206143218,uniform
0.2558930911704598,-0.30842962261601037,uniform
-0.8511382732113111,0.7305501493635438,uniform
-0.17465756242723285,0.5713386371130478,uniform
-0.4754011065075574,0.8127528987123183,uniform
0.4637268439437936,-0.41130491278427983,uniform
-0.8486091008691714,0.8547342204721593,uniform
0.5448568711079516,-0.22691176419824832,uniform
-0.8515269243282957,-0.27742361180272046,uniform
-0.27910517056580986,0.840262128609572,uniform
0.032291618572994674,0.3018625915236348,uniform
0.8165629886221577,-0.7633085088515581,uniform
0.5434437382026331,-0.24606268176894308,uniform
-0.9108706595122502,-0.29458055326202515,uniform
0.6837879575557588,-0.44000050603923024,uniform
0.48324004432205014,0.44840533009720995,uniform
-0.6024136034399641,-0.9651765962477292,uniform
0.3815663771899007,-0.30513808790790575,uniform
0.16033234977118638,-0.1817044048655292,uniform
-0.11868658934932541,-0.23253038906774237,uniform
0.6588733109065363,-0.22837749243965577,uniform
-0.4450311446606643,0.35308010069787965,uniform
-0.8268141867601979,-0.3496060886628407,uniform
0.8502816258642099,0.27903559414131807,uniform
0.7708059511385326,0.5559120707313467,uniform
0.6975566920292682,-0.40637140686710893,uniform
-0.2877039375520789,0.06944455529293392,uniform
0.48703628054388637,-0.9682053370637511,uniform
-0.7744367011103452,-0.43259222951643284,uniform
0.9468779332468553,-0.18657973122911264,uniform
-0.014963572717021867,0.24542114728842201,uniform
0.5513570806330617,0.610288063998375,uniform
0.3193563247483229,-0.7149586126454561,uniform
-0.44159515412753736,-0.488008149129183,uniform
-0.8174393553211974,-0.1992865825249326,uniform
0.3239397834361548,0.8130335563136708,uniform
-0.8299319317762632,-0.24532870232596515,uniform
-0.0019560990689313495,0.28884667392088303,uniform
0.033531086672115684,-0.16611580844935414,uniform
-0.6031759610573222,0.8548861859934305,uniform
0.9853918268880695,-0.4263727691576791,uniform
0.6525058588246033,-0.6440664698156735,uniform
-0.15846591883813788,0.46992465522210214,uniform
0.9451498329470911,-0.07589963291721302,uniform
-0.3630283151520093,-0.1930461061551414,uniform
0.8775648949955908,0.05980765845907121,uniform
-0.8833991062101534,-0.37465564275216456,uniform
0.2633494219890815,0.1945181186474858,uniform
0.6123369030389334,0.2864840710051513,uniform
-0.7236307294660087,-0.8709051534322108,uniform
0.3063608359139123,0.9961374221307111,uniform
-0.5083235614555308,-0.16897851386266338,uniform
-0.12950922042785074,-0.7867505636155365,uniform
0.07825798371787385,-0.6023955647372332,uniform
-0.30572205124789864,0.9025718715145816,uniform
0.36565200046134794,0.33594930001244117,uniform
-0.744433644136784,0.41175235833731594,uniform
-0.22621775652231557,0.8348163525405772,uniform
-0.26289815545951245,0.5982291107895723,uniform
0.025236467725226808,0.44787757161411546,uniform
-0.3107810765949477,0.2915739938557742,uniform
0.14241475754642385,0.8370934308787028,uniform
0.810850067226563,-0.3995143210055334,uniform
0.6663673385303124,0.8305290875040063,uniform
0.7944541879650704,0.2041066795370956,uniform
0.08329286999559393,0.40416787804680254,uniform
-0.7799054320832186,0.9365500517727663,uniform
0.5298844878620181,-0.7997165678656915,uniform
0.03328294901004303,-0.37862249861366704,uniform
0.13367735601723885,0.436877305035426,uniform
-0.941647765213329,-0.7237436917516529,uniform
0.24372725129932005,-0.6209253654208964,uniform
-0.7176109637520631,0.004814008800034353,uniform
0.34694956316193437,-0.6268262140897483,uniform
-0.5622301862918051,-0.12250641435563203,uniform
-0.9119077436848333,-0.9817410765448693,uniform
-0.6654669423320985,-0.946244664399003,uniform
-0.0422354196714807,-0.4418731975592103,uniform
-0.3122996397688864,0.6216075470514868,uniform
0.20735532202724505,0.25973020656697954,uniform
-0.29465646183817307,-0.9391710843744747,uniform
0.5588636604521502,-0.7680429438478071,uniform
0.511844667123738,-0.9716616844493706,uniform
0.06765458020286119,-0.7152132133161271,uniform
0.44219748324607266,-0.30226574896268277,uniform
0.036707661743949016,-0.21223500779809057,uniform
-0.9204341258461131,-0.623763746188374,uniform
-0.8223274618830332,0.7763827166582844,uniform
-0.5317791415331372,-0.09231124608041696,uniform
0.8208893278103202,-0.07400032179597305,uniform
0.19100418515648876,-0.8444309357877307,uniform
-0.1678115870299488,0.6362177358410184,uniform
0.8641238190627933,0.8460327180927822,uniform
-0.8614328743562552,-0.657232152330766,uniform
-0.05461740441467011,-0.2669714708778932,uniform
-0.5706427260136471,-0.2839593129220548,uniform
-0.9575998035868776,-0.9038699415485172,uniform
-0.9155776161742117,-0.5496114897328417,uniform
0.26075741898043425,-0.6495048483477674,uniform
0.1328936075589957,-0.8502787316654978,uniform
0.7679805076956854,0.09814066558044754,uniform
-0.0745494572445018,0.3336334954899878,uniform
0.6984366852338311,0.6053066095815001,uniform
0.5935753472536194,0.17183901101775878,uniform
-0.07319597352081253,-0.9148069646038524,uniform
0.10198560181001337,0.5959102276891137,uniform
-0.31309074611947474,-0.1709269219368137,uniform
0.5409554590299228,0.39912570710534956,uniform
0.1822907973882173,-0.7907462778349037,uniform
0.3360439460826323,-0.11458672764117916,uniform
0.30597424173671817,0.6501916258381173,uniform
-0.3753004961159676,0.26165731056412467,uniform
0.6646018525364052,0.0487518793575521,uniform
0.43572196072886427,-0.06900925557006232,uniform
-0.6406869116913059,0.1777386972392465,uniform
0.25947457930803175,0.5878699283608455,uniform
0.44059974151972026,0.8394754719171824,uniform
-0.4625767315548588,-0.5688667956659019,uniform
-0.8328699225920351,-0.9637460815714225,uniform
-0.9916819827435546,-0.5835537633452395,uniform
0.4760873408396429,0.2477926522564624,uniform
0.6346808829768498,-0.02378107516380057,uniform
0.448482600723086,0.19451286051496663,uniform
-0.7736750134335306,-0.46361405642715336,uniform
0.2779228711297157,0.5688028743238065,uniform
0.07627706562028069,0.5475735067991447,uniform
0.6764613674634234,-0.4008769394499816,uniform
-0.32066326409311086,-0.6113404777493316,uniform
-0.9858744138298883,0.42670019747384935,uniform
-0.4423524289457501,0.9426229985352745,uniform
0.7263638284522704,-0.36369494978040073,uniform
0.49644986439395966,0.7654370428631709,uniform
0.026849150530668497,0.048279601465639255,uniform
0.728235883047508,0.6949811206686642,uniform
-0.6084403512444143,-0.9302926307700674,uniform
-0.03375335746464847,-0.9987760656042324,uniform
-0.9220553084889334,-0.8400946140323906,uniform
0.07787988746687846,-0.6999720362359039,uniform
0.8187443392944078,-0.16197246292277745,uniform
-0.5667627828084583,0.8244549028490646,uniform
-0.09956436889552411,-0.8813521592198537,uniform
-0.33785349625951633,0.9997514650808839,uniform
0.6762725878286595,0.526101328017569,uniform
0.3925483310542508,0.8744157927710872,uniform
-0.0354671439773504,-0.013746772150338371,uniform
-0.7219264804437815,-0.9003970538621504,uniform
0.09510226467048599,-0.3127490806761404,uniform
-0.2623344863494175,0.7379156577679684,uniform
-0.3537751015230177,-0.8164387045960917,uniform
-0.4939164986987652,0.19433770267834416,uniform
-0.5404145452623319,0.9613844504792635,uniform
0.2403100437490695,-0.1372391230709109,uniform
0.035506239975769294,-0.9653259809492898,uniform
-0.40094196323579845,0.7457548742599758,uniform
0.7531456586950636,0.21581061498213128,uniform
-0.554481038685108,-0.8949256297016805,uniform
0.034295669447804045,-0.7109446512230286,uniform
0.685284630319902,-0.2164046511879063,uniform
0.1546556299284303,0.6570603984166894,uniform
0.9572173467080065,-0.7849520273758068,uniform
0.9810777029813813,0.9374955885586331,uniform
-0.8522221352802171,0.24619607251732956,uniform
-0.5497889834173977,-0.8002750672465155,uniform
-0.33286614516327195,0.2567851269518737,uniform
-0.23958552568467262,0.7577050317506224,uniform
0.9973622255294976,0.3235164762960143,uniform
-0.47019269990259405,0.521909616859177,uniform
-0.49129527642274984,0.46828913707502573,uniform
0.6446120748699438,-0.21817831339207783,uniform
0.4126801169827323,-0.32322876113078713,uniform
0.007444066330904331,0.25115082027566316,uniform
0.8280662230523976,-0.803356208313279,uniform
-0.8723495973238053,-0.7287822828787967,uniform
0.5022763676412247,0.8612648318254335,uniform
0.028208444882032557,0.6369819023545666,uniform
-0.8654198818261654,-0.8449120481524552,uniform
0.595121369390347,-0.6105494921325334,uniform
0.828899418386986,-0.8192217418124685,uniform
-0.8716009501056787,-0.6357993430870827,uniform
0.3349309720051208,-0.4941738240328035,uniform
-0.7731722581179246,-0.5996020747327311,uniform
-0.7458158339270897,0.8115904431688836,uniform
0.06906560818479446,-0.8897260254683816,uniform
-0.9699511408144099,-0.45300818402050735,uniform
-0.8276870839294383,0.2593358787542668,uniform
0.40043832382976063,-0.3746946813264658,uniform
-0.2599310408552957,-0.585745134115893,uniform
0.8945291392870585,-0.3624734590471519,uniform
0.3412164107123985,0.2000482133664634,uniform
0.12039323621005882,0.32616157728273465,uniform
-0.5713229584063542,0.31102487128652245,uniform
-0.7332531565851543,0.5311218682435663,uniform
0.2562255374043332,-0.4044030656461204,uniform
0.03160999430601663,0.06848364378453287,uniform
0.8433374236054907,0.36996122228389283,uniform
-0.4191953910195054,0.8618877217977134,uniform
0.25200626474179466,-0.8618314698869187,uniform
-0.04456220708306402,-0.0581233872043625,uniform
-0.6476692791231717,0.14496232629915573,uniform
0.9753011417262225,-0.02347164896650633,uniform
-0.25988005523458835,-0.5834883155476995,uniform
-0.5143232950461114,0.7467259573019189,uniform
-0.45145800995148666,0.9827705617919935,uniform
0.23957017359132493,-0.9174467016004781,uniform
-0.10970960077039527,-0.39344171548161944,uniform
0.6050481709499709,0.3763638870332118,uniform
-0.4243637441254817,-0.6686115129117753,uniform
-0.06781869947384234,-0.5997506564273389,uniform
0.46291370742737126,-0.41709325568549227,uniform
-0.8546334709787047,-0.7222887538604132,uniform
0.2689773207570296,-0.45676478291765266,uniform
-0.6569833732822383,-0.7702028069049767,uniform
0.6861384861695656,0.7213775697758629,uniform
-0.2846352068826794,0.1837790626367335,uniform
0.12233638831692262,0.2012853867424662,uniform
-0.15771570710368654,0.06738121918460549,uniform
0.9464153388808634,0.038169817151230134,uniform
0.07316880450315422,0.6935433278431375,uniform
-0.8871005587113912,0.45370504228007413,uniform
0.1764280694032696,-0.6169613790982733,uniform
0.08845931408128571,0.7962701741384837,uniform
0.12388506344267891,-0.09817171277184444,uniform
-0.06066332856871082,0.9632191665866636,uniform
0.5368683033803281,0.7613550338374031,uniform
-0.8239981635114222,-0.7100064169978264,uniform
-0.02293201144747492,0.4899153533650227,uniform
0.3502476209877279,-0.5816595103857536,uniform
0.4259328604131736,-0.7824212968870075,uniform
-0.6970939343476719,-0.10962488214328614,uniform
0.28954122660940573,0.2146478744447553,uniform
-0.3460631039597166,0.09060226151835749,uniform
0.5968117958849264,0.48370435946818535,uniform
-0.6108664614176502,-0.7160145189985168,uniform
0.9706128039865827,-0.34569078950589094,uniform
0.4881222407531878,0.4109864159463288,uniform
-0.4907959811277325,-0.6860463137439139,uniform
0.2786925696819782,0.784017582576072,uniform
-0.6081320693640302,-0.5493484982796939,uniform
-0.07724949022971161,0.4142851094259907,uniform
-0.3128240702229119,0.9305487104779073,uniform
0.273730482089809,-0.36797723277896277,uniform
0.6655777956018707,-0.28288716563700933,uniform
-0.5841980539722109,0.06480813655508677,uniform
-0.1355284168426254,0.4898652193178388,uniform
-0.23528076383224805,-0.017495242544188327,uniform
0.7632594843130089,-0.23958696831672044,uniform
0.00021437673320101602,-0.7236667725764434,uniform
-0.4496268095330669,0.22992101082286842,uniform
0.9952823425980646,0.20725650095185544,uniform
-0.1935824111058213,0.6736287492302231,uniform
-0.5720710359172207,0.6557434721194175,uniform
0.6657683599206918,-0.54302707614,uniform
-0.16190830223451091,0.3354092455904025,uniform
0.0909801739987115,-0.8159028355334497,uniform
-0.6816681836906502,0.7419475441814387,uniform
-0.25845423986377236,-0.34627635245218347,uniform
0.20973307725546397,-0.9551157408045627,uniform
-0.642993488645371,-0.47407620579151843,uniform
0.23957892543020542,0.4654177007301814,uniform
0.7061059403947454,-0.14798918723729781,uniform
-0.23995374695305127,-0.6866223197775243,uniform
-0.5779919936151823,0.9397230184361516,uniform
-0.9054790250149858,0.9508204311175437,uniform
-0.6908250878483777,-0.5941971418743222,uniform
0.5911978194881522,0.9393439948463518,uniform
-0.4454958157063311,-0.3943271624738012,uniform
-0.818664823933811,0.3965586587618537,uniform
0.5414150627382741,0.9692891042116851,uniform
0.551101507231321,0.6315310257643663,uniform
-0.20525766829545167,-0.6732817431435321,uniform
-0.3575506570964391,0.9196707733803284,uniform
-0.9488195570879692,0.4906771141848565,uniform
-0.04645713465604295,-0.7535867933583358,uniform
-0.9045882271425958,-0.8868990176391738,uniform
0.9816419784376722,0.8901015113724338,uniform
-0.4343379403338392,0.590100889930844,uniform
0.7404613275030412,-0.2145851112336039,uniform
0.5690210317979378,-0.7832199288935886,uniform
-0.30484610326343486,0.09477795137556999,uniform
0.7006603689507445,0.051247969218582545,uniform
0.05688441333793337,0.16700248635058434,uniform
0.7882641310499696,-0.4743090573337967,uniform
0.5895939009029383,0.11310361610181885,uniform
-0.5626530896365849,0.26370835718964547,uniform
0.842966450944181,-0.43022527506993646,uniform
-0.3127348767934863,0.11999173697073262,uniform
0.4182916291648031,0.04464854855770395,uniform
-0.4480583500814872,0.7230027030237514,uniform
-0.29476480539370975,-0.6878249794635787,uniform
-0.9644189765457063,0.6813391456894837,uniform
0.06635373788627019,-0.855338959808674,uniform
-0.47534040913679076,-0.5487060502325936,uniform
-0.8132847668289125,-0.45631020198814864,uniform
-0.944785925802474,0.4018905034189033,uniform
-0.44370913111300947,-0.21069301409860342,uniform
0.35831187452276914,-0.8519887437249454,uniform
0.6450807995010972,-0.11242962696509884,uniform
0.15908854226601443,0.45894434455607813,uniform
-0.5703640669037959,-0.9499558323897013,uniform
-0.9964744529014884,0.3125136254973391,uniform
0.14054613825309348,0.5585170905380723,uniform
-0.1680148783826214,0.8376317095383581,uniform
-0.10031535715648321,0.34540700149000014,uniform
0.6893409590199635,-0.16342349040208637,uniform
-0.8963023260080638,-0.8148651709290531,uniform
-0.6842678882450866,-0.8999912512136361,uniform
0.23873832399852812,-0.19943931747131982,uniform
-0.9961855024202138,0.055448612376421735,uniform
-0.03295423427150834,-0.46958362571264267,uniform
-0.7587657011956528,-0.10595467345021814,uniform
0.4564049980716012,-0.2759327725888914,uniform
-0.7268290889140776,0.8665400964403627,uniform
0.6232274289332498,0.08539795657688831,uniform
0.14801366576196595,0.22265979820256976,uniform
0.7928595200221171,-0.5495297191634356,uniform
-0.7284000818883476,0.5196086876456636,uniform
-0.4916101105453077,-0.8784006582543735,uniform
0.11269406919516745,-0.5928768933527102,uniform
-0.5767677143182361,0.8670723757756309,uniform
-0.05175149240537036,0.683520155630597,uniform
-0.5005735963028479,0.45339289664296745,uniform
-0.16696048047686807,0.7447339626674294,uniform
0.3419636844051237,-0.5491310933415501,uniform
0.0004375371212061996,0.6504678439143174,uniform
0.814817538834302,-0.08880028126175499,uniform
0.33041042924882724,0.5020635576334533,uniform
-0.36948533996894883,0.754823752454592,uniform
0.5038376799220272,-0.8020239096805211,uniform
-0.42655378620522333,0.06779323422825634,uniform
0.953232184807947,0.631688709982158,uniform
-0.8295272007548342,0.11255270766726966,uniform
-0.12862453924280404,0.6263673602268773,uniform
-0.44002499377354365,0.252613594964499,uniform
0.28703701107641333,0.47065982714383203,uniform
0.6736249005805162,-0.05834084603865386,uniform
0.9283594871940832,0.5399340386531588,uniform
-0.1452622392363212,0.3396299604339663,uniform
0.24075265012352598,0.014359233240566427,uniform
0.8591674769981081,0.12377000740639432,uniform
0.07757469053189636,-0.93512291662162,uniform
-0.7490870427016187,0.5618625004308138,uniform
0.5786004155717996,-0.46262849484443236,uniform
0.9821883738336192,-0.6091417384826694,uniform
-0.9983951097643446,0.3303624406545742,uniform
0.15070605335066678,-0.7319589470831878,uniform
0.6090710779037187,0.4284884857215321,uniform
0.35289066994294016,-0.03094600225580102,uniform
0.6867949576269661,0.13883784467351235,uniform
0.36550013951825444,0.26871980231343984,uniform
-0.4071606529349798,0.1357527877784792,uniform
-0.03934910126581692,0.24826529766428984,uniform
0.791347033435839,-0.6499473739491235,uniform
-0.6706500291377226,0.6997842897228848,uniform
-0.8232592590390122,-0.10800040114096165,uniform
-0.4935523745747823,0.6450585585821547,uniform
0.4440458706161643,-0.008304095190061478,uniform
-0.8877741699434161,0.7357123533485928,uniform
0.5607210699074556,0.8144662315708568,uniform
0.9336803675034839,0.6989035189271826,uniform
-0.5245145520820544,0.744745165440531,uniform
0.6618190449822692,0.24284991328794536,uniform
0.12741024924892086,-0.6188843834427324,uniform
-0.4830318032182783,-0.020945979144732618,uniform
0.4511664381070517,0.5724478573897624,uniform
-0.4087552415696385,0.37926806995409,uniform
0.7272006937635032,-0.45604630379452904,uniform
-0.09793851984619972,0.9769800047954318,uniform
0.32353895523241993,0.7532290141045348,uniform
0.580334350191134,0.23545342324509355,uniform
-0.5897905758866111,-0.3958900086568442,uniform
-0.9116988651606948,0.034430338832256435,uniform
0.22331078296692075,-0.25172482471000257,uniform
-0.1758535230976559,0.7020037824125498,uniform
-0.7911684429299404,-0.003933801754743005,uniform
-0.5520956816945288,0.8892587422472744,uniform
0.2611654475396086,-0.7842676733662497,uniform
0.022821045944807494,0.9766708247719311,uniform
-0.6991183968520611,0.8809634636673871,uniform
-0.009929518778944768,0.8026316448392801,uniform
0.5633541548843113,-0.23286201339899448,uniform
0.6366131227321123,0.12848347403428195,uniform
0.98332060823156,-0.7305616302766853,uniform
-0.43731721316637184,0.4564302197938479,uniform
-0.38108005928377975,0.007272881010963017,uniform
0.21517022560770127,0.0937104399434805,uniform
-0.7187300550644002,-0.2884493617186008,uniform
-0.03944306349484905,0.4238064532169903,uniform
-0.4439073391623831,0.7591577747415266,uniform
0.09582282924995855,-0.7710433369714977,uniform
0.6209858928218139,-0.568338381246448,uniform
0.3554818596138172,0.22036600491166647,uniform
0.5627186997235472,-0.4440035712073267,uniform
-0.029846180620097584,0.1308353457544118,uniform
0.5203510070349107,-0.4471015496600015,uniform
0.5260770394044085,-0.41863508792602167,uniform
0.012599080105229143,-0.05423326304774956,uniform
-0.30825432498204,-0.045340053131038616,uniform
-0.22171262774998013,0.13906487667114442,uniform
-0.05757390899500514,-0.4420093594015586,uniform
0.39316992374101245,0.3316848882099106,uniform
0.2040305988024238,0.5483073081033514,uniform
0.5127431820585493,0.13956583097758446,uniform
0.9696493751061257,-0.43613028431520795,uniform
0.17036029168270006,0.48175396386473746,uniform
0.9429474350726874,-0.12791181662968532,uniform
0.7177956282611828,0.11438088497086851,uniform
0.5251561408497343,-0.08068088637051152,uniform
0.6316801997332036,-0.747397646019714,uniform
-0.8465734790954609,-0.45354901639480216,uniform
-0.5520738015072588,-0.5132297547267066,uniform
0.5251425944077404,0.1161248337251517,uniform
0.19873767574530432,-0.22056375986802945,uniform
-0.5972782519678319,0.4867823820024666,uniform
0.5038481827532646,-0.465802860020863,uniform
-0.13108886736449765,-0.3727979573722515,uniform
-0.39491460161632874,0.7656285879629163,uniform
0.9241578681256533,-0.10439660027542685,uniform
0.3449511563256511,-0.10929342446508272,uniform
-0.6476584850125029,-0.2787639198024916,uniform
-0.564209833967728,-0.2711845632205325,uniform
0.5212434183842269,0.9171488091588593,uniform
-0.955904005272515,-0.5690478079476233,uniform
0.646526588175155,0.9131640395369938,uniform
-0.9693999533840763,-0.6734453161443832,uniform
-0.13177791436487674,0.0481274719746263,uniform
0.7156880907919578,-0.5253267257715637,uniform
-0.13805451210595399,-0.7528100713788661,uniform
-0.12882915743317613,-0.6667073929019749,uniform
-0.10154670077565364,0.22214417416830368,uniform
-0.43289587322024037,-0.7731636741203995,uniform
0.4730855386836397,-0.14473666254540163,uniform
-0.4838072953416104,-0.5437885976088315,uniform
0.5379422751512302,-0.043992437096704196,uniform
0.8405529365389297,-0.7991224957750092,uniform
-0.8716969978621973,-0.7075788008703847,uniform
-0.9748450443063641,-0.7993497095964981,uniform
0.49891888363215053,0.9234535050152768,uniform
0.5240280254351575,-0.756008984711946,uniform
-0.5316966358898512,-0.08361928370986438,uniform
-0.34038656845564663,0.15766006315906478,uniform
-0.572412562509969,-0.4433533356785666,uniform
-0.6785257826148081,0.8733393988023905,uniform
-0.380553545647873,-0.9687886913386532,uniform
-0.8505456320931499,0.18833915441353577,uniform
-0.15086973548992,0.8787861298635946,uniform
0.5324254942240199,0.6983457891058302,uniform
0.3957621119413208,0.10591212225752167,uniform
-0.33735097905823763,0.33964079197559527,uniform
-0.31108937456061825,0.6264908356434469,uniform
0.8197886564389367,-0.7263011559315136,uniform
0.3367755952494922,-0.06806328270068107,uniform
-0.369341143695624,-0.052843162952245004,uniform
-0.34268364438147825,-0.24027075184692448,uniform
-0.8098952988588688,-0.6604880396130781,uniform
-0.21240703831045238,0.40165021453017213,uniform
-0.7492361066680899,0.7228770013066785,uniform
-0.7376716510367927,0.22809427755737777,uniform
-0.801029462108422,0.3328594018834481,uniform
-0.6828569575214591,0.13134396064003218,uniform
-0.32934457685691987,-0.42580261147303644,uniform
-0.7315296653954584,0.36521938615787186,uniform
-0.15288021347860115,0.0014607741029375454,uniform
0.03898273704435984,-0.09766900490553643,uniform
0.18195632068564627,0.9178693588877116,uniform
-0.899445269462402,-0.8426307744386003,uniform
-0.8450824063971141,0.14644621326773355,uniform
-0.14426047831133548,0.6651803652731088,uniform
-0.8046691548289668,-0.6475481493931194,uniform
-0.862770102151768,-0.3310270735463685,uniform
0.9951025579524073,-0.5380071787886325,uniform
-0.3877861052282321,0.6940276198349418,uniform
-0.6857459923091618,0.3991868504307081,uniform
0.4936821787078276,-0.1829487164160679,uniform
-0.08850975083202384,0.7721060511927988,uniform
0.9174849231494457,-0.20232303974108778,uniform
-0.6960172512302396,0.49199706139341215,uniform
-0.633369757363383,-0.6526232300818324,uniform
0.8059315635326374,-0.09845124155567797,uniform
0.9620953550046933,-0.1477912785537323,uniform
0.9122498670727115,0.2932436946244976,uniform
0.930654674206109,0.9889921842936578,uniform
-0.9910389122008587,0.24706851555686882,uniform
0.5018831915877722,-0.16812232462215793,uniform
-0.8625885488683183,-0.9392617266509671,uniform
-0.15659475831312042,-0.03455035575656429,uniform
-0.08285083868242404,-0.1532260870277744,uniform
-0.4432704860631784,0.903977283331433,uniform
0.3263937430436985,-0.16793377722364733,uniform
-0.5497778033881247,-0.1662472209383934,uniform
0.052458245019192606,0.24438373872275676,uniform
-0.30154201765831457,0.8348016476405649,uniform
0.23244991715582897,-0.7243523350829053,uniform
0.12581214341320646,-0.9302485378980632,uniform
-0.7213716157998831,0.3867553769786163,uniform
0.14450920877376472,0.10393420315709379,uniform
-0.6776721143705153,0.18034151815816313,uniform
-0.1683495429295807,0.3614332622003851,uniform
0.24421244832684708,0.742287579517412,uniform
0.5932547437355675,-0.7248262496911508,uniform
0.5406286025149942,0.2316487477269018,uniform
0.8005954596640164,0.48298580097950317,uniform
0.3736134214451923,0.5515618553395945,uniform
-0.38507981122235124,-0.6508053969117977,uniform
-0.14780857859017216,-0.08152356794022997,uniform
-0.14729545994150905,-0.45888091916912654,uniform
-0.24842711305057485,0.1991317644663606,uniform
-0.1080049867379782,0.4130212943563323,uniform
0.5216307191254153,0.2222445017418353,uniform
0.047468189832054364,0.22263207209935443,uniform
0.9946773389669001,0.736349539333929,uniform
0.7308342971258324,0.4512993890907311,uniform
0.13841988292758534,0.23081600063500995,uniform
-0.5926133505357714,-0.6440434737262013,uniform
-0.2260995503881238,-0.7696504220726514,uniform
-0.7183793094432418,-0.49816723915872574,uniform
-0.5589824296086718,-0.44472053655846233,uniform
0.555901391593822,-0.15839682323573134,uniform
0.8523704376670145,-0.13475878405313302,uniform
0.4245815521364955,-0.2929249779711538,uniform
-0.7933235153037306,-0.48709534969004387,uniform
0.06374021871520696,0.27201529131093016,uniform
0.7426722011305531,-0.775986204338478,uniform
-0.631902858793373,-0.9009560905249028,uniform
-0.5033287265823214,-0.1436823737776236,uniform
0.8570443265347885,-0.3774883407789551,uniform
0.6224995004669522,0.3107654260907007,uniform
0.6337425747094461,-0.5142951409465524,uniform
0.0458103254739044,0.6846152712476168,uniform
0.2047166333354904,-0.39055002204640954,uniform
0.7578182688644535,0.18153902914905662,uniform
0.4274587969763155,0.5163355768329196,uniform
-0.22121834722982237,0.9746320974023177,uniform
0.09646772907751688,-0.20816084465036044,uniform
0.8078505956591053,-0.2050483393305762,uniform
0.4148631164079597,-0.21636950150445888,uniform
0.05260922226764442,-0.46727196162126283,uniform
-0.747188242617574,-0.9422296680349389,uniform
-0.7626382275035979,0.4793995751508151,uniform
-0.8959301808518836,0.4232112137226183,uniform
-0.8127508045960821,-0.8075621450311514,uniform
-0.2612030798749492,0.5251324721551782,uniform
-0.09805618912327185,0.2291496931733139,uniform
-0.8121092284814453,0.9086192389912895,uniform
-0.5388713063734021,-0.8687913949769634,uniform
-0.09552351457785879,0.9064715173837137,uniform
0.716606647652333,0.1442447270031666,uniform
0.482501005967666,0.5484078170873767,uniform
0.9259054710300791,0.42143590531802944,uniform
0.13415396352114106,-0.6821389629526202,uniform
-0.3855708521440053,-0.14828937933336261,uniform
0.5652914129816218,0.15580873873985146,uniform
0.3928936637909999,0.3688726073297586,uniform
0.40866359840163957,0.19744931466400817,uniform
0.10593294008486498,0.035202666334653854,uniform
-0.802821679162877,-0.2567034642856332,uniform
-0.5184866605328897,0.2719301711432882,uniform
0.9151307659956305,-0.5721097865878091,uniform
-0.6848871493456803,0.309550313529837,uniform
-0.0897043840906786,-0.45063850753071777,uniform
-0.8332682677988832,-0.89807098782083,uniform
0.1000427856418511,-0.4260077875995234,uniform
-0.07281200176854474,0.2540250788394769,uniform
-0.45726614248828534,0.740530920388828,uniform
-0.10729646091553291,-0.1698633340987017,uniform
-0.5400502551427242,0.8550601487196055,uniform
-0.526903200346418,-0.09223485048865787,uniform
0.9514638666512265,0.633233272805763,uniform
0.5969405342392049,0.5571289882776655,uniform
-0.5445225430011793,0.7907096555174893,uniform
-0.8904177251843166,-0.047473138543501436,uniform
-0.6762576858826281,-0.2385271634464412,uniform
-0.9438780033903438,-0.6227582330942105,uniform
-0.6261605008067759,0.007516162089746814,uniform
-0.3823670416741254,-0.14489666706940874,uniform
0.5039593787677454,0.27324245039191886,uniform
0.14240616632668424,-0.7616204276813623,uniform
-0.8212039040431729,0.3076841152806462,uniform
0.8565840688753932,-0.770513604745664,uniform
0.44780176959424,0.8106312665836706,uniform
0.027574218121231064,0.6251011225647873,uniform
0.15301466842147016,-0.7107113013375916,uniform
0.25059289520156414,-0.16048109254657605,uniform
0.2109177174132535,-0.7990751986205442,uniform
0.7165463131845464,0.44012438979959767,uniform
0.40915210744728947,-0.23490357051686606,uniform
0.38724085874662073,0.771574428403631,uniform
0.31488806179139517,-0.4142844525590528,uniform
0.434057272190876,-0.9335942359571041,uniform
-0.5730691643975809,0.6917964229326699,uniform
0.5101037856615656,0.40815658926939835,uniform
-0.12481111044689208,-0.7548963527646719,uniform
0.42668317311154946,0.29742270872568666,uniform
0.9854002284796732,-0.17976395827357616,uniform
0.7916008813665949,0.553825472397989,uniform
0.7952451527829258,-0.6575500262347624,uniform
0.014690507000977293,-0.5626544980578274,uniform
-0.766466306895973,0.6006364993643807,uniform
-0.8265353306954502,0.023494286456732683,uniform
0.9378829952328824,-0.4218252540024994,uniform
0.1756785741534186,0.01514187588248106,uniform
0.06481115000367743,-0.7173891834865711,uniform
0.3342774513829223,0.122109366512408,uniform
-0.10182698514181987,0.9583370543029603,uniform
0.14410660535747621,-0.186284636254475,uniform
0.5319203218878823,-0.28529092336517436,uniform
0.330971403937117,0.31280086001407525,uniform
-0.6025835513673155,0.12962231867839202,uniform
0.48394093716188813,0.5393929382659768,uniform
0.6573219779777446,0.5454498035289468,uniform
-0.0772589733155431,-0.13918374008090906,uniform
-0.14881263521430887,0.13577351671931304,uniform
-0.03421883844767182,0.8940048620332723,uniform
-0.557751512212731,-0.31746769107453954,uniform
0.2271226743595527,-0.3827690834330655,uniform
0.8935482305359201,0.46110601368762394,uniform
-0.07603053794858394,-0.5357056125156394,uniform
0.10089045717449574,-0.7607217451371671,uniform
-0.5067114904809453,-0.6776631919312042,uniform
0.053382931320930416,0.24010264136904858,uniform
-0.8472624825413078,0.19519195310954518,uniform
0.0008793200314105576,-0.756929023000376,uniform
-0.7138226041826414,0.832159754068905,uniform
-0.8055327158019028,0.6210050083392376,uniform
-0.06969557772165547,0.1765290804623696,uniform
0.9669506688815128,0.43842702533387956,uniform
-0.1429116562738768,0.3284584964838413,uniform
-0.8736956963596965,-0.7537129030080036,uniform
-0.8973760305953684,0.9589455246454983,uniform
0.674822192723467,0.9403611263992138,uniform
0.5268079457094457,0.40725161000083343,uniform
0.5368582350993036,0.4844046339178174,uniform
-0.8898648693618001,0.9064635180489617,uniform
0.9365031315997427,0.6533933536434695,uniform
-0.5103253897044502,-0.9494040258279333,uniform
0.023565197329951548,-0.13908650902684383,uniform
-0.8053339366868322,0.46666113283495214,uniform
-0.9136406880673462,-0.8198319804513299,uniform
0.5818797370445066,0.9290189204578954,uniform
-0.7406895991281921,0.030087169918452394,uniform
0.4523552390407737,-0.7106270985308889,uniform
-0.953527335803763,0.7351402036697163,uniform
-0.9170175659727426,0.06016360305406909,uniform
0.08023888615961727,0.3537507287779118,uniform
0.675987869826477,-0.44833729232660313,uniform
0.8214447150120798,0.01934716882373788,uniform
0.9896846700495232,0.5371333638662701,uniform
-0.9137402025522128,0.8215281902108627,uniform
0.7921653642391435,-0.9640844239692967,uniform
0.9435752265648025,0.1161129839500481,uniform
0.9423722533172127,0.10768544393634416,uniform
0.704579901092993,0.4765328644766613,uniform
0.36774881175608565,-0.2935329612962225,uniform
-0.6132437653205483,-0.8859746312814436,uniform
0.3184609309924651,-0.3327142065232469,uniform
0.16257775762366444,-0.048733824979406926,uniform
0.9400961251410267,-0.714515565842496,uniform
0.5298364998994045,0.718656352281343,uniform
0.517297347408018,0.4824049024468402,uniform
-0.3107323138151914,0.48260371497395393,uniform
-0.610828591108366,-0.7519848859701228,uniform
0.3715226005575596,-0.45870758403108236,uniform
0.5700521701656451,0.056620859349435504,uniform
0.8631977197674789,0.11806021232590358,uniform
0.7572876373364825,0.7832120934112832,uniform
-0.654034848793914,-0.544783536585989,uniform
-0.4414507547596336,0.9115135448701708,uniform
-0.738390341300786,-0.12407416970238083,uniform
-0.3113091054426216,-0.1138621763822365,uniform
-0.47652671022512316,-0.43012017287846804,uniform
0.48967698320313846,0.9724225763323142,uniform
-0.996343135045815,0.7147922913775193,uniform
-0.7588980447974365,-0.31786164972652253,uniform
-0.4163997372357091,-0.02412740372976563,uniform
0.8546034819555564,-0.571683441879975,uniform
-0.35701017409783775,0.5527306761102295,uniform
0.06213222465580781,0.36949409662554666,uniform
0.5343755335359759,-0.9472389377234303,uniform
-0.17019731994958875,-0.9863466192077401,uniform
0.38688410123738115,0.26412658333720396,uniform
0.6955647525901429,-0.9610602722160042,uniform
0.19769359615239912,-0.9741542628198645,uniform
-0.7108273363425341,-0.33140619829089957,uniform
0.8453435875126769,0.7041094246450879,uniform
-0.03394652228113393,0.16983563658459877,uniform
-0.055117211110863984,-0.04147876355580582,uniform
-0.18936413927175288,-0.6030304343685085,uniform
-0.6017727663372217,-0.6602247619303718,uniform
-0.3727555963095126,0.9920404109556986,uniform
0.46022222784893874,-0.8412594068184145,uniform
0.28976059345545946,-0.162090511871547,uniform
-0.9625600644040175,0.17618989529736573,uniform
-0.8988713211493287,0.06655044882905736,uniform
-0.9690825702061516,0.9062154782722214,uniform
-0.537870878072642,-0.21581377825697112,uniform
0.03887140824580926,-0.5931317703931553,uniform
0.38794199296717413,-0.9897326209009334,uniform
-0.7276268030792628,0.760836372995191,uniform
0.9511214352328079,0.999621630611168,uniform
-0.8967726463563261,-0.9049076532703753,uniform
0.5928130978819632,0.6705053087572417,uniform
0.7193395890335976,0.06788270244959405,uniform
-0.048205774172080496,-0.5608565686401374,uniform
0.5758112486143516,0.7569136927164961,uniform
0.7474825894341541,0.5502189470733061,uniform
0.9037642117212539,-0.6973212477357207,uniform
0.19555879035009527,-0.11213949832292358,uniform
-0.25551944934494863,-0.8732448931570795,uniform
-0.9853925318086136,0.43750711852689417,uniform
0.9406698245725007,-0.8505991703919742,uniform
-0.5384057330894461,-0.3853467605739669,uniform
0.5502597007735843,0.6115157111864256,uniform
0.24674961295410514,-0.8506107687718407,uniform
0.9282833871844727,-0.4572594316153118,uniform
-0.07949673014088598,-0.12358074419332499,uniform
-0.10208061494639598,-0.27505840891444344,uniform
-0.7084440855333389,0.30117797580918326,uniform
-0.660705624173918,0.13149600130742045,uniform
0.8545595779978628,0.09392505253691374,uniform
0.055147190250072864,0.6664708074007022,uniform
-0.9946854147838109,-0.4852402795915267,uniform
0.05578706731799965,-0.794840969535987,uniform
0.839137239521887,0.04226027773443475,uniform
0.4798615024239541,-0.09461753753456614,uniform
-0.06654627422824744,-0.5373234823499056,uniform
0.23479347334836875,0.3771189592808224,uniform
0.8408382263740879,-0.3148605230345898,uniform
-0.3444814956117275,-0.8263841784642894,uniform
-0.4694544972275092,-0.8586336929117302,uniform
0.33973121531125994,-0.5189267909115061,uniform
-0.6406766433819977,-0.24817957255738765,uniform
-0.4772260857428188,0.8642608172390243,uniform
0.0948293277528971,-0.9651805295728513,uniform
-0.5259011982169526,0.542633878691297,uniform
-0.6791611699040934,0.09456480084001595,uniform
-0.10849641395458076,-0.7435213354341721,uniform
-0.8781177483192639,0.2506807547627241,uniform
0.7575942964432825,-0.6967308362581601,uniform
0.5468927153414465,0.07448788783440907,uniform
-0.4163236869894189,0.055754533001686646,uniform
-0.12423923764357236,0.22673462134839917,uniform
-0.34100302448418196,-0.6482099073944152,uniform
-0.6031065069952946,-0.38422696098128073,uniform
-0.6889437470064101,-0.5325395587676418,uniform
-0.6323426124618208,-0.8279939560748555,uniform
-0.8075815734104435,0.16025158153172425,uniform
0.08205045881310014,0.9929018642133036,uniform
-0.5645618979452622,-0.7002131394149662,uniform
-0.5630644844120245,0.5437855865291987,uniform
0.6512122282356474,-0.8175907105162101,uniform
-0.5258479313307238,0.03924480080453985,uniform
-0.6920948873825601,0.9471761196811039,uniform
-0.3305612808494065,-0.7118928178122255,uniform
0.897327516451859,0.035841669855234404,uniform
-0.8913199300988874,-0.40218261837481917,uniform
-0.9606336948283505,-0.0038421272647728433,uniform
0.7174906298445562,0.5631051283406607,uniform
0.7463639634972019,0.9301603007715307,uniform
-0.42444387085028223,0.07891104388682058,uniform
-0.8715863130904762,-0.9854236199043929,uniform
-0.3174814752903765,0.5252521363573699,uniform
0.5490640703982785,-0.2527332490834622,uniform
0.06977793201603899,0.43964522977578957,uniform
-0.18716089217353593,-0.5172169115631655,uniform
0.7992786674082941,-0.14711769752127024,uniform
0.19304979135966005,-0.7304798764066209,uniform
-0.03518066054061242,0.5722309941194981,uniform
0.5689951764207364,-0.7429280018791258,uniform
-0.7596974398367045,-0.7454741155737177,uniform
-0.6482651674387911,0.4471145028172041,uniform
-0.2107115510149815,0.9522722288290346,uniform
-0.25361801620362523,-0.8519469654287373,uniform
0.08361321890135986,-0.903635046167538,uniform
0.8922076966601213,0.1806605686405982,uniform
-0.1617214789789223,-0.9249680475673399,uniform
-0.9909602833363249,-0.25514196786716314,uniform
0.19303897785016022,-0.09953976791851216,uniform
-0.6876113408495772,0.17176741466572398,uniform
0.8166245094136202,0.21696427211119795,uniform
0.1812200062653151,0.7748250815090794,uniform
0.2504189127975325,-0.7392440815866874,uniform
0.2371885659179589,-0.1455098248475286,uniform
0.677769809083389,0.2735589075217948,uniform
-0.6708831485940514,-0.9216204580847582,uniform
-0.20323266709497223,0.7225497971473649,uniform
-0.1434685875623014,-0.3976792661753483,uniform
-0.3732856144447212,-0.6329250630653063,uniform
-0.9938687019323895,0.6686602658448348,uniform
-0.46403554942633085,-0.3505598045618299,uniform
0.22427718159801002,-0.1893097495007634,uniform
-0.1836678140769128,0.49666490853425493,uniform
0.6481672149429933,0.7199369200091761,uniform
0.45803498957372035,-0.08936367001596368,uniform
0.9505825213762586,-0.922001893615604,uniform
0.18334294494898318,0.8982828662469249,uniform
0.5162878282225711,-0.6752663933137997,uniform
-0.6328769976642372,0.7342514134888873,uniform
-0.9039312095890153,0.0961622391318504,uniform
-0.506477944920485,-0.9581282651011986,uniform
-0.32957439992936455,0.03607720867506292,uniform
-0.8735422147329828,-0.14433609530566693,uniform
0.650277440569661,0.2765400373609148,uniform
-0.5218584154896835,0.3363344350564368,uniform
0.9507013371146225,0.7375077080581245,uniform
-0.05145688564191486,0.08711097060585526,uniform
0.8238517189746699,-0.6627303619285567,uniform
-0.29303775192609804,0.8693515427822647,uniform
0.1768807974092137,-0.32230810716683345,uniform
0.12556280010517584,-0.21297254728092208,uniform
-0.10599168849140872,0.5412856474313099,uniform
0.23284527783794262,0.7167184509309485,uniform
-0.21411691915273567,0.30775171532757195,uniform
-0.7256178281428773,-0.9524578030898223,uniform
0.9871343752047912,0.7945955515148919,uniform
-0.7757541935812002,0.09724732686340376,uniform
-0.4939481884328767,0.8622704948049409,uniform
-0.8551053647356042,-0.8118659891584785,uniform
0.4025197757446455,0.6725055692238249,uniform
0.069258566017947,0.29556488660965985,uniform
0.362249690640005,0.3291748998031916,uniform
0.7991638363269624,-0.7347407357123195,uniform
-0.2699580463640108,-0.22995781532000747,uniform
-0.16279921391399022,0.009987209741783687,uniform
0.3146232618548288,-0.3502294772474439,uniform
-0.18613759116973583,-0.9487503185699597,uniform
-0.7636006041826529,0.584109359088359,uniform
0.845694036274409,-0.2219850507014085,uniform
0.41656411475335564,0.6542973513992605,uniform
-0.45741425046733486,0.043694927917173,uniform
0.836498395704264,-0.08822883793905323,uniform
0.6971184017762404,0.027073058557492313,uniform
-0.6695445858172213,0.9729625672025128,uniform
0.4298677198839864,-0.5325832012555092,uniform
0.3872815689530784,-0.883304355048715,uniform
-0.421233782573885,0.5289181416625708,uniform
-0.18245522130059078,-0.3628237118196209,uniform
-0.8090396869603385,-0.09733223809754477,uniform
0.8783702538742457,-0.12303439294667351,uniform
0.38356538092206893,0.7336188303186799,uniform
-0.031214135552657396,-0.5859685397049119,uniform
0.47076361488741747,-0.8271528776371344,uniform
0.7085294648753433,-0.8388299670295987,uniform
0.9571645352788227,-0.5892238150437505,uniform
0.8280795506558092,-0.9868180918407434,uniform
0.129024003390098,0.2665512753094188,uniform
-0.8086094890896927,-0.5019054036385779,uniform
0.2731405851180846,0.33374224045464573,uniform
-0.6722961818920079,0.1866583213733397,uniform
0.01809689754178523,-0.6162910945771021,uniform
-0.7707302308128832,0.6227141594871735,uniform
0.03685631915793697,-0.14100934451334002,uniform
-0.3704220712024773,0.12393606687208392,uniform
-0.759871857047572,-0.4868548562101591,uniform
0.43079674079098695,0.38776416594989915,uniform
-0.13102112349434125,-0.7569038305913685,uniform
-0.04615749182474205,0.060417206109484534,uniform
0.8843701713837038,-0.3430719139438858,uniform
-0.7221194599453002,0.6597349795510152,uniform
0.9268770429451798,-0.5210192681306254,uniform
-0.031142398418610995,-0.17150542713455574,uniform
0.2380369976745984,0.20503001350686523,uniform
-0.5098397426728709,0.4456202318358349,uniform
0.32284318746766827,-0.4155129267111779,uniform
-0.1720633367722999,0.9811889823820013,uniform
0.6248986485501047,0.24928237423438548,uniform
-0.03342392984388831,0.09769699648763086,uniform
-0.39830072892898016,-0.2562411476007631,uniform
0.1504304093966149,0.377884676234159,uniform
0.9228545927139198,-0.6489032490573756,uniform
0.9509614201861376,-0.22856290878112429,uniform
0.021896722385659873,-0.45739657350358676,uniform
-0.28155773296577036,0.46778246966571,uniform
0.7937911768711212,-0.5155842770097945,uniform
-0.10078877379858953,-0.3820772972968858,uniform
0.38376054280327576,-0.2624022337621126,uniform
0.5069168034267559,-0.896794249935787,uniform
-0.8737911770063125,-0.2137921747365965,uniform
-0.1848092668085588,-0.7561071466895668,uniform
-0.4564893773776273,-0.2555854642269846,uniform
-0.9559503603673742,0.4150449251391426,uniform
-0.9325051868712881,-0.4642893068729521,uniform
-0.4147278576753959,-0.1275305859404794,uniform
-0.08427974725940479,-0.3616261177829161,uniform
-0.8866171272307934,0.23045303444959653,uniform
0.7620617450380345,0.7337997010229573,uniform
0.0431830673063196,-0.19429412396950463,uniform
0.030431665044559297,0.04766112754746876,uniform
0.11992640689094447,0.7563302976800903,uniform
-0.5975969649635455,0.3753496956410225,uniform
0.13004431088289525,-0.08818257790233441,uniform
0.6640390277659107,0.22412562377557044,uniform
0.343429342384721,-0.023510923214334678,uniform
-0.9599849535826386,-0.045689215722011456,uniform
0.6499014694135825,-0.3344017748227346,uniform
0.0652566573465545,-0.635430467216556,uniform
-0.037889691127672265,-0.3340414066668018,uniform
0.062499506934145854,0.6018241036918013,uniform
-0.9900831846498919,-0.6659459964939032,uniform
-0.7689809816195943,0.967962336341138,uniform
-0.6545787534613683,0.5220146929766238,uniform
0.13024927113112783,-0.4849152305399653,uniform
0.9022220547529907,-0.34021907774674887,uniform
0.20674065441454448,-0.8719865101136315,uniform
-0.0025040223646057846,0.8134671697705027,uniform
-0.9454293210218319,0.7893072458219117,uniform
0.48149437140809104,-0.211239610682721,uniform
0.7151161302164935,0.2178030299061844,uniform
-0.6287618323730939,0.5601605938150978,uniform
0.2580866614255457,-0.5067530754331258,uniform
0.2707482751383996,-0.8161721400670903,uniform
0.8084299292023671,-0.4853492084512969,uniform
-0.9767709423029105,0.3107945595174366,uniform
-0.19070146894356999,0.21669586224160575,uniform
0.14416026938385507,-0.7021222777674057,uniform
0.0760747088019027,-0.010343022175121508,uniform
-0.32032445988431957,-0.49555812333935645,uniform
0.8395466438603154,0.659938523982676,uniform
0.527372847908542,-0.8134476090221132,uniform
-0.7053672743015902,-0.2309988989740146,uniform
0.23294301307094845,0.8432588031733816,uniform
-0.19888086755516432,0.3394749729404447,uniform
0.1846604363346136,0.845570857573712,uniform
0.1305044382266609,0.4440165046106186,uniform
0.5110476703965099,0.9382236972544435,uniform
0.8046270207935935,-0.901064463826263,uniform
0.21809755315533397,-0.082450238186492,uniform
0.020797899598554714,-0.5690763770860114,uniform
-0.4223847571325572,0.5804551071319684,uniform
0.6390511496985736,-0.18886578066819726,uniform
0.9545982067102041,0.018103991094081673,uniform
-0.35039951748731113,0.7177238291573669,uniform
-0.3083385068225495,-0.9329978489591197,uniform
-0.4372238107185784,0.9819382749612964,uniform
0.9695111044271731,0.2509901105085879,uniform
-0.7650768569704682,-0.7962016528906082,uniform
0.3502522844425999,-0.7590757875561505,uniform
0.15164649910206673,-0.8401665380674579,uniform
0.40365753039746677,-0.188752164893359,uniform
0.43862549139092,-0.3976267204266264,uniform
0.6009413978302409,-0.3729746611466107,uniform
0.4054117443794163,-0.769684718175675,uniform
-0.6291421190690831,0.8040061197016835,uniform
0.6017753507181318,0.7166727022675425,uniform
0.23304999965563278,-0.5123228463243412,uniform
0.9038710245957937,0.8243007395543323,uniform
-0.7453476495473013,-0.33719683007761225,uniform
-0.31295362289771655,-0.634256316093734,uniform
-0.7489122209118397,-0.6882721594260683,uniform
0.42648384062359335,-0.9666686546180931,uniform
0.8982662966719561,0.3338877733414236,uniform
-0.9527107082416919,-0.11915397286640506,uniform
-0.07052317707012956,0.3752884528236824,uniform
0.5122012860634191,-0.925808948998154,uniform
-0.5325268201438131,0.4593081124436482,uniform
-0.5501798058571772,0.4605302593903422,uniform
-0.6221381717187466,-0.43920904710249187,uniform
-0.6611444490948419,-0.30618554528173947,uniform
-0.7733657333608321,0.5260625059143031,uniform
0.5266390085533785,-0.19756403246209953,uniform
-0.42887119740828084,-0.23515692407154254,uniform
-0.1723302849423134,-0.7277677588673115,uniform
0.42633012102839074,-0.5439530763492044,uniform
0.12882975775715,-0.32940572874803253,uniform
0.5297523733814573,-0.7457111641797902,uniform
-0.9918845858832817,0.8997342211949122,uniform
-0.41937702476095406,0.8092900332389013,uniform
-0.6337875447523167,0.5439269063848011,uniform
-0.967397657501504,-0.21301855729571373,uniform
0.09782819007103982,0.30984362593610837,uniform
-0.9994713817685918,0.8541596510119545,uniform
0.9589331940570929,-0.7283481515344656,uniform
0.026304718131408666,0.18172056367087275,uniform
-0.7288815356130092,-0.7108140679439772,uniform
0.3553875684089185,0.5167498191333395,uniform
0.43297337759586596,0.09388182154681979,uniform
-0.03886615044194963,-0.8642528659775464,uniform
0.3348901307484089,0.44189440658770307,uniform
-0.22667443593950676,-0.3555540440276075,uniform
0.17220260121857467,0.2548706290546543,uniform
0.5944006112685463,0.6442232737185889,uniform
-0.16851975356060156,-0.3910106604272907,uniform
-0.3003002898071836,0.7463419247013605,uniform
0.04987772124896295,-0.39951440083057155,uniform
0.7505903534751164,0.14579546006399724,uniform
-0.2365735629536163,-0.36696904368453875,uniform
-0.294816723407213,0.43324250204209447,uniform
-0.7980486429300411,0.9416861354887291,uniform
-0.8937641196308184,0.8496034102249659,uniform
0.27674152449106093,-0.31530622849006473,uniform
0.6155759533426728,-0.9348985328207728,uniform
0.22237148296488796,0.9067075904101192,uniform
0.4160693888799982,0.09053861281371911,uniform
-0.13954144898653964,-0.7812552284650727,uniform
0.5212842953924641,0.6820502339282417,uniform
0.13476508902556317,0.4327136610026352,uniform
-0.8592092379243454,-0.9803224971436111,uniform
-0.6735809404678477,0.08284066851818728,uniform
-0.8193460351403936,-0.8050343473493917,uniform
-0.8961307149159186,0.519037848326364,uniform
-0.2750402984387441,-0.36933121157963344,uniform
-0.3790727256081454,0.7025926768160313,uniform
-0.9520041009450655,0.06111434666106397,uniform
-0.2914702695579494,0.6466483361566555,uniform
-0.28523187972763675,0.449062871192921,uniform
0.3691306438461659,0.2972300175008227,uniform
-0.8972022662582504,0.653753672959821,uniform
-0.4343387539423218,-0.48213757102254906,uniform
0.823186783904466,-0.40562174969504095,uniform
-0.3480752815798267,-0.9024094430084357,uniform
0.8275908895537145,0.3985601728695338,uniform
-0.2979917965062766,-0.23271603389892936,uniform
0.1364467961025786,0.29718354493516475,uniform
-0.26001313604532905,0.2390679770784887,uniform
0.6324146918291513,-0.6843188646035587,uniform
0.39861022280828173,-0.17825527506438466,uniform
0.703861215882559,-0.5331333201594821,uniform
-0.987605909206031,-0.5336625262895665,uniform
-0.6100079863033232,0.5667820869513949,uniform
-0.12702102374576096,0.7431954401413274,uniform
0.33128071994713926,0.13689622492734732,uniform
0.23905203015911414,-0.34540342567381854,uniform
0.7596640979217535,-0.7159628674971397,uniform
0.5764836169029117,0.30535969751570713,uniform
-0.41295478391528206,0.48363081586638157,uniform
0.2728315897634801,-0.278979882973571,uniform
0.5569303968944088,0.019843600195192712,uniform
0.8562110719656733,-0.6401771753033569,uniform
0.8967838337189395,0.3032586291337751,uniform
-0.7116262246411182,-0.7518748663581905,uniform
0.13267971859320382,0.37770444049548235,uniform
0.45613758914708313,0.2597121347253972,uniform
-0.28189051363367623,0.6994663255252427,uniform
0.5283793942198569,0.47077943897723706,uniform
0.9493228542435841,0.9730048898905848,uniform
0.37204625457382523,-0.10885276601233174,uniform
0.8672313295659413,0.3473267285976853,uniform
0.6395880548388528,-0.7596945259380101,uniform
-0.6913173423176371,0.4964770558190126,uniform
-0.27867829766398144,0.9712610343933727,uniform
-0.16161436638328386,0.9356787572585896,uniform
-0.6155354125758914,0.8843935714010842,uniform
0.34751928411933086,0.15177052566289584,uniform
0.9215879651142704,0.5810854400290801,uniform
-0.7743399221444192,-0.4072669344017974,uniform
0.7956496826737598,0.11583129967754391,uniform
-0.26234245518000177,-0.08884722068482453,uniform
-0.10799478348396785,0.3040346230938349,uniform
-0.02363367436186392,0.7918864526405416,uniform
0.8059957885363329,0.504280270992864,uniform
0.4432651206959062,0.3069237324258898,uniform
-0.8428285044962918,-0.6253013540210384,uniform
-0.18883572080068722,0.0906383626595233,uniform
0.6906688483077124,-0.8943048071512474,uniform
0.34019517329872606,0.31913990805123005,uniform
-0.22503525373786326,-0.4879581152965924,uniform
0.7901066641681249,0.32893089250191765,uniform
0.2739473688338363,0.21942806340451515,uniform
-0.7184184603346562,0.5713075195608428,uniform
-0.3107346994805331,-0.15789372173342509,uniform
0.15613694900926633,-0.5082486005383111,uniform
0.029519620229612853,0.7716051100060082,uniform
0.2940328709505047,0.21139309959169883,uniform
-0.2523230899747575,0.3182971658594673,uniform
-0.14163068701444725,-0.8158653943392851,uniform
0.9207621786830193,0.34649667377880045,uniform
0.10470691926960263,-0.7629929770209758,uniform
0.8804163604603432,0.7997842844097596,uniform
0.5903297490418074,0.5757699621840358,uniform
-0.23072906150380423,0.0373564420677408,uniform
0.06026673292368523,0.03645016361496922,uniform
0.6529303696005715,0.8707458309980853,uniform
0.9119387443914868,-0.13528919936718165,uniform
0.2066110789887443,-0.2759321268470736,uniform
0.925817931196437,-0.13557706426153193,uniform
-0.9311346881215001,-0.5054400289809908,uniform
-0.3666475019370119,0.5726214302191639,uniform
0.40731641937244656,-0.7235363877277075,uniform
-0.8712318580716334,0.7770860742039205,uniform
0.18572470489024062,-0.05766737030672564,uniform
-0.2927527381444628,0.311915444572459,uniform
0.413215264890725,-0.6335704302678093,uniform
-0.9913840216806213,0.6785819490813432,uniform
-0.6930813564151079,0.7893456937532235,uniform
0.879977436618242,-0.30038287411550013,uniform
-0.6140761736946336,-0.0009112106356365945,uniform
0.7364510385158531,-0.010817400365548568,uniform
-0.6756086503577303,-0.05291513344747356,uniform
-0.1446856049961418,0.8683361495171511,uniform
-0.6290361084568874,0.6664788777746975,uniform
0.32640300528188115,0.9462025165262482,uniform
0.7669089069999975,0.6543124757790584,uniform
-0.713905133132388,-0.12473427784706348,uniform
-0.6247029266432034,-0.38500546314546624,uniform
-0.9157295034609847,0.3728343586264995,uniform
0.46393316889170655,0.4303459198578212,uniform
-0.20733880470398858,-0.41114733936022474,uniform
-0.6671472015384596,-0.07608470615806451,uniform
0.5040179968902458,-0.6781952915637248,uniform
0.4671115266009864,0.7409169873170915,uniform
-0.5359902538756733,-0.138192002618996,uniform
-0.8025155855941659,0.6218865305224408,uniform
-0.9429130662199312,0.8587691793051939,uniform
0.6850044710310934,-0.9632974966156986,uniform
-0.8770939823897921,0.32557410167645484,uniform
0.3053118155417893,-0.5643239756930396,uniform
0.8044250128938844,0.012946532672192479,uniform
-0.012860749281815131,-0.11138721900465831,uniform
-0.008413229088560126,0.6714585052427622,uniform
-0.28356308536412955,-0.27041072781316666,uniform
-0.4511755345782913,0.432126951604765,uniform
-0.7106514476316668,0.9517726832843967,uniform
0.16945532275198927,0.4258041685230036,uniform
-0.8647626823625463,0.12929813445214644,uniform
-0.8055455736114836,0.9962611336569025,uniform
-0.02089352840474734,-0.6931546240398323,uniform
-0.7657965462423624,-0.5296611572159675,uniform
-0.6989512955746096,-0.33022051791201923,uniform
0.8093447403549536,-0.6881737987589518,uniform
0.7888014421795417,-0.7214902553149349,uniform
-0.07949024903806912,-0.47969735209551456,uniform
-0.7765878082737623,-0.5185840390354182,uniform
-0.9158207163762888,-0.7134683181474188,uniform
-0.8740417872364332,-0.8543670018142406,uniform
-0.3433809818974505,0.3421185014274357,uniform
0.6861829698955726,0.4557094591575521,uniform
-0.306315466580664,0.14669187545488183,uniform
-0.8242450888922528,0.7815628331084681,uniform
-0.8030520411291411,-0.11774386030226136,uniform
0.1121251699537098,-0.7602796102539693,uniform
-0.15775185852357998,-0.4376984318086259,uniform
-0.6396770707949218,-0.7239754086967107,uniform
0.6968645827314972,-0.7187782137388916,uniform
0.06609814984265205,0.5194648729536102,uniform
0.9828301157201942,-0.7492981572158299,uniform
-0.4299720523555113,-0.314713991162779,uniform
-0.8250692920404477,-0.7128170267451792,uniform
-0.07932040228290727,0.37963906976538464,uniform
-0.05462812352878954,-0.6376855285242122,uniform
-0.39989668570896475,0.559285961326053,uniform
-0.8343227179759602,0.06837109498628613,uniform
-0.14798112738599567,0.6673958288402264,uniform
0.8783984811756989,0.699882209163349,uniform
0.14631112869011043,-0.94398956441448,uniform
0.43020261304349816,-0.039192301801539875,uniform
0.1394291963183203,0.6322357525084115,uniform
0.7933902479409416,0.2725933178411355,uniform
-0.18331866084970105,0.7036719534206355,uniform
-0.8358622827535891,0.6206198883116245,uniform
0.058532133681224785,-0.8436740025690725,uniform
0.8437479211389058,0.015549099208969741,uniform
0.4397604595742617,-0.9218746305825731,uniform
0.17537926216016353,0.7686154430870396,uniform
-0.5881960922900884,-0.1848405012832497,uniform
0.04964172172026893,-0.1879093942742298,uniform
-0.9678822599224164,-0.546761420733088,uniform
-0.5000501640356478,0.956342612282312,uniform
0.23974407470008474,-0.39127674344329555,uniform
-0.8957353702769608,0.9864589430347379,uniform
0.6736614341068929,-0.8026219033211264,uniform
0.7353569639069104,-0.6414728994962431,uniform
-0.9305401228231187,-0.9811886187845225,uniform
0.181971164809001,-0.804160767285987,uniform
-0.0348724983482831,-0.10729823143339301,uniform
0.8029316613346118,-0.9676209642585509,uniform
0.08276440642535143,-0.7090180429606525,uniform
-0.8578745896124189,-0.4302862241668701,uniform
-0.932681735569348,0.8022961407691049,uniform
0.23415901436271214,0.8769499304734922,uniform
0.2664108392803459,-0.1859757672354163,uniform
0.31983059644086564,-0.3302299395114019,uniform
-0.4510732680755649,-0.19858421362499934,uniform
0.643535068271192,-0.8880174929684739,uniform
-0.4490303264910207,-0.8738104996704004,uniform
0.9775373270181904,-0.2226172782866751,uniform
0.45123535063785414,-0.13341064608387843,uniform
-0.7753654230852203,-0.4546514053133235,uniform
-0.9934731198237088,0.19987263185136506,uniform
-0.27207166516600356,-0.7055213745941222,uniform
-0.5365126650732559,-0.33770581558747037,uniform
-0.019164726283482425,-0.5090300768666984,uniform
-0.3156626017033062,0.4888613861341715,uniform
0.16574711982218626,0.5475262631188391,uniform
0.5742212601663403,0.13372736846048872,uniform
-0.3674409965958336,0.07547598808107181,uniform
-0.07140545659642106,-0.4467432056307541,uniform
-0.9250825445479516,0.42168345582386535,uniform
-0.093632652607891,0.3965688174248734,uniform
-0.2745722973131608,-0.06434764099205026,uniform
0.09690300899309423,-0.6481798549949009,uniform
-0.9227345938520051,-0.30689079690844223,uniform
-0.6338678239098816,0.9764272270909677,uniform
-0.3238518767344176,-0.008759552940788673,uniform
-0.1686422893957793,0.7406784439586342,uniform
-0.8041507349002015,-0.03645451785602871,uniform
0.7799729291111237,0.6335046880701818,uniform
-0.015233586131935484,-0.5197901046428455,uniform
0.9043185861124778,0.03305619253486847,uniform
-0.6016540446468084,0.23245107123570796,uniform
0.06785757000130777,-0.12706491582405555,uniform
-0.13736539892113853,-0.4275063289124572,uniform
-0.790474717992915,0.688340488138754,uniform
0.4525206465046854,-0.2468450157768196,uniform
-0.11253270693956319,-0.7458432167422941,uniform
0.6641485165818799,0.11865489636696047,uniform
0.061678307980890246,0.7790014335340114,uniform
0.6918909816450662,0.8829242355847748,uniform
0.6414344155585034,0.13059159591087366,uniform
-0.673535238168206,-0.9718747774483243,uniform
-0.3059753801920153,-0.4972254054828693,uniform
-0.2335588744560564,-0.7810291413346251,uniform
0.35690131507895884,0.053566511994110666,uniform
0.3404253748458477,0.6302371833250633,uniform
-0.5567743039936872,0.0012615808651919025,uniform
0.7673260331202127,-0.23267270041121435,uniform
-0.18572892350782988,0.6146394854517214,uniform
0.44461229230602717,-0.339745654176429,uniform
0.9339863063673102,0.23211811094951362,uniform
-0.668952155525816,0.8023897100177513,uniform
0.7906186379570279,0.7291690274248821,uniform
0.06712111429951917,-0.3377232884836896,uniform
0.27249194404782995,-0.44714248216898067,uniform
-0.256302788997117,0.07762501205968264,uniform
0.7654057843838764,0.21945530377087508,uniform
0.8817592143700408,-0.11082291429394941,uniform
0.40578426795372313,-0.8518115568502416,uniform
-0.6899454299650258,0.30376125011201927,uniform
0.6207934197705387,-0.774580202190017,uniform
-0.13047644445523643,0.38575116233335294,uniform
0.7639806700971428,-0.1832891277570763,uniform
0.1619599501097635,-0.36535608409394404,uniform
-0.1314897086569855,-0.08375132018999243,uniform
0.744410332101487,0.7793074564547129,uniform
0.050714007487700385,-0.9151335320091627,uniform
-0.632969220601231,-0.521413623797919,uniform
-0.09966835015234343,0.7768548744023243,uniform
0.7805165410525476,0.7857538373057,uniform
-0.23498491609922034,-0.5106029917017982,uniform
0.49027308881866705,0.9952902931254688,uniform
0.09639607182677801,-0.6296535604797975,uniform
-0.5496992405980645,0.3647979761360416,uniform
0.8680120286857422,-0.2795942037279098,uniform
0.4741287656811477,0.3173391943464665,uniform
-0.06069686217028636,0.6074165652146939,uniform
0.9834050916585273,0.7935712083856656,uniform
0.969757111861129,-0.9475352021115191,uniform
-0.9702039825280817,0.18821375705581378,uniform
0.38586452748306144,0.5686018514919904,uniform
0.9439579187660658,0.388456038978914,uniform
-0.4474308543125314,0.28532292079936994,uniform
-0.25844840232495625,-0.8961846672050771,uniform
-0.2336499992944927,-0.9217431968554162,uniform
0.281765553245958,-0.48171407276260325,uniform
-0.2374295716056789,0.9416761173281014,uniform
0.5677098811976204,0.08604763377735591,uniform
0.10847766143184545,0.19640940087382286,uniform
-0.6704163645564147,0.25745633530456,uniform
0.9029896987959496,-0.29812079750460874,uniform
0.062030486287329545,0.7079154247935511,uniform
-0.29951970406733586,0.3480655791717582,uniform
0.18960849028364635,0.5121941364884672,uniform
0.7824563669951685,-0.8607120550459715,uniform
0.5373241358416971,0.8600078979450321,uniform
0.0420266745336253,-0.37487677160697164,uniform
-0.09869378174707366,-0.8400770077861575,uniform
-0.46450005319744525,0.9020648892764642,uniform
0.5533805951838884,-0.6772101362216114,uniform
0.11780680178393488,-0.046967363149265084,uniform
0.30425161562059344,-0.5258487588423542,uniform
0.3905568865310336,0.8268579301297541,uniform
0.7808051398409095,-0.9739601331845136,uniform
0.8224857864776267,-0.40377562524321986,uniform
0.05126441822235961,-0.8063277012085497,uniform
0.6035294103598963,0.8453093069420476,uniform
-0.9351642079335722,0.5884502293127714,uniform
0.5978981723886496,0.5800561359550316,uniform
-0.25760226013923737,-0.43567552589521563,uniform
-0.824464883382418,0.8779449149979048,uniform
-0.24530496068310859,-0.597175565211739,uniform
0.41744562325887635,-0.17226871145136813,uniform
0.5064942654704747,0.3902281607499194,uniform
-0.36072835137783743,-0.6714805185937502,uniform
-0.598030167019455,0.3949722321853477,uniform
-0.17941654851639655,0.9424136410755735,uniform
0.5840937852972525,-0.548951180264144,uniform
-0.5919584155589124,0.7664822877693147,uniform
-0.3691580627304476,-0.19800940995763772,uniform
-0.5366077436634207,0.5714398229683477,uniform
-0.9502166856577685,-0.37551434963586505,uniform
0.8971337179713228,-0.7321674088559902,uniform
-0.5269751418974602,0.08726580653700244,uniform
-0.7233786340705668,-0.20415594360420042,uniform
0.35199573168673504,-0.1602465297137594,uniform
0.8888388939763106,0.8966744712971499,uniform
-0.050492367258828885,-0.37811165558692594,uniform
-0.4608180902200858,-0.7691136472355655,uniform
-0.9116462883725851,0.4474270939593439,uniform
0.49977224378763285,0.11302926664125712,uniform
-0.6812209751869187,0.6364854631877015,uniform
-0.39013347785999075,-0.8530793660638909,uniform
-0.4532136989981361,-0.6153091321058173,uniform
-0.271535209391379,-0.19234173321536274,uniform
-0.01748301101950256,-0.9581706569081083,uniform
-0.6008564559686322,-0.015473978232295238,uniform
-0.766957297566629,0.6158681563946842,uniform
-0.4989068335464717,0.3589662741996118,uniform
-0.14313143656215677,-0.7796269865865642,uniform
0.998384856173256,-0.3925077141089184,uniform
-0.23456923001258745,-0.4808941520128538,uniform
0.6214340100919422,-0.4525862793953548,uniform
-0.6354954630080523,-0.1572624250085055,uniform
-0.6002644865056552,-0.17257864705932158,uniform
0.14290693179870528,-0.3738802343505956,uniform
-0.6783216612455176,-0.1876782728930717,uniform
-0.9552147761947598,-0.22332970243313532,uniform
0.35209243454670625,-0.5870273323569879,uniform
0.6420778682285995,-0.7541868715775975,uniform
-0.9716706759120604,-0.10438605328072081,uniform
-0.28632090816423994,-0.3826927909621505,uniform
-0.03677394220011543,-0.8068019611634161,uniform
-0.6695711980642514,-0.6562020815846108,uniform
-0.7351074054655979,-0.08311459892474793,uniform
0.3996893036460325,-0.6340582534191104,uniform
0.8650187140140286,0.35212690779445555,uniform
0.4141287192048828,0.39181643431998414,uniform
-0.32893893202952906,0.867967979094628,uniform
-0.6046345269005613,-0.8120025283472041,uniform
-0.10344868693478593,-0.21568834687150784,uniform
-0.327489507199884,-0.3806619665362412,uniform
-0.16262440490618357,-0.5579970740538391,uniform
0.2643581761730702,0.25376421825880446,uniform
0.23881138233850785,0.15120014667432735,uniform
-0.5937850404748888,-0.6745913684449136,uniform
0.7790614431919212,0.43893259282003494,uniform
-0.7378965453958626,-0.08759915685537956,uniform
-0.09109881665959096,0.162802159043117,uniform
-0.2146471021870171,-0.6932576539765722,uniform
-0.010580031372038556,0.3261132931220663,uniform
-0.9566917697236346,0.40906744693743446,uniform
0.09403514791058165,0.31288029858831634,uniform
0.047757813944625305,-0.39559227983128564,uniform
-0.4967016801571098,0.49033132305645766,uniform
-0.055211198962845875,0.7978857158303108,uniform
0.12642644255902158,-0.16338310498927844,uniform
0.7155661946545511,-0.0766256279808244,uniform
0.2855533171334075,-0.04318399664603989,uniform
-0.3054516338161197,0.49850367387278816,uniform
0.4506427161411739,-0.6234112406890444,uniform
0.3315627336235194,0.7959144141568446,uniform
0.5651902896060916,-0.7325626739095568,uniform
0.39290334834876806,0.46837357254943446,uniform
-0.582844098639236,0.4122724514149154,uniform
-0.43959111801488504,-0.337101059345589,uniform
0.8222227175034449,0.8877172528515829,uniform
-0.8698655792631493,0.6117870525450719,uniform
0.6583708500577115,0.8680666015064475,uniform
0.3675498199307019,0.8272457473228938,uniform
0.8487277094959469,-0.31777134339037194,uniform
-0.9291675263785337,-0.14908225764526817,uniform
-0.3630854012190423,-0.9652089151870702,uniform
0.783829588894458,-0.6069583550364537,uniform
-0.028465559305677735,0.28402023063963266,uniform
-0.6622105417917306,0.860284466320342,uniform
0.6719927665543064,0.3947746792504063,uniform
-0.17075049791767993,0.28109322528175285,uniform
0.16700042800734183,0.13568128212111086,uniform
-0.7710195075943111,-0.9447116706424186,uniform
0.6136688014480669,-0.37505674976961556,uniform
-0.5701855518918542,-0.6386974660777691,uniform
-0.27543520048222336,-0.3391032710597508,uniform
-0.42035523618101367,0.06695863972618432,uniform
0.7839933777593888,0.31444408517221456,uniform
-0.17597492239335932,0.10368631702933762,uniform
-0.00016310785942685868,-0.5484420056752786,uniform
0.9976631650191554,-0.27991679412761816,uniform
-0.414655665693183,0.05616648572374405,uniform
0.7389446238792066,-0.032431301937159596,uniform
0.772411879323323,0.12172318487629252,uniform
0.9081202284509287,0.46551042626630834,uniform
0.0019064725555673068,0.8981779808624115,uniform
0.02039349434182891,0.41334218088757324,uniform
-0.1894976984190324,-0.25459821278326666,uniform
-0.07794837443662694,0.08674920918870499,uniform
0.9734710098971553,0.5705633702908317,uniform
-0.6475509134041044,0.11928069304781785,uniform
0.13119534363458407,-0.2393453634957945,uniform
0.973591945081351,-0.9436304870212444,uniform
-0.19633586191623542,-0.164130572353975,uniform
-0.14761810529305164,-0.16574853317142013,uniform
0.198011654500581,0.8442821658359139,uniform
-0.3923316103115655,0.3913868887939975,uniform
-0.03990030953476187,0.375652699788126,uniform
0.40804721617452877,0.8538113427781446,uniform
-0.06666522807311437,0.9655901465434207,uniform
-0.4339735091600643,0.7353017464388198,uniform
0.5889073916231242,-0.5984957362635703,uniform
0.14029756726656806,-0.88858197364553,uniform
-0.23262429718017175,-0.6638069239004643,uniform
-0.4851653107937721,-0.8497168203925609,uniform
-0.11459835189779399,0.7985191404347265,uniform
0.9406850203041279,0.05521505282737538,uniform
0.18955964176585405,0.8970936483445235,uniform
-0.7297210946884993,0.3103518378446406,uniform
-0.8843146455092976,-0.2689230399780207,uniform
-0.43908616055111716,-0.3036855698006471,uniform
-0.4596425222453411,-0.8207689612882239,uniform
-0.7877131186799868,-0.5073209180139233,uniform
0.3818771815112878,-0.31462135910992073,uniform
-0.12468826353404827,0.04956782625751299,uniform
0.7589051843978658,0.43971659305687916,uniform
0.15139907901964644,0.05775342015749407,uniform
0.6363210615285675,-0.3337897090296613,uniform
0.15520946651061007,-0.6495234017188363,uniform
-0.42379719735148846,0.43713194087240215,uniform
-0.5510991961070295,0.49708770633019816,uniform
-0.2338048400357302,-0.8254682123103858,uniform
0.2606578983644472,0.9434207418262348,uniform
0.400187185700702,-0.6474155312910443,uniform
0.8241662291477017,-0.5537182068162274,uniform
-0.8189466002940948,-0.23431052332031843,uniform
-0.6754006984555416,0.790319347086011,uniform
0.7480516502398837,-0.2936889505560185,uniform
-0.7441050348924958,-0.6653199781726478,uniform
-0.35977950229719613,0.894697016619658,uniform
0.5431821863438255,-0.46763390844271524,uniform
-0.9964968717875016,-0.2796820759220333,uniform
0.7553797943135518,-0.8111629312805919,uniform
-0.7712211752052958,0.7770232081352089,uniform
0.440623465027407,-0.9611178297804353,uniform
0.07871760231666003,0.3324914852312697,uniform
0.716389066844092,0.5396474131787066,uniform
-0.26367665236472004,0.05178522866661428,uniform
0.5314106957815403,0.14689312627594364,uniform
-0.1433840887435185,-0.6981182151976171,uniform
0.7628365934589811,0.6264892008676148,uniform
0.6547717493661591,-0.39119440971343655,uniform
0.366167575835322,-0.6759953899284479,uniform
-0.451910557177138,-0.9549112141231764,uniform
0.34296733716424677,0.5711338409525002,uniform
0.4328733803264344,-0.675676849183914,uniform
-0.01120098009467263,0.5004726279989213,uniform
-0.6013236745518065,-0.6774205132186906,uniform
0.2562161148458484,0.6243824696386404,uniform
0.042667072298554265,-0.31339288707547275,uniform
0.5960582173829252,0.17682462374701813,uniform
-0.46297613910705926,0.12822475140778078,uniform
0.8336686545007752,0.18228992086585838,uniform
-0.18894705901829778,-0.2766231640235046,uniform
-0.8273805784385895,0.14128013317830268,uniform
0.9797811006417869,-0.6894106911917686,uniform
-0.8034634495483965,-0.9209531659377665,uniform
0.27399461164256356,0.17837001372018246,uniform
-0.7559137363236326,0.0057437435175864415,uniform
-0.9637969162370796,0.2622396846728805,uniform
-0.1420617764520351,0.9979769804743781,uniform
-0.11027921211981528,0.12115840813904422,uniform
0.9140404377814488,0.5508609922174381,uniform
0.6535790631120055,-0.4726078290239757,uniform
0.5105799901250552,-0.5912808602134685,uniform
0.6994889532795141,-0.8424417051303092,uniform
0.38796005024001134,-0.13346145662654374,uniform
0.006951207487085886,0.7624285591918489,uniform
0.43546328071022855,-0.9063922026910352,uniform
-0.7922684956708745,0.3606997634107203,uniform
-0.17092767784126384,-0.5845228714452471,uniform
-0.07696158584616009,0.027334673746773896,uniform
0.17437573575078402,-0.4113753694368709,uniform
0.1351721745345802,0.569032658569345,uniform
-0.28248817291052886,-0.7898429267184932,uniform
0.3058239359530306,-0.2939668102142776,uniform
0.9133545023028153,0.6230452897783283,uniform
-0.41775930280513873,-0.8802519382665006,uniform
-0.08043437009333299,0.2845624288479196,uniform
0.4715629587405259,0.3623568362668024,uniform
-0.3719625228443766,-0.7281719813406557,uniform
0.4521884674663852,0.8089930501216185,uniform
0.7811933524523511,0.2948907781673955,uniform
0.7368340886644631,0.5558336722936499,uniform
-0.7964230504031697,-0.5907902259454367,uniform
-0.1338111941916793,-0.5031311727152612,uniform
-0.02603656533407195,-0.34843251359668015,uniform
-0.5925618488762721,-0.08020292428439846,uniform
0.693496888628589,-0.23333666617243765,uniform
-0.04495392516076557,-0.6378197575931457,uniform
-0.8610693534331024,0.13273200175007038,uniform
0.13945709323207356,0.2087627099799363,uniform
-0.760905932727689,-0.9417881681006759,uniform
0.2108563869492257,0.3141349310532966,uniform
0.0009686427860664537,0.8524182681759265,uniform
-0.3666980378117797,-0.5967944418881486,uniform
-0.759466448272599,-0.39424753570541893,uniform
-0.6011758054510004,0.6953834254009064,uniform
-0.8562540016131446,-0.23690334971522242,uniform
0.818976928923594,-0.7084676397305247,uniform
-0.35851452199364653,0.42488164190302014,uniform
-0.25956916802379526,0.06129494021003601,uniform
-0.03901334449355387,0.43021348523305636,uniform
0.2149834363325338,0.5216819419591829,uniform
-0.4579376839827032,0.8024789267798944,uniform
0.6373705265319045,-0.047868357628427116,uniform
0.3435028903634467,0.9738943371891648,uniform
0.21056798357317952,-0.8792586869119057,uniform
0.18711158870337674,-0.20876047262033737,uniform
0.6537888173767248,0.9800671824281633,uniform
-0.22020281651609364,0.8771461759573451,uniform
0.21231370066702993,-0.9952550858533538,uniform
0.6471229837008545,-0.02705876903877824,uniform
-0.35447019494880694,0.7493199632663201,uniform
0.09140862734126687,0.18037623369525924,uniform
0.6242033803350386,-0.22925297971455416,uniform
-0.6035526082364824,0.9375455086123436,uniform
0.9190641629495286,-0.5326648547405011,uniform
-0.5497171080471197,0.6324723197305913,uniform
0.08125730024058098,0.4214716219177592,uniform
-0.8417984949224726,-0.5807093314225358,uniform
-0.43421636025434274,0.5008800809858582,uniform
0.2985874472696146,0.6763529999677673,uniform
-0.44258459370007674,0.12956412514422944,uniform
0.08468867376836298,-0.38301374715710534,uniform
-0.3913674966346723,0.09273023757129573,uniform
-0.7653499172140756,-0.07686018235123115,uniform
0.10078749868663417,-0.15787517296363385,uniform
-0.050299882194488,-0.8067412748868694,uniform
-0.00891776664945576,-0.08739102733727622,uniform
0.7243630626835642,0.051156317719631916,uniform
0.43661676221561874,0.04448293831476269,uniform
0.9510834582964531,-0.4701366145389181,uniform
0.30468858917141284,-0.8955195970723684,uniform
0.3371848447794361,-0.8082837270335861,uniform
0.8439386289268922,-0.162937614432203,uniform
-0.6499364488316717,-0.1259527495887307,uniform
-0.2607926407851895,-0.5811245525488831,uniform
-0.613997108184041,0.5529021128006182,uniform
0.349486794329269,0.1042736268191291,uniform
-0.540367611487854,-0.5338133894321633,uniform
-0.6865187939386919,0.1863403001006929,uniform
-0.044658962910857136,-0.8141293084856498,uniform
0.6249123320840775,-0.8369845773698072,uniform
-0.22187415151433876,0.35683619170722936,uniform
0.0227839763539488,-0.5085998579804945,uniform
0.7531044421081641,-0.8063067416205432,uniform
0.5438069926230957,0.6058831656366264,uniform
-0.9408054903863421,-0.4684069431771738,uniform
0.48670522102389024,0.2821779074563715,uniform
-0.3777025502969189,-0.9378189029555872,uniform
-0.8861101354891119,-0.640258175087647,uniform
0.31668746380850665,-0.6187076774916789,uniform
0.7061323085283278,-0.8488603215695787,uniform
-0.9689616166520669,0.567372745455307,uniform
-0.17231472664610692,0.5313362242384194,uniform
-0.11928724928365875,-0.6271131985274163,uniform
-0.063401459832088,0.39221892395002356,uniform
0.45077265767571806,-0.20449181259607485,uniform
-0.5715418920746134,0.253562470098154,uniform
0.12771330696878724,0.7938236050604144,uniform
-0.2247758113257452,0.6005934173052718,uniform
-0.016626930376226312,0.40921897280952213,uniform
0.5893429994069785,0.2386550683769748,uniform
0.23145709981110185,-0.01013801689963234,uniform
0.8304500698101978,0.9200450680106491,uniform
0.708991431269735,0.872702054595361,uniform
0.19945261786477908,0.19776482762226322,uniform
0.2512633204185688,-0.06533026939442577,uniform
-0.6061021385712397,-0.1800374229058077,uniform
0.6063572748430142,-0.5502140529491417,uniform
0.527866214004937,-0.2698525440460908,uniform
-0.42922185953350245,-0.6847075312326272,uniform
-0.794831347132384,0.294871493651248,uniform
-0.2859693196495099,0.3984830105373971,uniform
-0.6019791154307126,-0.6381477472654173,uniform
0.7792703501287037,0.4177713374994938,uniform
0.4933751956043968,0.6724766826824644,uniform
-0.06414949378637025,-0.9349033757453489,uniform
-0.7172010845452454,0.1499376895413329,uniform
-0.840040946202455,-0.38852874869287324,uniform
0.6331787168783829,0.020204359863803978,uniform
-0.5572324323772877,-0.362520025419679,uniform
0.6475032436716834,-0.6138479533691825,uniform
-0.08919871584977801,0.9531477790133687,uniform
-0.7576836287692945,-0.9744163011093636,uniform
0.9706058622933544,0.1877527874348719,uniform
0.43311126172632797,-0.7889396959927337,uniform
-0.7802510846817792,0.8063305965340466,uniform
-0.7230109360245041,-0.19068287485362956,uniform
-0.33389199131906544,-0.6135416035162882,uniform
0.7505422432762956,0.10879505485554053,uniform
-0.1860177907607672,-0.14842706613044676,uniform
-0.8428050544084207,-0.4836318908627695,uniform
0.3368267782269636,-0.7229406914902894,uniform
-0.4238982501090589,-0.49738119093653554,uniform
-0.34248631268556706,0.44066130418000626,uniform
0.3547377233537483,0.9968483306499525,uniform
-0.38075539514794987,-0.9959827106544274,uniform
-0.9247121180038045,-0.9402587403517038,uniform
-0.8566508839215989,0.776635474945617,uniform
-0.9065103056266084,0.5351150716246418,uniform
0.3901885221323611,0.11110110477305479,uniform
0.15021886532665207,0.2931059365700761,uniform
0.22208281705034394,-0.8989950212730797,uniform
-0.7251729041525399,-0.5891617578934243,uniform
-0.769978269694348,0.013433845187104554,uniform
-0.16670132370207202,-0.21366127595762863,uniform
0.7128412597173901,0.16404256422595798,uniform
-0.9569882049652081,0.7354015436528383,uniform
0.06932586306195376,0.7671022839009571,uniform
0.6730221648308135,0.470418013797689,uniform
0.6360280991506717,0.6251878191356084,uniform
-0.2953114632699263,0.2289497235828113,uniform
0.4514855365383257,0.08995392971449667,uniform
0.5775124763481285,-0.6311886768176598,uniform
-0.1337413275162822,-0.3999220764656535,uniform
0.8583533556478871,-0.1280306599152916,uniform
0.7146494968371739,-0.8862519388061365,uniform
-0.06045342565541034,-0.060120687366758796,uniform
-0.7936934737324093,-0.23528357554332402,uniform
0.7682290034151604,0.2566877245774908,uniform
-0.07950004821583434,0.49668522492892864,uniform
-0.5330870576165312,-0.519042591023555,uniform
-0.894724717836491,0.5074204298894496,uniform
-0.012211544662005691,0.9161703199672386,uniform
-0.2270100543393565,0.993811608526679,uniform
-0.21682100240285784,-0.6378934818496922,uniform
0.9694907060914189,0.988990961268631,uniform
0.48098590135483277,-0.7199099509197993,uniform
0.7735447642235536,0.6426768982417335,uniform
-0.12447779770536105,-0.783666417945037,uniform
-0.5156359700074145,0.27092466936393667,uniform
-0.936157693548807,0.2535155257331738,uniform
0.934047536713378,-0.3331416184252032,uniform
0.9216230348565766,0.952248766295221,uniform
0.4628938026850191,-0.34254922782373454,uniform
-0.9730765104574317,-0.23259562600614192,uniform
0.25557296996526446,-0.8909142517129125,uniform
-0.8671283015260058,-0.4304148978651485,uniform
0.6398486688287683,-0.4834891475933798,uniform
0.6811424802230184,-0.8418878088730479,uniform
0.3194178570444499,0.585591313688913,uniform
-0.8905863440059636,-0.6741838901726258,uniform
-0.9181605651557221,-0.5006259282695171,uniform
-0.27899018058920655,0.8890503994371999,uniform
0.6991599439707639,-0.030810091322786448,uniform
0.6066689827422009,0.8960925230625896,uniform
-0.823179406671043,-0.8640790886276046,uniform
0.4301519085658674,-0.10242330741455152,uniform
-0.19879438201739608,-0.09993514905941936,uniform
0.8214733164829671,-0.7077234242900925,uniform
-0.22867692116901717,-0.8208650536424442,uniform
-0.884295947479063,0.9017284912183579,uniform
0.033410495154617026,0.7068419277262068,uniform
-0.8259563289585838,-0.5908573113473901,uniform
-0.31545793359679997,-0.17785305646795435,uniform
0.6792137941168728,-0.020653093459517713,uniform
0.8202110891005636,0.03281523897891514,uniform
-0.3685201502279922,0.4292473113782951,uniform
0.996487759903347,0.6980891825558293,uniform
-0.12816265035364016,0.6586759988784521,uniform
-0.8570232415889039,0.07038868413681931,uniform
-0.4215135638030705,0.8712163054088362,uniform
-0.5215121103887772,-0.4079339019532622,uniform
0.3011449698443158,-0.5085634551358815,uniform
0.04914912131809146,0.3491118056783591,uniform
-0.6030270952784298,0.16451843320155124,uniform
-0.6484159575455255,-0.7394080842286355,uniform
0.7221730266122239,0.6562379957796391,uniform
-0.5672455916921171,-0.4935271566384636,uniform
0.34405262877257403,-0.6150058778542156,uniform
-0.7957576359837324,0.2713343264427086,uniform
-0.5640017397055352,0.9872278066278009,uniform
0.8301880717865975,-0.7182534168682084,uniform
-0.7894293977316194,0.22296665211184652,uniform
-0.2827382718781699,-0.5996330843599915,uniform
0.1427412782787978,0.9141765179113208,uniform
-0.9499224822447998,-0.46349583760778357,uniform
0.4147050875669307,0.27502171994628366,uniform
0.13774869717371008,-0.9050607644180542,uniform
0.4251420194148041,-0.38094551990240166,uniform
-0.39690997269105543,0.5028705276812979,uniform
0.009396683908836856,-0.6727891036594282,uniform
-0.9800157584225841,-0.1633425646544322,uniform
0.37172256076958443,-0.6107246294784605,uniform
-0.7917661077655549,-0.09463058708011807,uniform
-0.2522920910743516,0.824550823639407,uniform
-0.9148257933461952,0.871217188523985,uniform
0.38607583833677084,0.6615066370443696,uniform
0.2736861769560084,-0.5593643222016929,uniform
-0.08381903439153349,0.4493521686040387,uniform
0.26552508292519783,-0.8771759056451416,uniform
-0.6593791206901756,0.3899280883238254,uniform
0.8848933202317857,-0.5261117105489679,uniform
0.6683573440133443,0.6610306340824368,uniform
0.4272538037285569,0.48019454718482946,uniform
-0.7430484125346433,0.5623050499376576,uniform
-0.8788694976125764,-0.9155551488132998,uniform
-0.27210895040872995,-0.4034755245803767,uniform
0.1279779328249393,0.9952624011395135,uniform
-0.8653636783766794,0.6377077626739509,uniform
0.05252355466526759,0.9816254611041006,uniform
-0.17283623301497286,-0.5235155065780177,uniform
-0.05315694981720176,0.35342977933455977,uniform
-0.8730590192121344,-0.3986249590552715,uniform
0.595534908762261,0.7145283132979325,uniform
-0.10734709608423376,0.14787244250479636,uniform
-0.05517557918584881,0.6322342914423895,uniform
0.9111369234437192,-0.21457151667403251,uniform
0.4798216200887917,-0.2645849544916743,uniform
-0.12992699278977704,0.7618538525651175,uniform
0.6731134073159213,0.7882970298270169,uniform
0.46985861151031494,-0.1680726777029402,uniform
-0.008940456817402076,0.85354925812518,uniform
-0.9106630950505314,-0.5210005357376406,uniform
-0.05799875425083134,-0.9900737424566637,uniform
0.9929027931544323,0.889584605268954,uniform
-0.03828987122470662,0.7997071905477611,uniform
-0.7167529151735152,-0.13518585929730298,uniform
0.20027306352046548,0.9195662799190119,uniform
0.5957091697228403,-0.9559184351338526,uniform
-0.09978105890395184,0.33794557697053973,uniform
-0.36689081377895394,-0.9774680370463138,uniform
0.8588303583043562,0.9749051663881725,uniform
0.18676655149190546,-0.3289591355430741,uniform
-0.9564960156813305,0.8723204790858179,uniform
-0.43390302213833154,-0.5872580247436618,uniform
0.227972104094591,-0.18718270746688725,uniform
-0.40919719986187375,-0.9225607584856546,uniform
-0.862911961596377,-0.6197935454172554,uniform
-0.8182326440706014,-0.476957678245556,uniform
0.3620106199862503,-0.3564703208406599,uniform
0.14896829670887746,0.40970369088893843,uniform
0.5176659470232228,0.00647512437176867,uniform
-0.9858869477865164,0.5585782681716878,uniform
0.5774546483446052,0.1071992438917464,uniform
-0.19990403119752798,-0.8501180386799472,uniform
-0.8217964720642768,-0.7187558736308668,uniform
0.039216981916744054,0.17367086676546983,uniform
0.11693566293124968,-0.3281461189626411,uniform
0.9074859345279842,0.3457501248655013,uniform
0.8811810213893965,-0.41232239055364106,uniform
0.55424280742182,0.13731286048450797,uniform
-0.24323457525614556,0.44874445084889025,uniform
0.3012596990611258,0.3598473746745512,uniform
0.4272643885900871,-0.391938472880887,uniform
0.19778091242854456,0.14139465544403862,uniform
-0.6434745544348577,0.5891934949725366,uniform
-0.10870727832479998,-0.3332900262787091,uniform
-0.22869677149308054,0.05007228660721119,uniform
0.6370957538883943,0.5280322573693876,uniform
-0.5662927720432545,-0.37223864925108696,uniform
-0.16246018025086695,-0.7298557418375604,uniform
0.6649741818829296,-0.8559765888847419,uniform
0.21751792149377303,0.3132589251920037,uniform
0.29420245255179656,0.521740754516336,uniform
0.17551697278107614,-0.6789807674594961,uniform
0.45927828017775796,-0.4801912739932681,uniform
0.8488999240319173,0.7481565436403834,uniform
0.8266336993969237,-0.09024716280063982,uniform
0.6888047830415918,0.9483820514905186,uniform
-0.9089642941506573,0.30829540834900593,uniform
-0.10051487390191505,-0.9968927123541591,uniform
0.3792935399037678,0.06091995381150106,uniform
-0.18773487854662418,-0.7429594177780885,uniform
0.6494458337332067,0.02357448738436352,uniform
-0.3272272223714494,0.852211323243125,uniform
-0.5263164759278132,0.8650811986632323,uniform
0.07676095374038017,-0.1495914235903364,uniform
-0.7133915272482514,0.16646962786384623,uniform
-0.20279355914581187,-0.7688360417018889,uniform
-0.17824817342124244,-0.6266978375390957,uniform
-0.5136809962850812,-0.644694773861443,uniform
-0.9142684110614896,-0.30322942489668825,uniform
0.14216655114616006,0.8229632860255471,uniform
-0.384707002626524,-0.7557838683316456,uniform
0.22461237086021013,0.21773371385503726,uniform
0.5066667379217176,-0.8919088332275089,uniform
-0.35844586669960177,-0.827006954975142,uniform
-0.19482831433545078,0.16798578544720733,uniform
0.7640260761960163,0.8594303511085088,uniform
-0.455852164483876,-0.5907003531646939,uniform
-0.9935338398611793,-0.46811533042996456,uniform
-0.4671887745631538,-0.39004320939044423,uniform
-0.22168508781190632,0.011720699488441566,uniform
-0.6505059182288366,0.7560325799574068,uniform
0.5889573922143159,0.6927341189171894,uniform
0.947924725774673,0.7647209846009302,uniform
0.09046587559791841,0.8206965003024649,uniform
0.5932276540666803,0.5896269090989634,uniform
-0.8518217442258382,-0.31198887489545735,uniform
0.6558080701595754,0.16963306291346703,uniform
0.13913653781428503,-0.5611716269888682,uniform
-0.6811711001551157,0.7092303466884695,uniform
0.2071342423440672,-0.6626363644526909,uniform
0.7122055754647716,-0.29906699719859087,uniform
-0.13337012645637758,-0.9055263208719395,uniform
-0.7860965430775848,0.1212089861411414,uniform
0.5986160928361346,-0.1394362552846966,uniform
0.3213267645189002,0.5131519949864263,uniform
-0.5303357437597067,-0.7422553561323291,uniform
0.3964003038240873,-0.08226363927750402,uniform
0.5782312467482793,-0.1456880289846334,uniform
0.4040846491637591,0.07710485496960229,uniform
0.5246896228418678,0.45712581159528676,uniform
0.09180887568395013,0.26402690216522506,uniform
0.7896899796889683,-0.2909070588724274,uniform
0.08768625992389545,0.8885896951351235,uniform
-0.4268717870520735,0.26455736434483357,uniform
-0.4456709589964092,0.18352238799869447,uniform
-0.7909905868989497,0.2047940969708728,uniform
-0.1761744620919965,0.34895439238854253,uniform
-0.7510741902704272,0.7890286997176152,uniform
0.12206090065180053,-0.5170570621735635,uniform
0.9906051245041441,-0.42433060765704433,uniform
0.6690846345560693,-0.06511906684439261,uniform
-0.31660304688536245,0.2273741779974474,uniform
-0.6998087733319642,0.2826389156154301,uniform
0.08472429223241673,0.7417541547724353,uniform
0.20828147258921126,-0.8499538356670002,uniform
0.06603845885062443,0.7592639397501311,uniform
0.7256960447599408,0.40498271110183337,uniform
-0.5827208545945461,-0.9937757851573525,uniform
0.9569009998032378,-0.38315863321898513,uniform
0.14237463597020006,0.40579508927794206,uniform
0.7523360508929096,0.15246370989305635,uniform
0.011725608685538624,-0.074297176274565,uniform
0.32183836392804843,0.8950579249406654,uniform
-0.4064782293748115,-0.6196774836211423,uniform
0.5035761586973844,0.5155331143221664,uniform
-0.3142185645463458,0.8111109109270267,uniform
-0.8022027597138632,0.20655817105959318,uniform
-0.4469571447542424,-0.0843906478790335,uniform
0.233336512254134,0.20642312307575694,uniform
0.8501593476992209,-0.7853207249197669,uniform
-0.09410065971458548,0.49927679344954057,uniform
-0.44308189556083866,0.9944037349987549,uniform
0.5943861724563317,0.07328076203684764,uniform
-0.47412405881388997,-0.8295115600147036,uniform
0.6435293200004264,-0.6106091496476085,uniform
0.37625447122921996,-0.4729341977377697,uniform
0.5954157808321212,-0.8178804942868643,uniform
0.2985263993047256,0.6841158702948567,uniform
-0.7911848099434775,-0.7417010240632647,uniform
0.7288231855548657,-0.1803511062359362,uniform
-0.49708553624623764,0.8024800702599069,uniform
0.5069861635832744,-0.2927010642014587,uniform
0.266725927525032,0.5610829314898467,uniform
-0.8559092865633819,0.697539283943325,uniform
0.7343359961933349,0.9136210581964483,uniform
0.8179829474547424,0.18691902000363747,uniform
0.029593056701439746,0.37950871719875656,uniform
-0.6482990213595992,0.30097401331132967,uniform
-0.511830882171739,0.14866252626956,uniform
0.7000140192002076,0.9026976943796792,uniform
-0.21024430881452183,0.7951098756952459,uniform
0.3308371690395726,-0.5942683083373381,uniform
-0.8211049020567895,0.2671160748736796,uniform
0.8349596745654049,-0.2691630141579562,uniform
-0.6520538535200899,-0.2339728116727804,uniform
-0.1763361353048134,-0.31277429845270843,uniform
0.33097796829566106,-0.01587784378231394,uniform
0.34105208390209274,0.34523580025781464,uniform
-0.0019090385977742486,0.5927507891651214,uniform
-0.31918657741224843,-0.049381145711541174,uniform
-0.7038243597316018,-0.48103628738932946,uniform
-0.8803955808194082,0.5051930343221875,uniform
0.6565642866049148,0.878728156125431,uniform
0.7917274116693087,-0.7617809968774798,uniform
-0.7834616858462791,0.8653297533257558,uniform
0.16054478758393476,-0.39020497039882973,uniform
-0.24021699663839247,0.3449867212535933,uniform
-0.3976110166615283,-0.8818544463388847,uniform
0.14599521548263406,-0.17838651918034776,uniform
0.553108685764258,-0.835873560840177,uniform
0.2967803953229555,-0.3695046015121395,uniform
0.5624191898459177,-0.45593325002357177,uniform
0.51370122772209,-0.9551096154771486,uniform
0.44336696181987145,-0.43571205836208327,uniform
0.14607299525084216,-0.28754584291182805,uniform
0.44016983867975146,0.9100324776707549,uniform
0.7345705517794268,-0.8044155919508265,uniform
-0.2635723118360669,0.8343129364895305,uniform
0.22760847797761818,-0.37859006377661464,uniform
-0.8951834087143165,0.34250128709854755,uniform
-0.8126757602246637,0.18697395034899889,uniform
-0.12217310024570183,0.8952354864345351,uniform
0.3914622433932504,0.9417744663547527,uniform
0.7953065362055411,-0.8109768878503363,uniform
-0.7746343054879676,0.31641978604034793,uniform
0.4015292975353675,-0.00587750691251987,uniform
0.39188503674501995,-0.8457751885249551,uniform
0.7933678151554635,0.3249438509290705,uniform
0.1834344284816476,0.3880567881324617,uniform
0.31935965770435937,0.2676397584675594,uniform
-0.9222116859946512,-0.6878894912262423,uniform
-0.39581013462204817,0.42380173587526526,uniform
0.36484395580173934,0.5129526025176039,uniform
0.37375695601150705,-0.6194483641404296,uniform
-0.2685452346958319,-0.7197924750469669,uniform
-0.2064221838828706,0.7664250354288311,uniform
-0.2983150560869392,-0.8175681229486875,uniform
0.25591143487805645,0.16426336966645438,uniform
0.8915675815816304,-0.18702006670791382,uniform
0.49935654489606907,-0.6756131863817041,uniform
-0.23435285769330116,-0.7065677883901373,uniform
0.18035597107175572,0.5504132428077999,uniform
-0.0860894298567616,-0.15548244517098952,uniform
0.9605901954985006,-0.652560661745736,uniform
0.5382611341474808,-0.847914181841652,uniform
-0.8326928984889053,0.16703213849485787,uniform
0.2903731882523317,0.9693223504297144,uniform
0.6081635136550774,0.004256554506608667,uniform
0.2448731520154761,0.09822022637193606,uniform
0.6078613979664729,-0.6412261249391502,uniform
0.9758403332185266,-0.4450799616053134,uniform
0.5292999308192654,0.6892199795502423,uniform
-0.15234331537084644,-0.42539473944095874,uniform
0.7213284078864219,-0.792224621364435,uniform
0.4651882902711306,-0.5696599670494555,uniform
0.9558438269105445,-0.4072662987682698,uniform
0.45920177660783157,-0.4148983373511237,uniform
-0.09781791099968173,-0.43049870147868585,uniform
-0.41915566531945725,0.5040766232557361,uniform
-0.3875877217952559,0.1235848882208328,uniform
0.6992148169513557,0.365053232627194,uniform
-0.29595470180454186,-0.603100345241141,uniform
0.7084166110798489,-0.1816926342581069,uniform
-0.6329166478661059,0.5510471055219648,uniform
-0.7415384660523745,-0.7516043434679136,uniform
-0.3315949680252388,0.1753333916312385,uniform
0.9506920797891161,0.48989927999156024,uniform
-0.45392959581919734,-0.6072488260171485,uniform
0.6422021726031197,0.2788001307395531,uniform
-0.28197083773906995,0.985509098779199,uniform
-0.9929273443369215,0.8359541176725069,uniform
0.5854310081505099,0.90206997758228,uniform
0.4556191070481175,0.6238110136267636,uniform
-0.3496185780278638,0.31392788276380834,uniform
0.856463558419791,-0.9326861266870328,uniform
0.20932729604306388,0.183106847550234,uniform
-0.3591989271985776,0.31979530386224075,uniform
0.14840101115349458,0.9976223700339426,uniform
-0.5846888290937631,0.3100839660863153,uniform
0.7276421903021575,-0.7031026275388177,uniform
-0.5628314884166452,0.11383194809160857,uniform
0.9629709547309471,0.007895153302663882,uniform
0.37805789467449813,0.06523568631951515,uniform
0.594594470510228,0.5166513483711135,uniform
-0.25404655536548226,0.21235210294981766,uniform
-0.47140655900536665,0.4467160387327218,uniform
0.16904741763536424,0.8042958885533025,uniform
0.16345428798385075,0.9888849555045869,uniform
0.17044181985186135,-0.7849089818459498,uniform
0.5287561277845338,-0.31890261351744487,uniform
-0.9859711690817481,0.9794133608778484,uniform
0.28265287011995976,-0.15932059394657516,uniform
-0.1675220852594541,0.22858740404522493,uniform
-0.8234304424927654,0.12898966905690856,uniform
-0.7016371831166848,-0.5930001008472032,uniform
-0.5316353842459023,-0.0880289400362626,uniform
0.459082577150703,0.6634724486585244,uniform
0.4173020291738765,0.8898742027835564,uniform
-0.7684872621061412,-0.3013474172619053,uniform
-0.30388200180125624,-0.5000957114031688,uniform
-0.5165458175815418,-0.3988855676190397,uniform
0.26326983959949146,0.49506873826666964,uniform
-0.8683677907746965,0.6154352110932049,uniform
-0.9933357760549026,-0.8528365245045482,uniform
0.06414813261488073,-0.07908196776650667,uniform
-0.1885491816237843,0.8301790746416096,uniform
0.7200158020736747,-0.9076391342730885,uniform
0.2306402265191072,-0.2853751954363368,uniform
0.7956205334446977,-0.05194477480855708,uniform
0.6242476889849744,-0.3157127894508971,uniform
0.5394684594926689,0.28034425911124927,uniform
-0.74083823374903,0.5853774091330897,uniform
0.9400469976246619,0.08632886321345978,uniform
0.397360627402751,-0.4995676469252823,uniform
-0.8598379117703174,0.6809936882920884,uniform
0.2669786934149043,0.07511631358942705,uniform
0.4330410612755031,-0.5808348416202105,uniform
0.5913883870993095,0.16002778034442344,uniform
0.7594336989969093,-0.8966161724736263,uniform
-0.32629692414760436,0.18902402049266054,uniform
-0.15656147874605675,0.2396292771467421,uniform
0.3726935809262921,-0.5868015621880427,uniform
-0.6792536224809813,0.8260547527331039,uniform
-0.2063905774275261,-0.37958071080169686,uniform
0.1212687260119194,0.5500003574044692,uniform
-0.38907355889756245,0.6902718610825376,uniform
-0.2748136698454344,-0.35150765991473265,uniform
-0.577547513574511,-0.21233418122236314,uniform
0.9115991353154125,-0.815523858165528,uniform
0.9010884138060979,-0.7395114419433118,uniform
0.49964436324835315,0.030763721914931486,uniform
0.33360808626210203,-0.6582362071106007,uniform
0.19809060809165135,0.7467224233046859,uniform
0.6248304605936879,-0.45115741184802993,uniform
-0.9396132932197778,0.9625122778403117,uniform
-0.7998497148747301,-0.9361016085571838,uniform
-0.6359632247656588,0.12648939475534204,uniform
-0.20422737348121234,0.3181662124190041,uniform
0.26414700425206217,-0.4707072909695822,uniform
-0.9364319201179858,0.961490387706021,uniform
-0.32715359351648843,-0.5553218630079415,uniform
0.39040425007029733,0.23886364588948705,uniform
-0.4055829057377234,-0.2306609599758871,uniform
0.8389297282029406,0.6439972118259758,uniform
-0.5449257540139905,-0.06031158135468084,uniform
0.005177865270655557,0.3842457751322166,uniform
0.26042669861871626,0.5508741782057549,uniform
0.1958477985254934,0.9421715202064005,uniform
-0.39721281566776345,-0.6511158424888717,uniform
0.434776724249744,-0.06555517012536383,uniform
-0.7074888524912291,0.9446363684021293,uniform
0.8144320224780377,0.948650071901668,uniform
0.7988412980935613,-0.4339446771643558,uniform
-0.3946696239264742,-0.5274629037127061,uniform
0.10911497899631595,-0.08011429502515388,uniform
-0.993187541449025,-0.31569787986959064,uniform
0.7712289418509795,0.9383354693861643,uniform
-0.32143631074386136,-0.3298274249634028,uniform
-0.8820224155068721,0.925182764977482,uniform
0.16331010664699797,-0.08182005143967874,uniform
-0.09675902691964144,-0.5307506849681571,uniform
-0.442630021758488,0.1280151014142874,uniform
0.841436411514144,-0.5215738189450099,uniform
-0.9531912561734956,0.9641372904921302,uniform
0.19472702390405816,0.7896786324569942,uniform
0.6867713679756577,-0.6200752432758354,uniform
0.18733555686587033,-0.028713303687587288,uniform
0.9897975452453851,0.2895068952592894,uniform
-0.4328846013340706,-0.38082111408159913,uniform
-0.930172260906009,-0.6897871303661562,uniform
0.7049975992548547,0.3809222545722304,uniform
0.6563700114328423,-0.852703830421156,uniform
-0.400767977311139,-0.7653301708449172,uniform
0.46633213403380025,0.7962426907917064,uniform
-0.4091666251305732,0.11010527029693296,uniform
-0.7497858748534394,-0.16071228655485825,uniform
-0.12684015881055966,0.999741954264405,uniform
0.8027630631386271,0.4833972668187767,uniform
0.9476239087188403,0.5719680188024867,uniform
0.589632140882953,-0.7378064428559425,uniform
0.603720919651781,-0.8839113939786312,uniform
0.5916187511995814,-0.01424067980477961,uniform
0.11019003493459123,0.13521563427456273,uniform
0.5344850619167703,0.7461031511282648,uniform
0.2867949306363735,-0.14547242615170886,uniform
-0.3843717359181531,-0.4468990081499824,uniform
-0.7552667715085057,-0.6589856130494491,uniform
0.10798256529249928,-0.9856516897594807,uniform
-0.2859691701692786,0.7027238005254,uniform
0.5209333057631726,-0.5459851458047531,uniform
-0.7472369307754281,-0.11624794184821563,uniform
0.577073918104714,-0.44509898925349556,uniform
-0.09189280497475161,-0.032524692503129504,uniform
0.899595467466636,-0.5715781204274049,uniform
-0.2040951452390074,-0.858053446220816,uniform
-0.6930810857676812,0.08273465209412612,uniform
0.743606720697771,0.7944151507862391,uniform
0.8264420032275517,-0.08317360339133217,uniform
0.813985415479296,0.3572071398025378,uniform
0.9628582388882461,0.5912930578308944,uniform
0.3998214776732383,0.6517544351817643,uniform
-0.8760568754741194,-0.16826197956860756,uniform
-0.08211688344848467,0.7142081662869249,uniform
-0.6246271409897111,-0.2022989057524165,uniform
-0.21483496479503295,-0.6561611768601847,uniform
-0.3241649172779899,0.024987937299472573,uniform
-0.701822055985504,0.3531792561750864,uniform
-0.7337600161691136,-0.24894574887148213,uniform
0.9272189314217438,-0.4242638296790784,uniform
0.8737599605138036,-0.6150667584328586,uniform
-0.49867532181281926,-0.5963576278832037,uniform
-0.9947212253772937,0.7066418355441018,uniform
0.5209756889883355,-0.6702461365201104,uniform
-0.13305566896141707,0.4187478147773478,uniform
0.34451056672461866,0.699716799686577,uniform
-0.3755355307584278,-0.672333633579622,uniform
0.7013041429004314,-0.33049128730379174,uniform
-0.2669780438325531,0.6858441077809951,uniform
-0.9217602720136475,0.8939942560256526,uniform
-0.3009280846839124,0.24282341480424918,uniform
0.8024245424545813,0.7789544107121957,uniform
-0.9740908883235355,0.0686037767090335,uniform
-0.46168243336059445,0.6256988832698824,uniform
0.9309985842286785,0.3497562640840999,uniform
0.4335731053250955,0.7684021756579569,uniform
0.0683769351153527,0.15123504777218177,uniform
0.9655013238417332,0.19537697130295695,uniform
0.962980051864951,-0.05713496473499702,uniform
-0.12318743621016903,-0.9081433159333714,uniform
0.6415069640065654,-0.19095290759806427,uniform
0.14313559581125257,-0.852218970839248,uniform
0.06635208561336214,0.31129280752125754,uniform
-0.8793252220524526,-0.30433144324055705,uniform
0.06999108263246212,0.4879061208836517,uniform
0.4633159448914126,-0.8762128300711611,uniform
-0.6316899930450715,-0.7319938958947343,uniform
0.6146990222094579,-0.614069163868566,uniform
-0.07429236126222527,-0.17035419546586983,uniform
-0.00853023472992831,-0.47439317610559617,uniform
0.42721082693128376,0.21576084251251437,uniform
0.3029677914808331,-0.9132991255187082,uniform
0.7926387496057514,0.09533016725653365,uniform
0.18471542982305533,0.2387064793102971,uniform
-0.557773822582188,0.8487825438823267,uniform
-0.29070392866544204,0.909101244492841,uniform
0.8525986840057813,-0.7037091033167708,uniform
0.2919345638641524,0.7600747850462124,uniform
0.4092639683661423,0.8138866394958064,uniform
-0.28223410391472425,-0.7179966509239597,uniform
-0.8766399680875101,-0.5869631612831148,uniform
0.8618768034248256,0.3936614135224177,uniform
0.23423743449130985,0.27237068772266615,uniform
0.40703833119546573,0.24238394310673983,uniform
0.9479259806132316,-0.2791737049116565,uniform
0.3306263005542749,-0.3052068039226561,uniform
-0.14695449122993165,-0.7212221317869991,uniform
-0.03126339496402841,-0.3640220420123781,uniform
-0.848436514377022,-0.7755002594627214,uniform
-0.7860906496457574,0.29773423814528766,uniform
-0.1196664786598598,-0.16653897661959904,uniform
-0.45642525116885846,-0.9703622927695115,uniform
-0.36903543820500295,-0.3231569796934184,uniform
-0.45929844932172315,0.770914590131889,uniform
-0.3801235976659232,0.3000274804352572,uniform
-0.1429356510315818,-0.5355044372486615,uniform
0.8546185373897055,0.8282065038101356,uniform
-0.4550409854305968,0.15213288879670794,uniform
0.06599011027854962,-0.35571951422521386,uniform
-0.08264110202603714,-0.8679378451613171,uniform
-0.2616522158343384,0.6165018140613574,uniform
0.7188753196661162,-0.966286003003338,uniform
-0.828656743530874,0.43622429317632627,uniform
-0.7860367924959137,0.5953259807341391,uniform
0.3937532297551323,0.3427570933692383,uniform
0.08982220400460994,0.22288328467837282,uniform
-0.994949492596106,0.5299037612507214,uniform
-0.4802318592642618,0.6760030140877296,uniform
0.6897667927448023,0.4412104868809472,uniform
-0.9921558554790519,-0.7294552385105,uniform
-0.7544538947104735,0.9936280321411533,uniform
0.40951730229308114,-0.23786063330727236,uniform
-0.35164749360529424,-0.9357451130322822,uniform
-0.24853290956843987,0.39493267317469694,uniform
-0.9485528683334241,0.2116085988974541,uniform
-0.17617154190656192,-0.2867362477823139,uniform
0.3173400456807083,-0.8088657582448218,uniform
0.7233824410830241,0.062011842583400645,uniform
-0.6792539849683084,-0.5554599930379924,uniform
-0.9457033350987751,0.31453579291722034,uniform
-0.17636836374876985,0.8814679001807502,uniform
0.870333097919838,0.9054872521777935,uniform
0.019700958674703672,-0.8178288190982583,uniform
0.28935352565476924,0.9559719158275082,uniform
-0.8262364787532015,0.5383157107167578,uniform
-0.793716911655407,-0.633682254978087,uniform
0.4199268753161256,-0.5720305881174941,uniform
0.7017592030970614,-0.5037283032253106,uniform
0.6531118857588436,0.6845690906794784,uniform
-0.8027189118369911,-0.20659524029535015,uniform
0.05579035930387133,-0.3064292776264699,uniform
0.8094819818285115,-0.17687098069467,uniform
0.17681116596738544,-0.4735045599086569,uniform
0.2920627592666525,-0.9499947184180157,uniform
-0.04083228030197317,-0.0076987839665561,uniform
0.6498785177441604,0.9815974644151517,uniform
-0.8241502535610838,0.9850138552511711,uniform
-0.6433089590512344,0.5500677954558433,uniform
-0.04593064020434667,0.29316603471258995,uniform
-0.19606221919317068,0.3467403525823449,uniform
-0.6987807073240588,0.798844452635946,uniform
0.2882171249157628,0.5547325957910327,uniform
-0.4062826507112043,-0.6402242213678913,uniform
-0.8642279014166765,0.7403351089879122,uniform
0.20659202259400367,0.8389200047004914,uniform
0.17181375114994313,-0.24622726024235075,uniform
0.6553647663425881,-0.6520182737447744,uniform
-0.2057759995730335,0.2936915459998046,uniform
-0.623146849509898,-0.07086316413697036,uniform
-0.18644125075585927,-0.8124057137458098,uniform
-0.33902219466404504,0.5384686505412892,uniform
0.1630063665190158,-0.4149576335342453,uniform
-0.5839908825327071,0.8693529384866825,uniform
-0.5251156257283132,-0.07027225051141617,uniform
0.821489388822144,-0.8419860924063771,uniform
0.6671894071761801,-0.6099936500736036,uniform
-0.490912838304167,0.9959109198895011,uniform
-0.9974556694408696,-0.41590355021570535,uniform
-0.05431162288882985,-0.6300700545085074,uniform
0.6664576630603067,0.4911088799072285,uniform
0.17582668715877814,0.731232516432055,uniform
0.1666108309344192,-0.782722270897646,uniform
-0.34610022158052445,0.11526370121672547,uniform
0.13270099496959809,-0.0030501300708190016,uniform
-0.15522902167102925,-0.49159128755858306,uniform
-0.26409537726229226,-0.059755842440475604,uniform
0.8458880720977493,-0.4516739583930718,uniform
-0.04084653851407927,0.8865311191357845,uniform
0.5352361638119716,0.562217492780527,uniform
-0.46503475961780083,0.2415073208654237,uniform
0.0036319341867752097,-0.3144191307748301,uniform
-0.3924113633519053,-0.7591537035490485,uniform
-0.3464986524778433,0.27658547556961777,uniform
-0.6614585041412055,-0.8883335097759237,uniform
0.6888088690342331,-0.4511576316658068,uniform
-0.3088518260522115,0.4223552898848091,uniform
-0.9442814397328738,0.7518276687944518,uniform
-0.8254914894484213,0.8677211265929488,uniform
0.1304861923388061,0.12005379953674655,uniform
-0.6608612590342005,0.7330686404595228,uniform
0.8376481690102029,0.4508886027465848,uniform
0.6575264618484444,0.11362866409735273,uniform
0.760843440861946,-0.48644603513436446,uniform
-0.01851205475024753,-0.44112703202293013,uniform
-0.45039875613550495,-0.03112631610730232,uniform
-0.5521024253542413,-0.8102269738694066,uniform
0.22273513197434291,-0.7803050556379789,uniform
0.6163216598569572,0.15789392383598577,uniform
-0.9084907596260348,0.856516992775574,uniform
-0.16671343787807213,0.7051231663463027,uniform
0.2243104360040944,0.8494586668334447,uniform
0.8779936146013463,0.16701897288122258,uniform
-0.1672638757434597,-0.7261578887192965,uniform
0.10490077125924158,0.7136766382788302,uniform
0.736668991059396,-0.7574862091309278,uniform
-0.2832408364195409,0.5020036800908947,uniform
0.9052171002621756,0.8494123950761405,uniform
0.29452868584640735,-0.8184865897851721,uniform
-0.5613214073207611,-0.7475997743342386,uniform
0.1265507261850638,0.19666234894903423,uniform
-0.11911422610937494,-0.20043841445599808,uniform
-0.7486245721212079,-0.6617622176389775,uniform
-0.7518110727562561,-0.7640857907636986,uniform
-0.11352670816164245,0.9000570126818521,uniform
-0.6505961752535863,0.7042932875888852,uniform
-0.33765799177630074,-0.38501370007764923,uniform
0.17276374347296186,-0.05151989869141671,uniform
0.5586604841163232,-0.17610171112523854,uniform
-0.09604672004715198,0.8986290776062003,uniform
0.13801342553422646,-0.4743988500947045,uniform
-0.8785109237588797,-0.05511763813946291,uniform
-0.9879241714914759,0.8931075624300702,uniform
-0.1575619615146422,0.2037511676449515,uniform
0.595396545628103,-0.9887118500195553,uniform
0.24928186262225127,0.6776615121270935,uniform
0.4387224468952531,0.5201026562415199,uniform
0.6046705232658287,0.7306202677645153,uniform
-0.863399930435675,-0.729394610540421,uniform
-0.9118830144211072,0.9229301071205402,uniform
0.856560201760481,0.39062144217306494,uniform
0.06863531608798312,-0.18284426432544088,uniform
-0.13951165882041505,0.8297005703716014,uniform
-0.7089305036530376,-0.5083131182254763,uniform
-0.0917584638689024,0.17092527279786562,uniform
-0.40675440391681894,0.3908398883716697,uniform
-0.49787871720881927,-0.15939359147901566,uniform
0.4992909477198879,-0.33171591876515505,uniform
-0.9351561965866169,0.9537083488061404,uniform
-0.02753504867790002,-0.7492009074580255,uniform
0.032221284119633875,0.5186670233605573,uniform
0.08683340089761549,-0.9585475980478075,uniform
0.5279476615282512,-0.19855053422847546,uniform
0.0854921383937588,0.22714606009283167,uniform
0.2746450077726559,-0.2685026953858456,uniform
0.7206785851140869,-0.13876063480107725,uniform
-0.10376505709240647,0.7222247514780822,uniform
0.47521742959783886,0.3416991434496961,uniform
0.5639476388349971,-0.8051781657714869,uniform
-0.6839117996894342,-0.6421074454699174,uniform
-0.045649703091139804,-0.15248279073459337,uniform
0.7201254728250113,-0.6369256411637922,uniform
0.03713147093368119,0.9668156950258275,uniform
0.3629983081576351,-0.4476240009600141,uniform
0.8320847615615037,-0.030000836907045025,uniform
-0.3886589695515674,0.5866976575857916,uniform
0.8685770694005956,0.4053686144797777,uniform
0.7737064650270722,0.176313899600113,uniform
0.43116460126267353,-0.0382891798953251,uniform
-0.07837222344090011,-0.6293835572897726,uniform
0.25880972202623176,-0.6088775235649768,uniform
-0.4993792567095814,0.2795889959778768,uniform
-0.9582600642245009,0.4421805910113352,uniform
0.5681843143114969,-0.3236301949283007,uniform
0.4273989500383195,-0.624027920407981,uniform
0.16421483625919953,-0.9341459835326016,uniform
-0.054092351071152844,0.696549829227733,uniform
-0.5117747424533172,-0.6137627862001007,uniform
-0.852813031912389,-0.925407675767639,uniform
0.7809217555820755,0.047827505015829,uniform
-0.40766505570967615,-0.8100181489428859,uniform
-0.8187392921203589,-0.04324563056701347,uniform
0.5643294471636391,0.2249030474936522,uniform
-0.8915315355723341,-0.4699728826856615,uniform
-0.5503334881806246,0.39497397285567537,uniform
-0.5193111665199774,0.3368069016046933,uniform
-0.09238737453586765,-0.4288987983353558,uniform
-0.6214789267539136,0.32888756436731703,uniform
-0.14559275554780648,-0.7505188071965101,uniform
0.996762246928367,-0.286364037875656,uniform
0.07114092079360201,0.13872021065405793,uniform
0.42811349296893986,0.4957031013478066,uniform
-0.6094762632471156,-0.4267373148102771,uniform
0.13965453263922423,-0.13666348156970165,uniform
0.3197914219274267,0.7065669573239204,uniform
-0.7070314648063405,-0.5943676884731706,uniform
0.2085495908697026,0.2260984342478627,uniform
-0.050680396308832476,-0.774226306586367,uniform
-0.786273904655652,-0.06376055922399115,uniform
0.7492543996816858,-0.29225850458798797,uniform
0.8328525495572401,0.9905733306841085,uniform
0.2603727731201204,0.0767544821143924,uniform
-0.41376643967469495,0.5699469045566747,uniform
0.373718157068508,-0.7626917727825429,uniform
-0.382376372640298,0.09951930674741916,uniform
0.274221698043001,-0.8074980175082649,uniform
0.20381174496079058,0.6494027232331918,uniform
-0.564102306967853,-0.7490629624901242,uniform
-0.6737679819832003,-0.04459927418981113,uniform
0.4470885277337424,0.5237227151371548,uniform
0.9571703996190155,-0.06925647881778296,uniform
0.7755082606208561,-0.3701386481240545,uniform
-0.7205634175166846,0.4707473247194973,uniform
-0.2799971341931111,-0.05734800129296547,uniform
-0.42638798510551923,0.03982839208685163,uniform
0.20530028763220876,0.6456178559633698,uniform
-0.44508646106563465,-0.7404723900513199,uniform
0.17886094207452485,-0.7667280918797492,uniform
0.1663035700754112,0.9981371304034856,uniform
0.03600405623246683,0.9693293135115306,uniform
0.6179984990396643,0.7320057849728121,uniform
0.1450611097559078,0.19041747243988905,uniform
0.9571192816603453,-0.8497334969130332,uniform
0.34811447016612185,-0.6533740367042167,uniform
0.6617876686154471,-0.0765027773542708,uniform
-0.06932687627634548,0.21041586531481027,uniform
-0.8472192367851916,-0.2815314268771274,uniform
0.10903657996600069,0.8559957835187766,uniform
0.40299935025305667,0.5563697578733824,uniform
-0.6776862314787921,-0.6289684175778087,uniform
-0.8506227535113442,0.2896829466115962,uniform
0.3619346547242608,-0.5705718410773797,uniform
0.16361204307748523,-0.33668366694664,uniform
-0.2463609758590104,-0.66842534462513,uniform
-0.8859538674949885,-0.4897662924952144,uniform
0.7402127514113437,-0.1740383866102877,uniform
0.8534929701207292,0.30928350141004435,uniform
-0.3765677128112259,0.7371917166372184,uniform
-0.6724927836331442,-0.6716636428395766,uniform
0.6587259547193487,0.1155950256014584,uniform
-0.9793132232920028,0.6886480019361056,uniform
0.15736110159847017,0.7282022034960458,uniform
-0.39100718838049286,0.3154847475305096,uniform
-0.3079955090817452,0.8270951646790861,uniform
-0.9731463145807928,-0.4698004335845367,uniform
0.1785016377800761,0.5565309922421919,uniform
-0.7560416931456835,-0.1586757522601152,uniform
-0.333074472677126,0.9107108420467227,uniform
-0.8205174453366224,-0.16130063014446439,uniform
-0.16786793062094651,0.8633697570510359,uniform
0.2511204727914713,-0.45862858279709684,uniform
-0.41349274047750084,0.5480588117849403,uniform
-0.5990802410923188,0.6459620502384089,uniform
-0.4770388284729623,0.535369753803717,uniform
0.32590603270302343,0.510946879585275,uniform
0.23263264714676835,-0.7089340083956686,uniform
-0.020087414357632838,0.5931699659988134,uniform
0.07435437472972573,-0.8327233822580757,uniform
-0.3856842233729372,-0.33328447070582845,uniform
-0.5379825026646745,-0.5770780791328007,uniform
-0.20257756858732123,0.29297155339874736,uniform
-0.5712401935454197,0.3199962500372888,uniform
-0.07341726205348054,0.9633603864111346,uniform
-0.061125129997438465,0.1302086118485044,uniform
-0.8538613663631418,-0.27588524065648934,uniform
0.972076630576358,-0.47234695003754523,uniform
-0.9958172317888443,0.3934092063526551,uniform
0.6371830518180828,0.18376563500702736,uniform
0.007570146455870619,0.16503658802993315,uniform
-0.24467885728165828,-0.8558255603793308,uniform
0.4923103022622961,0.8054434636599341,uniform
-0.035848606795017,-0.9228661348403746,uniform
-0.48844088915565775,-0.33374768066477056,uniform
0.6858953557147447,0.1515154229711435,uniform
-0.3984805748967206,0.20730667670844993,uniform
-0.9316530185900946,0.28444883416007016,uniform
0.3231483747798387,-0.955751548671077,uniform
0.5442878185264752,-0.8358905003398838,uniform
0.4148493872102066,-0.6547013158014632,uniform
-0.5253443304044088,0.36549993707274453,uniform
-0.013043337328246585,-0.3304207117357405,uniform
0.16990023070843896,0.40291974874733527,uniform
-0.053691369284677215,0.6772858952212082,uniform
0.4723448402834194,0.7279799837242216,uniform
-0.969590389154974,0.05100635624095329,uniform
-0.4947723467478675,-0.9190483915878862,uniform
0.9246866154318096,0.9417804925404469,uniform
-0.9179012363840242,-0.32779316708532114,uniform
-0.2443202907939881,-0.28813489381967017,uniform
-0.6862204263173788,0.7899629426930277,uniform
0.387876065475224,-0.9098791353766147,uniform
0.5642785981594085,-0.10116337456322322,uniform
-0.5289020953521113,-0.9000943628757974,uniform
0.46032752462261906,-0.8936050162143996,uniform
-0.8188873092222806,-0.0029321174500489544,uniform
-0.9913419188293089,-0.19301075912304633,uniform
-0.5984421542761658,-0.4467054303641975,uniform
-0.0838650402528387,0.1463782249161245,uniform
0.32169465017669485,0.5028495522890664,uniform
-0.12092888685097902,-0.6284491632482876,uniform
-0.7352722262844797,0.8061812122311243,uniform
-0.9437165312605538,0.7719933457209598,uniform
0.39013608831038105,0.719964581153169,uniform
-0.2787097276281343,0.027244492690781108,uniform
-0.15979828437230958,0.4267065907364096,uniform
-0.5010093227528514,0.17975809519624808,uniform
0.26532995954527694,0.32212465822433867,uniform
-0.5751931770540684,-0.13383677249884207,uniform
0.0872090062896349,-0.5179939800597582,uniform
0.4214942608920793,-0.4276912554140748,uniform
-0.5421281887530356,-0.026399636102578894,uniform
0.05093422626998434,-0.18814598025734885,uniform
0.3165072724805431,-0.5534574954090328,uniform
0.6031785003731738,0.0026189932700761975,uniform
0.8162970968062309,0.3963099181835923,uniform
0.18409047567818915,-0.11706922122126051,uniform
0.12446746338861425,0.7948040796936142,uniform
0.5707729921528051,-0.48456379895887114,uniform
-0.5370821593220052,0.969058258796534,uniform
-0.06770542252975464,-0.21649085840642246,uniform
-0.45488601525705263,0.3855921003806202,uniform
-0.539989389911117,0.1460576200426007,uniform
0.4819991661826002,0.5211003343482976,uniform
-0.9461711729527955,-0.219058832258737,uniform
-0.06524733618463774,0.6681468721316552,uniform
0.15248889046814318,-0.6434330798261003,uniform
0.28648071585085133,-0.3940538641225595,uniform
0.6655902913896072,-0.9893714310106063,uniform
0.5962880938576971,0.6395507655557191,uniform
-0.6340047911655076,0.6115669562491899,uniform
-0.44259623062377473,0.6097916586124117,uniform
0.5556862612020821,0.32676040443210574,uniform
0.9850312110321333,0.5392060441489765,uniform
-0.595016346727052,0.409637992262617,uniform
0.9699918600901687,-0.7786399504497561,uniform
-0.6619441638847583,-0.3201050354431334,uniform
0.02093798459336882,0.7758148749534337,uniform
-0.755461563185092,0.8379088825171892,uniform
0.5112645270954177,-0.61316537828134,uniform
-0.5936317740355617,0.702071169800788,uniform
-0.22336581207901807,-0.7091555719788778,uniform
-0.575141110812565,0.5049392449703207,uniform
-0.6068958207736637,-0.19920186692854758,uniform
-0.8078380190635661,0.30172208808990364,uniform
-0.8144321818637081,-0.7159901904117367,uniform
0.9477620360183097,-0.08564010421503321,uniform
0.6133105344707253,-0.32663862527620013,uniform
0.31254699653005,-0.38929087511074245,uniform
0.12089082194319145,-0.6184825944932335,uniform
-0.6589285662163662,-0.1315108772696736,uniform
-0.7220807754339067,-0.3608863779858402,uniform
0.705153384627317,-0.8037681898252143,uniform
0.6856079958122943,0.045427386336481135,uniform
-0.45782996195802705,-0.5543956558627239,uniform
-0.37120197601288507,0.8628170308427408,uniform
-0.7873832304711559,-0.05375138033408122,uniform
-0.687227841002894,0.29685673414113767,uniform
0.15146603318299046,0.622004211346922,uniform
-0.6054968330385391,0.006533205733321168,uniform
-0.6658108942772791,0.8137083404102696,uniform
0.34694100053349586,-0.7884691891821074,uniform
0.6824365192645234,0.07087565016849307,uniform
-0.5528180667608862,0.10104110244264142,uniform
-0.2837124759334917,0.9447132791014299,uniform
0.4071166204543628,-0.8243575108496246,uniform
-0.5150610436130849,-0.8657103739052461,uniform
-0.34032519987997256,0.7951080332573082,uniform
-0.8389683142650912,0.14300619687081628,uniform
0.0899662280429736,-0.17400004969857275,uniform
0.9001012151392014,-0.3650380837071039,uniform
-0.10046433632862839,-0.8779653011755744,uniform
0.45102140121801915,0.40668267393121327,uniform
0.5342366485251657,0.648025909776281,uniform
-0.9563125659433249,0.48363222363891967,uniform
-0.11912480161161332,0.036828950635142466,uniform
-0.7572067505511475,-0.3149549140800605,uniform
-0.4466345935959726,0.043997694487754924,uniform
0.7439165306857602,0.6246540746831826,uniform
-0.6946315312246325,-0.4879483904605795,uniform
0.709127215317858,0.8966130193693937,uniform
-0.9500328103352922,-0.900874489685421,uniform
-0.11445573482569382,-0.6300954715110794,uniform
0.034212708274044656,-0.4122730643133554,uniform
-0.9508325252417258,-0.48442140458557326,uniform
0.8048138307932093,-0.5514557015991621,uniform
0.21106983796601297,0.3686996179130979,uniform
0.026839120831632757,0.5350729974805097,uniform
0.23351612531804422,-0.9328449966215142,uniform
-0.5693124540054906,0.9788557526063699,uniform
0.30042517342719766,0.8972010866110269,uniform
0.2462518654664787,0.9382893480499561,uniform
0.5329481231185498,-0.5286388491523708,uniform
0.5428649251883173,-0.9721969397233228,uniform
0.23946336851898153,-0.5654191295735744,uniform
-0.07360844822162527,0.033947101033172,uniform
-0.6884761763146918,0.23460957952854056,uniform
0.14649005545732452,-0.11996327785356353,uniform
-0.9934164358896966,-0.16846232593539145,uniform
0.7701878867980472,-0.37077485650371855,uniform
0.12735396313766567,0.010373891101486343,uniform
-0.35213768255340017,-0.043455205237346695,uniform
0.3785872083513371,0.08061101919064595,uniform
-0.28810030090293615,0.6913439818729821,uniform
0.01187417295910742,-0.7302031933391038,uniform
-0.3045974849101203,0.6122692583710341,uniform
0.6233090037125433,0.6584550940954779,uniform
-0.28744422509279444,0.5439528520562038,uniform
-0.6772344761244862,-0.49455763772315153,uniform
-0.7527758037415353,-0.7374519886405986,uniform
0.7300573661318117,-0.9002671590989524,uniform
0.7259459808866053,0.46068254728223823,uniform
-0.28699108393310535,-0.3424377385862458,uniform
-0.20671938471383777,-0.6621718859780779,uniform
0.4453285614801541,0.11017310151402726,uniform
-0.17828641585958538,0.408078400815473,uniform
-0.09538561193432016,0.2250956753379365,uniform
-0.09310195015506206,0.4466393320831321,uniform
0.04548918806880442,-0.9947675486019971,uniform
-0.2668872385811507,0.028263677967294232,uniform
-0.6102914159901984,0.5975901655828713,uniform
-0.06880278240643234,0.23711055012770976,uniform
0.6921587787375652,0.41086381355428503,uniform
0.6724473821491743,0.6765320334650473,uniform
-0.46056086219603176,0.06386280959155455,uniform
0.374849162483867,0.5497023461502166,uniform
-0.5943658920566963,-0.2563853502537219,uniform
-0.17851705959279562,-0.668171840424965,uniform
0.4822744671902781,-0.7229216153929818,uniform
-0.49481290593599336,-0.6056129342463281,uniform
0.4557899960073628,-0.44249617786833984,uniform
0.6838846509989474,0.536467282553776,uniform
-0.13344229977062727,-0.331234250223317,uniform
-0.8122662241105834,0.23404275432845134,uniform
0.6824121610914673,0.10488893484644057,uniform
-0.746064931569475,0.9742219315064107,uniform
0.2935197937853129,0.11042695335928654,uniform
0.5577626156538955,-0.139856420677696,uniform
0.5147719852471524,0.6034070169126409,uniform
0.5202654164905831,0.15233962854195848,uniform
-0.7706750197037113,0.6373765789751302,uniform
-0.9496649584874177,0.6539873068190674,uniform
-0.36818340230146984,0.7718888129700261,uniform
0.3512494868736664,-0.8531704162124552,uniform
0.8267436698923272,-0.4176397938427554,uniform
-0.9829310780906788,0.03329273871522287,uniform
0.6654569817541318,-0.6657024798991191,uniform
-0.08771678797700466,-0.4880512056364499,uniform
0.31476073571558305,-0.6700626785465598,uniform
-0.04764740795002176,0.5027421601207129,uniform
-0.5998292455885998,-0.08979925057606675,uniform
-0.14921067865192783,0.7715904414619923,uniform
-0.7715705429110451,-0.9420617128645956,uniform
0.732884409724873,-0.07675084659732523,uniform
-0.25681760164554723,-0.8628158024463111,uniform
0.8852731649651422,0.04274886312051951,uniform
-0.3641366444140546,-0.42319323389394814,uniform
-0.6994908003512568,0.8664865145347007,uniform
0.3476179551714367,-0.04088530886153907,uniform
0.18748327863299874,0.7538063829543291,uniform
0.006003695821703348,-0.5257477056531386,uniform
0.962172135886193,-0.21415214463052124,uniform
0.6451798932028321,-0.41515551844962517,uniform
-0.28838042159441524,0.13380988570694563,uniform
0.971879127389792,-0.7797472260727378,uniform
-0.4283506317296759,-0.6328432735906373,uniform
0.9069371168256848,0.5479182267482863,uniform
0.2147885392241975,-0.037320390701065076,uniform
0.7434462204513721,0.8596036791633959,uniform
-0.9097111064882437,-0.7062610282811059,uniform
-0.7034109522906231,-0.49538255993876024,uniform
0.7585862362241498,0.6454607512172066,uniform
-0.23155130986856798,0.9708952634327197,uniform
0.2024617741365362,0.6983992636099383,uniform
0.5111099061138202,0.5616820673198004,uniform
-0.317985333065429,-0.1492020408683863,uniform
-0.0895255920935798,-0.8504968129047203,uniform
-0.8201532886617762,0.169508706739957,uniform
-0.7097556331468824,-0.7508341546861803,uniform
0.467940322942757,-0.014659955072570341,uniform
0.11642040554444733,-0.8968800279230134,uniform
0.8179920893786765,-0.12371933479719832,uniform
0.24295916428596653,-0.9329792490258402,uniform
0.11923763476431204,0.02957246912571776,uniform
-0.3153562030329822,-0.623088676970214,uniform
0.4800623608292818,-0.15767079005298767,uniform
0.6062706262971496,-0.5220317083725845,uniform
-0.535794201736765,0.44932337559084523,uniform
-0.628307734862118,0.2152045944036769,uniform
0.2984301583930107,-0.9369510320716856,uniform
-0.4089879672025716,-0.18157267490893525,uniform
-0.10570066415878965,-0.6260808306260837,uniform
0.8336306789970496,0.21995826380849182,uniform
-0.5125343834225264,-0.6884904432450252,uniform
-0.35495361649915624,-0.1215991755276169,uniform
-0.5631073026980575,0.055288818272586804,uniform
-0.9968626007231276,-0.22454949327206886,uniform
0.22796527876810257,0.6262960248577192,uniform
-0.0104226952131945,-0.906412810884881,uniform
-0.02359884800141976,0.9878304337641282,uniform
-0.23477478881663516,-0.32280250650287634,uniform
-0.306846803968456,0.4435066790057145,uniform
-0.6234751866469606,-0.9990290797949728,uniform
-0.2070292089971586,0.7694634271918288,uniform
-0.7381264628607711,0.2878497560435145,uniform
0.4318213163895095,-0.7521730384770091,uniform
-0.3150223630286795,0.6959566307590781,uniform
-0.07226462168832781,-0.412745225471016,uniform
0.23907589869902646,0.8826310311580328,uniform
0.7679510864973296,-0.8505461462933337,uniform
-0.9091090257928043,0.43936660962795804,uniform
0.41101546188298044,0.518736270934208,uniform
0.8183886182269329,0.3779396826207051,uniform
0.28051885882504535,-0.6098681980565737,uniform
0.12602685846975126,0.4905020342871895,uniform
0.30725077773907716,0.31935964881606727,uniform
0.03468593220661331,0.3124240230385136,uniform
0.3675801333275146,0.9749200921711678,uniform
0.0733922292874305,0.3812041392405887,uniform
-0.47934441145398776,-0.5441371377913327,uniform
-0.05913453917531997,0.13841654594875386,uniform
-0.353697496693147,0.44778229246400203,uniform
0.6821305129798183,-0.8806646779381981,uniform
-0.4036259306184278,0.26788558059283907,uniform
0.20559216535292268,-0.6391171834612264,uniform
0.09123433204955944,-0.18930949775336425,uniform
0.2896113294096714,0.8717818547411686,uniform
0.4847949872395776,0.46752721259314267,uniform
-0.8039979275797013,0.6617878417037713,uniform
0.6849484972503106,-0.7324526671266405,uniform
0.009643101130171639,-0.8075989157399561,uniform
-0.6092357420968386,-0.8077838735973697,uniform
0.40296233409807836,0.642318793531764,uniform
0.5167108984685893,-0.24375921977399218,uniform
0.8142102418113248,-0.8399407530741319,uniform
0.519485662425812,0.9332715233189253,uniform
-0.15202425253760232,0.9165979707634775,uniform
-0.2585233714182589,-0.7587423507757303,uniform
-0.6422943443399529,0.2534048545071974,uniform
-0.3615523587731164,0.3557849779267257,uniform
0.8560062043232761,-0.5552240499990966,uniform
-0.7448850783140153,-0.8414973619820592,uniform
-0.2219909971061802,-0.9332839717845631,uniform
-0.950831356459948,-0.07813508725381024,uniform
0.055822172181125174,-0.17492308919405208,uniform
-0.8435187493591676,-0.8014065570284723,uniform
0.3184744546955238,-0.9545275336608605,uniform
0.20520594974643003,0.4803909368335926,uniform
0.6726933086275275,-0.005812828471082998,uniform
0.38136553808060003,-0.04483426406362678,uniform
-0.8149267089151233,0.004830593077202794,uniform
0.9807590708245804,-0.8887062383596438,uniform
0.920978764565082,0.5054772365726281,uniform
0.37697178108765095,0.9174056932719405,uniform
0.7257582850576256,0.5616495893376281,uniform
-0.9276767762044289,0.026923498145654978,uniform
-0.3966862601109673,-0.25387346660195687,uniform
0.7814245407215756,0.4744599349880727,uniform
-0.6046857163607551,-0.2463696860011808,uniform
0.7384820595796866,-0.020999810125824636,uniform
-0.026456418322271302,-0.36809257722400845,uniform
-0.07194066418229772,0.3535209521622402,uniform
-0.26752580136597115,-0.29410440333560395,uniform
-0.6042787742578546,0.4016970140740366,uniform
0.8592976830838228,-0.11304625501321497,uniform
0.8838121887432548,0.5223067482012058,uniform
0.11021511510697257,0.5102567227084238,uniform
-0.24139092937180884,0.9731413731644616,uniform
0.6427357919318464,-0.46406967290884804,uniform
0.05044437365435783,-0.8942861658781296,uniform
0.4604586739290424,-0.5492046023356798,uniform
0.4575483230771531,0.926462573626827,uniform
-0.6871694293883981,0.5190885544569017,uniform
0.7003124258606708,-0.5651388375359123,uniform
0.08904653553395514,0.8149233793329538,uniform
0.6934672161596085,-0.09106740347103126,uniform
0.8083619371723183,0.2765969117073337,uniform
-0.27907604089138194,0.41314951734758587,uniform
0.7753630363044473,0.21551655999185848,uniform
-0.17461571096856998,0.11492835359425935,uniform
-0.7400572241538081,0.9791453062102924,uniform
-0.4174533092767416,-0.1468845767632796,uniform
0.40507554378312816,-0.11403837041040066,uniform
0.4899523530213703,-0.5390863678843512,uniform
-0.34051630760124163,-0.2082659740643309,uniform
0.9303247912135237,-0.3006793837304087,uniform
-0.4264665661839824,0.22769706482200203,uniform
0.5308193808061705,-0.47117715296667306,uniform
0.37632500377510225,0.20264654688791772,uniform
-0.34724393212096816,0.8457419222122893,uniform
-0.5353420280455015,0.9381208802207361,uniform
0.5539923061786527,-0.37283869283306825,uniform
0.19427085149942847,-0.09097266323928266,uniform
-0.12780547037135692,-0.6355381630358847,uniform
-0.3388559151116357,-0.4642237425819056,uniform
0.03978926161362395,0.08050270517494007,uniform
0.3835073603873167,-0.020030577679615913,uniform
0.12431069717771281,0.14673187444492486,uniform
0.44161525494037646,0.47284271160292035,uniform
0.7830199368874633,-0.6142132825297544,uniform
-0.2791849605465373,-0.2156323399618807,uniform
-0.9867299347567355,0.42155542981777994,uniform
0.5164522496775033,-0.7088650566610599,uniform
-0.8585260390524059,0.4697960016326439,uniform
0.9388047399140522,-0.7143105671443548,uniform
0.05014358002689501,-0.07767694801539538,uniform
0.6958419410599186,0.8475750917551499,uniform
-0.22251935918970744,-0.29650294093504703,uniform
-0.9456662023637861,-0.461875989962663,uniform
0.7497729846650152,-0.6789453998644004,uniform
0.46282411119824207,-0.8917944708232157,uniform
-0.4356905844094052,-0.5147837349605329,uniform
0.4856209984624411,-0.7772478689944873,uniform
0.950630174563919,0.18080269178043173,uniform
-0.9933637001211681,0.9373029428449255,uniform
-0.4742599887339609,-0.2655801880163007,uniform
0.8880633553957802,0.23051774936765312,uniform
-0.047378695860923914,-0.39069303873642114,uniform
-0.7090930235989694,0.7411469393666557,uniform
0.3656154476281612,-0.6019850189871043,uniform
0.34079658953305625,0.031605953456239844,uniform
-0.9012140385549283,-0.2929293372426163,uniform
0.9870961705355181,-0.5760681126690228,uniform
-0.5951081872698076,-0.7991933328905854,uniform
0.7159748416262062,0.5324626149210419,uniform
-0.6707805851064632,-0.6915516916356934,uniform
-0.9451008376999164,-0.742392585882558,uniform
0.1303999172064898,-0.9712313110721533,uniform
0.5194421898418704,-0.25528924510141815,uniform
-0.9508359268302569,-0.35637121484418044,uniform
0.9760944359477353,0.41607844469846156,uniform
0.6965671089134993,-0.38342010512634084,uniform
0.27283268132808636,0.933977241086601,uniform
0.8646927334308125,0.5658176632337746,uniform
-0.06562928645243948,-0.34888773858867106,uniform
0.7353399149892541,-0.14939624814531882,uniform
0.08920537373431814,0.7672129578029951,uniform
0.6605175754526165,-0.6763176191168312,uniform
0.4293059450763528,0.25997169722978875,uniform
-0.8528441656389047,0.5270355413899099,uniform
-0.0253882114393551,0.7553138658562193,uniform
0.3689270736787542,-0.7310026082960959,uniform
-0.39080901203988616,0.005249488711035699,uniform
0.004817248041481426,-0.5116037517103325,uniform
-0.905742862566512,0.15233176952400562,uniform
0.07876860879445813,-0.02927121809921318,uniform
-0.7917942800629811,-0.36771586179230153,uniform
-0.44798618085273545,-0.3368378688667002,uniform
-0.956809232741431,-0.29475769011255637,uniform
0.21033737022610688,-0.5699427243187469,uniform
-0.8681654128148291,0.7398814949458843,uniform
0.9215710234266508,0.59491722016053,uniform
-0.16238564401044275,-0.7528487232432963,uniform
0.003948339553485614,-0.8614516366237366,uniform
-0.9338279059175192,-0.9286331138937793,uniform
0.8924785681219225,-0.05623835697101365,uniform
-0.5686513450417965,-0.1764698599597847,uniform
0.5686964131599597,-0.6214548972862786,uniform
-0.3042061145693564,-0.8062106091599546,uniform
0.0014337473760819286,0.46212622058879305,uniform
-0.40660727393216356,-0.7861865417382465,uniform
-0.2688558571128954,0.8080166322021967,uniform
0.5164385113844148,0.33019683528656985,uniform
-0.09315353104038993,0.26663845795837715,uniform
-0.7715302141531053,0.5520412871954434,uniform
0.7876489176312169,0.03228491043573234,uniform
-0.4335473553143301,-0.2573268797976862,uniform
0.12495830369470284,-0.5897399352485075,uniform
0.42897605297850405,-0.7314187637301492,uniform
-0.2755234527007675,0.7083993408317781,uniform
0.037264589366962975,0.7900175725801888,uniform
0.6794147950998615,-0.9947022529425884,uniform
0.1452237947446049,0.9382279722148612,uniform
-0.047343097784123156,-0.6438826685666752,uniform
0.3529138937241796,-0.34294388230312034,uniform
-0.2607765538776754,-0.19439882810089193,uniform
0.3481596783772565,-0.8943275615215147,uniform
-0.8024487006625278,-0.572181369648582,uniform
0.3597357443343152,0.210656566562337,uniform
0.4772336896198166,-0.20740810687679634,uniform
0.7317686622680419,0.097817093317216,uniform
-0.11650837052586183,-0.7285499243400997,uniform
-0.5421627419672519,0.8118000161678145,uniform
0.027352355723640143,0.8608667317765863,uniform
-0.9052617649575199,-0.5426071535083621,uniform
-0.5973152794077146,-0.44172036288085414,uniform
0.11856092830063591,-0.4292200676509177,uniform
-0.6238698776134302,0.1439092757915661,uniform
-0.0845806636342239,-0.12246269902088036,uniform
-0.034587977384885615,0.450096412573431,uniform
-0.5681645717461932,0.37851375367452755,uniform
0.05929436358971518,-0.5996358228836192,uniform
0.6743068892886235,-0.39071252081578356,uniform
-0.5324760315478383,-0.10145020022626827,uniform
0.9853195028825528,0.3086206510440619,uniform
-0.06301798421523341,-0.7993471503675587,uniform
0.8240720970627398,0.24108442653468942,uniform
-0.48046537511445364,0.02445856279316727,uniform
0.9891236900211109,-0.5554149272653137,uniform
0.01609553237120087,0.690043550742145,uniform
-0.8160957407991651,-0.3903274892322748,uniform
-0.38345964613906447,-0.8380316216099424,uniform
0.09434709252112117,-0.19056169372224474,uniform
0.4899698557835239,-0.2786291646012973,uniform
0.18513820490056743,-0.688748155554914,uniform
-0.014863497252857627,0.08006342767466146,uniform
0.0036544135042364534,0.8676064086456778,uniform
-0.29531431790260143,0.2114573051987596,uniform
0.6361174574200101,-0.7864124162376731,uniform
0.7526704026140525,0.5983635355206773,uniform
0.5546541684659865,-0.895796865356085,uniform
-0.23660799038064972,-0.2432644598465774,uniform
0.1364636176801053,-0.2923366799748006,uniform
0.038883132698752876,-0.9591438370474996,uniform
-0.15833909327226725,0.533130826909535,uniform
-0.28525628904191835,0.7081328230895063,uniform
-0.07405911096410156,0.03988512015282142,uniform
0.9379740113487616,0.81207883166584,uniform
-0.8884785697413977,0.7196056233672399,uniform
0.008890115647215424,0.6515825452139492,uniform
0.7970250280406594,-0.3114101893129799,uniform
-0.3802444398829701,-0.7944396618098373,uniform
-0.13095120969826612,-0.9330410467679562,uniform
0.8088142755762255,0.8537478356739288,uniform
0.9964536324807829,0.12259486543687803,uniform
-0.1963068736620528,0.770205180671067,uniform
0.601984596415134,-0.06072518429339935,uniform
-0.6757874296740569,-0.2659018088984326,uniform
0.11824811272118385,-0.5321219326898146,uniform
0.14941460355592695,0.6686191812546982,uniform
0.47287610788939505,0.3095266867535651,uniform
-0.8317766883850497,0.5673216484112089,uniform
0.5991856944182137,-0.4169900909737112,uniform
0.1990124544585976,-0.20878145988888686,uniform
0.09294916326498281,-0.04214527480264341,uniform
-0.44506803739018364,0.25307071552149063,uniform
-0.9616017638966698,0.7878609587111718,uniform
-0.6754166518445253,0.6754066533283001,uniform
0.8081738656306978,-0.6383929458701691,uniform
0.9974892209750112,-0.8384751463166047,uniform
-0.1613454684180966,0.11637289241989679,uniform
-0.081874119141081,0.5140818293321079,uniform
0.20942848305583928,-0.6541377908643962,uniform
0.013780948613000277,0.1327534298405133,uniform
-0.9978615646486337,-0.9958438537266481,uniform
-0.4510722970548813,0.37197129920419747,uniform
0.7528047791242973,-0.2352465571409743,uniform
-0.8126184930544103,-0.16683856793420504,uniform
0.43091378066438346,0.07024739591602502,uniform
-0.44257484708430694,-0.17543084344903992,uniform
0.3591151045822667,0.6102762973604594,uniform
-0.9350548446053151,0.22112412767773004,uniform
-0.7434257176774774,0.7692354349707939,uniform
-0.5837747596923868,0.1143493277261185,uniform
0.9983401626027599,-0.704037388739321,uniform
0.7606160391867376,-0.7786681730518918,uniform
0.30492766887248846,0.1826573509279581,uniform
0.0780393390980274,-0.84383996397867,uniform
0.8022602174329398,-0.7512101832050642,uniform
0.27844627981360914,0.0035079023777355722,uniform
-0.1938490189179476,0.36201148166297714,uniform
0.22641767274796276,0.2104832303035724,uniform
0.8312229563717597,0.2127491964328896,uniform
0.5556365639316001,-0.859731005952584,uniform
-0.16394602532782088,0.4786861701552958,uniform
-0.13294521305354867,-0.20885983703240085,uniform
-0.24485546777932887,0.8965736362755916,uniform
-0.2574164609337797,0.5278367578813514,uniform
-0.46775688216750666,-0.18426163448776944,uniform
-0.30889280828544097,-0.9410526594710367,uniform
0.9804083350904813,0.5328184321131666,uniform
-0.7307903426900415,-0.9194480196313566,uniform
-0.3111883609101629,0.7924803576933039,uniform
0.5441221257892146,-0.11141676143269663,uniform
-0.6861588457385948,-0.3118252787818685,uniform
-0.6361305142641203,0.03473282416221979,uniform
0.12807759880892644,0.004517220613619033,uniform
-0.4406076233843057,-0.25936441992883497,uniform
-0.9591714496656143,-0.18313676783596922,uniform
