geometry,seed,method,budget,n_boundaries,slope,curvature,dH,R_pi,C_D
0,0,active,10000,3,0.6763449345994544,0.08643075341282644,6.61540415533568e-05,4.9750934384736417e-05,15.800529232332428
0,0,uniform,10000,3,0.6763449345994544,0.08643075341282644,0.04188667146953587,0.029800809696457112,83.34103643634057
0,1,active,10000,3,0.6763449345994544,0.08643075341282644,8.504789951769079e-05,7.462640157710462e-05,15.800680383196143
0,1,uniform,10000,3,0.6763449345994544,0.08643075341282644,0.053849671805710334,0.05543497863819255,84.49457403871867
0,2,active,10000,3,0.6763449345994544,0.08643075341282644,6.725313872023297e-05,5.596980118282847e-05,15.800538025109763
0,2,uniform,10000,3,0.6763449345994544,0.08643075341282644,0.042582585443364324,0.04063407565873346,83.82853340464301
0,3,active,10000,3,0.6763449345994544,0.08643075341282644,0.00010824710654359915,4.353206758664436e-05,15.80086597685235
0,3,uniform,10000,3,0.6763449345994544,0.08643075341282644,0.06853868460417001,0.0326241752227909,83.4680878850256
0,4,active,10000,3,0.6763449345994544,0.08643075341282644,6.801073648385336e-05,3.731320078855231e-05,15.800544085891872
0,4,uniform,10000,3,0.6763449345994544,0.08643075341282644,0.04306227266857181,0.016647906418492422,82.74915578883216
0,5,active,10000,3,0.6763449345994544,0.08643075341282644,8.185099125337936e-05,4.353206758664436e-05,15.800654807930028
0,5,uniform,10000,3,0.6763449345994544,0.08643075341282644,0.05182548941200692,0.021287181049869094,82.9579231472441
0,6,active,10000,3,0.6763449345994544,0.08643075341282644,7.352373641600352e-05,5.596980118282847e-05,15.800588189891329
0,6,uniform,10000,3,0.6763449345994544,0.08643075341282644,0.046552931917025656,0.03529206907917239,83.58814310856276
0,7,active,10000,3,0.6763449345994544,0.08643075341282644,3.087196520799862e-05,4.353206758664436e-05,15.800246975721665
0,7,uniform,10000,3,0.6763449345994544,0.08643075341282644,0.019547163467589015,0.010012375544928204,82.45055689952177
0,8,active,10000,3,0.6763449345994544,0.08643075341282644,9.755945733002855e-05,0.00012437733596184103,15.800780475658641
0,8,uniform,10000,3,0.6763449345994544,0.08643075341282644,0.061771599164216345,0.06342622247374083,84.85418001131833
0,9,active,10000,3,0.6763449345994544,0.08643075341282644,0.0001658136346900027,0.0001430339363561172,15.801326509077521
0,9,uniform,10000,3,0.6763449345994544,0.08643075341282644,0.10498801098685029,0.06980056094178519,85.14102524238034
0,10,active,10000,3,0.6763449345994544,0.08643075341282644,5.209857917644334e-05,6.840753477901257e-05,15.800416788633413
0,10,uniform,10000,3,0.6763449345994544,0.08643075341282644,0.032987191995399165,0.025149097331484255,83.13170937991678
0,11,active,10000,3,0.6763449345994544,0.08643075341282644,0.00012787518350571708,8.706413517328872e-05,15.801023001468046
0,11,uniform,10000,3,0.6763449345994544,0.08643075341282644,0.08096656946179875,0.05851953657004621,84.63337914565209
0,12,active,10000,3,0.6763449345994544,0.08643075341282644,9.780923467028746e-05,4.353206758664436e-05,15.800782473877362
0,12,uniform,10000,3,0.6763449345994544,0.08643075341282644,0.06192975036929753,0.04055944925715636,83.82517521657203
0,13,active,10000,3,0.6763449345994544,0.08643075341282644,9.474282151807067e-05,6.840753477901257e-05,15.800757942572146
0,13,uniform,10000,3,0.6763449345994544,0.08643075341282644,0.05998819340197213,0.05453946181926729,84.45427578186703
0,14,active,10000,3,0.6763449345994544,0.08643075341282644,9.204841063582825e-05,9.328300197138078e-05,15.800736387285088
0,14,uniform,10000,3,0.6763449345994544,0.08643075341282644,0.05828217664499107,0.04591389357031362,84.06612521066411
0,15,active,10000,3,0.6763449345994544,0.08643075341282644,0.00010638692171025671,6.840753477901257e-05,15.800851095373682
0,15,uniform,10000,3,0.6763449345994544,0.08643075341282644,0.06736087370774162,0.04798477621407827,84.15931492963352
0,16,active,10000,3,0.6763449345994544,0.08643075341282644,0.0001427338287078167,4.9750934384736417e-05,15.801141870629664
0,16,uniform,10000,3,0.6763449345994544,0.08643075341282644,0.09037459919735796,0.038364189277429864,83.72638851748434
0,17,active,10000,3,0.6763449345994544,0.08643075341282644,0.00011310435246370681,8.084526837519668e-05,15.800904834819711
0,17,uniform,10000,3,0.6763449345994544,0.08643075341282644,0.0716141409077496,0.04786039887811643,84.15371794951524
0,18,active,10000,3,0.6763449345994544,0.08643075341282644,9.309102154785032e-05,0.00010572073556756488,15.800744728172383
0,18,uniform,10000,3,0.6763449345994544,0.08643075341282644,0.0589423252877847,0.03980696637458722,83.79131348685642
0,19,active,10000,3,0.6763449345994544,0.08643075341282644,0.00013341192280625497,0.00013059620275993308,15.80106729538245
0,19,uniform,10000,3,0.6763449345994544,0.08643075341282644,0.0844722597363424,0.07327068861512055,85.29718098768042
0,20,active,10000,3,0.6763449345994544,0.08643075341282644,9.626268466462334e-05,7.462640157710462e-05,15.800770101477317
0,20,uniform,10000,3,0.6763449345994544,0.08643075341282644,0.060950523243041024,0.045658920031591846,84.05465140142164
0,21,active,10000,3,0.6763449345994544,0.08643075341282644,8.98717505783235e-05,6.840753477901257e-05,15.800718974004628
0,21,uniform,10000,3,0.6763449345994544,0.08643075341282644,0.05690398352805489,0.046890255657614066,84.11006150459264
0,22,active,10000,3,0.6763449345994544,0.08643075341282644,0.00019810258148088983,0.00016169053675039335,15.801584820651847
0,22,uniform,10000,3,0.6763449345994544,0.08643075341282644,0.12543236290502174,0.0881026859285701,85.96462086678565
0,23,active,10000,3,0.6763449345994544,0.08643075341282644,6.76519924232219e-05,6.218866798092052e-05,15.800541215939386
0,23,uniform,10000,3,0.6763449345994544,0.08643075341282644,0.04283512714194868,0.031367964129576306,83.41155838583093
0,24,active,10000,3,0.6763449345994544,0.08643075341282644,0.0001175238547183391,8.706413517328872e-05,15.800940190837748
0,24,uniform,10000,3,0.6763449345994544,0.08643075341282644,0.0744124316040091,0.052182511302790405,84.34821300862556
0,25,active,10000,3,0.6763449345994544,0.08643075341282644,7.424733045364312e-05,7.462640157710462e-05,15.80059397864363
0,25,uniform,10000,3,0.6763449345994544,0.08643075341282644,0.04701108904577236,0.034166454188717735,83.5374904384923
0,26,active,10000,3,0.6763449345994544,0.08643075341282644,0.00011305442678003277,0.00011815846916374898,15.80090443541424
0,26,uniform,10000,3,0.6763449345994544,0.08643075341282644,0.07158252952529372,0.06396726388517485,84.87852687483287
0,27,active,10000,3,0.6763449345994544,0.08643075341282644,0.00010927522997467715,5.596980118282847e-05,15.800874201839799
0,27,uniform,10000,3,0.6763449345994544,0.08643075341282644,0.06918966022679054,0.04203332068830418,83.89149943097368
0,28,active,10000,3,0.6763449345994544,0.08643075341282644,0.00010055888238729577,7.462640157710462e-05,15.800804471059099
0,28,uniform,10000,3,0.6763449345994544,0.08643075341282644,0.0636707413635666,0.04576464076715941,84.05940883452217
0,29,active,10000,3,0.6763449345994544,0.08643075341282644,7.886165439277906e-05,7.462640157710462e-05,15.800630893235143
0,29,uniform,10000,3,0.6763449345994544,0.08643075341282644,0.049932734743458614,0.03573982748863502,83.60829223698858
1,0,active,10000,3,0.7667492475135609,0.06213843437699293,0.00017266440883383083,9.950186876947283e-05,15.801381315270671
1,0,uniform,10000,3,0.7667492475135609,0.06213843437699293,0.1093257070540198,0.05998097026759784,84.6991436620419
1,1,active,10000,3,0.7667492475135609,0.06213843437699293,0.0001425589372333995,6.218866798092052e-05,15.801140471497868
1,1,uniform,10000,3,0.7667492475135609,0.06213843437699293,0.09026386338202451,0.06485656183730201,84.9185452826786
1,2,active,10000,3,0.7667492475135609,0.06213843437699293,9.875755156617261e-05,9.328300197138078e-05,15.80079006041253
1,2,uniform,10000,3,0.7667492475135609,0.06213843437699293,0.06253019498815816,0.04675344058805604,84.10390482646253
1,3,active,10000,3,0.7667492475135609,0.06213843437699293,0.00015728392161963242,0.00013059620275993308,15.801258271372959
1,3,uniform,10000,3,0.7667492475135609,0.06213843437699293,0.09958726326656614,0.09045341757824889,86.0704037910212
1,4,active,10000,3,0.7667492475135609,0.06213843437699293,8.079827971304784e-05,7.462640157710462e-05,15.800646386237705
1,4,uniform,10000,3,0.7667492475135609,0.06213843437699293,0.0511589453671078,0.03355700524250471,83.5100652359127
1,5,active,10000,3,0.7667492475135609,0.06213843437699293,7.697481873252324e-05,9.950186876947283e-05,15.800615798549861
1,5,uniform,10000,3,0.7667492475135609,0.06213843437699293,0.04873804937636689,0.0476489574069813,84.14420308331415
1,6,active,10000,3,0.7667492475135609,0.06213843437699293,0.00011694253111388386,0.00012437733596184103,15.800935540248911
1,6,uniform,10000,3,0.7667492475135609,0.06213843437699293,0.07404435566690878,0.05652328032785866,84.54354761475363
1,7,active,10000,3,0.7667492475135609,0.06213843437699293,9.365085225914935e-05,5.596980118282847e-05,15.800749206818073
1,7,uniform,10000,3,0.7667492475135609,0.06213843437699293,0.05929679259666874,0.03926592496315322,83.7669666233419
1,8,active,10000,3,0.7667492475135609,0.06213843437699293,5.3195717326960656e-05,1.8656600394276155e-05,15.800425565738616
1,8,uniform,10000,3,0.7667492475135609,0.06213843437699293,0.03368186558126775,0.014415333237977376,82.64868999570898
1,9,active,10000,3,0.7667492475135609,0.06213843437699293,5.2363092963320784e-05,1.8656600394276155e-05,15.800418904743708
1,9,uniform,10000,3,0.7667492475135609,0.06213843437699293,0.033154673857897256,0.013948918228120472,82.62770132026542
1,10,active,10000,3,0.7667492475135609,0.06213843437699293,0.00010300905306776659,8.084526837519668e-05,15.800824072424543
1,10,uniform,10000,3,0.7667492475135609,0.06213843437699293,0.06522211285843851,0.057568049949938124,84.59056224774721
1,11,active,10000,3,0.7667492475135609,0.06213843437699293,0.00010496356216288874,3.109433399046026e-05,15.800839708497303
1,11,uniform,10000,3,0.7667492475135609,0.06213843437699293,0.06645964692942148,0.027164010174066083,83.22238045783297
1,12,active,10000,3,0.7667492475135609,0.06213843437699293,9.863217097180743e-05,0.00010572073556756488,15.800789057367775
1,12,uniform,10000,3,0.7667492475135609,0.06213843437699293,0.06245080791459498,0.05251833010988738,84.36332485494493
1,13,active,10000,3,0.7667492475135609,0.06213843437699293,0.00011133548938023138,0.00010572073556756488,15.800890683915043
1,13,uniform,10000,3,0.7667492475135609,0.06213843437699293,0.07049415208908745,0.050609138002873116,84.27741121012929
1,14,active,10000,3,0.7667492475135609,0.06213843437699293,0.0001155834154218903,8.084526837519668e-05,15.800924667323375
1,14,uniform,10000,3,0.7667492475135609,0.06213843437699293,0.07318380608983005,0.0322386054813092,83.45073724665892
1,15,active,10000,3,0.7667492475135609,0.06213843437699293,9.975314877674543e-05,4.9750934384736417e-05,15.800798025190215
1,15,uniform,10000,3,0.7667492475135609,0.06213843437699293,0.06316057602452668,0.039458709833894066,83.77564194252523
1,16,active,10000,3,0.7667492475135609,0.06213843437699293,0.000142927774472959,9.950186876947283e-05,15.801143422195784
1,16,uniform,10000,3,0.7667492475135609,0.06213843437699293,0.09049739959413262,0.03938408343231696,83.77228375445426
1,17,active,10000,3,0.7667492475135609,0.06213843437699293,7.043013391083708e-05,6.218866798092052e-05,15.800563441071287
1,17,uniform,10000,3,0.7667492475135609,0.06213843437699293,0.04459415950116066,0.026965006436527137,83.21342528964372
1,18,active,10000,3,0.7667492475135609,0.06213843437699293,8.538931686023418e-05,4.353206758664436e-05,15.800683114534882
1,18,uniform,10000,3,0.7667492475135609,0.06213843437699293,0.05406584659602176,0.03925348722955703,83.76640692533006
1,19,active,10000,3,0.7667492475135609,0.06213843437699293,6.16532031259033e-05,4.353206758664436e-05,15.800493225625008
1,19,uniform,10000,3,0.7667492475135609,0.06213843437699293,0.039036881250814955,0.02491899925995485,83.12135496669796
1,20,active,10000,3,0.7667492475135609,0.06213843437699293,0.00010705925094229088,6.218866798092052e-05,15.800856474007539
1,20,uniform,10000,3,0.7667492475135609,0.06213843437699293,0.06778657156383334,0.04710791599554729,84.11985621979963
1,21,active,10000,3,0.7667492475135609,0.06213843437699293,8.494760652645247e-05,0.00010572073556756488,15.800679580852213
1,21,uniform,10000,3,0.7667492475135609,0.06213843437699293,0.053786169418275014,0.043227343113537854,83.9452304401092
1,22,active,10000,3,0.7667492475135609,0.06213843437699293,8.919212894249046e-05,3.109433399046026e-05,15.800713537031541
1,22,uniform,10000,3,0.7667492475135609,0.06213843437699293,0.056473668349765534,0.03061548124700717,83.37769665611532
1,23,active,10000,3,0.7667492475135609,0.06213843437699293,7.362473726981594e-05,8.706413517328872e-05,15.80058899789816
1,23,uniform,10000,3,0.7667492475135609,0.06213843437699293,0.046616882500863044,0.04167884528081293,83.87554803763658
1,24,active,10000,3,0.7667492475135609,0.06213843437699293,0.00022152284358312874,0.00012437733596184103,15.801772182748666
1,24,uniform,10000,3,0.7667492475135609,0.06213843437699293,0.14026134086876352,0.06857544418256105,85.08589498821524
1,25,active,10000,3,0.7667492475135609,0.06213843437699293,0.00011205545394523189,7.462640157710462e-05,15.800896443631563
1,25,uniform,10000,3,0.7667492475135609,0.06213843437699293,0.07095001114920285,0.04415395426645357,83.98692794199042
1,26,active,10000,3,0.7667492475135609,0.06213843437699293,2.7729394867240242e-05,2.4875467192368208e-05,15.800221835158938
1,26,uniform,10000,3,0.7667492475135609,0.06213843437699293,0.017557386148793732,0.009962624610543466,82.44831810747445
1,27,active,10000,3,0.7667492475135609,0.06213843437699293,8.687664524522493e-05,4.9750934384736417e-05,15.800695013161963
1,27,uniform,10000,3,0.7667492475135609,0.06213843437699293,0.05500757644300868,0.033625412777283724,83.51314357497776
1,28,active,10000,3,0.7667492475135609,0.06213843437699293,0.000123873004727236,4.9750934384736417e-05,15.800990984037819
1,28,uniform,10000,3,0.7667492475135609,0.06213843437699293,0.0784325149472242,0.04360047512142337,83.96202138046405
1,29,active,10000,3,0.7667492475135609,0.06213843437699293,8.565781598605937e-05,3.731320078855231e-05,15.800685262527889
1,29,uniform,10000,3,0.7667492475135609,0.06213843437699293,0.05423585185055803,0.03115652265844118,83.40204351962986
2,0,active,10000,5,0.5541655833642471,0.031146683317341682,0.00012160568936255174,0.0001430339363561172,23.0009728455149
2,0,uniform,10000,5,0.5541655833642471,0.031146683317341682,0.07699692172317163,0.0955342317522901,122.29904042885306
2,1,active,10000,5,0.5541655833642471,0.031146683317341682,0.00011279182187542286,0.0001927848707408536,23.000902334575002
2,1,uniform,10000,5,0.5541655833642471,0.031146683317341682,0.07141625630740785,0.07739379730225558,121.4827208786015
2,2,active,10000,5,0.5541655833642471,0.031146683317341682,0.00022732738134246568,0.0001679094035484854,23.00181861905074
2,2,uniform,10000,5,0.5541655833642471,0.031146683317341682,0.14393659275736553,0.10536626016007364,122.74148170720332
2,3,active,10000,5,0.5541655833642471,0.031146683317341682,9.760643825417956e-05,0.00015547166995230128,23.000780851506033
2,3,uniform,10000,5,0.5541655833642471,0.031146683317341682,0.06180134601699863,0.07570226553317455,121.40660194899286
2,4,active,10000,5,0.5541655833642471,0.031146683317341682,0.00014255641618323225,0.00012437733596184103,23.001140451329466
2,4,uniform,10000,5,0.5541655833642471,0.031146683317341682,0.0902622671318507,0.09262380209078301,122.16807109408524
2,5,active,10000,5,0.5541655833642471,0.031146683317341682,0.00015758019853969601,0.0001927848707408536,23.001260641588317
2,5,uniform,10000,5,0.5541655833642471,0.031146683317341682,0.09977485655219126,0.10608764870865231,122.77394419188936
2,6,active,10000,5,0.5541655833642471,0.031146683317341682,6.612498869929505e-05,9.328300197138078e-05,23.000528999909594
2,6,uniform,10000,5,0.5541655833642471,0.031146683317341682,0.04186827611037326,0.049147704305321484,120.21164669373947
2,7,active,10000,5,0.5541655833642471,0.031146683317341682,0.00013784712387641083,0.00012437733596184103,23.00110277699101
2,7,uniform,10000,5,0.5541655833642471,0.031146683317341682,0.08728049043190497,0.08369350936872283,121.76620792159252
2,8,active,10000,5,0.5541655833642471,0.031146683317341682,0.000185697724963926,0.0001430339363561172,23.001485581799713
2,8,uniform,10000,5,0.5541655833642471,0.031146683317341682,0.11757799547183241,0.09843222368020099,122.42945006560905
2,9,active,10000,5,0.5541655833642471,0.031146683317341682,8.805426705912368e-05,0.00014925280315420924,23.000704434136473
2,9,uniform,10000,5,0.5541655833642471,0.031146683317341682,0.05575320976903907,0.0700306590133146,121.15137965559916
2,10,active,10000,5,0.5541655833642471,0.031146683317341682,0.00017906708858849568,0.0002052226043370377,23.00143253670871
2,10,uniform,10000,5,0.5541655833642471,0.031146683317341682,0.1133796837591533,0.1288797955236597,123.79959079856468
2,11,active,10000,5,0.5541655833642471,0.031146683317341682,0.0001088869033981088,0.00012437733596184103,23.000871095227186
2,11,uniform,10000,5,0.5541655833642471,0.031146683317341682,0.06894378397564126,0.09335140950615979,122.20081342777719
2,12,active,10000,5,0.5541655833642471,0.031146683317341682,0.00012911101296920677,0.0001679094035484854,23.001032888103754
2,12,uniform,10000,5,0.5541655833642471,0.031146683317341682,0.08174905805228791,0.0852793204022363,121.83756941810063
2,13,active,10000,5,0.5541655833642471,0.031146683317341682,0.00019136207883855422,0.00021144147113512975,23.001530896630708
2,13,uniform,10000,5,0.5541655833642471,0.031146683317341682,0.12116448730606505,0.12136740443156448,123.4615331994204
2,14,active,10000,5,0.5541655833642471,0.031146683317341682,0.0001156194517841734,0.00022387920473131387,23.000924955614273
2,14,uniform,10000,5,0.5541655833642471,0.031146683317341682,0.07320662318816173,0.1269768222834435,123.71395700275495
2,15,active,10000,5,0.5541655833642471,0.031146683317341682,0.00021963132403838084,0.0002176603379332218,23.001757050592307
2,15,uniform,10000,5,0.5541655833642471,0.031146683317341682,0.13906368981239942,0.11716345047605425,123.27235527142244
2,16,active,10000,5,0.5541655833642471,0.031146683317341682,7.027001881033945e-05,8.084526837519668e-05,23.000562160150483
2,16,uniform,10000,5,0.5541655833642471,0.031146683317341682,0.044492779623933575,0.044657682477099024,120.00959571146946
2,17,active,10000,5,0.5541655833642471,0.031146683317341682,6.609930129845322e-05,9.328300197138078e-05,23.00052879441039
2,17,uniform,10000,5,0.5541655833642471,0.031146683317341682,0.04185201165102253,0.06653565587278686,120.9941045142754
2,18,active,10000,5,0.5541655833642471,0.031146683317341682,0.00014943602454336492,0.00013059620275993308,23.00119548819635
2,18,uniform,10000,5,0.5541655833642471,0.031146683317341682,0.09461822012359153,0.07870597819665301,121.54176901884938
2,19,active,10000,5,0.5541655833642471,0.031146683317341682,0.0001138997285505261,0.0002052226043370377,23.000911197828405
2,19,uniform,10000,5,0.5541655833642471,0.031146683317341682,0.0721177481864839,0.10455780747632167,122.70510133643448
2,20,active,10000,5,0.5541655833642471,0.031146683317341682,0.0001048398366216511,0.00010572073556756488,23.00083871869297
2,20,uniform,10000,5,0.5541655833642471,0.031146683317341682,0.06638130778371892,0.06437149022705083,120.89671706021728
2,21,active,10000,5,0.5541655833642471,0.031146683317341682,6.918378771323189e-05,7.462640157710462e-05,23.000553470301707
2,21,uniform,10000,5,0.5541655833642471,0.031146683317341682,0.04380501204331695,0.03643634057002133,119.63963532565096
2,22,active,10000,5,0.5541655833642471,0.031146683317341682,0.00012024255016893255,0.0001679094035484854,23.00096194040135
2,22,uniform,10000,5,0.5541655833642471,0.031146683317341682,0.07613382459059295,0.08800940292659871,121.96042313169694
2,23,active,10000,5,0.5541655833642471,0.031146683317341682,7.714132037343023e-05,0.0001927848707408536,23.000617130562986
2,23,uniform,10000,5,0.5541655833642471,0.031146683317341682,0.048843473011395556,0.07566495233238599,121.40492285495736
2,24,active,10000,5,0.5541655833642471,0.031146683317341682,0.00010551028218596,0.00011815846916374898,23.000844082257487
2,24,uniform,10000,5,0.5541655833642471,0.031146683317341682,0.06680581296028594,0.0852917581358325,121.83812911611247
2,25,active,10000,5,0.5541655833642471,0.031146683317341682,5.2317863834938985e-05,4.9750934384736417e-05,23.00041854291068
2,25,uniform,10000,5,0.5541655833642471,0.031146683317341682,0.033126036187400405,0.028395345800088307,119.27779056100397
2,26,active,10000,5,0.5541655833642471,0.031146683317341682,5.49098320673444e-05,8.706413517328872e-05,23.00043927865654
2,26,uniform,10000,5,0.5541655833642471,0.031146683317341682,0.03476718946030681,0.04434673913719442,119.99560326117376
2,27,active,10000,5,0.5541655833642471,0.031146683317341682,0.00018911611432646455,0.00014925280315420924,23.00151292891461
2,27,uniform,10000,5,0.5541655833642471,0.031146683317341682,0.11974241277452438,0.08959521396011219,122.03178462820505
2,28,active,10000,5,0.5541655833642471,0.031146683317341682,0.0001497603406966693,0.0001803471371446695,23.001198082725573
2,28,uniform,10000,5,0.5541655833642471,0.031146683317341682,0.09482356697531813,0.0974123295253139,122.38355482863912
2,29,active,10000,5,0.5541655833642471,0.031146683317341682,0.00011936443512171151,0.0001430339363561172,23.000954915480975
2,29,uniform,10000,5,0.5541655833642471,0.031146683317341682,0.07557782958818685,0.08290371328536514,121.73066709784143
3,0,active,10000,5,0.5128085915803403,0.09575397990683934,0.00010817807727765,0.0001430339363561172,23.000865424618222
3,0,uniform,10000,5,0.5128085915803403,0.09575397990683934,0.06849497743044619,0.06766127076324152,121.04475718434587
3,1,active,10000,5,0.5128085915803403,0.09575397990683934,0.00010868167066672638,8.706413517328872e-05,23.000869453365333
3,1,uniform,10000,5,0.5128085915803403,0.09575397990683934,0.06881383702468119,0.05677825386658043,120.55502142399612
3,2,active,10000,5,0.5128085915803403,0.09575397990683934,0.00014646796268500545,0.0002052226043370377,23.00117174370148
3,2,uniform,10000,5,0.5128085915803403,0.09575397990683934,0.09273893612151049,0.10940852357883346,122.9233835610475
3,3,active,10000,5,0.5128085915803403,0.09575397990683934,9.430837636355272e-05,9.328300197138078e-05,23.000754467010907
3,3,uniform,10000,5,0.5128085915803403,0.09575397990683934,0.05971311630866635,0.0561003973855884,120.52451788235147
3,4,active,10000,5,0.5128085915803403,0.09575397990683934,9.116680942887478e-05,9.328300197138078e-05,23.00072933447543
3,4,uniform,10000,5,0.5128085915803403,0.09575397990683934,0.057723974315197484,0.0438927618609337,119.97517428374202
3,5,active,10000,5,0.5128085915803403,0.09575397990683934,0.00010962815100660356,0.0001927848707408536,23.00087702520805
3,5,uniform,10000,5,0.5128085915803403,0.09575397990683934,0.06941311879367895,0.10587620723751719,122.76442932568827
3,6,active,10000,5,0.5128085915803403,0.09575397990683934,0.00010374905864313222,0.00016169053675039335,23.000829992469146
3,6,uniform,10000,5,0.5128085915803403,0.09575397990683934,0.06569066125993975,0.0820019775996418,121.69008899198388
3,7,active,10000,5,0.5128085915803403,0.09575397990683934,0.00014860242194656564,0.00019900373753894567,23.00118881937557
3,7,uniform,10000,5,0.5128085915803403,0.09575397990683934,0.09409040901351215,0.10024191391844578,122.51088612633006
3,8,active,10000,5,0.5128085915803403,0.09575397990683934,0.00011934524499079141,0.00019900373753894567,23.000954761959925
3,8,uniform,10000,5,0.5128085915803403,0.09575397990683934,0.075565678997046,0.10738739186945355,122.83243263412541
3,9,active,10000,5,0.5128085915803403,0.09575397990683934,9.839083425180334e-05,0.00010572073556756488,23.000787126674016
3,9,uniform,10000,5,0.5128085915803403,0.09575397990683934,0.06229800104643052,0.05261161311185876,120.36752259003364
3,10,active,10000,5,0.5128085915803403,0.09575397990683934,0.00013150596944856013,0.00016169053675039335,23.00105204775559
3,10,uniform,10000,5,0.5128085915803403,0.09575397990683934,0.08326546964075156,0.10196454002151728,122.58840430096828
3,11,active,10000,5,0.5128085915803403,0.09575397990683934,0.00019202734342043531,0.0001430339363561172,23.001536218747365
3,11,uniform,10000,5,0.5128085915803403,0.09575397990683934,0.12158571204648481,0.0730716848775816,121.28822581949117
3,12,active,10000,5,0.5128085915803403,0.09575397990683934,0.00012200003820099503,0.00013059620275993308,23.00097600030561
3,12,uniform,10000,5,0.5128085915803403,0.09575397990683934,0.07724661108226885,0.07713882376353381,121.47124706935902
3,13,active,10000,5,0.5128085915803403,0.09575397990683934,8.794466180336163e-05,8.706413517328872e-05,23.000703557294425
3,13,uniform,10000,5,0.5128085915803403,0.09575397990683934,0.05568381114680984,0.06039763434307001,120.71789354543814
3,14,active,10000,5,0.5128085915803403,0.09575397990683934,7.058954440902418e-05,8.084526837519668e-05,23.00056471635527
3,14,uniform,10000,5,0.5128085915803403,0.09575397990683934,0.044695093246235586,0.053494692197187825,120.40726114887346
3,15,active,10000,5,0.5128085915803403,0.09575397990683934,8.440386535214783e-05,8.706413517328872e-05,23.000675230922816
3,15,uniform,10000,5,0.5128085915803403,0.09575397990683934,0.05344188950136909,0.057972276291814104,120.60875243313163
3,16,active,10000,5,0.5128085915803403,0.09575397990683934,9.750778111018363e-05,9.328300197138078e-05,23.000780062248882
3,16,uniform,10000,5,0.5128085915803403,0.09575397990683934,0.061738879396938125,0.056989695337715564,120.5645362901972
3,17,active,10000,5,0.5128085915803403,0.09575397990683934,0.0001078060852625351,0.00015547166995230128,23.0008624486821
3,17,uniform,10000,5,0.5128085915803403,0.09575397990683934,0.06825944371310386,0.07649206161653224,121.44214277274395
3,18,active,10000,5,0.5128085915803403,0.09575397990683934,0.0001633730680354814,0.0001430339363561172,23.001306984544282
3,18,uniform,10000,5,0.5128085915803403,0.09575397990683934,0.10344272046103942,0.07813384245122854,121.51602291030528
3,19,active,10000,5,0.5128085915803403,0.09575397990683934,9.763665572114916e-05,8.084526837519668e-05,23.00078109324577
3,19,uniform,10000,5,0.5128085915803403,0.09575397990683934,0.06182047877265011,0.05296608851935,120.38347398337075
3,20,active,10000,5,0.5128085915803403,0.09575397990683934,0.000149628972091094,0.0001927848707408536,23.00119703177673
3,20,uniform,10000,5,0.5128085915803403,0.09575397990683934,0.09474038848023936,0.07946467994602023,121.57591059757091
3,21,active,10000,5,0.5128085915803403,0.09575397990683934,0.0001026358667484753,0.00013059620275993308,23.00082108693399
3,21,uniform,10000,5,0.5128085915803403,0.09575397990683934,0.06498582294505244,0.0820766040012189,121.69344718005485
3,22,active,10000,5,0.5128085915803403,0.09575397990683934,0.00015916447768903053,9.328300197138078e-05,23.00127331582151
3,22,uniform,10000,5,0.5128085915803403,0.09575397990683934,0.10077797259297445,0.07892363853458623,121.55156373405639
3,23,active,10000,5,0.5128085915803403,0.09575397990683934,7.442233280243772e-05,9.328300197138078e-05,23.00059537866242
3,23,uniform,10000,5,0.5128085915803403,0.09575397990683934,0.047121895063284874,0.059247143985422974,120.66612147934403
3,24,active,10000,5,0.5128085915803403,0.09575397990683934,0.00013602739753843657,0.00015547166995230128,23.001088219180307
3,24,uniform,10000,5,0.5128085915803403,0.09575397990683934,0.08612829659015084,0.08081417404120621,121.63663783185427
3,25,active,10000,5,0.5128085915803403,0.09575397990683934,0.00012674575867022836,6.218866798092052e-05,23.00101396606936
3,25,uniform,10000,5,0.5128085915803403,0.09575397990683934,0.08025145295608382,0.035348038880355225,119.59066174961599
3,26,active,10000,5,0.5128085915803403,0.09575397990683934,0.00016846385133463537,0.00021144147113512975,23.001347710810677
3,26,uniform,10000,5,0.5128085915803403,0.09575397990683934,0.10666604533380733,0.10962618391676669,122.9331782762545
3,27,active,10000,5,0.5128085915803403,0.09575397990683934,6.701633799811868e-05,0.00010572073556756488,23.000536130703985
3,27,uniform,10000,5,0.5128085915803403,0.09575397990683934,0.042432650627276504,0.05998718913439593,120.69942351104781
3,28,active,10000,5,0.5128085915803403,0.09575397990683934,0.00014848136200012324,0.00014925280315420924,23.001187850896002
3,28,uniform,10000,5,0.5128085915803403,0.09575397990683934,0.0940137576391396,0.08047213636731115,121.621246136529
3,29,active,10000,5,0.5128085915803403,0.09575397990683934,0.00020258447144494603,0.00024253580512559003,23.00162067577156
3,29,uniform,10000,5,0.5128085915803403,0.09575397990683934,0.12827015554896232,0.13429642850479787,124.0433392827159
4,0,active,10000,3,0.5991268232119246,0.02590285701198162,0.0001641781457109165,8.084526837519668e-05,15.801313425165688
4,0,uniform,10000,3,0.5991268232119246,0.02590285701198162,0.10395247048243972,0.07325825088152436,85.2966212896686
4,1,active,10000,3,0.5991268232119246,0.02590285701198162,7.870540801587292e-05,4.353206758664436e-05,15.800629643264127
4,1,uniform,10000,3,0.5991268232119246,0.02590285701198162,0.04983380442107523,0.041940037686332796,83.88730169588497
4,2,active,10000,3,0.5991268232119246,0.02590285701198162,0.00018131079730719472,0.00013681506955802515,15.801450486378458
4,2,uniform,10000,3,0.5991268232119246,0.02590285701198162,0.11480032999282201,0.07887388760020149,85.54932494200906
4,3,active,10000,3,0.5991268232119246,0.02590285701198162,0.00011682377104531294,6.218866798092052e-05,15.800934590168364
4,3,uniform,10000,3,0.5991268232119246,0.02590285701198162,0.0739691605033867,0.0513243076846537,84.30959384580942
4,4,active,10000,3,0.5991268232119246,0.02590285701198162,0.00015500568558468597,6.218866798092052e-05,15.801240045484679
4,4,uniform,10000,3,0.5991268232119246,0.02590285701198162,0.09814475541542209,0.057897649890237,84.60539424506067
4,5,active,10000,3,0.5991268232119246,0.02590285701198162,8.418750683100024e-05,6.218866798092052e-05,15.800673500054648
4,5,uniform,10000,3,0.5991268232119246,0.02590285701198162,0.05330489804805957,0.03867513261733447,83.74038096778006
4,6,active,10000,3,0.5991268232119246,0.02590285701198162,7.590028713795084e-05,8.084526837519668e-05,15.800607202297105
4,6,uniform,10000,3,0.5991268232119246,0.02590285701198162,0.04805768955514031,0.041691283014409115,83.8761077356484
4,7,active,10000,3,0.5991268232119246,0.02590285701198162,7.7575308042057e-05,8.084526837519668e-05,15.800620602464337
4,7,uniform,10000,3,0.5991268232119246,0.02590285701198162,0.04911826043886853,0.03697738198145534,83.6639821891655
4,8,active,10000,3,0.5991268232119246,0.02590285701198162,6.429536880112399e-05,3.731320078855231e-05,15.800514362950409
4,8,uniform,10000,3,0.5991268232119246,0.02590285701198162,0.04070981797555437,0.019446396477633847,82.87508784149352
4,9,active,10000,3,0.5991268232119246,0.02590285701198162,7.386690023189826e-05,3.731320078855231e-05,15.800590935201855
4,9,uniform,10000,3,0.5991268232119246,0.02590285701198162,0.04677021251970714,0.01960808701438424,82.88236391564729
4,10,active,10000,3,0.5991268232119246,0.02590285701198162,0.00012053815549213122,6.218866798092052e-05,15.800964305243937
4,10,uniform,10000,3,0.5991268232119246,0.02590285701198162,0.07632099264215256,0.04591389357031362,84.06612521066411
4,11,active,10000,3,0.5991268232119246,0.02590285701198162,0.00010356691067250727,1.8656600394276155e-05,15.800828535285381
4,11,uniform,10000,3,0.5991268232119246,0.02590285701198162,0.06557533085798853,0.02865031933881008,83.28926437024646
4,12,active,10000,3,0.5991268232119246,0.02590285701198162,8.770768489776981e-05,6.218866798092052e-05,15.800701661479183
4,12,uniform,10000,3,0.5991268232119246,0.02590285701198162,0.05553376477687961,0.03582689162380831,83.61221012307138
4,13,active,10000,3,0.5991268232119246,0.02590285701198162,7.317455747953353e-05,8.084526837519668e-05,15.800585396459837
4,13,uniform,10000,3,0.5991268232119246,0.02590285701198162,0.04633184272798909,0.04918501750611003,84.21332578777495
4,14,active,10000,3,0.5991268232119246,0.02590285701198162,0.00012047738428505421,0.00010572073556756488,15.800963819074282
4,14,uniform,10000,3,0.5991268232119246,0.02590285701198162,0.07628251421318574,0.048979794901773,84.20409077057978
4,15,active,10000,3,0.5991268232119246,0.02590285701198162,0.00011358678925549315,9.950186876947283e-05,15.800908694314044
4,15,uniform,10000,3,0.5991268232119246,0.02590285701198162,0.07191960480576888,0.04838278368915616,84.17722526601203
4,16,active,10000,3,0.5991268232119246,0.02590285701198162,0.00011145839158369086,9.950186876947283e-05,15.800891667132671
4,16,uniform,10000,3,0.5991268232119246,0.02590285701198162,0.07057196992293749,0.04906685903694629,84.20800865666259
4,17,active,10000,3,0.5991268232119246,0.02590285701198162,0.00015140148850797085,0.0001430339363561172,15.801211211908065
4,17,uniform,10000,3,0.5991268232119246,0.02590285701198162,0.09586269047543156,0.10650431278412448,86.7926940752856
4,18,active,10000,3,0.5991268232119246,0.02590285701198162,7.515441032786459e-05,1.8656600394276155e-05,15.800601235282624
4,18,uniform,10000,3,0.5991268232119246,0.02590285701198162,0.04758542367135914,0.02810305906057798,83.26463765772601
4,19,active,10000,3,0.5991268232119246,0.02590285701198162,5.5506869826993724e-05,3.731320078855231e-05,15.800444054958616
4,19,uniform,10000,3,0.5991268232119246,0.02590285701198162,0.03514521510934602,0.03276720915914702,83.47452441216161
4,20,active,10000,3,0.5991268232119246,0.02590285701198162,0.00011985009340802037,7.462640157710462e-05,15.800958800747265
4,20,uniform,10000,3,0.5991268232119246,0.02590285701198162,0.07588533323583006,0.0553168201690288,84.48925690760629
4,21,active,10000,3,0.5991268232119246,0.02590285701198162,4.76970503898895e-05,6.218866798092052e-06,15.80038157640312
4,21,uniform,10000,3,0.5991268232119246,0.02590285701198162,0.03020028153737619,0.016933974291204655,82.7620288431042
4,22,active,10000,3,0.5991268232119246,0.02590285701198162,0.0001318709830059519,7.462640157710462e-05,15.801054967864049
4,22,uniform,10000,3,0.5991268232119246,0.02590285701198162,0.08349658481678872,0.050279538062574236,84.26257921281584
4,23,active,10000,3,0.5991268232119246,0.02590285701198162,0.0001334618436180813,9.950186876947283e-05,15.801067694748946
4,23,uniform,10000,3,0.5991268232119246,0.02590285701198162,0.0845038680340798,0.06519238064439897,84.93365712899795
4,24,active,10000,3,0.5991268232119246,0.02590285701198162,0.00011569647729879097,4.353206758664436e-05,15.800925571818391
4,24,uniform,10000,3,0.5991268232119246,0.02590285701198162,0.0732553933365912,0.03255576768801189,83.46500954596054
4,25,active,10000,3,0.5991268232119246,0.02590285701198162,6.895548991493229e-05,4.9750934384736417e-05,15.80055164391932
4,25,uniform,10000,3,0.5991268232119246,0.02590285701198162,0.04366046101292377,0.03871866468492111,83.74233991082146
4,26,active,10000,3,0.5991268232119246,0.02590285701198162,0.0001760698818768086,0.00010572073556756488,15.801408559055016
4,26,uniform,10000,3,0.5991268232119246,0.02590285701198162,0.11148194614690753,0.055820548379674255,84.51192467708535
4,27,active,10000,3,0.5991268232119246,0.02590285701198162,9.292999073331684e-05,7.462640157710462e-05,15.800743439925867
4,27,uniform,10000,3,0.5991268232119246,0.02590285701198162,0.05884036560900396,0.03795374406875579,83.707918483094
4,28,active,10000,3,0.5991268232119246,0.02590285701198162,0.0001219453348926397,7.462640157710462e-05,15.800975562679142
4,28,uniform,10000,3,0.5991268232119246,0.02590285701198162,0.0772119746572373,0.05432802034813217,84.44476091566595
4,29,active,10000,3,0.5991268232119246,0.02590285701198162,0.00012714294938717847,4.9750934384736417e-05,15.801017143595098
4,29,uniform,10000,3,0.5991268232119246,0.02590285701198162,0.0805029417038822,0.034216205123102465,83.5397292305396
5,0,active,10000,3,0.42157985381546365,0.09227765664377924,4.461554079821656e-05,1.2437733596184104e-05,15.800356924326387
5,0,uniform,10000,3,0.42157985381546365,0.09227765664377924,0.02824916597642259,0.022238667669977178,83.00074004514897
5,1,active,10000,3,0.42157985381546365,0.09227765664377924,5.545147900989922e-05,1.8656600394276155e-05,15.80044361183208
5,1,uniform,10000,3,0.42157985381546365,0.09227765664377924,0.035110143375154904,0.02139290178543666,82.96268058034465
5,2,active,10000,3,0.42157985381546365,0.09227765664377924,0.00011637231846629154,4.9750934384736417e-05,15.800930978547731
5,2,uniform,10000,3,0.42157985381546365,0.09227765664377924,0.07368331484041583,0.04363778832221193,83.96370047449953
5,3,active,10000,3,0.42157985381546365,0.09227765664377924,0.00012188068189270679,6.218866798092052e-05,15.800975045455143
5,3,uniform,10000,3,0.42157985381546365,0.09227765664377924,0.0771710383983849,0.03792886860156342,83.70679908707035
5,4,active,10000,3,0.42157985381546365,0.09227765664377924,0.0001045305525345791,4.9750934384736417e-05,15.800836244420278
5,4,uniform,10000,3,0.42157985381546365,0.09227765664377924,0.06618547876645176,0.04588901810312125,84.06500581464046
5,5,active,10000,3,0.42157985381546365,0.09227765664377924,0.0001690031946207718,0.00012437733596184103,15.801352025556968
5,5,uniform,10000,3,0.42157985381546365,0.09227765664377924,0.10700754064542772,0.08111889851431273,85.65035043314407
5,6,active,10000,3,0.42157985381546365,0.09227765664377924,7.897790559264345e-05,5.596980118282847e-05,15.800631823244743
5,6,uniform,10000,3,0.42157985381546365,0.09227765664377924,0.05000634136981008,0.03198363194258742,83.43926343741643
5,7,active,10000,3,0.42157985381546365,0.09227765664377924,0.00010620556064931327,6.218866798092052e-05,15.800849644485195
5,7,uniform,10000,3,0.42157985381546365,0.09227765664377924,0.06724604155236376,0.04805318374885728,84.16239326869858
5,8,active,10000,3,0.42157985381546365,0.09227765664377924,0.00010564235190343302,2.4875467192368208e-05,15.800845138815228
5,8,uniform,10000,3,0.42157985381546365,0.09227765664377924,0.06688943537751058,0.03138662072997059,83.41239793284868
5,9,active,10000,3,0.42157985381546365,0.09227765664377924,8.407199463021653e-05,4.9750934384736417e-05,15.800672575957043
5,9,uniform,10000,3,0.42157985381546365,0.09227765664377924,0.05323175933282573,0.030621700113805262,83.37797650512124
5,10,active,10000,3,0.42157985381546365,0.09227765664377924,6.547500296655295e-05,2.4875467192368208e-05,15.800523800023733
5,10,uniform,10000,3,0.42157985381546365,0.09227765664377924,0.04145672545964963,0.022624237411458883,83.01809068351565
5,11,active,10000,3,0.42157985381546365,0.09227765664377924,0.0001851831872732336,0.0001430339363561172,15.801481465498187
5,11,uniform,10000,3,0.42157985381546365,0.09227765664377924,0.11725220628789343,0.093028028432659,86.18626127946966
5,12,active,10000,3,0.42157985381546365,0.09227765664377924,8.886072823843794e-05,3.109433399046026e-05,15.800710885825907
5,12,uniform,10000,3,0.42157985381546365,0.09227765664377924,0.056263835781875896,0.03281696009353176,83.47676320420894
5,13,active,10000,3,0.42157985381546365,0.09227765664377924,5.091909576009773e-05,1.2437733596184104e-05,15.800407352766081
5,13,uniform,10000,3,0.42157985381546365,0.09227765664377924,0.032240379960867704,0.021846879061697376,82.98310955777639
5,14,active,10000,3,0.42157985381546365,0.09227765664377924,8.155902475905086e-05,4.9750934384736417e-05,15.800652472198074
5,14,uniform,10000,3,0.42157985381546365,0.09227765664377924,0.05164062535318045,0.04278580357087332,83.9253611606893
5,15,active,10000,3,0.42157985381546365,0.09227765664377924,0.00016461356435033825,7.462640157710462e-05,15.801316908514803
5,15,uniform,10000,3,0.42157985381546365,0.09227765664377924,0.10422816395593465,0.05509294096429749,84.47918234339339
5,16,active,10000,3,0.42157985381546365,0.09227765664377924,6.81316291843842e-05,7.462640157710462e-05,15.800545053033476
5,16,uniform,10000,3,0.42157985381546365,0.09227765664377924,0.04313881814806385,0.05086411154159489,84.28888501937178
5,17,active,10000,3,0.42157985381546365,0.09227765664377924,9.568878446720996e-05,8.706413517328872e-05,15.800765510275738
5,17,uniform,10000,3,0.42157985381546365,0.09227765664377924,0.0605871475752872,0.06487521843769628,84.91938482969633
5,18,active,10000,3,0.42157985381546365,0.09227765664377924,0.0001925559076899619,0.00013059620275993308,15.80154044726152
5,18,uniform,10000,3,0.42157985381546365,0.09227765664377924,0.1219203824216761,0.08385519990547323,85.77348399574629
5,19,active,10000,3,0.42157985381546365,0.09227765664377924,0.00013833013950466377,8.084526837519668e-05,15.801106641116037
5,19,uniform,10000,3,0.42157985381546365,0.09227765664377924,0.08758632083109298,0.051828035895299156,84.33226161528846
5,20,active,10000,3,0.42157985381546365,0.09227765664377924,7.970639924019876e-05,4.353206758664436e-05,15.800637651193922
5,20,uniform,10000,3,0.42157985381546365,0.09227765664377924,0.05046760077839601,0.04149849814366826,83.86743241646508
5,21,active,10000,3,0.42157985381546365,0.09227765664377924,8.644848260614887e-05,8.084526837519668e-05,15.80069158786085
5,21,uniform,10000,3,0.42157985381546365,0.09227765664377924,0.05473647724216145,0.049925062655082994,84.24662781947873
5,22,active,10000,3,0.42157985381546365,0.09227765664377924,7.465303396502615e-05,1.8656600394276155e-05,15.800597224271721
5,22,uniform,10000,3,0.42157985381546365,0.09227765664377924,0.047267967828906104,0.02470133892202163,83.11156025149097
5,23,active,10000,3,0.42157985381546365,0.09227765664377924,0.00015163230193442762,0.00012437733596184103,15.801213058415476
5,23,uniform,10000,3,0.42157985381546365,0.09227765664377924,0.09600883432302112,0.07698335209358151,85.46425084421116
5,24,active,10000,3,0.42157985381546365,0.09227765664377924,0.00010751492372335775,0.00011815846916374898,15.800860119389787
5,24,uniform,10000,3,0.42157985381546365,0.09227765664377924,0.06807508932676667,0.07169731531520326,85.22637918918414
5,25,active,10000,3,0.42157985381546365,0.09227765664377924,0.00014166692658315605,4.353206758664436e-05,15.801133335412667
5,25,uniform,10000,3,0.42157985381546365,0.09227765664377924,0.08969907011804235,0.04640518404736289,84.08823328213133
5,26,active,10000,3,0.42157985381546365,0.09227765664377924,0.00014460271955607507,6.840753477901257e-05,15.80115682175645
5,26,uniform,10000,3,0.42157985381546365,0.09227765664377924,0.09155792247034071,0.05669740859820523,84.55138338691924
5,27,active,10000,3,0.42157985381546365,0.09227765664377924,9.385185637250659e-05,3.109433399046026e-05,15.80075081485098
5,27,uniform,10000,3,0.42157985381546365,0.09227765664377924,0.05942406211886861,0.03300352609747452,83.48515867438635
5,28,active,10000,3,0.42157985381546365,0.09227765664377924,0.0001466105108396537,0.00010572073556756488,15.801172884086718
5,28,uniform,10000,3,0.42157985381546365,0.09227765664377924,0.09282919315768466,0.07649206161653224,85.44214277274395
5,29,active,10000,3,0.42157985381546365,0.09227765664377924,0.00013641329746320874,0.00010572073556756488,15.801091306379707
5,29,uniform,10000,3,0.42157985381546365,0.09227765664377924,0.08637263636127396,0.05879316670916226,84.64569250191231
6,0,active,10000,4,0.4986365953712216,0.09243444449606208,0.0001634204313256185,6.840753477901257e-05,19.401307363450602
6,0,uniform,10000,4,0.4986365953712216,0.09243444449606208,0.1034727094159786,0.06241254718565183,102.80856462335433
6,1,active,10000,4,0.4986365953712216,0.09243444449606208,8.243420841506227e-05,7.462640157710462e-05,19.400659473667318
6,1,uniform,10000,4,0.4986365953712216,0.09243444449606208,0.05219476429037001,0.05222604337037705,102.35017195166697
6,2,active,10000,4,0.4986365953712216,0.09243444449606208,0.00010211224707713101,9.950186876947283e-05,19.400816897976615
6,2,uniform,10000,4,0.4986365953712216,0.09243444449606208,0.064654283334831,0.06082051728534026,102.7369232778403
6,3,active,10000,4,0.4986365953712216,0.09243444449606208,0.0001418026693634361,0.00015547166995230128,19.401134421354907
6,3,uniform,10000,4,0.4986365953712216,0.09243444449606208,0.08978501820387282,0.08307162268891363,103.73822302100112
6,4,active,10000,4,0.4986365953712216,0.09243444449606208,7.649526429407555e-05,6.218866798092052e-05,19.40061196211435
6,4,uniform,10000,4,0.4986365953712216,0.09243444449606208,0.04843441049439068,0.0476489574069813,102.14420308331415
6,5,active,10000,4,0.4986365953712216,0.09243444449606208,7.319321002118712e-05,9.950186876947283e-05,19.40058554568017
6,5,uniform,10000,4,0.4986365953712216,0.09243444449606208,0.0463436529344133,0.06076454748415744,102.73440463678709
6,6,active,10000,4,0.4986365953712216,0.09243444449606208,0.00023074182495910756,0.0002300980715294059,19.40184593459967
6,6,uniform,10000,4,0.4986365953712216,0.09243444449606208,0.1460985117371092,0.13723795250029538,106.17570786251329
6,7,active,10000,4,0.4986365953712216,0.09243444449606208,0.0001608296592009381,0.00011193960236565693,19.401286637273607
6,7,uniform,10000,4,0.4986365953712216,0.09243444449606208,0.10183231348111557,0.07036647782041157,103.16649150191851
6,8,active,10000,4,0.4986365953712216,0.09243444449606208,4.9667620034755944e-05,3.731320078855231e-05,19.400397340960275
6,8,uniform,10000,4,0.4986365953712216,0.09243444449606208,0.031447984646453674,0.02078967170602173,100.93553522677098
6,9,active,10000,4,0.4986365953712216,0.09243444449606208,0.0001986135592346311,0.00015547166995230128,19.401588908473876
6,9,uniform,10000,4,0.4986365953712216,0.09243444449606208,0.12575589804809664,0.08189625686407423,103.68533155888333
6,10,active,10000,4,0.4986365953712216,0.09243444449606208,0.00015358769212572843,7.462640157710462e-05,19.401228701537004
6,10,uniform,10000,4,0.4986365953712216,0.09243444449606208,0.09724692627652448,0.0594648043233562,102.67591619455104
6,11,active,10000,4,0.4986365953712216,0.09243444449606208,0.00016082870902488916,0.00012437733596184103,19.401286629672196
6,11,uniform,10000,4,0.4986365953712216,0.09243444449606208,0.10183171185936643,0.08977556109725686,104.03990024937656
6,12,active,10000,4,0.4986365953712216,0.09243444449606208,0.00012012416604759157,0.00013059620275993308,19.40096099332838
6,12,uniform,10000,4,0.4986365953712216,0.09243444449606208,0.07605886746506463,0.06361900734448168,102.86285533050167
6,13,active,10000,4,0.4986365953712216,0.09243444449606208,0.00010720174005798833,0.0001803471371446695,19.40085761392046
6,13,uniform,10000,4,0.4986365953712216,0.09243444449606208,0.06787679121840931,0.09007406670356527,104.05333300166043
6,14,active,10000,4,0.4986365953712216,0.09243444449606208,0.0001205034570946964,0.00015547166995230128,19.400964027656755
6,14,uniform,10000,4,0.4986365953712216,0.09243444449606208,0.07629902270135534,0.06837022157822402,103.07665997102008
6,15,active,10000,4,0.4986365953712216,0.09243444449606208,0.00017432246630406933,0.00014925280315420924,19.401394579730432
6,15,uniform,10000,4,0.4986365953712216,0.09243444449606208,0.11037553722165049,0.09391732638478617,104.22627968731538
6,16,active,10000,4,0.4986365953712216,0.09243444449606208,7.654556578694932e-05,8.084526837519668e-05,19.400612364526292
6,16,uniform,10000,4,0.4986365953712216,0.09243444449606208,0.04846625982752409,0.05089520587558535,102.29028426440134
6,17,active,10000,4,0.4986365953712216,0.09243444449606208,9.782368117397522e-05,9.328300197138078e-05,19.400782589449392
6,17,uniform,10000,4,0.4986365953712216,0.09243444449606208,0.06193889744390785,0.060944894621302106,102.74252025795859
6,18,active,10000,4,0.4986365953712216,0.09243444449606208,0.00015534037579686272,6.840753477901257e-05,19.401242723006373
6,18,uniform,10000,4,0.4986365953712216,0.09243444449606208,0.09835667079704898,0.06302199613186485,102.83598982593392
6,19,active,10000,4,0.4986365953712216,0.09243444449606208,6.460791218273337e-05,6.840753477901257e-05,19.40051686329746
6,19,uniform,10000,4,0.4986365953712216,0.09243444449606208,0.04090771067623174,0.043395252517086334,101.95278636326888
6,20,active,10000,4,0.4986365953712216,0.09243444449606208,0.00012150313950640146,8.706413517328872e-05,19.40097202511605
6,20,uniform,10000,4,0.4986365953712216,0.09243444449606208,0.07693199035945547,0.05960783825971232,102.68235272168705
6,21,active,10000,4,0.4986365953712216,0.09243444449606208,6.668172260042293e-05,7.462640157710462e-05,19.400533453780803
6,21,uniform,10000,4,0.4986365953712216,0.09243444449606208,0.04222078261584982,0.03768011392963974,101.69560512683378
6,22,active,10000,4,0.4986365953712216,0.09243444449606208,0.00014086017437917042,9.328300197138078e-05,19.401126881395033
6,22,uniform,10000,4,0.4986365953712216,0.09243444449606208,0.08918825983745404,0.05842625356807483,102.62918141056336
6,23,active,10000,4,0.4986365953712216,0.09243444449606208,9.305281661272508e-05,6.840753477901257e-05,19.4007444225329
6,23,uniform,10000,4,0.4986365953712216,0.09243444449606208,0.05891813511693087,0.041125366135782736,101.85064147611023
6,24,active,10000,4,0.4986365953712216,0.09243444449606208,7.374829603553484e-05,3.731320078855231e-05,19.40058998636828
6,24,uniform,10000,4,0.4986365953712216,0.09243444449606208,0.04669511604948251,0.03045379071025678,101.37042058196155
6,25,active,10000,4,0.4986365953712216,0.09243444449606208,0.00013046843065810804,0.0001679094035484854,19.401043747445264
6,25,uniform,10000,4,0.4986365953712216,0.09243444449606208,0.08260853250683602,0.09606905429692601,104.32310744336166
6,26,active,10000,4,0.4986365953712216,0.09243444449606208,0.00018197211756102588,0.00016169053675039335,19.401455776940487
6,26,uniform,10000,4,0.4986365953712216,0.09243444449606208,0.11521905730801499,0.09100067785648099,104.09503050354165
6,27,active,10000,4,0.4986365953712216,0.09243444449606208,7.749645427039542e-05,7.462640157710462e-05,19.40061997163416
6,27,uniform,10000,4,0.4986365953712216,0.09243444449606208,0.049068332695266836,0.04918501750611003,102.21332578777495
6,28,active,10000,4,0.4986365953712216,0.09243444449606208,9.30158294320041e-05,3.731320078855231e-05,19.400744126635455
6,28,uniform,10000,4,0.4986365953712216,0.09243444449606208,0.0588947159901332,0.03317143550102301,101.49271459754604
6,29,active,10000,4,0.4986365953712216,0.09243444449606208,3.7942127925003066e-05,3.109433399046026e-05,19.400303537023397
6,29,uniform,10000,4,0.4986365953712216,0.09243444449606208,0.024023769522352398,0.02373741456831736,101.06818365557429
7,0,active,10000,5,0.4724148580076133,0.05203501500979825,8.939910800310688e-05,0.0001430339363561172,23.000715192864025
7,0,uniform,10000,5,0.4724148580076133,0.05203501500979825,0.056604721021827925,0.06889882525606184,121.10044713652279
7,1,active,10000,5,0.4724148580076133,0.05203501500979825,0.00010728931584033999,0.00019900373753894567,23.000858314526724
7,1,uniform,10000,5,0.4724148580076133,0.05203501500979825,0.06793224146658244,0.11072692334002898,122.9827115503013
7,2,active,10000,5,0.4724148580076133,0.05203501500979825,0.00010370142920200845,0.00011193960236565693,23.000829611433616
7,2,uniform,10000,5,0.4724148580076133,0.05203501500979825,0.06566050378646295,0.057487204681562924,120.58692421067033
7,3,active,10000,5,0.4724148580076133,0.05203501500979825,7.611394613817046e-05,8.706413517328872e-05,23.000608911569106
7,3,uniform,10000,5,0.4724148580076133,0.05203501500979825,0.04819297175620111,0.04390519959452988,119.97573398175385
7,4,active,10000,5,0.4724148580076133,0.05203501500979825,8.980233050825265e-05,0.00014925280315420924,23.000718418644066
7,4,uniform,10000,5,0.4724148580076133,0.05203501500979825,0.05686002890938792,0.06491875050528292,120.92134377273773
7,5,active,10000,5,0.4724148580076133,0.05203501500979825,8.259172194052117e-05,0.00013681506955802515,23.000660733775526
7,5,uniform,10000,5,0.4724148580076133,0.05203501500979825,0.052294496931580524,0.062207324581314796,120.79932960615916
7,6,active,10000,5,0.4724148580076133,0.05203501500979825,7.219782255621018e-05,9.328300197138078e-05,23.00057758258045
7,6,uniform,10000,5,0.4724148580076133,0.05203501500979825,0.04571340470237381,0.05346981672999546,120.40614175284979
7,7,active,10000,5,0.4724148580076133,0.05203501500979825,0.00012599939368974564,0.0002052226043370377,23.001007995149518
7,7,uniform,10000,5,0.4724148580076133,0.05203501500979825,0.07977887797805507,0.1031958756475395,122.64381440413928
7,8,active,10000,5,0.4724148580076133,0.05203501500979825,0.00011501533971430486,0.00017412827034657744,23.000920122717716
7,8,uniform,10000,5,0.4724148580076133,0.05203501500979825,0.07282411830701876,0.07154806251204905,121.2196628130422
7,9,active,10000,5,0.4724148580076133,0.05203501500979825,0.00014251482521658587,0.00021144147113512975,23.001140118601732
7,9,uniform,10000,5,0.4724148580076133,0.05203501500979825,0.09023593303167687,0.11065229693845187,122.97935336223034
7,10,active,10000,5,0.4724148580076133,0.05203501500979825,0.00014933267474584455,0.00019900373753894567,23.001194661397967
7,10,uniform,10000,5,0.4724148580076133,0.05203501500979825,0.09455278226193109,0.13378026256055622,124.02011181522504
7,11,active,10000,5,0.4724148580076133,0.05203501500979825,0.0001166038881037848,0.00015547166995230128,23.00093283110483
7,11,uniform,10000,5,0.4724148580076133,0.05203501500979825,0.0738299374972258,0.08799074632620443,121.9595835846792
7,12,active,10000,5,0.4724148580076133,0.05203501500979825,7.612721446556212e-05,0.0001430339363561172,23.000609017715725
7,12,uniform,10000,5,0.4724148580076133,0.05203501500979825,0.04820137284637913,0.0728415868060522,121.27787140627235
7,13,active,10000,5,0.4724148580076133,0.05203501500979825,0.00011356700189719612,9.950186876947283e-05,23.000908536015178
7,13,uniform,10000,5,0.4724148580076133,0.05203501500979825,0.07190707606895769,0.06445233549542602,120.90035509729417
7,14,active,10000,5,0.4724148580076133,0.05203501500979825,7.613731230445356e-05,0.00010572073556756488,23.000609098498437
7,14,uniform,10000,5,0.4724148580076133,0.05203501500979825,0.048207766482368714,0.06362522621127978,120.8631351795076
7,15,active,10000,5,0.4724148580076133,0.05203501500979825,0.00017211835355743915,0.00019900373753894567,23.001376946828458
7,15,uniform,10000,5,0.4724148580076133,0.05203501500979825,0.10897996191994447,0.12943949353548798,123.82477720909696
7,16,active,10000,5,0.4724148580076133,0.05203501500979825,7.50939345973943e-05,0.00011815846916374898,23.000600751476778
7,16,uniform,10000,5,0.4724148580076133,0.05203501500979825,0.047547132328971425,0.0557086087773086,120.50688739497889
7,17,active,10000,5,0.4724148580076133,0.05203501500979825,0.0001536147153242684,0.0001679094035484854,23.001228917722592
7,17,uniform,10000,5,0.4724148580076133,0.05203501500979825,0.09726403652120597,0.08644224849347952,121.88990118220657
7,18,active,10000,5,0.4724148580076133,0.05203501500979825,0.0001101308404884288,0.0001803471371446695,23.000881046723908
7,18,uniform,10000,5,0.4724148580076133,0.05203501500979825,0.06973140606200032,0.08787880672383878,121.95454630257275
7,19,active,10000,5,0.4724148580076133,0.05203501500979825,0.00012830147390420835,0.0001927848707408536,23.001026411791234
7,19,uniform,10000,5,0.4724148580076133,0.05203501500979825,0.08123648321842686,0.09351931890970827,122.20836935093688
7,20,active,10000,5,0.4724148580076133,0.05203501500979825,0.000120530304543294,0.00011193960236565693,23.000964242436346
7,20,uniform,10000,5,0.4724148580076133,0.05203501500979825,0.07631602166671525,0.07560276366440508,121.40212436489823
7,21,active,10000,5,0.4724148580076133,0.05203501500979825,0.00023153018932813366,0.00016169053675039335,23.001852241514626
7,21,uniform,10000,5,0.4724148580076133,0.05203501500979825,0.14659767941527727,0.12656637707476945,123.69548696836462
7,22,active,10000,5,0.4724148580076133,0.05203501500979825,0.00020676274875254877,0.00029850560630841847,23.00165410199002
7,22,uniform,10000,5,0.4724148580076133,0.05203501500979825,0.13091571014823114,0.1726854932494201,125.77084719622391
7,23,active,10000,5,0.4724148580076133,0.05203501500979825,7.987709370410948e-05,0.00015547166995230128,23.000639016749634
7,23,uniform,10000,5,0.4724148580076133,0.05203501500979825,0.05057567917790502,0.07403560923128588,121.33160241540787
7,24,active,10000,5,0.4724148580076133,0.05203501500979825,0.00012986595893372047,0.0002052226043370377,23.00103892767147
7,24,uniform,10000,5,0.4724148580076133,0.05203501500979825,0.08222706624119705,0.0903601345762775,122.06620605593248
7,25,active,10000,5,0.4724148580076133,0.05203501500979825,6.119363753743709e-05,0.00011815846916374898,23.0004895491003
7,25,uniform,10000,5,0.4724148580076133,0.05203501500979825,0.038745898683925445,0.043631569455413834,119.96342062549363
7,26,active,10000,5,0.4724148580076133,0.05203501500979825,9.940922199052141e-05,0.00013681506955802515,23.000795273775925
7,26,uniform,10000,5,0.4724148580076133,0.05203501500979825,0.06294281233289661,0.07780424251092966,121.50119091299183
7,27,active,10000,5,0.4724148580076133,0.05203501500979825,0.00022461634304292086,0.00034203767389506286,23.001796930744344
7,27,uniform,10000,5,0.4724148580076133,0.05203501500979825,0.14222004803948482,0.19800249998445282,126.91011249930038
7,28,active,10000,5,0.4724148580076133,0.05203501500979825,9.131341056346429e-05,9.950186876947283e-05,23.00073050728451
7,28,uniform,10000,5,0.4724148580076133,0.05203501500979825,0.057816797571582264,0.05983171746444363,120.69242728589997
7,29,active,10000,5,0.4724148580076133,0.05203501500979825,9.848577106928713e-05,0.0001679094035484854,23.000787886168553
7,29,uniform,10000,5,0.4724148580076133,0.05203501500979825,0.062358112072023325,0.06814012350669461,121.06630555780126
8,0,active,10000,4,0.7310425573068524,0.04762430772898418,0.00012803741139030128,0.00014925280315420924,19.40102429929112
8,0,uniform,10000,4,0.7310425573068524,0.04762430772898418,0.0810692870878664,0.06090136255371546,102.7405613149172
8,1,active,10000,4,0.7310425573068524,0.04762430772898418,7.95431285926726e-05,8.706413517328872e-05,19.40063634502874
8,1,uniform,10000,4,0.7310425573068524,0.04762430772898418,0.05036422290740679,0.05198972643204955,102.33953768944222
8,2,active,10000,4,0.7310425573068524,0.04762430772898418,0.0001029055353047037,0.00012437733596184103,19.400823244282435
8,2,uniform,10000,4,0.7310425573068524,0.04762430772898418,0.06515656864634728,0.06583292392460247,102.9624815766071
8,3,active,10000,4,0.7310425573068524,0.04762430772898418,5.5803964594151184e-05,5.596980118282847e-05,19.40044643171675
8,3,uniform,10000,4,0.7310425573068524,0.04762430772898418,0.035333326230255854,0.03304705816506116,101.48711761742776
8,4,active,10000,4,0.7310425573068524,0.04762430772898418,0.00019416960731463706,0.0002300980715294059,19.401553356858514
8,4,uniform,10000,4,0.7310425573068524,0.04762430772898418,0.12294212658789021,0.09090117598771152,104.09055291944702
8,5,active,10000,4,0.7310425573068524,0.04762430772898418,8.536240522785676e-05,9.328300197138078e-05,19.400682899241822
8,5,uniform,10000,4,0.7310425573068524,0.04762430772898418,0.05404880699155289,0.05159171895697166,102.32162735306372
8,6,active,10000,4,0.7310425573068524,0.04762430772898418,8.978800249031041e-05,0.0001430339363561172,19.40071830401992
8,6,uniform,10000,4,0.7310425573068524,0.04762430772898418,0.05685095685622937,0.0717532851163861,103.22889783023737
8,7,active,10000,4,0.7310425573068524,0.04762430772898418,5.8010179489607905e-05,7.462640157710462e-05,19.400464081435917
8,7,uniform,10000,4,0.7310425573068524,0.04762430772898418,0.0367302325468743,0.028594349537627253,101.28674572919323
8,8,active,10000,4,0.7310425573068524,0.04762430772898418,0.00014801406752991755,0.00011815846916374898,19.40118411254024
8,8,uniform,10000,4,0.7310425573068524,0.04762430772898418,0.09371788138590072,0.06162275110229414,102.77302379960324
8,9,active,10000,4,0.7310425573068524,0.04762430772898418,0.00023659266848634689,0.00025497353872177414,19.40189274134789
8,9,uniform,10000,4,0.7310425573068524,0.04762430772898418,0.1498030829906598,0.11988109526682048,105.39464928700693
8,10,active,10000,4,0.7310425573068524,0.04762430772898418,0.00015476252650222996,0.00017412827034657744,19.401238100212016
8,10,uniform,10000,4,0.7310425573068524,0.04762430772898418,0.09799079468428885,0.09380538678242051,104.22124240520893
8,11,active,10000,4,0.7310425573068524,0.04762430772898418,0.00015849338534364849,0.0001679094035484854,19.401267947082747
8,11,uniform,10000,4,0.7310425573068524,0.04762430772898418,0.10035305789483832,0.0807457665064272,103.63355949278922
8,12,active,10000,4,0.7310425573068524,0.04762430772898418,7.19940195939156e-05,0.00010572073556756488,19.40057595215675
8,12,uniform,10000,4,0.7310425573068524,0.04762430772898418,0.045584363036529074,0.049029545836157734,102.2063295626271
8,13,active,10000,4,0.7310425573068524,0.04762430772898418,0.00014410761884030288,0.00013681506955802515,19.40115286095072
8,13,uniform,10000,4,0.7310425573068524,0.04762430772898418,0.09124444017152422,0.07862513292827782,103.5381309817725
8,14,active,10000,4,0.7310425573068524,0.04762430772898418,0.00012504291782574825,7.462640157710462e-05,19.401000343342606
8,14,uniform,10000,4,0.7310425573068524,0.04762430772898418,0.07917326735555395,0.05754939334954385,102.58972270072947
8,15,active,10000,4,0.7310425573068524,0.04762430772898418,0.00014967997354442542,0.00016169053675039335,19.401197439788355
8,15,uniform,10000,4,0.7310425573068524,0.04762430772898418,0.09477268100639841,0.10512372435494804,104.73056759597266
8,16,active,10000,4,0.7310425573068524,0.04762430772898418,7.813966830984981e-05,4.9750934384736417e-05,19.40062511734648
8,16,uniform,10000,4,0.7310425573068524,0.04762430772898418,0.04947559572142855,0.044054452397684095,101.98245035789579
8,17,active,10000,4,0.7310425573068524,0.04762430772898418,0.00025225821011656477,0.00013059620275993308,19.40201806568093
8,17,uniform,10000,4,0.7310425573068524,0.04762430772898418,0.15972201432500432,0.08922208195222667,104.0149936878502
8,18,active,10000,4,0.7310425573068524,0.04762430772898418,3.56885240995336e-05,3.109433399046026e-05,19.400285508192795
8,18,uniform,10000,4,0.7310425573068524,0.04762430772898418,0.022596858016320776,0.018494909857525763,100.83227094358865
8,19,active,10000,4,0.7310425573068524,0.04762430772898418,5.862576822722801e-05,9.328300197138078e-05,19.400469006145816
8,19,uniform,10000,4,0.7310425573068524,0.04762430772898418,0.03712000409530377,0.03661046884036791,101.64747109781655
8,20,active,10000,4,0.7310425573068524,0.04762430772898418,0.0001953010607665638,0.00014925280315420924,19.401562408486132
8,20,uniform,10000,4,0.7310425573068524,0.04762430772898418,0.12365852755011193,0.1011623062045634,104.55230377920535
8,21,active,10000,4,0.7310425573068524,0.04762430772898418,0.00011008509392539112,0.00010572073556756488,19.400880680751403
8,21,uniform,10000,4,0.7310425573068524,0.04762430772898418,0.06970244076814006,0.07146721724367386,103.21602477596532
8,22,active,10000,4,0.7310425573068524,0.04762430772898418,0.00010305855734838235,0.00013681506955802515,19.400824468458786
8,22,uniform,10000,4,0.7310425573068524,0.04762430772898418,0.0652534574217011,0.06722595008737507,103.02516775393188
8,23,active,10000,4,0.7310425573068524,0.04762430772898418,0.0001661924318194334,0.0001927848707408536,19.401329539454554
8,23,uniform,10000,4,0.7310425573068524,0.04762430772898418,0.10522785348989289,0.08977556109725686,104.03990024937656
8,24,active,10000,4,0.7310425573068524,0.04762430772898418,9.329090018292407e-05,0.00011815846916374898,19.40074632720146
8,24,uniform,10000,4,0.7310425573068524,0.04762430772898418,0.059068882192299166,0.05476334102399861,102.46435034607994
8,25,active,10000,4,0.7310425573068524,0.04762430772898418,0.00010792663871075914,0.00011193960236565693,19.400863413109686
8,25,uniform,10000,4,0.7310425573068524,0.04762430772898418,0.06833577438866943,0.055335476769423075,102.49009645462404
8,26,active,10000,4,0.7310425573068524,0.04762430772898418,8.18763337310062e-05,7.462640157710462e-05,19.400655010669848
8,26,uniform,10000,4,0.7310425573068524,0.04762430772898418,0.05184153547675879,0.03972612110621203,101.78767544977954
8,27,active,10000,4,0.7310425573068524,0.04762430772898418,5.416254341365778e-05,4.353206758664436e-05,19.40043330034731
8,27,uniform,10000,4,0.7310425573068524,0.04762430772898418,0.034294029641287194,0.03556569921828844,101.60045646482298
8,28,active,10000,4,0.7310425573068524,0.04762430772898418,0.00024328976040142308,0.00019900373753894567,19.40194631808321
8,28,uniform,10000,4,0.7310425573068524,0.04762430772898418,0.1540434722739305,0.10824559548759025,104.87105179694156
8,29,active,10000,4,0.7310425573068524,0.04762430772898418,0.00011520928642281755,0.0001679094035484854,19.400921674291382
8,29,uniform,10000,4,0.7310425573068524,0.04762430772898418,0.07294691930101863,0.06810902917270414,103.06490631277168
9,0,active,10000,3,0.47481977062193137,0.1025094930804594,0.00011772351279209017,0.0001430339363561172,15.800941788102337
9,0,uniform,10000,3,0.47481977062193137,0.1025094930804594,0.07453884885600237,0.06243120378604611,84.80940417037208
9,1,active,10000,3,0.47481977062193137,0.1025094930804594,8.287195227547894e-05,4.9750934384736417e-05,15.800662975618204
9,1,uniform,10000,3,0.47481977062193137,0.1025094930804594,0.052471930021101024,0.0343468013258624,83.54560605966381
9,2,active,10000,3,0.47481977062193137,0.1025094930804594,4.905130223774312e-05,4.9750934384736417e-05,15.800392410417903
9,2,uniform,10000,3,0.47481977062193137,0.1025094930804594,0.031057751480350712,0.02479462192399301,83.11575798657968
9,3,active,10000,3,0.47481977062193137,0.1025094930804594,5.735616639310909e-05,4.353206758664436e-05,15.800458849331145
9,3,uniform,10000,3,0.47481977062193137,0.1025094930804594,0.03631613189530953,0.023868010771077294,83.07406048469848
9,4,active,10000,3,0.47481977062193137,0.1025094930804594,8.016333393755237e-05,4.353206758664436e-05,15.800641306671501
9,4,uniform,10000,3,0.47481977062193137,0.1025094930804594,0.05075691754732194,0.03810921573870809,83.71491470824186
9,5,active,10000,3,0.47481977062193137,0.1025094930804594,0.00011248619405247046,0.00010572073556756488,15.80089988955242
9,5,uniform,10000,3,0.47481977062193137,0.1025094930804594,0.07122274232228462,0.06738142175732738,85.03216397907973
9,6,active,10000,3,0.47481977062193137,0.1025094930804594,6.856605045976044e-05,4.353206758664436e-05,15.800548528403679
9,6,uniform,10000,3,0.47481977062193137,0.1025094930804594,0.043413880121808156,0.03467018239936319,83.56015820797134
9,7,active,10000,3,0.47481977062193137,0.1025094930804594,9.15787480402705e-05,6.840753477901257e-05,15.800732629984322
9,7,uniform,10000,3,0.47481977062193137,0.1025094930804594,0.05798480096883207,0.03639902736923278,83.63795623161548
9,8,active,10000,3,0.47481977062193137,0.1025094930804594,8.160172268946442e-05,6.218866798092052e-05,15.800652813781516
9,8,uniform,10000,3,0.47481977062193137,0.1025094930804594,0.051667660348223995,0.03672240844273356,83.652508379923
9,9,active,10000,3,0.47481977062193137,0.1025094930804594,9.218878378547402e-05,6.840753477901257e-05,15.800737510270285
9,9,uniform,10000,3,0.47481977062193137,0.1025094930804594,0.05837105653605398,0.03006822096877507,83.35306994359487
9,10,active,10000,3,0.47481977062193137,0.1025094930804594,9.286809332557933e-05,4.9750934384736417e-05,15.800742944746606
9,10,uniform,10000,3,0.47481977062193137,0.1025094930804594,0.05880117410498491,0.038774634486103944,83.74485855187467
9,11,active,10000,3,0.47481977062193137,0.1025094930804594,8.86088755372022e-05,6.218866798092052e-05,15.800708871004298
9,11,uniform,10000,3,0.47481977062193137,0.1025094930804594,0.056104370523070345,0.03503709554045062,83.57666929932027
9,12,active,10000,3,0.47481977062193137,0.1025094930804594,7.351640085893896e-05,6.840753477901257e-05,15.800588131206872
9,12,uniform,10000,3,0.47481977062193137,0.1025094930804594,0.04654828727154244,0.04695244432559499,84.11285999465177
9,13,active,10000,3,0.47481977062193137,0.1025094930804594,0.00022181070810392903,0.00023631693832749796,15.801774485664833
9,13,uniform,10000,3,0.47481977062193137,0.1025094930804594,0.14044360768613562,0.10677794292324053,86.80500743154582
9,14,active,10000,3,0.47481977062193137,0.1025094930804594,0.00015706649668754263,0.0001927848707408536,15.8012565319735
9,14,uniform,10000,3,0.47481977062193137,0.1025094930804594,0.09944959659517047,0.09951430650306901,86.47814379263811
9,15,active,10000,3,0.47481977062193137,0.1025094930804594,0.00010407982950736208,0.00013059620275993308,15.80083263863606
9,15,uniform,10000,3,0.47481977062193137,0.1025094930804594,0.06590009503294376,0.08056541936928253,85.62544387161772
9,16,active,10000,3,0.47481977062193137,0.1025094930804594,2.8894168100195017e-05,1.8656600394276155e-05,15.800231153344802
9,16,uniform,10000,3,0.47481977062193137,0.1025094930804594,0.018294884154932148,0.012356888327808907,82.5560599747514
9,17,active,10000,3,0.47481977062193137,0.1025094930804594,0.00013544873411592412,0.00018656600394276155,15.801083589872928
9,17,uniform,10000,3,0.47481977062193137,0.1025094930804594,0.08576190499715086,0.07718857469791855,85.47348586140633
9,18,active,10000,3,0.47481977062193137,0.1025094930804594,0.00012923748594818874,8.706413517328872e-05,15.801033899887587
9,18,uniform,10000,3,0.47481977062193137,0.1025094930804594,0.08182913678965248,0.059247143985422974,84.66612147934403
9,19,active,10000,3,0.47481977062193137,0.1025094930804594,7.617259533628656e-05,9.328300197138078e-05,15.80060938076269
9,19,uniform,10000,3,0.47481977062193137,0.1025094930804594,0.04823010659533407,0.0448318107474456,84.01743148363505
9,20,active,10000,3,0.47481977062193137,0.1025094930804594,0.00018174295436104368,0.0001430339363561172,15.80145394363489
9,20,uniform,10000,3,0.47481977062193137,0.1025094930804594,0.11507395833226082,0.06122474362721625,84.75511346322473
9,21,active,10000,3,0.47481977062193137,0.1025094930804594,0.00011758557192358132,9.950186876947283e-05,15.800940684575389
9,21,uniform,10000,3,0.47481977062193137,0.1025094930804594,0.07445150900940514,0.053967326073842824,84.42852967332293
9,22,active,10000,3,0.47481977062193137,0.1025094930804594,0.000134420026880952,8.706413517328872e-05,15.801075360215048
9,22,uniform,10000,3,0.47481977062193137,0.1025094930804594,0.08511055972818592,0.04872482136305122,84.19261696133731
9,23,active,10000,3,0.47481977062193137,0.1025094930804594,0.0001239626972228229,0.00018656600394276155,15.800991701577784
9,23,uniform,10000,3,0.47481977062193137,0.1025094930804594,0.07848930543207563,0.07663509555288835,85.44857929987998
9,24,active,10000,3,0.47481977062193137,0.1025094930804594,8.876093718489242e-05,3.731320078855231e-05,15.80071008749748
9,24,uniform,10000,3,0.47481977062193137,0.1025094930804594,0.056200651205733795,0.033693820312062736,83.51622191404282
9,25,active,10000,3,0.47481977062193137,0.1025094930804594,6.356624122075966e-05,6.218866798092052e-05,15.800508529929767
9,25,uniform,10000,3,0.47481977062193137,0.1025094930804594,0.040248157180525226,0.030963737787700327,83.39336820044652
9,26,active,10000,3,0.47481977062193137,0.1025094930804594,0.0001210753697163322,0.00011815846916374898,15.800968602957731
9,26,uniform,10000,3,0.47481977062193137,0.1025094930804594,0.07666113989828988,0.06820853104147362,85.06938389686631
9,27,active,10000,3,0.47481977062193137,0.1025094930804594,0.00011834581482580986,6.840753477901257e-05,15.800946766518607
9,27,uniform,10000,3,0.47481977062193137,0.1025094930804594,0.07493287105371974,0.04292261864043134,83.93151783881942
9,28,active,10000,3,0.47481977062193137,0.1025094930804594,0.00011578001301036298,0.00012437733596184103,15.800926240104083
9,28,uniform,10000,3,0.47481977062193137,0.1025094930804594,0.07330828553823976,0.07687141249121585,85.45921356210471
9,29,active,10000,3,0.47481977062193137,0.1025094930804594,5.5569095368725174e-05,4.353206758664436e-05,15.80044455276295
9,29,uniform,10000,3,0.47481977062193137,0.1025094930804594,0.035184614377473895,0.023414033494816574,83.05363150726674
10,0,active,10000,3,0.6526565779136053,0.10745690379609879,8.08527809447318e-05,8.084526837519668e-05,15.80064682224756
10,0,uniform,10000,3,0.6526565779136053,0.10745690379609879,0.051193453843640546,0.026299587689131286,83.1834814460109
10,1,active,10000,3,0.6526565779136053,0.10745690379609879,7.412731911684515e-05,7.462640157710462e-05,15.800593018552936
10,1,uniform,10000,3,0.6526565779136053,0.10745690379609879,0.046935101618221474,0.04740642160185571,84.1332889720835
10,2,active,10000,3,0.6526565779136053,0.10745690379609879,6.580496280586545e-05,6.840753477901257e-05,15.800526439702448
10,2,uniform,10000,3,0.6526565779136053,0.10745690379609879,0.04166564571704303,0.030024688901188427,83.35111100055347
10,3,active,10000,3,0.6526565779136053,0.10745690379609879,0.00014895486120510004,8.706413517328872e-05,15.801191638889641
10,3,uniform,10000,3,0.6526565779136053,0.10745690379609879,0.0943135625365538,0.06190881897500637,84.78589685387529
10,4,active,10000,3,0.6526565779136053,0.10745690379609879,0.00015114114789849947,0.00010572073556756488,15.801209129183189
10,4,uniform,10000,3,0.6526565779136053,0.10745690379609879,0.09569785093851604,0.06013022307075205,84.70586003818384
10,5,active,10000,3,0.6526565779136053,0.10745690379609879,0.00010154377241060721,7.462640157710462e-05,15.800812350179285
10,5,uniform,10000,3,0.6526565779136053,0.10745690379609879,0.0642943429436077,0.04648602931573809,84.09187131920821
10,6,active,10000,3,0.6526565779136053,0.10745690379609879,1.9568664749329123e-05,2.4875467192368208e-05,15.800156549317995
10,6,uniform,10000,3,0.6526565779136053,0.10745690379609879,0.01239026690140963,0.008787258785704069,82.39542664535668
10,7,active,10000,3,0.6526565779136053,0.10745690379609879,8.736660916554284e-05,9.328300197138078e-05,15.800698932873326
10,7,uniform,10000,3,0.6526565779136053,0.10745690379609879,0.055317806283618466,0.04210794708988128,83.89485761904466
10,8,active,10000,3,0.6526565779136053,0.10745690379609879,9.059846380179287e-05,9.950186876947283e-05,15.800724787710415
10,8,uniform,10000,3,0.6526565779136053,0.10745690379609879,0.05736411562774261,0.045758421900361314,84.05912898551625
10,9,active,10000,3,0.6526565779136053,0.10745690379609879,0.00013825065525398944,9.950186876947283e-05,15.801106005242033
10,9,uniform,10000,3,0.6526565779136053,0.10745690379609879,0.08753599388785843,0.07547216746164515,85.39624753577404
10,10,active,10000,3,0.6526565779136053,0.10745690379609879,0.00016521469242473117,0.0001430339363561172,15.801321717539398
10,10,uniform,10000,3,0.6526565779136053,0.10745690379609879,0.10460877946439386,0.06895479505724467,85.102965777576
10,11,active,10000,3,0.6526565779136053,0.10745690379609879,7.122829901629046e-05,8.084526837519668e-05,15.800569826392131
10,11,uniform,10000,3,0.6526565779136053,0.10745690379609879,0.04509953269930208,0.04197735088712135,83.88898078992047
10,12,active,10000,3,0.6526565779136053,0.10745690379609879,6.434939312295607e-05,4.353206758664436e-05,15.800514795144984
10,12,uniform,10000,3,0.6526565779136053,0.10745690379609879,0.04074402448765567,0.019433958744037663,82.8745281434817
10,13,active,10000,3,0.6526565779136053,0.10745690379609879,0.00015130873965234215,0.00013681506955802515,15.80121046991722
10,13,uniform,10000,3,0.6526565779136053,0.10745690379609879,0.0958039647989746,0.07539754106006803,85.39288934770306
10,14,active,10000,3,0.6526565779136053,0.10745690379609879,2.1786750782556985e-05,1.8656600394276155e-05,15.800174294006261
10,14,uniform,10000,3,0.6526565779136053,0.10745690379609879,0.013794689651447735,0.008488753179395651,82.3819938930728
10,15,active,10000,3,0.6526565779136053,0.10745690379609879,0.00010980486794873439,0.00010572073556756488,15.80087843894359
10,15,uniform,10000,3,0.6526565779136053,0.10745690379609879,0.06952501043813455,0.06246851698683466,84.81108326440756
10,16,active,10000,3,0.6526565779136053,0.10745690379609879,5.0771608182446915e-05,5.596980118282847e-05,15.80040617286546
10,16,uniform,10000,3,0.6526565779136053,0.10745690379609879,0.03214699543645294,0.022841897749392107,83.02788539872265
10,17,active,10000,3,0.6526565779136053,0.10745690379609879,9.57251369089196e-05,4.353206758664436e-05,15.800765801095272
10,17,uniform,10000,3,0.6526565779136053,0.10745690379609879,0.0606101648051924,0.028015994925404693,83.26071977164321
10,18,active,10000,3,0.6526565779136053,0.10745690379609879,0.00011316004507316846,0.00011815846916374898,15.800905280360587
10,18,uniform,10000,3,0.6526565779136053,0.10745690379609879,0.07164940372742093,0.05139893408623081,84.31295203388039
10,19,active,10000,3,0.6526565779136053,0.10745690379609879,4.282695047605131e-05,1.2437733596184104e-05,15.800342615603808
10,19,uniform,10000,3,0.6526565779136053,0.10745690379609879,0.02711668648671234,0.01233823172741463,82.55522042773366
10,20,active,10000,3,0.6526565779136053,0.10745690379609879,0.00010036520643408927,0.00010572073556756488,15.800802921651474
10,20,uniform,10000,3,0.6526565779136053,0.10745690379609879,0.06354811180331536,0.06550332398430359,84.94764957929367
10,21,active,10000,3,0.6526565779136053,0.10745690379609879,7.459604630317019e-05,7.462640157710462e-05,15.800596768370426
10,21,uniform,10000,3,0.6526565779136053,0.10745690379609879,0.047231885022591076,0.040938800131839974,83.8422460059328
10,22,active,10000,3,0.6526565779136053,0.10745690379609879,9.591830610205685e-05,9.328300197138078e-05,15.800767346448817
10,22,uniform,10000,3,0.6526565779136053,0.10745690379609879,0.06073247350078945,0.03846991001299743,83.73114595058489
10,23,active,10000,3,0.6526565779136053,0.10745690379609879,9.532826481006146e-05,9.950186876947283e-05,15.80076262611848
10,23,uniform,10000,3,0.6526565779136053,0.10745690379609879,0.06035887779647101,0.059116547782663044,84.66024465021984
10,24,active,10000,3,0.6526565779136053,0.10745690379609879,2.390591743146181e-05,1.2437733596184104e-05,15.800191247339452
10,24,uniform,10000,3,0.6526565779136053,0.10745690379609879,0.015136479739068766,0.008171590972692955,82.36772159377118
10,25,active,10000,3,0.6526565779136053,0.10745690379609879,6.554125286892254e-05,5.596980118282847e-05,15.800524330022952
10,25,uniform,10000,3,0.6526565779136053,0.10745690379609879,0.04149867282721205,0.024664025721233076,83.10988115745549
10,26,active,10000,3,0.6526565779136053,0.10745690379609879,0.0001346829080026645,9.328300197138078e-05,15.801077463264022
10,26,uniform,10000,3,0.6526565779136053,0.10745690379609879,0.0852770078381198,0.04965765138276503,84.23459431222443
10,27,active,10000,3,0.6526565779136053,0.10745690379609879,4.8281399960770945e-05,1.2437733596184104e-05,15.800386251199686
10,27,uniform,10000,3,0.6526565779136053,0.10745690379609879,0.030570273421815126,0.017593174171802416,82.7916928377311
10,28,active,10000,3,0.6526565779136053,0.10745690379609879,5.306630753000585e-05,5.596980118282847e-05,15.80042453046024
10,28,uniform,10000,3,0.6526565779136053,0.10745690379609879,0.03359992734257053,0.02079589057281982,82.93581507577689
10,29,active,10000,3,0.6526565779136053,0.10745690379609879,8.15012942250587e-05,6.218866798092052e-05,15.8006520103538
10,29,uniform,10000,3,0.6526565779136053,0.10745690379609879,0.05160407218347126,0.039825622974981496,83.79215303387417
11,0,active,10000,5,0.6625044929678929,0.05859134244975099,0.00011443827133775578,9.950186876947283e-05,23.000915506170703
11,0,uniform,10000,5,0.6625044929678929,0.05859134244975099,0.07245873664726127,0.04297858844161417,119.93403647987263
11,1,active,10000,5,0.6625044929678929,0.05859134244975099,0.00012174926521984,0.00011815846916374898,23.000973994121757
11,1,uniform,10000,5,0.6625044929678929,0.05859134244975099,0.07708782946858389,0.10464487161149495,122.70901922251727
11,2,active,10000,5,0.6625044929678929,0.05859134244975099,0.00013988744818722865,0.00013059620275993308,23.001119099585498
11,2,uniform,10000,5,0.6625044929678929,0.05859134244975099,0.08857236001525856,0.08848825567005181,121.98197150515233
11,3,active,10000,5,0.6625044929678929,0.05859134244975099,0.00018736270494555674,0.00015547166995230128,23.001498901639565
11,3,uniform,10000,5,0.6625044929678929,0.05859134244975099,0.11863220875725823,0.11192716463206075,123.03672240844273
11,4,active,10000,5,0.6625044929678929,0.05859134244975099,5.4797348599165685e-05,3.109433399046026e-05,23.000438378788793
11,4,uniform,10000,5,0.6625044929678929,0.05859134244975099,0.034695968443955914,0.03824603080826612,119.72107138637197
11,5,active,10000,5,0.6625044929678929,0.05859134244975099,7.98755490549162e-05,0.00011193960236565693,23.00063900439244
11,5,uniform,10000,5,0.6625044929678929,0.05859134244975099,0.050574701154291565,0.06688391241348002,121.0097760586066
11,6,active,10000,5,0.6625044929678929,0.05859134244975099,0.00013181114358034804,0.00013059620275993308,23.001054489148643
11,6,uniform,10000,5,0.6625044929678929,0.05859134244975099,0.08345869636278955,0.1002232573180515,122.51004657931232
11,7,active,10000,5,0.6625044929678929,0.05859134244975099,0.00018178113336225418,0.00011193960236565693,23.0014542490669
11,7,uniform,10000,5,0.6625044929678929,0.05859134244975099,0.11509813208254852,0.07095727016623031,121.19307715748036
11,8,active,10000,5,0.6625044929678929,0.05859134244975099,9.515838720759381e-05,9.950186876947283e-05,23.000761267097662
11,8,uniform,10000,5,0.6625044929678929,0.05859134244975099,0.06025131660803332,0.06863763285054197,121.0886934782744
11,9,active,10000,5,0.6625044929678929,0.05859134244975099,0.00019224607005741481,0.00018656600394276155,23.00153796856046
11,9,uniform,10000,5,0.6625044929678929,0.05859134244975099,0.1217242029167611,0.1114172175546172,123.01377478995778
11,10,active,10000,5,0.6625044929678929,0.05859134244975099,0.0001299804195998705,7.462640157710462e-05,23.0010398433568
11,10,uniform,10000,5,0.6625044929678929,0.05859134244975099,0.08229953915754887,0.05490015609355663,120.47050702421005
11,11,active,10000,5,0.6625044929678929,0.05859134244975099,7.837038628554296e-05,7.462640157710462e-05,23.000626963090284
11,11,uniform,10000,5,0.6625044929678929,0.05859134244975099,0.04962167913255778,0.037854242199986315,119.70344089899939
11,12,active,10000,5,0.6625044929678929,0.05859134244975099,8.967249693852403e-05,1.8656600394276155e-05,23.00071737997551
11,12,uniform,10000,5,0.6625044929678929,0.05859134244975099,0.05677782235099497,0.046218618043420125,120.07983781195391
11,13,active,10000,5,0.6625044929678929,0.05859134244975099,0.00013650026151436345,9.328300197138078e-05,23.001092002092115
11,13,uniform,10000,5,0.6625044929678929,0.05859134244975099,0.08642769928038632,0.06933414593192828,121.12003656693678
11,14,active,10000,5,0.6625044929678929,0.05859134244975099,0.00012003069178535743,8.084526837519668e-05,23.000960245534284
11,14,uniform,10000,5,0.6625044929678929,0.05859134244975099,0.0759996824837682,0.08580170521327604,121.86107673459742
11,15,active,10000,5,0.6625044929678929,0.05859134244975099,0.00015028914197920407,0.0001927848707408536,23.001202313135835
11,15,uniform,10000,5,0.6625044929678929,0.05859134244975099,0.09515838741976815,0.12574548665742127,123.65854689958395
11,16,active,10000,5,0.6625044929678929,0.05859134244975099,0.00015116656268186583,9.950186876947283e-05,23.001209332501453
11,16,uniform,10000,5,0.6625044929678929,0.05859134244975099,0.09571394278495805,0.0988986386900579,122.45043874105261
11,17,active,10000,5,0.6625044929678929,0.05859134244975099,7.967436568789496e-05,8.084526837519668e-05,23.0006373949255
11,17,uniform,10000,5,0.6625044929678929,0.05859134244975099,0.05044731813430096,0.04747482913663472,120.13636731114856
11,18,active,10000,5,0.6625044929678929,0.05859134244975099,0.00010067953509757324,0.0001679094035484854,23.000805436280782
11,18,uniform,10000,5,0.6625044929678929,0.05859134244975099,0.06374713488870506,0.07315253014595681,121.29186385656806
11,19,active,10000,5,0.6625044929678929,0.05859134244975099,6.452144763302581e-05,3.109433399046026e-05,23.000516171581065
11,19,uniform,10000,5,0.6625044929678929,0.05859134244975099,0.04085296402577684,0.03210179041175117,119.4445805685288
11,20,active,10000,5,0.6625044929678929,0.05859134244975099,0.00013032035838221948,0.0001430339363561172,23.001042562867056
11,20,uniform,10000,5,0.6625044929678929,0.05859134244975099,0.08251477776973574,0.11114980628229924,123.00174128270346
11,21,active,10000,5,0.6625044929678929,0.05859134244975099,7.765229988965922e-05,8.084526837519668e-05,23.000621218399118
11,21,uniform,10000,5,0.6625044929678929,0.05859134244975099,0.04916700927046283,0.041784566016380496,119.88030547073713
11,22,active,10000,5,0.6625044929678929,0.05859134244975099,9.079917530112683e-05,8.706413517328872e-05,23.00072639340241
11,22,uniform,10000,5,0.6625044929678929,0.05859134244975099,0.05749119987590841,0.07204557185589641,121.24205073351534
11,23,active,10000,5,0.6625044929678929,0.05859134244975099,8.480197264956789e-05,5.596980118282847e-05,23.000678415781195
11,23,uniform,10000,5,0.6625044929678929,0.05859134244975099,0.05369395859924286,0.05583298611327044,120.51248437509717
11,24,active,10000,5,0.6625044929678929,0.05859134244975099,0.000129689066783247,0.00016169053675039335,23.001037512534268
11,24,uniform,10000,5,0.6625044929678929,0.05859134244975099,0.08211506366027857,0.11972562359686818,123.38765306185907
11,25,active,10000,5,0.6625044929678929,0.05859134244975099,9.513034422152164e-05,5.596980118282847e-05,23.000761042753773
11,25,uniform,10000,5,0.6625044929678929,0.05859134244975099,0.06023356066576614,0.046392746313766706,120.0876735841195
11,26,active,10000,5,0.6625044929678929,0.05859134244975099,5.6284759429526404e-05,4.353206758664436e-05,23.000450278075437
11,26,uniform,10000,5,0.6625044929678929,0.05859134244975099,0.03563775049276503,0.050242224861785686,120.26090011878036
11,27,active,10000,5,0.6625044929678929,0.05859134244975099,0.00010427767836780968,0.00010572073556756488,23.000834221426942
11,27,uniform,10000,5,0.6625044929678929,0.05859134244975099,0.06602536674761236,0.0873191087120105,121.92935989204047
11,28,active,10000,5,0.6625044929678929,0.05859134244975099,4.398341673992126e-05,1.2437733596184104e-05,23.00035186733392
11,28,uniform,10000,5,0.6625044929678929,0.05859134244975099,0.027848924779691003,0.01960808701438424,118.88236391564729
11,29,active,10000,5,0.6625044929678929,0.05859134244975099,9.407329125533936e-05,9.950186876947283e-05,23.000752586330044
11,29,uniform,10000,5,0.6625044929678929,0.05859134244975099,0.05956426776570798,0.04684672359002742,120.10810256155123
12,0,active,10000,2,0.7096859972626595,0.10316258340047407,6.667957002902403e-05,4.9750934384736417e-05,12.200533436560232
12,0,uniform,10000,2,0.7096859972626595,0.10316258340047407,0.04221941967496286,0.019471271944826212,64.87620723751718
12,1,active,10000,2,0.7096859972626595,0.10316258340047407,0.00014741010877744598,8.084526837519668e-05,12.20117928087022
12,1,uniform,10000,2,0.7096859972626595,0.10316258340047407,0.09333547358053536,0.03391148064999596,65.52601662924982
12,2,active,10000,2,0.7096859972626595,0.10316258340047407,7.69867030707902e-05,5.596980118282847e-05,12.200615893624565
12,2,uniform,10000,2,0.7096859972626595,0.10316258340047407,0.04874557416794568,0.01809690238244787,64.81436060721015
12,3,active,10000,2,0.7096859972626595,0.10316258340047407,5.7978144958982514e-05,3.109433399046026e-05,12.200463825159671
12,3,uniform,10000,2,0.7096859972626595,0.10316258340047407,0.03670994928325545,0.011075801767401944,64.49841107953308
12,4,active,10000,2,0.7096859972626595,0.10316258340047407,0.00012969548480185056,0.00010572073556756488,12.201037563878414
12,4,uniform,10000,2,0.7096859972626595,0.10316258340047407,0.08211912734906023,0.035596793552278905,65.60185570985256
12,5,active,10000,2,0.7096859972626595,0.10316258340047407,9.080810789097865e-05,6.840753477901257e-05,12.200726464863127
12,5,uniform,10000,2,0.7096859972626595,0.10316258340047407,0.057496855712593914,0.023314531626047102,65.04915392317211
12,6,active,10000,2,0.7096859972626595,0.10316258340047407,6.428665612890488e-05,4.353206758664436e-05,12.20051429324903
12,6,uniform,10000,2,0.7096859972626595,0.10316258340047407,0.04070430138386529,0.017045913893570314,64.76706612521066
12,7,active,10000,2,0.7096859972626595,0.10316258340047407,4.4590641311501034e-05,2.4875467192368208e-05,12.200356725130492
12,7,uniform,10000,2,0.7096859972626595,0.10316258340047407,0.028233400399641423,0.013009869341608572,64.58544412037239
12,8,active,10000,2,0.7096859972626595,0.10316258340047407,5.852785146048117e-05,2.4875467192368208e-05,12.200468222811683
12,8,uniform,10000,2,0.7096859972626595,0.10316258340047407,0.037058006259015334,0.01442777097157356,64.6492496937208
12,9,active,10000,2,0.7096859972626595,0.10316258340047407,9.946929650214709e-05,0.00011815846916374898,12.200795754372017
12,9,uniform,10000,2,0.7096859972626595,0.10316258340047407,0.06298084963604003,0.03670375184233929,65.65166883290527
12,10,active,10000,2,0.7096859972626595,0.10316258340047407,9.247875095275138e-05,6.218866798092052e-05,12.20073983000762
12,10,uniform,10000,2,0.7096859972626595,0.10316258340047407,0.0585546546834493,0.02688416116815194,65.20978725256684
12,11,active,10000,2,0.7096859972626595,0.10316258340047407,0.00010844460652450344,6.840753477901257e-05,12.200867556852195
12,11,uniform,10000,2,0.7096859972626595,0.10316258340047407,0.06866373541923419,0.02210185260041915,64.99458336701886
12,12,active,10000,2,0.7096859972626595,0.10316258340047407,0.00013767796192591664,7.462640157710462e-05,12.201101423695407
12,12,uniform,10000,2,0.7096859972626595,0.10316258340047407,0.08717338237203397,0.03873732128531539,65.74317945783919
12,13,active,10000,2,0.7096859972626595,0.10316258340047407,2.660722947562394e-05,1.2437733596184104e-05,12.200212857835805
12,13,uniform,10000,2,0.7096859972626595,0.10316258340047407,0.016846866095992563,0.006138021529716855,64.27621096883726
12,14,active,10000,2,0.7096859972626595,0.10316258340047407,3.0342828593002413e-05,6.218866798092052e-06,12.200242742628744
12,14,uniform,10000,2,0.7096859972626595,0.10316258340047407,0.019212130701150104,0.005236285843993507,64.23563286297971
12,15,active,10000,2,0.7096859972626595,0.10316258340047407,0.00010298497228438536,2.4875467192368208e-05,12.200823879778275
12,15,uniform,10000,2,0.7096859972626595,0.10316258340047407,0.06520686565908992,0.02137424518504238,64.9618410333269
12,16,active,10000,2,0.7096859972626595,0.10316258340047407,0.00016555365117236487,9.950186876947283e-05,12.201324429209379
12,16,uniform,10000,2,0.7096859972626595,0.10316258340047407,0.1048233975492537,0.0490544213033501,66.20744895865076
12,17,active,10000,2,0.7096859972626595,0.10316258340047407,0.0001813922613164362,0.0001430339363561172,12.201451138090532
12,17,uniform,10000,2,0.7096859972626595,0.10316258340047407,0.11485191045727554,0.05937152132138482,66.67171845946231
12,18,active,10000,2,0.7096859972626595,0.10316258340047407,5.191032739827739e-05,1.8656600394276155e-05,12.200415282619186
12,18,uniform,10000,2,0.7096859972626595,0.10316258340047407,0.03286799685328256,0.009508647334282748,64.42788913004273
12,19,active,10000,2,0.7096859972626595,0.10316258340047407,4.015339663149958e-05,3.731320078855231e-05,12.20032122717305
12,19,uniform,10000,2,0.7096859972626595,0.10316258340047407,0.025423875754154876,0.009471334133494195,64.42621003600723
12,20,active,10000,2,0.7096859972626595,0.10316258340047407,0.0002621118484288365,9.950186876947283e-05,12.20209689478743
12,20,uniform,10000,2,0.7096859972626595,0.10316258340047407,0.16596103012924854,0.05269245838023395,66.37116062711053
12,21,active,10000,2,0.7096859972626595,0.10316258340047407,0.00010471659706814268,3.731320078855231e-05,12.200837732776545
12,21,uniform,10000,2,0.7096859972626595,0.10316258340047407,0.06630327635028768,0.02513044073108998,65.13086983289905
12,22,active,10000,2,0.7096859972626595,0.10316258340047407,9.393339318895799e-05,7.462640157710462e-05,12.20075146714551
12,22,uniform,10000,2,0.7096859972626595,0.10316258340047407,0.059475688682596256,0.03490649933769069,65.57079247019608
12,23,active,10000,2,0.7096859972626595,0.10316258340047407,7.449531279545007e-05,5.596980118282847e-05,12.200595962502362
12,23,uniform,10000,2,0.7096859972626595,0.10316258340047407,0.04716810371389185,0.019794653018327002,64.89075938582471
12,24,active,10000,2,0.7096859972626595,0.10316258340047407,0.00012423634924348115,0.00010572073556756488,12.200993890793947
12,24,uniform,10000,2,0.7096859972626595,0.10316258340047407,0.07866257333860296,0.041728596215197665,65.8777868296839
12,25,active,10000,2,0.7096859972626595,0.10316258340047407,7.590939133891861e-05,4.9750934384736417e-05,12.20060727513071
12,25,uniform,10000,2,0.7096859972626595,0.10316258340047407,0.04806345405063569,0.01822127971840971,64.81995758732843
12,26,active,10000,2,0.7096859972626595,0.10316258340047407,0.0001609961882767172,7.462640157710462e-05,12.201287969506213
12,26,uniform,10000,2,0.7096859972626595,0.10316258340047407,0.1019377544870948,0.04064651339232965,65.82909310265484
12,27,active,10000,2,0.7096859972626595,0.10316258340047407,3.517916087015377e-05,1.8656600394276155e-05,12.20028143328696
12,27,uniform,10000,2,0.7096859972626595,0.10316258340047407,0.022274345139589972,0.010466352821188922,64.4709858769535
12,28,active,10000,2,0.7096859972626595,0.10316258340047407,7.39349252502075e-05,1.2437733596184104e-05,12.200591479402
12,28,uniform,10000,2,0.7096859972626595,0.10316258340047407,0.046813283835114655,0.015254880255719803,64.68646961150739
12,29,active,10000,2,0.7096859972626595,0.10316258340047407,6.896481333455023e-05,4.9750934384736417e-05,12.200551718506675
12,29,uniform,10000,2,0.7096859972626595,0.10316258340047407,0.043666364310760146,0.015845672601538546,64.71305526706924
13,0,active,10000,3,0.4839931374626503,0.09301698792929317,5.662377932553336e-05,1.8656600394276155e-05,15.800452990234605
13,0,uniform,10000,3,0.4839931374626503,0.09301698792929317,0.03585240729482141,0.020994894310358767,82.94477024396615
13,1,active,10000,3,0.4839931374626503,0.09301698792929317,6.906412799740497e-05,4.353206758664436e-05,15.80055251302398
13,1,uniform,10000,3,0.4839931374626503,0.09301698792929317,0.04372924725124897,0.026635406496228257,83.19859329233027
13,2,active,10000,3,0.4839931374626503,0.09301698792929317,7.267594996385185e-05,7.462640157710462e-05,15.800581407599712
13,2,uniform,10000,3,0.4839931374626503,0.09301698792929317,0.046016140033079515,0.04330818838191305,83.94886847718608
13,3,active,10000,3,0.4839931374626503,0.09301698792929317,9.131974844500419e-05,0.00010572073556756488,15.80073055798756
13,3,uniform,10000,3,0.4839931374626503,0.09301698792929317,0.057820810520102954,0.053600412932755394,84.412018581974
13,4,active,10000,3,0.4839931374626503,0.09301698792929317,6.492091946937e-05,5.596980118282847e-05,15.800519367355756
13,4,uniform,10000,3,0.4839931374626503,0.09301698792929317,0.041105897107111614,0.03492515593808496,83.57163201721383
13,5,active,10000,3,0.4839931374626503,0.09301698792929317,0.00013234776491763758,8.706413517328872e-05,15.801058782119341
13,5,uniform,10000,3,0.4839931374626503,0.09301698792929317,0.08379846822147292,0.06983787414257374,85.14270433641582
13,6,active,10000,3,0.4839931374626503,0.09301698792929317,6.604794529506408e-05,1.2437733596184104e-05,15.80052838356236
13,6,uniform,10000,3,0.4839931374626503,0.09301698792929317,0.04181949463476906,0.024682682321627354,83.11072070447324
13,7,active,10000,3,0.4839931374626503,0.09301698792929317,5.4512044851802444e-05,2.4875467192368208e-05,15.800436096358816
13,7,uniform,10000,3,0.4839931374626503,0.09301698792929317,0.03451532302823983,0.020988675443560676,82.94449039496023
13,8,active,10000,3,0.4839931374626503,0.09301698792929317,9.91108765894394e-05,9.328300197138078e-05,15.800792887012717
13,8,uniform,10000,3,0.4839931374626503,0.09301698792929317,0.06275390934974531,0.0471016971287492,84.11957637079371
13,9,active,10000,3,0.4839931374626503,0.09301698792929317,6.392208274569322e-05,3.731320078855231e-05,15.800511376661966
13,9,uniform,10000,3,0.4839931374626503,0.09301698792929317,0.04047346491230636,0.027213761108450817,83.22461924988029
13,10,active,10000,3,0.4839931374626503,0.09301698792929317,8.277516011904323e-05,4.353206758664436e-05,15.800662201280954
13,10,uniform,10000,3,0.4839931374626503,0.09301698792929317,0.05241064425285811,0.030540854845430065,83.37433846804436
13,11,active,10000,3,0.4839931374626503,0.09301698792929317,0.00016022326828925987,5.596980118282847e-05,15.801281786146316
13,11,uniform,10000,3,0.4839931374626503,0.09301698792929317,0.10144836570857999,0.0479599007468859,84.15819553360987
13,12,active,10000,3,0.4839931374626503,0.09301698792929317,5.257358909224047e-05,3.109433399046026e-05,15.800420588712738
13,12,uniform,10000,3,0.4839931374626503,0.09301698792929317,0.03328795342769538,0.014446427571967835,82.65008924073855
13,13,active,10000,3,0.4839931374626503,0.09301698792929317,6.671522447570383e-05,4.9750934384736417e-05,15.800533721795807
13,13,uniform,10000,3,0.4839931374626503,0.09301698792929317,0.04224199495619059,0.04032935118562696,83.81482080335321
13,14,active,10000,3,0.4839931374626503,0.09301698792929317,0.00013707116808676055,9.950186876947283e-05,15.801096569344695
13,14,uniform,10000,3,0.4839931374626503,0.09301698792929317,0.08678917947836584,0.0610257398896773,84.74615829503549
13,15,active,10000,3,0.4839931374626503,0.09301698792929317,5.354952699538045e-05,2.4875467192368208e-05,15.800428396215963
13,15,uniform,10000,3,0.4839931374626503,0.09301698792929317,0.03390588680504282,0.017960087312889846,82.80820392908004
13,16,active,10000,3,0.4839931374626503,0.09301698792929317,5.443119555755688e-05,4.353206758664436e-05,15.80043544956446
13,16,uniform,10000,3,0.4839931374626503,0.09301698792929317,0.03446413178207359,0.02688416116815194,83.20978725256684
13,17,active,10000,3,0.4839931374626503,0.09301698792929317,5.00135050603397e-05,3.731320078855231e-05,15.800400108040483
13,17,uniform,10000,3,0.4839931374626503,0.09301698792929317,0.031666988234002214,0.025690138742918266,83.15605624343132
13,18,active,10000,3,0.4839931374626503,0.09301698792929317,0.00010067689993902788,5.596980118282847e-05,15.800805415199513
13,18,uniform,10000,3,0.4839931374626503,0.09301698792929317,0.06374546638868964,0.042767146970479036,83.92452161367156
13,19,active,10000,3,0.4839931374626503,0.09301698792929317,6.012698860539262e-05,1.8656600394276155e-05,15.800481015908844
13,19,uniform,10000,3,0.4839931374626503,0.09301698792929317,0.03807052991814761,0.02479462192399301,83.11575798657968
13,20,active,10000,3,0.4839931374626503,0.09301698792929317,4.068169374100809e-05,3.109433399046026e-05,15.80032545354993
13,20,uniform,10000,3,0.4839931374626503,0.09301698792929317,0.02575837697200727,0.024060795641818147,83.08273580388182
13,21,active,10000,3,0.4839931374626503,0.09301698792929317,6.85498677788568e-05,2.4875467192368208e-05,15.800548398942231
13,21,uniform,10000,3,0.4839931374626503,0.09301698792929317,0.04340363375404906,0.02489412379276248,83.12023557067431
13,22,active,10000,3,0.4839931374626503,0.09301698792929317,6.032640595121652e-05,4.9750934384736417e-05,15.80048261124761
13,22,uniform,10000,3,0.4839931374626503,0.09301698792929317,0.038196794748751754,0.03655449903918508,83.64495245676333
13,23,active,10000,3,0.4839931374626503,0.09301698792929317,7.939131785950678e-05,6.840753477901257e-05,15.800635130542878
13,23,uniform,10000,3,0.4839931374626503,0.09301698792929317,0.05026810109601368,0.027698832718701997,83.24644747234159
13,24,active,10000,3,0.4839931374626503,0.09301698792929317,5.887276845531735e-05,3.731320078855231e-05,15.800470982147644
13,24,uniform,10000,3,0.4839931374626503,0.09301698792929317,0.03727639691974924,0.02912917208226317,83.31081274370185
13,25,active,10000,3,0.4839931374626503,0.09301698792929317,6.729882384615832e-05,4.353206758664436e-05,15.80053839059077
13,25,uniform,10000,3,0.4839931374626503,0.09301698792929317,0.042611511837198704,0.03420998625630438,83.5394493815337
13,26,active,10000,3,0.4839931374626503,0.09301698792929317,8.083938092923182e-05,7.462640157710462e-05,15.800646715047435
13,26,uniform,10000,3,0.4839931374626503,0.09301698792929317,0.05118496937258432,0.041150241602975104,83.85176087213388
13,27,active,10000,3,0.4839931374626503,0.09301698792929317,6.940991101394428e-05,2.4875467192368208e-05,15.800555279288112
13,27,uniform,10000,3,0.4839931374626503,0.09301698792929317,0.043948186249855116,0.017226261030714982,82.77518174638217
13,28,active,10000,3,0.4839931374626503,0.09301698792929317,0.00010493831481064864,8.084526837519668e-05,15.800839506518486
13,28,uniform,10000,3,0.4839931374626503,0.09301698792929317,0.06644366109502214,0.044359176870790606,83.99616295918558
13,29,active,10000,3,0.4839931374626503,0.09301698792929317,8.628161411805557e-05,6.218866798092052e-05,15.800690252912945
13,29,uniform,10000,3,0.4839931374626503,0.09301698792929317,0.05463082133096668,0.04228207536022786,83.90269339121025
14,0,active,10000,4,0.6386658342924655,0.03618126233698596,0.0001272259000048813,0.00011815846916374898,19.401017807200038
14,0,uniform,10000,4,0.6386658342924655,0.03618126233698596,0.0805554634424107,0.07311521694516825,103.29018476253258
14,1,active,10000,4,0.6386658342924655,0.03618126233698596,5.92249028261195e-05,3.109433399046026e-05,19.400473799222606
14,1,uniform,10000,4,0.6386658342924655,0.03618126233698596,0.03749935739740422,0.026716251764603453,101.20223132940716
14,2,active,10000,4,0.6386658342924655,0.03618126233698596,9.699319254771743e-05,9.328300197138078e-05,19.40077594554038
14,2,uniform,10000,4,0.6386658342924655,0.03618126233698596,0.06141305800267405,0.042201230091852664,101.89905535413337
14,3,active,10000,4,0.6386658342924655,0.03618126233698596,0.00011478198604930948,0.00017412827034657744,19.400918255888392
14,3,uniform,10000,4,0.6386658342924655,0.03618126233698596,0.07267636605976624,0.056150148319973135,102.5267566743988
14,4,active,10000,4,0.6386658342924655,0.03618126233698596,8.837198411580302e-05,0.0001679094035484854,19.400706975872925
14,4,uniform,10000,4,0.6386658342924655,0.03618126233698596,0.05595437827912959,0.06225707551569953,102.80156839820648
14,5,active,10000,4,0.6386658342924655,0.03618126233698596,8.687125301994406e-05,0.00010572073556756488,19.40069497002416
14,5,uniform,10000,4,0.6386658342924655,0.03618126233698596,0.055004162254523446,0.05764889521831332,102.5942002848241
14,6,active,10000,4,0.6386658342924655,0.03618126233698596,6.416094923181528e-05,0.00011815846916374898,19.400513287593853
14,6,uniform,10000,4,0.6386658342924655,0.03618126233698596,0.040624707705550434,0.041268400072138854,101.85707800324624
14,7,active,10000,4,0.6386658342924655,0.03618126233698596,0.0001036346365777055,0.0002300980715294059,19.40082907709262
14,7,uniform,10000,4,0.6386658342924655,0.03618126233698596,0.06561821278435234,0.0945205564642011,104.25342504088906
14,8,active,10000,4,0.6386658342924655,0.03618126233698596,0.00015810212233328957,0.00018656600394276155,19.401264816978664
14,8,uniform,10000,4,0.6386658342924655,0.03618126233698596,0.10010532238558964,0.08462012052163854,103.80790542347374
14,9,active,10000,4,0.6386658342924655,0.03618126233698596,0.0001666341916070381,0.00016169053675039335,19.401333073532854
14,9,uniform,10000,4,0.6386658342924655,0.03618126233698596,0.10550756198023413,0.07577689193475165,103.40996013706382
14,10,active,10000,4,0.6386658342924655,0.03618126233698596,0.00012613676844907412,0.0001430339363561172,19.40100909414759
14,10,uniform,10000,4,0.6386658342924655,0.03618126233698596,0.07986585938201048,0.06610033519692042,102.97451508386142
14,11,active,10000,4,0.6386658342924655,0.03618126233698596,6.518321719778744e-05,7.462640157710462e-05,19.40052146573758
14,11,uniform,10000,4,0.6386658342924655,0.03618126233698596,0.04127197583064527,0.036635344307560276,101.64859049384022
14,12,active,10000,4,0.6386658342924655,0.03618126233698596,7.171638233619687e-05,8.084526837519668e-05,19.40057373105869
14,12,uniform,10000,4,0.6386658342924655,0.03618126233698596,0.04540857180244534,0.03726966872096567,101.67713509244345
14,13,active,10000,4,0.6386658342924655,0.03618126233698596,6.314370752941514e-05,6.840753477901257e-05,19.400505149660233
14,13,uniform,10000,4,0.6386658342924655,0.03618126233698596,0.03998062205343096,0.02842644013407877,101.27918980603354
14,14,active,10000,4,0.6386658342924655,0.03618126233698596,0.00010343717046058104,0.0001430339363561172,19.400827497363682
14,14,uniform,10000,4,0.6386658342924655,0.03618126233698596,0.0654931834107833,0.05166634535854876,102.3249855411347
14,15,active,10000,4,0.6386658342924655,0.03618126233698596,0.00010548974196276928,9.950186876947283e-05,19.4008439179357
14,15,uniform,10000,4,0.6386658342924655,0.03618126233698596,0.06679280753293897,0.04448977307355054,102.00203978830977
14,16,active,10000,4,0.6386658342924655,0.03618126233698596,6.746229168574924e-05,9.950186876947283e-05,19.400539698333485
14,16,uniform,10000,4,0.6386658342924655,0.03618126233698596,0.04271501456403215,0.03814031007269855,101.71631395327144
14,17,active,10000,4,0.6386658342924655,0.03618126233698596,9.717765923507662e-05,0.00012437733596184103,19.40077742127388
14,17,uniform,10000,4,0.6386658342924655,0.03618126233698596,0.061529856543595454,0.06680306714510482,103.00613802152972
14,18,active,10000,4,0.6386658342924655,0.03618126233698596,3.414080231599684e-05,3.109433399046026e-05,19.400273126418526
14,18,uniform,10000,4,0.6386658342924655,0.03618126233698596,0.021616888956991213,0.018022275980870767,100.81100241913919
14,19,active,10000,4,0.6386658342924655,0.03618126233698596,9.14076008071002e-05,0.00011815846916374898,19.400731260806456
14,19,uniform,10000,4,0.6386658342924655,0.03618126233698596,0.05787643588997564,0.05091386247597963,102.29112381141908
14,20,active,10000,4,0.6386658342924655,0.03618126233698596,6.724037472540662e-05,6.218866798092052e-05,19.400537922997803
14,20,uniform,10000,4,0.6386658342924655,0.03618126233698596,0.04257450368074554,0.045155191820946385,102.03198363194258
14,21,active,10000,4,0.6386658342924655,0.03618126233698596,0.000145121298359651,0.00012437733596184103,19.401160970386876
14,21,uniform,10000,4,0.6386658342924655,0.03618126233698596,0.09188627036068743,0.07202691525550214,103.2412111864976
14,22,active,10000,4,0.6386658342924655,0.03618126233698596,0.00016619302956540072,0.0001927848707408536,19.40132954423652
14,22,uniform,10000,4,0.6386658342924655,0.03618126233698596,0.10522823196394843,0.07000578354612222,103.1502602595755
14,23,active,10000,4,0.6386658342924655,0.03618126233698596,9.806476049903021e-05,9.328300197138078e-05,19.40078451808399
14,23,uniform,10000,4,0.6386658342924655,0.03618126233698596,0.06209154133761578,0.03867513261733447,101.74038096778006
14,24,active,10000,4,0.6386658342924655,0.03618126233698596,7.348890555712584e-05,6.840753477901257e-05,19.400587911244454
14,24,uniform,10000,4,0.6386658342924655,0.03618126233698596,0.04653087810580303,0.031063239656469798,101.39784578454115
14,25,active,10000,4,0.6386658342924655,0.03618126233698596,0.00010837254205937896,0.0001803471371446695,19.400866980336474
14,25,uniform,10000,4,0.6386658342924655,0.03618126233698596,0.06861810645229449,0.06644237287081547,102.9899067791867
14,26,active,10000,4,0.6386658342924655,0.03618126233698596,0.00010210825085378572,0.00013059620275993308,19.400816866006828
14,26,uniform,10000,4,0.6386658342924655,0.03618126233698596,0.06465175305110316,0.05739392167959154,102.58272647558162
14,27,active,10000,4,0.6386658342924655,0.03618126233698596,0.0001507096770755334,0.00024253580512559003,19.401205677416602
14,27,uniform,10000,4,0.6386658342924655,0.03618126233698596,0.09542465709894864,0.10401054719808957,104.68047462391404
14,28,active,10000,4,0.6386658342924655,0.03618126233698596,0.00010200754670708356,0.00011815846916374898,19.400816060373657
14,28,uniform,10000,4,0.6386658342924655,0.03618126233698596,0.06458799033293959,0.046573093450911374,102.09578920529101
14,29,active,10000,4,0.6386658342924655,0.03618126233698596,0.0001868043100374736,0.0002798490059141423,19.4014944344803
14,29,uniform,10000,4,0.6386658342924655,0.03618126233698596,0.11827865055409856,0.11075179880722134,104.98383094632496
15,0,active,10000,3,0.6616355368586515,0.03284199545114207,0.0001417080869831784,0.00010572073556756488,15.801133664695866
15,0,uniform,10000,3,0.6616355368586515,0.03284199545114207,0.08972513159686897,0.05180316042810679,84.3311422192648
15,1,active,10000,3,0.6616355368586515,0.03284199545114207,0.0001515842958392244,6.840753477901257e-05,15.801212674366715
15,1,uniform,10000,3,0.6616355368586515,0.03284199545114207,0.09597843836396068,0.054794435357989064,84.46574959110951
15,2,active,10000,3,0.6616355368586515,0.03284199545114207,0.00010508147821963396,7.462640157710462e-05,15.800840651825757
15,2,uniform,10000,3,0.6616355368586515,0.03284199545114207,0.06653430769106071,0.04641140291416098,84.08851313113725
15,3,active,10000,3,0.6616355368586515,0.03284199545114207,0.00012307741016174753,8.706413517328872e-05,15.800984619281294
15,3,uniform,10000,3,0.6616355368586515,0.03284199545114207,0.07792876933461931,0.05485662402596999,84.46854808116865
15,4,active,10000,3,0.6616355368586515,0.03284199545114207,4.191600906145593e-05,2.4875467192368208e-05,15.800335328072492
15,4,uniform,10000,3,0.6616355368586515,0.03284199545114207,0.026539906854424037,0.019819528485519367,82.89187878184838
15,5,active,10000,3,0.6616355368586515,0.03284199545114207,9.417680999699446e-05,7.462640157710462e-05,15.800753414479976
15,5,uniform,10000,3,0.6616355368586515,0.03284199545114207,0.059629812597486426,0.05025466259538187,84.26145981679218
15,6,active,10000,3,0.6616355368586515,0.03284199545114207,0.00016043554495958137,9.950186876947283e-05,15.801283484359677
15,6,uniform,10000,3,0.6616355368586515,0.03284199545114207,0.10158277266150387,0.049912624921486806,84.2460681214669
15,7,active,10000,3,0.6616355368586515,0.03284199545114207,5.945725967810428e-05,3.109433399046026e-05,15.800475658077426
15,7,uniform,10000,3,0.6616355368586515,0.03284199545114207,0.03764647849376796,0.021797128127312642,82.98087076572907
15,8,active,10000,3,0.6616355368586515,0.03284199545114207,5.415074881980585e-05,2.4875467192368208e-05,15.80043320599056
15,8,uniform,10000,3,0.6616355368586515,0.03284199545114207,0.03428656167307952,0.01831456272038109,82.82415532241716
15,9,active,10000,3,0.6616355368586515,0.03284199545114207,0.00012484110715241595,5.596980118282847e-05,15.80099872885722
15,9,uniform,10000,3,0.6616355368586515,0.03284199545114207,0.07904548714481766,0.032263480948501566,83.45185664268257
15,10,active,10000,3,0.6616355368586515,0.03284199545114207,0.00016701341252455676,0.00010572073556756488,15.801336107300196
15,10,uniform,10000,3,0.6616355368586515,0.03284199545114207,0.10574767281261858,0.09747451819329482,86.38635331869827
15,11,active,10000,3,0.6616355368586515,0.03284199545114207,0.00014425395084220229,5.596980118282847e-05,15.801154031606739
15,11,uniform,10000,3,0.6616355368586515,0.03284199545114207,0.0913370930214959,0.04600095770548691,84.07004309674691
15,12,active,10000,3,0.6616355368586515,0.03284199545114207,0.00010969258296705114,8.084526837519668e-05,15.800877540663738
15,12,uniform,10000,3,0.6616355368586515,0.03284199545114207,0.06945391509717931,0.04166640754721675,83.87498833962475
15,13,active,10000,3,0.6616355368586515,0.03284199545114207,0.00025899680279461816,0.0001679094035484854,15.802071974422358
15,13,uniform,10000,3,0.6616355368586515,0.03284199545114207,0.16398868059428345,0.10730032773428026,86.82851474804261
15,14,active,10000,3,0.6616355368586515,0.03284199545114207,0.0001487023592224683,8.084526837519668e-05,15.80118961887378
15,14,uniform,10000,3,0.6616355368586515,0.03284199545114207,0.09415368617308557,0.04942755331123563,84.2242398990056
15,15,active,10000,3,0.6616355368586515,0.03284199545114207,9.011583467684325e-05,5.596980118282847e-05,15.800720926677416
15,15,uniform,10000,3,0.6616355368586515,0.03284199545114207,0.057058529950336515,0.030149066237150267,83.35670798067176
15,16,active,10000,3,0.6616355368586515,0.03284199545114207,0.00016617404417568551,0.00010572073556756488,15.801329392353406
15,16,uniform,10000,3,0.6616355368586515,0.03284199545114207,0.10521621100856526,0.06760530096205869,85.04223854329264
15,17,active,10000,3,0.6616355368586515,0.03284199545114207,5.2179151076924696e-05,1.8656600394276155e-05,15.800417433208617
15,17,uniform,10000,3,0.6616355368586515,0.03284199545114207,0.03303820760452237,0.014999906716998029,82.67499580226492
15,18,active,10000,3,0.6616355368586515,0.03284199545114207,0.00010425761759192548,5.596980118282847e-05,15.800834060940737
15,18,uniform,10000,3,0.6616355368586515,0.03284199545114207,0.06601266489126227,0.03659181223997363,83.64663155079882
15,19,active,10000,3,0.6616355368586515,0.03284199545114207,5.900484458561117e-05,4.353206758664436e-05,15.800472038756686
15,19,uniform,10000,3,0.6616355368586515,0.03284199545114207,0.03736002339738897,0.02197747526445731,82.98898638690058
15,20,active,10000,3,0.6616355368586515,0.03284199545114207,0.00012567071164394997,7.462640157710462e-05,15.801005365693152
15,20,uniform,10000,3,0.6616355368586515,0.03284199545114207,0.07957076677961486,0.06261155092319078,84.81751979154359
15,21,active,10000,3,0.6616355368586515,0.03284199545114207,7.946343120590962e-05,6.218866798092052e-05,15.800635707449649
15,21,uniform,10000,3,0.6616355368586515,0.03284199545114207,0.05031376101303059,0.03202716401017407,83.44122238045783
15,22,active,10000,3,0.6616355368586515,0.03284199545114207,3.1728800421895395e-05,1.8656600394276155e-05,15.800253830403376
15,22,uniform,10000,3,0.6616355368586515,0.03284199545114207,0.020089684744688464,0.013115590077176137,82.59020155347292
15,23,active,10000,3,0.6616355368586515,0.03284199545114207,9.265736900593291e-05,5.596980118282847e-05,15.800741258952048
15,23,uniform,10000,3,0.6616355368586515,0.03284199545114207,0.05866775005200791,0.05244992257510837,84.36024651587988
15,24,active,10000,3,0.6616355368586515,0.03284199545114207,0.00012422448568956412,9.328300197138078e-05,15.800993795885518
15,24,uniform,10000,3,0.6616355368586515,0.03284199545114207,0.07865506170702259,0.06432795815946418,84.89475811717588
15,25,active,10000,3,0.6616355368586515,0.03284199545114207,1.8423134765542526e-05,1.8656600394276155e-05,15.800147385078125
15,25,uniform,10000,3,0.6616355368586515,0.03284199545114207,0.011664953119171019,0.008768602185309792,82.39458709833895
15,26,active,10000,3,0.6616355368586515,0.03284199545114207,0.00019825012315118073,0.00011193960236565693,15.80158600098521
15,26,uniform,10000,3,0.6616355368586515,0.03284199545114207,0.12552578167922826,0.0967033787103314,86.35165204196491
15,27,active,10000,3,0.6616355368586515,0.03284199545114207,0.0001492664103776263,5.596980118282847e-05,15.801194131283022
15,27,uniform,10000,3,0.6616355368586515,0.03284199545114207,0.09451082573509693,0.05376210346950579,84.41929465612776
15,28,active,10000,3,0.6616355368586515,0.03284199545114207,8.299825189029414e-05,3.731320078855231e-05,15.800663986015124
15,28,uniform,10000,3,0.6616355368586515,0.03284199545114207,0.052551898989718196,0.029054545680686064,83.30745455563087
15,29,active,10000,3,0.6616355368586515,0.03284199545114207,8.303550239696124e-05,7.462640157710462e-05,15.800664284019176
15,29,uniform,10000,3,0.6616355368586515,0.03284199545114207,0.052575484846246405,0.03654828017238699,83.64467260775741
16,0,active,10000,4,0.7153871443825626,0.08061786742940424,0.00015529981865437803,6.218866798092052e-05,19.401242398549233
16,0,uniform,10000,4,0.7153871443825626,0.08061786742940424,0.09833099128200476,0.05539144657060591,102.49261509567727
16,1,active,10000,4,0.7153871443825626,0.08061786742940424,9.94506392566416e-05,6.218866798092052e-05,19.40079560511405
16,1,uniform,10000,4,0.7153871443825626,0.08061786742940424,0.06296903645134705,0.05199594529884764,102.33981753844814
16,2,active,10000,4,0.7153871443825626,0.08061786742940424,5.735982926382416e-05,4.353206758664436e-05,19.400458878634108
16,2,uniform,10000,4,0.7153871443825626,0.08061786742940424,0.03631845111057607,0.02639908955790076,101.18795903010553
16,3,active,10000,4,0.7153871443825626,0.08061786742940424,0.00010058255891764317,4.9750934384736417e-05,19.40080466047134
16,3,uniform,10000,4,0.7153871443825626,0.08061786742940424,0.06368573260257945,0.04834547048836761,102.17554617197655
16,4,active,10000,4,0.7153871443825626,0.08061786742940424,0.00010422018584590326,5.596980118282847e-05,19.400833761486766
16,4,uniform,10000,4,0.7153871443825626,0.08061786742940424,0.06598896427965853,0.037145291385003824,101.67153811232517
16,5,active,10000,4,0.7153871443825626,0.08061786742940424,0.00013120775824190106,8.084526837519668e-05,19.401049662065933
16,5,uniform,10000,4,0.7153871443825626,0.08061786742940424,0.08307665162527958,0.06083295501893645,102.73748297585215
16,6,active,10000,4,0.7153871443825626,0.08061786742940424,0.00019269476335315172,0.00016169053675039335,19.401541558106825
16,6,uniform,10000,4,0.7153871443825626,0.08061786742940424,0.1220083014876741,0.10869335389705288,104.89120092536739
16,7,active,10000,4,0.7153871443825626,0.08061786742940424,6.849772793322828e-05,6.840753477901257e-05,19.400547981823465
16,7,uniform,10000,4,0.7153871443825626,0.08061786742940424,0.043370620433425856,0.04310296577757601,101.93963345999092
16,8,active,10000,4,0.7153871443825626,0.08061786742940424,0.00018916803347110434,0.0001430339363561172,19.401513344267766
16,8,uniform,10000,4,0.7153871443825626,0.08061786742940424,0.1197752863541657,0.08815865572975293,103.96713950783888
16,9,active,10000,4,0.7153871443825626,0.08061786742940424,4.390795821902771e-05,4.353206758664436e-05,19.40035126366575
16,9,uniform,10000,4,0.7153871443825626,0.08061786742940424,0.027801146802753987,0.03125602452721065,101.40652110372449
16,10,active,10000,4,0.7153871443825626,0.08061786742940424,7.266056550087052e-05,3.109433399046026e-05,19.400581284524005
16,10,uniform,10000,4,0.7153871443825626,0.08061786742940424,0.04600639907193922,0.02973862102847619,101.33823794628142
16,11,active,10000,4,0.7153871443825626,0.08061786742940424,8.985822063744403e-05,6.840753477901257e-05,19.400718865765096
16,11,uniform,10000,4,0.7153871443825626,0.08061786742940424,0.056895416792342286,0.062033196310968215,102.79149383399357
16,12,active,10000,4,0.7153871443825626,0.08061786742940424,0.00018531549244051732,9.328300197138078e-05,19.401482523939524
16,12,uniform,10000,4,0.7153871443825626,0.08061786742940424,0.11733597778460658,0.06860031964975342,103.0870143842389
16,13,active,10000,4,0.7153871443825626,0.08061786742940424,0.00010352592950250983,8.084526837519668e-05,19.400828207436017
16,13,uniform,10000,4,0.7153871443825626,0.08061786742940424,0.06554938286199896,0.0695580251366596,103.13011113114968
16,14,active,10000,4,0.7153871443825626,0.08061786742940424,0.0001183905548681613,5.596980118282847e-05,19.400947124438943
16,14,uniform,10000,4,0.7153871443825626,0.08061786742940424,0.07496119905022916,0.051566843489779295,102.32050795704006
16,15,active,10000,4,0.7153871443825626,0.08061786742940424,0.00014081214752580118,0.00010572073556756488,19.401126497180204
16,15,uniform,10000,4,0.7153871443825626,0.08061786742940424,0.08915785073500389,0.07231920199501247,103.25436408977556
16,16,active,10000,4,0.7153871443825626,0.08061786742940424,0.0001619231128597992,0.00015547166995230128,19.401295384902877
16,16,uniform,10000,4,0.7153871443825626,0.08061786742940424,0.10252465416205402,0.11658509586383169,105.24632931387242
16,17,active,10000,4,0.7153871443825626,0.08061786742940424,2.4319309027631686e-05,2.4875467192368208e-05,19.40019455447222
16,17,uniform,10000,4,0.7153871443825626,0.08061786742940424,0.015398226377224718,0.01263673733372305,100.56865318001753
16,18,active,10000,4,0.7153871443825626,0.08061786742940424,0.00015149944820593703,9.328300197138078e-05,19.401211995585648
16,18,uniform,10000,4,0.7153871443825626,0.08061786742940424,0.09592471549447107,0.0650120335072543,102.92554150782644
16,19,active,10000,4,0.7153871443825626,0.08061786742940424,0.00010005207098903734,9.328300197138078e-05,19.40080041656791
16,19,uniform,10000,4,0.7153871443825626,0.08061786742940424,0.0633498442265554,0.06393616955118438,102.8771276298033
16,20,active,10000,4,0.7153871443825626,0.08061786742940424,4.916083500685481e-05,1.2437733596184104e-05,19.400393286680053
16,20,uniform,10000,4,0.7153871443825626,0.08061786742940424,0.03112710420634253,0.020783452839223636,100.93525537776506
16,21,active,10000,4,0.7153871443825626,0.08061786742940424,0.00013127987180203832,9.950186876947283e-05,19.401050238974413
16,21,uniform,10000,4,0.7153871443825626,0.08061786742940424,0.08312231167764483,0.06567745225465016,102.95548535145926
16,22,active,10000,4,0.7153871443825626,0.08061786742940424,0.00012874772852441985,8.084526837519668e-05,19.401029981828195
16,22,uniform,10000,4,0.7153871443825626,0.08061786742940424,0.08151903769627386,0.06743117269171212,103.03440277112705
16,23,active,10000,4,0.7153871443825626,0.08061786742940424,0.00010065361665157618,4.9750934384736417e-05,19.400805228933212
16,23,uniform,10000,4,0.7153871443825626,0.08061786742940424,0.06373072413882142,0.05326459412565842,102.39690673565462
16,24,active,10000,4,0.7153871443825626,0.08061786742940424,9.332438726093739e-05,6.218866798092052e-05,19.400746595098084
16,24,uniform,10000,4,0.7153871443825626,0.08061786742940424,0.059090085163417454,0.05621855585475215,102.52983501346385
16,25,active,10000,4,0.7153871443825626,0.08061786742940424,0.00011912580199352485,7.462640157710462e-05,19.400953006415946
16,25,uniform,10000,4,0.7153871443825626,0.08061786742940424,0.07542673454986232,0.057449891480774375,102.58524511663485
16,26,active,10000,4,0.7153871443825626,0.08061786742940424,0.0002197363739022476,0.00017412827034657744,19.401757890991217
16,26,uniform,10000,4,0.7153871443825626,0.08061786742940424,0.13913020410286348,0.11095702141155839,104.99306596352012
16,27,active,10000,4,0.7153871443825626,0.08061786742940424,6.482117857097708e-05,6.218866798092052e-05,19.400518569428566
16,27,uniform,10000,4,0.7153871443825626,0.08061786742940424,0.04104274428764626,0.03616271043090528,101.62732196939074
16,28,active,10000,4,0.7153871443825626,0.08061786742940424,0.00011287635541374491,6.840753477901257e-05,19.400903010843308
16,28,uniform,10000,4,0.7153871443825626,0.08061786742940424,0.07146978030174439,0.059589181659318036,102.6815131746693
16,29,active,10000,4,0.7153871443825626,0.08061786742940424,0.00014200108365231,0.00010572073556756488,19.401136008669216
16,29,uniform,10000,4,0.7153871443825626,0.08061786742940424,0.08991064793012213,0.0815293437229868,103.6688204675344
17,0,active,10000,5,0.46383283024963146,0.0976244296729013,0.0001420812984646233,0.00011193960236565693,23.001136650387718
17,0,uniform,10000,5,0.46383283024963146,0.0976244296729013,0.08996143744219165,0.09694591451545699,122.36256615319556
17,1,active,10000,5,0.46383283024963146,0.0976244296729013,0.00011344082372034131,0.00021144147113512975,23.000907526589764
17,1,uniform,10000,5,0.46383283024963146,0.0976244296729013,0.07182718399107013,0.09792227660275744,122.40650244712408
17,2,active,10000,5,0.46383283024963146,0.0976244296729013,5.838875264146254e-05,8.084526837519668e-05,23.00046711002113
17,2,uniform,10000,5,0.46383283024963146,0.0976244296729013,0.03696993323431274,0.06189638124141019,120.78533715586346
17,3,active,10000,5,0.46383283024963146,0.0976244296729013,0.00012683392540948496,0.0001927848707408536,23.001014671403276
17,3,uniform,10000,5,0.46383283024963146,0.0976244296729013,0.0803072773797583,0.09397329618596899,122.22879832836861
17,4,active,10000,5,0.46383283024963146,0.0976244296729013,0.00012849788624790665,0.00013681506955802515,23.001027983089983
17,4,uniform,10000,5,0.46383283024963146,0.0976244296729013,0.08136084537559668,0.09317728123581322,122.1929776556116
17,5,active,10000,5,0.46383283024963146,0.0976244296729013,0.0001489572758166871,0.00015547166995230128,23.001191658206533
17,5,uniform,10000,5,0.46383283024963146,0.0976244296729013,0.0943150913931054,0.07129308897332728,121.20818900379973
17,6,active,10000,5,0.46383283024963146,0.0976244296729013,0.00016891759580287685,0.0002922867395103264,23.001351340766423
17,6,uniform,10000,5,0.46383283024963146,0.0976244296729013,0.10695334214933504,0.16753627154059988,125.539132219327
17,7,active,10000,5,0.46383283024963146,0.0976244296729013,8.556259313073633e-05,0.00014925280315420924,23.000684500745045
17,7,uniform,10000,5,0.46383283024963146,0.0976244296729013,0.05417555971478989,0.06584536165819864,120.96304127461894
17,8,active,10000,5,0.46383283024963146,0.0976244296729013,0.00012022499963307287,0.00012437733596184103,23.000961799997064
17,8,uniform,10000,5,0.46383283024963146,0.0976244296729013,0.07612271213985394,0.08233779640673876,121.70520083830324
17,9,active,10000,5,0.46383283024963146,0.0976244296729013,0.00014690514037155739,0.0002176603379332218,23.001175241122972
17,9,uniform,10000,5,0.46383283024963146,0.0976244296729013,0.09301574336867792,0.12044701214544686,123.4201155465451
17,10,active,10000,5,0.46383283024963146,0.0976244296729013,8.707890815747021e-05,0.00016169053675039335,23.00069663126526
17,10,uniform,10000,5,0.46383283024963146,0.0976244296729013,0.05513564299736895,0.09077679865174967,122.08495593932874
17,11,active,10000,5,0.46383283024963146,0.0976244296729013,6.851701108999408e-05,8.706413517328872e-05,23.00054813608872
17,11,uniform,10000,5,0.46383283024963146,0.0976244296729013,0.04338282992560562,0.0496016815815822,120.2320756711712
17,12,active,10000,5,0.46383283024963146,0.0976244296729013,0.00013713402196149915,0.00018656600394276155,23.001097072175693
17,12,uniform,10000,5,0.46383283024963146,0.0976244296729013,0.08682897658738087,0.12052163854702397,123.42347373461608
17,13,active,10000,5,0.46383283024963146,0.0976244296729013,9.794989651156633e-05,0.00011193960236565693,23.00078359917209
17,13,uniform,10000,5,0.46383283024963146,0.0976244296729013,0.06201881305080821,0.08338878489561632,121.75249532030273
17,14,active,10000,5,0.46383283024963146,0.0976244296729013,0.00010159809050497293,5.596980118282847e-05,23.00081278472404
17,14,uniform,10000,5,0.46383283024963146,0.0976244296729013,0.0643287354632675,0.052748428181416784,120.37367926816376
17,15,active,10000,5,0.46383283024963146,0.0976244296729013,9.093590516261185e-05,6.840753477901257e-05,23.0007274872413
17,15,uniform,10000,5,0.46383283024963146,0.0976244296729013,0.05757777295069533,0.05464518255483486,120.45903321496758
17,16,active,10000,5,0.46383283024963146,0.0976244296729013,7.88532918612056e-05,6.218866798092052e-05,23.00063082633489
17,16,uniform,10000,5,0.46383283024963146,0.0976244296729013,0.049927439849878755,0.03833309494343941,119.72498927245478
17,17,active,10000,5,0.46383283024963146,0.0976244296729013,0.00013457197384844632,9.328300197138078e-05,23.001076575790787
17,17,uniform,10000,5,0.46383283024963146,0.0976244296729013,0.08520676779888707,0.0715107493112605,121.21798371900672
17,18,active,10000,5,0.46383283024963146,0.0976244296729013,0.0001766841318269971,0.00024253580512559003,23.001413473054615
17,18,uniform,10000,5,0.46383283024963146,0.0976244296729013,0.1118708700170217,0.1161933072555519,123.22869882649984
17,19,active,10000,5,0.46383283024963146,0.0976244296729013,9.62295347273559e-05,9.328300197138078e-05,23.00076983627782
17,19,uniform,10000,5,0.46383283024963146,0.0976244296729013,0.060929533738900865,0.06106927195726395,120.74811723807687
17,20,active,10000,5,0.46383283024963146,0.0976244296729013,9.048094476400009e-05,5.596980118282847e-05,23.000723847558113
17,20,uniform,10000,5,0.46383283024963146,0.0976244296729013,0.057289706246066205,0.056883974602147995,120.55977885709666
17,21,active,10000,5,0.46383283024963146,0.0976244296729013,0.00010104258498861568,0.00011815846916374898,23.00080834067991
17,21,uniform,10000,5,0.46383283024963146,0.0976244296729013,0.06397700673262591,0.09677800511190851,122.35501023003589
17,22,active,10000,5,0.46383283024963146,0.0976244296729013,9.783772431452148e-05,6.840753477901257e-05,23.000782701794517
17,22,uniform,10000,5,0.46383283024963146,0.0976244296729013,0.061947789121580325,0.053519567664380194,120.40838054489711
17,23,active,10000,5,0.46383283024963146,0.0976244296729013,0.000256247167012863,0.0002922867395103264,23.002049977336103
17,23,uniform,10000,5,0.46383283024963146,0.0976244296729013,0.16224769715705217,0.1569331036498529,125.06198966424338
17,24,active,10000,5,0.46383283024963146,0.0976244296729013,0.00010097065224886487,0.00011815846916374898,23.000807765217992
17,24,uniform,10000,5,0.46383283024963146,0.0976244296729013,0.06393146117006171,0.058040683826593116,120.6118307721967
17,25,active,10000,5,0.46383283024963146,0.0976244296729013,0.000141519064135176,0.0001430339363561172,23.00113215251308
17,25,uniform,10000,5,0.46383283024963146,0.0976244296729013,0.0896054482374001,0.0833265962276354,121.7496968302436
17,26,active,10000,5,0.46383283024963146,0.0976244296729013,0.00013799885322127864,0.0001679094035484854,23.00110399082577
17,26,uniform,10000,5,0.46383283024963146,0.0976244296729013,0.0873765607107807,0.1077356484101467,122.8481041784566
17,27,active,10000,5,0.46383283024963146,0.0976244296729013,0.00010735548672679424,8.706413517328872e-05,23.000858843893813
17,27,uniform,10000,5,0.46383283024963146,0.0976244296729013,0.06797413880373586,0.06542247871592838,120.94401154221677
17,28,active,10000,5,0.46383283024963146,0.0976244296729013,0.00015790364830155224,9.328300197138078e-05,23.001263229186414
17,28,uniform,10000,5,0.46383283024963146,0.0976244296729013,0.09997965483198645,0.09100067785648099,122.09503050354165
17,29,active,10000,5,0.46383283024963146,0.0976244296729013,0.00014684313917572717,0.00016169053675039335,23.001174745113406
17,29,uniform,10000,5,0.46383283024963146,0.0976244296729013,0.09297648614932198,0.10816475021921505,122.86741375986468
18,0,active,10000,4,0.7704517500847573,0.11768177208971878,0.00020182655301737018,0.0001803471371446695,19.401614612424137
18,0,uniform,10000,4,0.7704517500847573,0.11768177208971878,0.1277902652893243,0.08712010497447155,103.92040472385122
18,1,active,10000,4,0.7704517500847573,0.11768177208971878,0.00011620500541115186,6.218866798092052e-05,19.400929640043287
18,1,uniform,10000,4,0.7704517500847573,0.11768177208971878,0.07357737744331114,0.0835566942991648,103.76005124346241
18,2,active,10000,4,0.7704517500847573,0.11768177208971878,7.570723575597849e-05,8.084526837519668e-05,19.400605657886047
18,2,uniform,10000,4,0.7704517500847573,0.11768177208971878,0.04793545545391659,0.060758328617359345,102.73412478778117
18,3,active,10000,4,0.7704517500847573,0.11768177208971878,0.0001936874490585938,8.706413517328872e-05,19.401549499592466
18,3,uniform,10000,4,0.7704517500847573,0.11768177208971878,0.12263683904995551,0.08907282914907245,104.00827731170826
18,4,active,10000,4,0.7704517500847573,0.11768177208971878,0.00012887731729746554,9.328300197138078e-05,19.40103101853838
18,4,uniform,10000,4,0.7704517500847573,0.11768177208971878,0.08160108925707263,0.06615630499810325,102.97703372491465
18,5,active,10000,4,0.7704517500847573,0.11768177208971878,9.866857722304334e-05,8.706413517328872e-05,19.40078934861778
18,5,uniform,10000,4,0.7704517500847573,0.11768177208971878,0.06247385921497682,0.052431265974714085,102.35940696886213
18,6,active,10000,4,0.7704517500847573,0.11768177208971878,7.754185452831658e-05,4.9750934384736417e-05,19.400620334836226
18,6,uniform,10000,4,0.7704517500847573,0.11768177208971878,0.04909707871955986,0.06022972493952152,102.71033762227847
18,7,active,10000,4,0.7704517500847573,0.11768177208971878,5.87836534318778e-05,4.353206758664436e-05,19.400470269227455
18,7,uniform,10000,4,0.7704517500847573,0.11768177208971878,0.037219972072226895,0.043687539256596665,101.96593926654685
18,8,active,10000,4,0.7704517500847573,0.11768177208971878,0.00010878393783928658,6.840753477901257e-05,19.40087027150271
18,8,uniform,10000,4,0.7704517500847573,0.11768177208971878,0.0688785894019844,0.05929689491980771,102.66836027139135
18,9,active,10000,4,0.7704517500847573,0.11768177208971878,4.714316774440119e-05,3.731320078855231e-05,19.400377145341952
18,9,uniform,10000,4,0.7704517500847573,0.11768177208971878,0.029849580357820683,0.025410289737004123,101.14346303816518
18,10,active,10000,4,0.7704517500847573,0.11768177208971878,8.367326279302284e-05,0.00011193960236565693,19.400669386102344
18,10,uniform,10000,4,0.7704517500847573,0.11768177208971878,0.05297929479587796,0.05807799702738167,102.61350986623218
18,11,active,10000,4,0.7704517500847573,0.11768177208971878,5.260643581679603e-05,6.218866798092052e-05,19.400420851486533
18,11,uniform,10000,4,0.7704517500847573,0.11768177208971878,0.033308750947026934,0.03470127673335365,101.56155745300092
18,12,active,10000,4,0.7704517500847573,0.11768177208971878,0.00012055959759919854,0.00011815846916374898,19.400964476780793
18,12,uniform,10000,4,0.7704517500847573,0.11768177208971878,0.07633456911412237,0.07134905877451012,103.21070764485296
18,13,active,10000,4,0.7704517500847573,0.11768177208971878,0.00011081843968828442,3.109433399046026e-05,19.400886547517505
18,13,uniform,10000,4,0.7704517500847573,0.11768177208971878,0.07016677238450865,0.04551588609523573,102.0482148742856
18,14,active,10000,4,0.7704517500847573,0.11768177208971878,0.00014337995034757745,8.084526837519668e-05,19.40114703960278
18,14,uniform,10000,4,0.7704517500847573,0.11768177208971878,0.09078370322520718,0.07253686233294569,103.26415880498256
18,15,active,10000,4,0.7704517500847573,0.11768177208971878,0.00012599026686191395,6.840753477901257e-05,19.401007922134895
18,15,uniform,10000,4,0.7704517500847573,0.11768177208971878,0.07977309915594091,0.07142990404288531,103.21434568192984
18,16,active,10000,4,0.7704517500847573,0.11768177208971878,8.119536029912305e-05,0.00012437733596184103,19.400649562882393
18,16,uniform,10000,4,0.7704517500847573,0.11768177208971878,0.051410364383529125,0.0651799429108028,102.93309743098612
18,17,active,10000,4,0.7704517500847573,0.11768177208971878,0.00011427369399179266,7.462640157710462e-05,19.400914189551933
18,17,uniform,10000,4,0.7704517500847573,0.11768177208971878,0.07235453141562977,0.05274220931461869,102.37339941915783
18,18,active,10000,4,0.7704517500847573,0.11768177208971878,0.00019549504561867936,0.00010572073556756488,19.40156396036495
18,18,uniform,10000,4,0.7704517500847573,0.11768177208971878,0.12378135269550919,0.08591364481564169,103.86611401670388
18,19,active,10000,4,0.7704517500847573,0.11768177208971878,6.064281006266936e-05,5.596980118282847e-05,19.4004851424805
18,19,uniform,10000,4,0.7704517500847573,0.11768177208971878,0.038397131942936306,0.03371247691245701,101.51706146106056
18,20,active,10000,4,0.7704517500847573,0.11768177208971878,0.00011123408892716596,9.950186876947283e-05,19.400889872711417
18,20,uniform,10000,4,0.7704517500847573,0.11768177208971878,0.07042994849143941,0.06655431247318114,102.99494406129315
18,21,active,10000,4,0.7704517500847573,0.11768177208971878,7.689154564866768e-05,5.596980118282847e-05,19.40061513236519
18,21,uniform,10000,4,0.7704517500847573,0.11768177208971878,0.04868532346238947,0.0569586010037251,102.56313704516764
18,22,active,10000,4,0.7704517500847573,0.11768177208971878,0.0001234356510368892,6.840753477901257e-05,19.400987485208294
18,22,uniform,10000,4,0.7704517500847573,0.11768177208971878,0.0781555962599263,0.06300333953147058,102.83515027891617
18,23,active,10000,4,0.7704517500847573,0.11768177208971878,8.787820839436383e-05,0.00011193960236565693,19.400703025667152
18,23,uniform,10000,4,0.7704517500847573,0.11768177208971878,0.055641734925224055,0.04165396981362056,101.87442864161292
18,24,active,10000,4,0.7704517500847573,0.11768177208971878,8.130052044616476e-05,6.840753477901257e-05,19.400650404163567
18,24,uniform,10000,4,0.7704517500847573,0.11768177208971878,0.05147694850182613,0.03830821947624704,101.72386987643111
18,25,active,10000,4,0.7704517500847573,0.11768177208971878,0.00016445342471142071,0.00010572073556756488,19.40131562739769
18,25,uniform,10000,4,0.7704517500847573,0.11768177208971878,0.10412676854171785,0.10087001946505308,104.53915087592739
18,26,active,10000,4,0.7704517500847573,0.11768177208971878,0.00010064213546653877,0.00012437733596184103,19.40080513708373
18,26,uniform,10000,4,0.7704517500847573,0.11768177208971878,0.06372345461128878,0.0803539778981474,103.61592900541663
18,27,active,10000,4,0.7704517500847573,0.11768177208971878,5.727733667262869e-05,6.218866798092052e-05,19.40045821869338
18,27,uniform,10000,4,0.7704517500847573,0.11768177208971878,0.03626621938009335,0.03526097474518193,101.58674386353319
18,28,active,10000,4,0.7704517500847573,0.11768177208971878,7.550789463307145e-05,3.731320078855231e-05,19.400604063157065
18,28,uniform,10000,4,0.7704517500847573,0.11768177208971878,0.04780923888526431,0.03495003140527733,101.57275141323748
18,29,active,10000,4,0.7704517500847573,0.11768177208971878,5.417587924194667e-05,1.8656600394276155e-05,19.400433407033933
18,29,uniform,10000,4,0.7704517500847573,0.11768177208971878,0.03430247347091182,0.032232386614511103,101.450457397653
19,0,active,10000,2,0.5634976311210164,0.060334827082209386,0.0001479120297756889,9.328300197138078e-05,12.201183296238204
19,0,uniform,10000,2,0.5634976311210164,0.060334827082209386,0.09365327426903708,0.07036025895361347,67.16621165291261
19,1,active,10000,2,0.5634976311210164,0.060334827082209386,7.488747759463663e-05,3.731320078855231e-05,12.200599099820757
19,1,uniform,10000,2,0.5634976311210164,0.060334827082209386,0.04741641020762216,0.025870485880062934,65.16417186460284
19,2,active,10000,2,0.5634976311210164,0.060334827082209386,8.861231080977902e-05,4.9750934384736417e-05,12.200708898486477
19,2,uniform,10000,2,0.5634976311210164,0.060334827082209386,0.05610654563031699,0.02881822874235857,65.29682029340614
19,3,active,10000,2,0.5634976311210164,0.060334827082209386,0.00012734286042969875,7.462640157710462e-05,12.201018742883436
19,3,uniform,10000,2,0.5634976311210164,0.060334827082209386,0.08062951912780175,0.04094501899863807,65.84252585493871
19,4,active,10000,2,0.5634976311210164,0.060334827082209386,7.706523016897532e-05,3.109433399046026e-05,12.20061652184135
19,4,uniform,10000,2,0.5634976311210164,0.060334827082209386,0.04879529507213575,0.02221379220278481,64.99962064912532
19,5,active,10000,2,0.5634976311210164,0.060334827082209386,0.0001188056147882581,3.731320078855231e-05,12.200950444918305
19,5,uniform,10000,2,0.5634976311210164,0.060334827082209386,0.07522400201888003,0.029197579617042183,65.3138910827669
19,6,active,10000,2,0.5634976311210164,0.060334827082209386,8.213251676279787e-05,6.218866798092052e-05,12.200657060134102
19,6,uniform,10000,2,0.5634976311210164,0.060334827082209386,0.05200374256547739,0.034216205123102465,65.5397292305396
19,7,active,10000,2,0.5634976311210164,0.060334827082209386,9.342381156217383e-05,4.353206758664436e-05,12.200747390492497
19,7,uniform,10000,2,0.5634976311210164,0.060334827082209386,0.05915303752352712,0.029651556893302903,65.33432006019864
19,8,active,10000,2,0.5634976311210164,0.060334827082209386,8.748019040373534e-05,3.109433399046026e-05,12.20069984152323
19,8,uniform,10000,2,0.5634976311210164,0.060334827082209386,0.055389722373616335,0.020472509499319034,64.92126292746936
19,9,active,10000,2,0.5634976311210164,0.060334827082209386,0.00016473892581465518,9.328300197138078e-05,12.201317911406516
19,9,uniform,10000,2,0.5634976311210164,0.060334827082209386,0.1043075389169533,0.039732339973010115,65.78795529878545
19,10,active,10000,2,0.5634976311210164,0.060334827082209386,0.00011210252467010878,1.8656600394276155e-05,12.20089682019736
19,10,uniform,10000,2,0.5634976311210164,0.060334827082209386,0.07097981486099861,0.0298878738316304,65.34495432242336
19,11,active,10000,2,0.5634976311210164,0.060334827082209386,5.9712653971168844e-05,3.109433399046026e-05,12.200477701231769
19,11,uniform,10000,2,0.5634976311210164,0.060334827082209386,0.03780818617781631,0.02021131709379917,64.90950926922096
19,12,active,10000,2,0.5634976311210164,0.060334827082209386,8.723019091541606e-05,3.109433399046026e-05,12.200697841527322
19,12,uniform,10000,2,0.5634976311210164,0.060334827082209386,0.055231430511326125,0.026448840492285495,65.19019782215285
19,13,active,10000,2,0.5634976311210164,0.060334827082209386,8.050025360405166e-05,3.731320078855231e-05,12.200644002028831
19,13,uniform,10000,2,0.5634976311210164,0.060334827082209386,0.050970244549706736,0.015683982064788153,64.70577919291547
19,14,active,10000,2,0.5634976311210164,0.060334827082209386,0.00011805247345698239,4.9750934384736417e-05,12.200944419787655
19,14,uniform,10000,2,0.5634976311210164,0.060334827082209386,0.07474713646733576,0.032959994029887876,65.48319973134495
19,15,active,10000,2,0.5634976311210164,0.060334827082209386,0.00012428070672542563,5.596980118282847e-05,12.200994245653803
19,15,uniform,10000,2,0.5634976311210164,0.060334827082209386,0.07869065910980447,0.02894260607832041,65.30241727352441
19,16,active,10000,2,0.5634976311210164,0.060334827082209386,0.00012941962747457098,6.218866798092052e-05,12.201035357019796
19,16,uniform,10000,2,0.5634976311210164,0.060334827082209386,0.08194446311138286,0.029483647489754416,65.32676413703895
19,17,active,10000,2,0.5634976311210164,0.060334827082209386,0.00014991362398630165,4.9750934384736417e-05,12.201199308991889
19,17,uniform,10000,2,0.5634976311210164,0.060334827082209386,0.09492062116349825,0.0485880062934932,66.1864602832072
19,18,active,10000,2,0.5634976311210164,0.060334827082209386,2.2934108722429125e-05,1.2437733596184104e-05,12.200183472869778
19,18,uniform,10000,2,0.5634976311210164,0.060334827082209386,0.01452116083831878,0.004720119899751867,64.21240539548883
19,19,active,10000,2,0.5634976311210164,0.060334827082209386,0.00011520893189935488,6.218866798092052e-05,12.200921671455195
19,19,uniform,10000,2,0.5634976311210164,0.060334827082209386,0.07294669482787239,0.036598031106771726,65.64691139980472
19,20,active,10000,2,0.5634976311210164,0.060334827082209386,9.870300129874096e-05,6.218866798092052e-05,12.200789624010389
19,20,uniform,10000,2,0.5634976311210164,0.060334827082209386,0.06249565546379955,0.036411465102828965,65.6385159296273
19,21,active,10000,2,0.5634976311210164,0.060334827082209386,8.49649175324943e-05,4.353206758664436e-05,12.20067971934026
19,21,uniform,10000,2,0.5634976311210164,0.060334827082209386,0.05379713020630358,0.02782942892146193,65.25232430146579
19,22,active,10000,2,0.5634976311210164,0.060334827082209386,4.420593191644187e-05,1.8656600394276155e-05,12.20035364745533
19,22,uniform,10000,2,0.5634976311210164,0.060334827082209386,0.027989814434785806,0.012810865604069627,64.57648895218313
19,23,active,10000,2,0.5634976311210164,0.060334827082209386,6.100780890494137e-05,1.8656600394276155e-05,12.200488062471239
19,23,uniform,10000,2,0.5634976311210164,0.060334827082209386,0.03862823780182803,0.01633696307858782,64.73516333853645
19,24,active,10000,2,0.5634976311210164,0.060334827082209386,9.359587912268971e-05,4.9750934384736417e-05,12.20074876703298
19,24,uniform,10000,2,0.5634976311210164,0.060334827082209386,0.05926198532484651,0.023407814628018483,65.05335165826084
19,25,active,10000,2,0.5634976311210164,0.060334827082209386,3.325043629552951e-05,1.8656600394276155e-05,12.200266003490363
19,25,uniform,10000,2,0.5634976311210164,0.060334827082209386,0.021053137021178295,0.008687756916934596,64.39094906126206
19,26,active,10000,2,0.5634976311210164,0.060334827082209386,3.527154252688097e-05,1.8656600394276155e-05,12.200282172340215
19,26,uniform,10000,2,0.5634976311210164,0.060334827082209386,0.022332838317324147,0.011405401707700822,64.51324307684654
19,27,active,10000,2,0.5634976311210164,0.060334827082209386,0.00018107319194351004,7.462640157710462e-05,12.201448585535548
19,27,uniform,10000,2,0.5634976311210164,0.060334827082209386,0.11464988570290732,0.04846984782432945,66.18114315209482
19,28,active,10000,2,0.5634976311210164,0.060334827082209386,7.851251200829273e-05,3.731320078855231e-05,12.200628100096065
19,28,uniform,10000,2,0.5634976311210164,0.060334827082209386,0.04971166869806348,0.019377988942854835,64.87200950242847
19,29,active,10000,2,0.5634976311210164,0.060334827082209386,6.355194232574718e-05,2.4875467192368208e-05,12.200508415538605
19,29,uniform,10000,2,0.5634976311210164,0.060334827082209386,0.040239103567134525,0.019222517272902532,64.86501327728061
20,0,active,10000,4,0.6060748946820134,0.09887012123692587,8.376202443107633e-05,0.00010572073556756488,19.400670096195448
20,0,uniform,10000,4,0.6060748946820134,0.09887012123692587,0.05303549589080984,0.04850094215831991,102.1825423971244
20,1,active,10000,4,0.6060748946820134,0.09887012123692587,0.00013352312269120786,6.840753477901257e-05,19.40106818498153
20,1,uniform,10000,4,0.6060748946820134,0.09887012123692587,0.08454266802793492,0.05700835193810984,102.56537583721494
20,2,active,10000,4,0.6060748946820134,0.09887012123692587,0.00010192231268549984,0.00014925280315420924,19.400815378501484
20,2,uniform,10000,4,0.6060748946820134,0.09887012123692587,0.06453402281443937,0.08414748664498355,103.78663689902426
20,3,active,10000,4,0.6060748946820134,0.09887012123692587,0.00010671742360347791,6.218866798092052e-05,19.400853739388825
20,3,uniform,10000,4,0.6060748946820134,0.09887012123692587,0.06757013717667279,0.03707066498342672,101.6681799242542
20,4,active,10000,4,0.6060748946820134,0.09887012123692587,0.00010580560297542008,7.462640157710462e-05,19.400846444823802
20,4,uniform,10000,4,0.6060748946820134,0.09887012123692587,0.06699280085390852,0.05432802034813217,102.44476091566595
20,5,active,10000,4,0.6060748946820134,0.09887012123692587,0.00023929038647652057,0.00013681506955802515,19.40191432309181
20,5,uniform,10000,4,0.6060748946820134,0.09887012123692587,0.1515111937049624,0.08424698851375302,103.79111448311889
20,6,active,10000,4,0.6060748946820134,0.09887012123692587,0.00010146304036375703,9.328300197138078e-05,19.40081170432291
20,6,uniform,10000,4,0.6060748946820134,0.09887012123692587,0.06424322593485716,0.044209924067636394,101.98944658304364
20,7,active,10000,4,0.6060748946820134,0.09887012123692587,4.022299006334329e-05,5.596980118282847e-05,19.400321783920504
20,7,uniform,10000,4,0.6060748946820134,0.09887012123692587,0.025467940140071373,0.027599330849932525,101.24196988824697
20,8,active,10000,4,0.6060748946820134,0.09887012123692587,2.935406118003553e-05,1.8656600394276155e-05,19.40023483248944
20,8,uniform,10000,4,0.6060748946820134,0.09887012123692587,0.018586074079120607,0.018476253257131484,100.83143139657092
20,9,active,10000,4,0.6060748946820134,0.09887012123692587,7.034597313230334e-05,6.218866798092052e-05,19.400562767785058
20,9,uniform,10000,4,0.6060748946820134,0.09887012123692587,0.044540871526633025,0.03565898222025982,101.60465419991169
20,10,active,10000,4,0.6060748946820134,0.09887012123692587,0.00013926789169810272,9.328300197138078e-05,19.401114143133583
20,10,uniform,10000,4,0.6060748946820134,0.09887012123692587,0.08818007621055961,0.057176261341658326,102.57293176037463
20,11,active,10000,4,0.6060748946820134,0.09887012123692587,0.00016734280505081855,0.00011815846916374898,19.401338742440405
20,11,uniform,10000,4,0.6060748946820134,0.09887012123692587,0.10595623386511932,0.07060901362553715,103.17740561314918
20,12,active,10000,4,0.6060748946820134,0.09887012123692587,0.00016439189764854562,0.00015547166995230128,19.401315135181186
20,12,uniform,10000,4,0.6060748946820134,0.09887012123692587,0.10408781152850102,0.0970951673186112,104.36928252933751
20,13,active,10000,4,0.6060748946820134,0.09887012123692587,0.0001506049504972698,0.0001430339363561172,19.401204839603977
20,13,uniform,10000,4,0.6060748946820134,0.09887012123692587,0.09535834750285277,0.10345084918626128,104.65528821338175
20,14,active,10000,4,0.6060748946820134,0.09887012123692587,8.368762582578598e-05,6.218866798092052e-05,19.400669501006604
20,14,uniform,10000,4,0.6060748946820134,0.09887012123692587,0.052988389019317926,0.05070863987164259,102.28188879422392
20,15,active,10000,4,0.6060748946820134,0.09887012123692587,0.00013158053565628935,0.00010572073556756488,19.401052644285247
20,15,uniform,10000,4,0.6060748946820134,0.09887012123692587,0.08331268263293899,0.04532310122449487,102.03953955510227
20,16,active,10000,4,0.6060748946820134,0.09887012123692587,0.00013541963513127864,0.00011193960236565693,19.40108335708105
20,16,uniform,10000,4,0.6060748946820134,0.09887012123692587,0.08574348042955217,0.07544107312765468,103.39484829074446
20,17,active,10000,4,0.6060748946820134,0.09887012123692587,0.0001366559593355618,0.0002300980715294059,19.401093247674684
20,17,uniform,10000,4,0.6060748946820134,0.09887012123692587,0.08652628227444512,0.11805896729497951,105.31265352827408
20,18,active,10000,4,0.6060748946820134,0.09887012123692587,9.468580261248055e-05,5.596980118282847e-05,19.400757486420897
20,18,uniform,10000,4,0.6060748946820134,0.09887012123692587,0.059952090813006585,0.04589523696991934,102.06528566364636
20,19,active,10000,4,0.6060748946820134,0.09887012123692587,0.00010675188965086208,0.00012437733596184103,19.400854015117204
20,19,uniform,10000,4,0.6060748946820134,0.09887012123692587,0.06759196000063064,0.07405426583168015,103.3324419624256
20,20,active,10000,4,0.6060748946820134,0.09887012123692587,6.683843627213609e-05,6.840753477901257e-05,19.400534707490177
20,20,uniform,10000,4,0.6060748946820134,0.09887012123692587,0.0423200088146992,0.034663963532565095,101.55987835896543
20,21,active,10000,4,0.6060748946820134,0.09887012123692587,0.00013992604730182073,0.0001679094035484854,19.401119408378413
20,21,uniform,10000,4,0.6060748946820134,0.09887012123692587,0.0885967997682011,0.09833272181143152,104.42497248151442
20,22,active,10000,4,0.6060748946820134,0.09887012123692587,7.26817324287754e-05,6.218866798092052e-05,19.400581453859427
20,22,uniform,10000,4,0.6060748946820134,0.09887012123692587,0.04601980130910827,0.048177561084819125,102.16799024881686
20,23,active,10000,4,0.6060748946820134,0.09887012123692587,0.00012584004338830196,0.00011193960236565693,19.401006720347105
20,23,uniform,10000,4,0.6060748946820134,0.09887012123692587,0.0796779823476805,0.061125241758446774,102.7506358791301
20,24,active,10000,4,0.6060748946820134,0.09887012123692587,0.00010073465579802515,0.00012437733596184103,19.400805877246384
20,24,uniform,10000,4,0.6060748946820134,0.09887012123692587,0.06378203559342024,0.07802812171566097,103.51126547720474
20,25,active,10000,4,0.6060748946820134,0.09887012123692587,0.00011940886896991132,0.00017412827034657744,19.40095527095176
20,25,uniform,10000,4,0.6060748946820134,0.09887012123692587,0.07560596371207542,0.09397951505276708,104.22907817737452
20,26,active,10000,4,0.6060748946820134,0.09887012123692587,4.6975139432157975e-05,2.4875467192368208e-05,19.400375801115455
20,26,uniform,10000,4,0.6060748946820134,0.09887012123692587,0.02974319008225073,0.01996878128867358,100.89859515799031
20,27,active,10000,4,0.6060748946820134,0.09887012123692587,0.00011292026958462098,0.00011193960236565693,19.400903362156676
20,27,uniform,10000,4,0.6060748946820134,0.09887012123692587,0.07149758538224298,0.07105677203499979,103.19755474157499
20,28,active,10000,4,0.6060748946820134,0.09887012123692587,0.000105841420826501,8.084526837519668e-05,19.40084673136661
20,28,uniform,10000,4,0.6060748946820134,0.09887012123692587,0.06701547959771997,0.06843241024620493,103.07945846107923
20,29,active,10000,4,0.6060748946820134,0.09887012123692587,0.00016603409925860374,0.00012437733596184103,19.401328272794068
20,29,uniform,10000,4,0.6060748946820134,0.09887012123692587,0.10512760226102286,0.0765915634853017,103.44662035683858
21,0,active,10000,5,0.5426618517943651,0.05781543148210899,0.00013263145261282333,0.00012437733596184103,23.0010610516209
21,0,uniform,10000,5,0.5426618517943651,0.05781543148210899,0.08397809040340662,0.07580176740194401,121.41107953308747
21,1,active,10000,5,0.5426618517943651,0.05781543148210899,0.00017997698275243335,0.00016169053675039335,23.00143981586202
21,1,uniform,10000,5,0.5426618517943651,0.05781543148210899,0.1139558003050314,0.11883632564474102,123.34763465401335
21,2,active,10000,5,0.5426618517943651,0.05781543148210899,8.754517521467747e-05,0.00011193960236565693,23.000700361401716
21,2,uniform,10000,5,0.5426618517943651,0.05781543148210899,0.0554308687247841,0.06301577726506676,120.835709976928
21,3,active,10000,5,0.5426618517943651,0.05781543148210899,7.880851634086208e-05,0.00013059620275993308,23.000630468130726
21,3,uniform,10000,5,0.5426618517943651,0.05781543148210899,0.04989908938987563,0.06013022307075205,120.70586003818384
21,4,active,10000,5,0.5426618517943651,0.05781543148210899,0.00016128773397296875,0.00013681506955802515,23.001290301871784
21,4,uniform,10000,5,0.5426618517943651,0.05781543148210899,0.1021223521096735,0.0643093015590699,120.89391857015815
21,5,active,10000,5,0.5426618517943651,0.05781543148210899,0.00010629127622348473,0.00013681506955802515,23.000850330209786
21,5,uniform,10000,5,0.5426618517943651,0.05781543148210899,0.06730031397488588,0.09249942475482117,122.16247411396695
21,6,active,10000,5,0.5426618517943651,0.05781543148210899,0.00011364838566421676,0.00011193960236565693,23.000909187085313
21,6,uniform,10000,5,0.5426618517943651,0.05781543148210899,0.07195860572659174,0.051355402018644164,120.31099309083899
21,7,active,10000,5,0.5426618517943651,0.05781543148210899,0.0001262089299370467,0.0001430339363561172,23.001009671439498
21,7,uniform,10000,5,0.5426618517943651,0.05781543148210899,0.07991154978085079,0.08126815131746692,121.65706680928601
21,8,active,10000,5,0.5426618517943651,0.05781543148210899,0.00011195574561863667,0.00013681506955802515,23.00089564596495
21,8,uniform,10000,5,0.5426618517943651,0.05781543148210899,0.07088687895315463,0.08389251310626178,121.77516308978178
21,9,active,10000,5,0.5426618517943651,0.05781543148210899,0.00010818463992373975,0.00011815846916374898,23.00086547711939
21,9,uniform,10000,5,0.5426618517943651,0.05781543148210899,0.06849913269286745,0.06999334581252604,121.14970056156368
21,10,active,10000,5,0.5426618517943651,0.05781543148210899,5.765765172826599e-05,1.2437733596184104e-05,23.000461261213825
21,10,uniform,10000,5,0.5426618517943651,0.05781543148210899,0.036507022986623616,0.029334394686600207,119.32004776089701
21,11,active,10000,5,0.5426618517943651,0.05781543148210899,0.00014752485432861784,0.00011815846916374898,23.00118019883463
21,11,uniform,10000,5,0.5426618517943651,0.05781543148210899,0.09340812687714013,0.09508647334282747,122.27889130042723
21,12,active,10000,5,0.5426618517943651,0.05781543148210899,7.78513275629042e-05,9.328300197138078e-05,23.000622810620502
21,12,uniform,10000,5,0.5426618517943651,0.05781543148210899,0.04929302737251018,0.06839509704541638,121.07777936704373
21,13,active,10000,5,0.5426618517943651,0.05781543148210899,6.086914158238976e-05,0.00010572073556756488,23.000486953132658
21,13,uniform,10000,5,0.5426618517943651,0.05781543148210899,0.03854043798728625,0.06809037257230988,121.06406676575395
21,14,active,10000,5,0.5426618517943651,0.05781543148210899,4.014496738286022e-05,4.353206758664436e-05,23.000321159739062
21,14,uniform,10000,5,0.5426618517943651,0.05781543148210899,0.025418538617381203,0.028146591128164627,119.26659660076741
21,15,active,10000,5,0.5426618517943651,0.05781543148210899,8.511702526260365e-05,6.840753477901257e-05,23.0006809362021
21,15,uniform,10000,5,0.5426618517943651,0.05781543148210899,0.053893440066847965,0.04493753148301317,120.02218891673559
21,16,active,10000,5,0.5426618517943651,0.05781543148210899,0.00014022299276263833,6.218866798092052e-05,23.0011217839421
21,16,uniform,10000,5,0.5426618517943651,0.05781543148210899,0.0887848163529726,0.05431558261453598,120.44420121765413
21,17,active,10000,5,0.5426618517943651,0.05781543148210899,0.00012859557208321631,0.00010572073556756488,23.001028764576667
21,17,uniform,10000,5,0.5426618517943651,0.05781543148210899,0.08142269699334259,0.08101317777874516,121.64559300004353
21,18,active,10000,5,0.5426618517943651,0.05781543148210899,7.334870242764122e-05,9.328300197138078e-05,23.000586789619422
21,18,uniform,10000,5,0.5426618517943651,0.05781543148210899,0.04644210586627358,0.05451458635207492,120.45315638584337
21,19,active,10000,5,0.5426618517943651,0.05781543148210899,0.00011433264321193161,0.00012437733596184103,23.000914661145696
21,19,uniform,10000,5,0.5426618517943651,0.05781543148210899,0.07239185621937708,0.10060882705953321,122.527397217679
21,20,active,10000,5,0.5426618517943651,0.05781543148210899,0.0002184744833872987,0.0002860678727122344,23.001747795867097
21,20,uniform,10000,5,0.5426618517943651,0.05781543148210899,0.13833121446913144,0.17884217137953123,126.0478977120789
21,21,active,10000,5,0.5426618517943651,0.05781543148210899,0.0001929768084788161,0.0001430339363561172,23.00154381446783
21,21,uniform,10000,5,0.5426618517943651,0.05781543148210899,0.1221868836459301,0.08805293499418536,121.96238207473834
21,22,active,10000,5,0.5426618517943651,0.05781543148210899,6.733074127610733e-05,8.706413517328872e-05,23.00053864593021
21,22,uniform,10000,5,0.5426618517943651,0.05781543148210899,0.04263172095629514,0.061299370028793355,120.75847165129571
21,23,active,10000,5,0.5426618517943651,0.05781543148210899,8.324135359069097e-05,6.218866798092052e-05,23.000665930828724
21,23,uniform,10000,5,0.5426618517943651,0.05781543148210899,0.05270582338829077,0.06401079595276149,120.88048581787427
21,24,active,10000,5,0.5426618517943651,0.05781543148210899,0.0001490729356999898,0.0001803471371446695,23.0011925834856
21,24,uniform,10000,5,0.5426618517943651,0.05781543148210899,0.09438832361629373,0.09829540861064297,122.42329338747894
21,25,active,10000,5,0.5426618517943651,0.05781543148210899,7.896606441478403e-05,9.950186876947283e-05,23.00063172851532
21,25,uniform,10000,5,0.5426618517943651,0.05781543148210899,0.049998843906078574,0.08083904950839858,121.63775722787794
21,26,active,10000,5,0.5426618517943651,0.05781543148210899,0.0001004035935593603,0.00011193960236565693,23.000803228748474
21,26,uniform,10000,5,0.5426618517943651,0.05781543148210899,0.06357241733124377,0.06307796593304768,120.83850846698715
21,27,active,10000,5,0.5426618517943651,0.05781543148210899,0.0001685372526710402,0.00017412827034657744,23.00134829802137
21,27,uniform,10000,5,0.5426618517943651,0.05781543148210899,0.10671252076583362,0.11199557216683975,123.03980074750778
21,28,active,10000,5,0.5426618517943651,0.05781543148210899,0.00015677003978892962,0.00018656600394276155,23.00125416031831
21,28,uniform,10000,5,0.5426618517943651,0.05781543148210899,0.09926188935265967,0.14235607987512516,124.40602359438063
21,29,active,10000,5,0.5426618517943651,0.05781543148210899,0.00011530926861643212,0.00015547166995230128,23.000922474148933
21,29,uniform,10000,5,0.5426618517943651,0.05781543148210899,0.07301022490109729,0.10300309077679866,122.63513908495594
22,0,active,10000,5,0.6203544652294593,0.02673416966750722,0.00013346887240202332,8.706413517328872e-05,23.001067750979217
22,0,uniform,10000,5,0.6203544652294593,0.02673416966750722,0.08450831844041817,0.0739423262293145,121.32740468031915
22,1,active,10000,5,0.6203544652294593,0.02673416966750722,0.00010182388567893212,4.9750934384736417e-05,23.000814591085433
22,1,uniform,10000,5,0.6203544652294593,0.02673416966750722,0.06447170191021177,0.06792868203555948,121.05679069160017
22,2,active,10000,5,0.6203544652294593,0.02673416966750722,0.00010429351972812348,0.00014925280315420924,23.000834348157824
22,2,uniform,10000,5,0.6203544652294593,0.02673416966750722,0.0660353970018587,0.07525450712371191,121.38645282056703
22,3,active,10000,5,0.6203544652294593,0.02673416966750722,0.00015917755816086468,6.840753477901257e-05,23.00127342046529
22,3,uniform,10000,5,0.6203544652294593,0.02673416966750722,0.10078625473888506,0.06980056094178519,121.14102524238034
22,4,active,10000,5,0.6203544652294593,0.02673416966750722,0.00018473082083648312,0.00024875467192368207,23.001477846566694
22,4,uniform,10000,5,0.6203544652294593,0.02673416966750722,0.11696578199887617,0.13659740922009192,124.14688341490414
22,5,active,10000,5,0.6203544652294593,0.02673416966750722,0.0001528764905447972,0.0001803471371446695,23.00122301192436
22,5,uniform,10000,5,0.6203544652294593,0.02673416966750722,0.09679661566406143,0.12046566874584114,123.42095509356285
22,6,active,10000,5,0.6203544652294593,0.02673416966750722,9.979183187210257e-05,8.084526837519668e-05,23.000798334654977
22,6,uniform,10000,5,0.6203544652294593,0.02673416966750722,0.06318506895152019,0.0773067331670823,121.47880299251871
22,7,active,10000,5,0.6203544652294593,0.02673416966750722,0.00011063965828823387,0.00010572073556756488,23.000885117266307
22,7,uniform,10000,5,0.6203544652294593,0.02673416966750722,0.07005357358980392,0.09175316073905013,122.12889223325726
22,8,active,10000,5,0.6203544652294593,0.02673416966750722,9.33629187951368e-05,9.328300197138078e-05,23.00074690335036
22,8,uniform,10000,5,0.6203544652294593,0.02673416966750722,0.0591144821266041,0.06430308269227182,120.89363872115223
22,9,active,10000,5,0.6203544652294593,0.02673416966750722,0.00010424572436953591,6.218866798092052e-05,23.000833965794957
22,9,uniform,10000,5,0.6203544652294593,0.02673416966750722,0.06600513447460991,0.059732215595674154,120.68794970180534
22,10,active,10000,5,0.6203544652294593,0.02673416966750722,0.00012688207816120324,0.00010572073556756488,23.00101505662529
22,10,uniform,10000,5,0.6203544652294593,0.02673416966750722,0.08033776619712854,0.08192735119806469,121.68673080391291
22,11,active,10000,5,0.6203544652294593,0.02673416966750722,0.0001267374175066647,9.328300197138078e-05,23.00101389934005
22,11,uniform,10000,5,0.6203544652294593,0.02673416966750722,0.08024617159201715,0.0771450426303319,121.47152691836493
22,12,active,10000,5,0.6203544652294593,0.02673416966750722,0.0001003186477176992,9.328300197138078e-05,23.000802549181742
22,12,uniform,10000,5,0.6203544652294593,0.02673416966750722,0.0635186322793256,0.085055441197505,121.82749485388773
22,13,active,10000,5,0.6203544652294593,0.02673416966750722,0.00014970231675407765,0.00011815846916374898,23.001197618534032
22,13,uniform,10000,5,0.6203544652294593,0.02673416966750722,0.09478682802841064,0.10791599554729137,122.85621979962811
22,14,active,10000,5,0.6203544652294593,0.02673416966750722,7.915515391466489e-05,6.840753477901257e-05,23.000633241231316
22,14,uniform,10000,5,0.6203544652294593,0.02673416966750722,0.05011856946741742,0.04852581762551228,120.18366179314805
22,15,active,10000,5,0.6203544652294593,0.02673416966750722,8.80770361205447e-05,8.084526837519668e-05,23.000704616288964
22,15,uniform,10000,5,0.6203544652294593,0.02673416966750722,0.055767626427117356,0.05574592197809715,120.50856648901437
22,16,active,10000,5,0.6203544652294593,0.02673416966750722,0.00016571281336035838,0.00014925280315420924,23.001325702506882
22,16,uniform,10000,5,0.6203544652294593,0.02673416966750722,0.10492417407211749,0.11309631159010206,123.08933402155459
22,17,active,10000,5,0.6203544652294593,0.02673416966750722,0.00010649617366271201,0.00010572073556756488,23.000851969389302
22,17,uniform,10000,5,0.6203544652294593,0.02673416966750722,0.06743004862936067,0.08150446825579442,121.66770107151075
22,18,active,10000,5,0.6203544652294593,0.02673416966750722,0.0001403736032033545,0.00017412827034657744,23.001122988825628
22,18,uniform,10000,5,0.6203544652294593,0.02673416966750722,0.08888017817673606,0.12692707134905878,123.71171821070764
22,19,active,10000,5,0.6203544652294593,0.02673416966750722,0.00011937599778098773,8.706413517328872e-05,23.00095500798225
22,19,uniform,10000,5,0.6203544652294593,0.02673416966750722,0.0755851507026363,0.07101945883421124,121.19587564753951
22,20,active,10000,5,0.6203544652294593,0.02673416966750722,0.0001313375848250465,0.00017412827034657744,23.0010507006786
22,20,uniform,10000,5,0.6203544652294593,0.02673416966750722,0.08315885375999105,0.12646687520599997,123.69100938427
22,21,active,10000,5,0.6203544652294593,0.02673416966750722,7.981748419391178e-05,9.950186876947283e-05,23.000638539873552
22,21,uniform,10000,5,0.6203544652294593,0.02673416966750722,0.050537936299142286,0.08707035404008681,121.91816593180391
22,22,active,10000,5,0.6203544652294593,0.02673416966750722,0.0001302578758789561,0.00013059620275993308,23.00104206300703
22,22,uniform,10000,5,0.6203544652294593,0.02673416966750722,0.08247521580157269,0.11180278729609891,123.03112542832446
22,23,active,10000,5,0.6203544652294593,0.02673416966750722,0.0002777242664018086,0.00025497353872177414,23.002221794131213
22,23,uniform,10000,5,0.6203544652294593,0.02673416966750722,0.17584632522420895,0.18351254034489836,126.25806431552043
22,24,active,10000,5,0.6203544652294593,0.02673416966750722,8.350657019566901e-05,0.00010572073556756488,23.000668052561565
22,24,uniform,10000,5,0.6203544652294593,0.02673416966750722,0.052873750253187746,0.07608161640785815,121.42367273835362
22,25,active,10000,5,0.6203544652294593,0.02673416966750722,0.0001572900188126919,0.00023631693832749796,23.0012583201505
22,25,uniform,10000,5,0.6203544652294593,0.02673416966750722,0.09959112381862956,0.12342584934173295,123.55416322037799
22,26,active,10000,5,0.6203544652294593,0.02673416966750722,0.0001262173248484863,6.218866798092052e-05,23.00100973859879
22,26,uniform,10000,5,0.6203544652294593,0.02673416966750722,0.07991686517634176,0.08810890479536819,121.96490071579157
22,27,active,10000,5,0.6203544652294593,0.02673416966750722,0.00010072258818443099,8.084526837519668e-05,23.000805780705477
22,27,uniform,10000,5,0.6203544652294593,0.02673416966750722,0.06377439475771504,0.07059657589194097,121.17684591513735
22,28,active,10000,5,0.6203544652294593,0.02673416966750722,0.00013249333539840612,7.462640157710462e-05,23.00105994668319
22,28,uniform,10000,5,0.6203544652294593,0.02673416966750722,0.08389063890012587,0.07509903545375962,121.37945659541919
22,29,active,10000,5,0.6203544652294593,0.02673416966750722,5.564992311889866e-05,6.218866798092052e-05,23.000445199384952
22,29,uniform,10000,5,0.6203544652294593,0.02673416966750722,0.03523579198265027,0.03245004695244433,119.46025211285999
23,0,active,10000,2,0.7145014400295365,0.05199571824318633,9.921955790222897e-05,2.4875467192368208e-05,12.200793756463217
23,0,uniform,10000,2,0.7145014400295365,0.05199571824318633,0.06282272296012403,0.02994384363281323,65.34747296347659
23,1,active,10000,2,0.7145014400295365,0.05199571824318633,9.759090797275757e-05,6.218866798092052e-06,12.200780727263782
23,1,uniform,10000,2,0.7145014400295365,0.05199571824318633,0.06179151272823963,0.02024241142778963,64.91090851425054
23,2,active,10000,2,0.7145014400295365,0.05199571824318633,5.400296823332429e-05,3.109433399046026e-05,12.200432023745865
23,2,uniform,10000,2,0.7145014400295365,0.05199571824318633,0.034192991624581906,0.01988171715350029,64.89467727190751
23,3,active,10000,2,0.7145014400295365,0.05199571824318633,0.00012743627090615675,3.109433399046026e-05,12.201019490167248
23,3,uniform,10000,2,0.7145014400295365,0.05199571824318633,0.08068866372197299,0.029122953215465076,65.31053289469592
23,4,active,10000,2,0.7145014400295365,0.05199571824318633,0.00010980350970631048,3.109433399046026e-05,12.20087842807765
23,4,uniform,10000,2,0.7145014400295365,0.05199571824318633,0.06952415044147771,0.03926592496315322,65.7669666233419
23,5,active,10000,2,0.7145014400295365,0.05199571824318633,0.00014054167375412638,7.462640157710462e-05,12.201124333390032
23,5,uniform,10000,2,0.7145014400295365,0.05199571824318633,0.0889865951964337,0.031380401863172494,65.41211808384276
23,6,active,10000,2,0.7145014400295365,0.05199571824318633,5.276313573286326e-05,1.2437733596184104e-05,12.200422105085861
23,6,uniform,10000,2,0.7145014400295365,0.05199571824318633,0.03340796843628643,0.01206460158829858,64.54290707147344
23,7,active,10000,2,0.7145014400295365,0.05199571824318633,0.0001783138243338575,6.840753477901257e-05,12.20142651059467
23,7,uniform,10000,2,0.7145014400295365,0.05199571824318633,0.11290274037634965,0.0635319432093084,66.85893744441887
23,8,active,10000,2,0.7145014400295365,0.05199571824318633,2.574892462338038e-05,0.0,12.200205991396986
23,8,uniform,10000,2,0.7145014400295365,0.05199571824318633,0.016303414289826,0.0034328144725468126,64.1544766512646
23,9,active,10000,2,0.7145014400295365,0.05199571824318633,4.646722524901878e-05,6.218866798092052e-06,12.20037173780199
23,9,uniform,10000,2,0.7145014400295365,0.05199571824318633,0.02942159469631337,0.016038457472279402,64.72173058625258
23,10,active,10000,2,0.7145014400295365,0.05199571824318633,5.532367276489883e-05,2.4875467192368208e-05,12.200442589382119
23,10,uniform,10000,2,0.7145014400295365,0.05199571824318633,0.03502922045543971,0.014023544629697576,64.63105950833639
23,11,active,10000,2,0.7145014400295365,0.05199571824318633,5.497855961829334e-05,1.2437733596184104e-05,12.200439828476945
23,11,uniform,10000,2,0.7145014400295365,0.05199571824318633,0.034810705597482526,0.012593205266136404,64.56669423697613
23,12,active,10000,2,0.7145014400295365,0.05199571824318633,2.4863988330660336e-05,0.0,12.200198911906645
23,12,uniform,10000,2,0.7145014400295365,0.05199571824318633,0.01574310028798978,0.004695244432559499,64.21128599946518
23,13,active,10000,2,0.7145014400295365,0.05199571824318633,6.110400007824229e-05,2.4875467192368208e-05,12.200488832000625
23,13,uniform,10000,2,0.7145014400295365,0.05199571824318633,0.038689143046315835,0.020261068028183903,64.91174806126827
23,14,active,10000,2,0.7145014400295365,0.05199571824318633,8.144128727478189e-05,3.109433399046026e-05,12.200651530298197
23,14,uniform,10000,2,0.7145014400295365,0.05199571824318633,0.05156607765801255,0.0304351341098625,65.3695810349438
23,15,active,10000,2,0.7145014400295365,0.05199571824318633,7.626529205454619e-05,1.8656600394276155e-05,12.200610122336435
23,15,uniform,10000,2,0.7145014400295365,0.05199571824318633,0.04828879926014445,0.015547166995230129,64.69962251478536
23,16,active,10000,2,0.7145014400295365,0.05199571824318633,0.00010035751287404762,3.731320078855231e-05,12.200802860102991
23,16,uniform,10000,2,0.7145014400295365,0.05199571824318633,0.06354324048156443,0.0365358424387908,65.64411290974559
23,17,active,10000,2,0.7145014400295365,0.05199571824318633,7.363472790851769e-05,3.109433399046026e-05,12.200589077823267
23,17,uniform,10000,2,0.7145014400295365,0.05199571824318633,0.04662320826103794,0.029483647489754416,65.32676413703895
23,18,active,10000,2,0.7145014400295365,0.05199571824318633,9.322567891678277e-05,6.218866798092052e-05,12.200745805431334
23,18,uniform,10000,2,0.7145014400295365,0.05199571824318633,0.05902758612499727,0.036660219774752645,65.64970988986387
23,19,active,10000,2,0.7145014400295365,0.05199571824318633,8.60304239516281e-05,2.4875467192368208e-05,12.200688243391612
23,19,uniform,10000,2,0.7145014400295365,0.05199571824318633,0.05447177556851292,0.01842650232274675,64.8291926045236
23,20,active,10000,2,0.7145014400295365,0.05199571824318633,4.293985183390081e-05,1.2437733596184104e-05,12.20034351881467
23,20,uniform,10000,2,0.7145014400295365,0.05199571824318633,0.0271881720977881,0.011281024371738982,64.50764609672825
23,21,active,10000,2,0.7145014400295365,0.05199571824318633,0.00015183211649946737,8.084526837519668e-05,12.201214656931995
23,21,uniform,10000,2,0.7145014400295365,0.05199571824318633,0.09613535066038822,0.03230701301608821,65.45381558572397
23,22,active,10000,2,0.7145014400295365,0.05199571824318633,0.00011178056829020885,3.109433399046026e-05,12.20089424454632
23,22,uniform,10000,2,0.7145014400295365,0.05199571824318633,0.07077596214394641,0.030366726575083488,65.36650269587875
23,23,active,10000,2,0.7145014400295365,0.05199571824318633,6.243186565294337e-05,2.4875467192368208e-05,12.200499454925223
23,23,uniform,10000,2,0.7145014400295365,0.05199571824318633,0.03952990602587107,0.020870516974396926,64.93917326384786
23,24,active,10000,2,0.7145014400295365,0.05199571824318633,9.612328047094859e-05,3.109433399046026e-05,12.200768986243768
23,24,uniform,10000,2,0.7145014400295365,0.05199571824318633,0.060862256864730804,0.02515531619828235,65.1319892289227
23,25,active,10000,2,0.7145014400295365,0.05199571824318633,4.53339535912492e-05,1.2437733596184104e-05,12.20036267162873
23,25,uniform,10000,2,0.7145014400295365,0.05199571824318633,0.02870404250299774,0.014409114371179284,64.64841014670307
23,26,active,10000,2,0.7145014400295365,0.05199571824318633,0.00010017564183926672,6.218866798092052e-05,12.200801405134714
23,26,uniform,10000,2,0.7145014400295365,0.05199571824318633,0.063428085426705,0.039116672159999005,65.76025024719995
23,27,active,10000,2,0.7145014400295365,0.05199571824318633,2.4010428423721503e-05,6.218866798092052e-06,12.200192083427389
23,27,uniform,10000,2,0.7145014400295365,0.05199571824318633,0.015202652832863754,0.007798458964807433,64.35093065341634
23,28,active,10000,2,0.7145014400295365,0.05199571824318633,0.00019014691614952645,6.218866798092052e-05,12.201521175329196
23,28,uniform,10000,2,0.7145014400295365,0.05199571824318633,0.12039508427125391,0.04925964390768714,66.21668397584592
23,29,active,10000,2,0.7145014400295365,0.05199571824318633,3.3641870351305836e-05,1.2437733596184104e-05,12.20026913496281
23,29,uniform,10000,2,0.7145014400295365,0.05199571824318633,0.0213009808310472,0.011846941250365358,64.53311235626644
24,0,active,10000,2,0.45499157790507927,0.0936264454032216,5.376593178799127e-05,2.4875467192368208e-05,12.200430127454304
24,0,uniform,10000,2,0.45499157790507927,0.0936264454032216,0.034042907556003275,0.012910367472839098,64.58096653627776
24,1,active,10000,2,0.45499157790507927,0.0936264454032216,5.238823622309707e-05,1.2437733596184104e-05,12.200419105889784
24,1,uniform,10000,2,0.45499157790507927,0.0936264454032216,0.03317059378414584,0.01303474480880094,64.58656351639604
24,2,active,10000,2,0.45499157790507927,0.0936264454032216,8.124726675031585e-05,5.596980118282847e-05,12.200649978134003
24,2,uniform,10000,2,0.45499157790507927,0.0936264454032216,0.0514432299260673,0.03524853701158575,65.58618416552136
24,3,active,10000,2,0.45499157790507927,0.0936264454032216,0.00013532987093679838,7.462640157710462e-05,12.201082638967494
24,3,uniform,10000,2,0.45499157790507927,0.0936264454032216,0.08568664454720093,0.04729448199949005,66.12825168997705
24,4,active,10000,2,0.45499157790507927,0.0936264454032216,0.0001352200181761118,5.596980118282847e-05,12.201081760145408
24,4,uniform,10000,2,0.45499157790507927,0.0936264454032216,0.08561708921258787,0.036964944247859156,65.66342249115367
24,5,active,10000,2,0.45499157790507927,0.0936264454032216,9.630014767369327e-05,5.596980118282847e-05,12.200770401181389
24,5,uniform,10000,2,0.45499157790507927,0.0936264454032216,0.06097424364953962,0.039539555102269267,65.77927997960212
24,6,active,10000,2,0.45499157790507927,0.0936264454032216,4.8157863690861946e-05,1.8656600394276155e-05,12.200385262909526
24,6,uniform,10000,2,0.45499157790507927,0.0936264454032216,0.03049205411683744,0.01712675916194551,64.77070416228754
24,7,active,10000,2,0.45499157790507927,0.0936264454032216,7.614809778365428e-05,4.353206758664436e-05,12.200609184782268
24,7,uniform,10000,2,0.45499157790507927,0.0936264454032216,0.048214595510716406,0.024166516377385712,65.08749323698235
24,8,active,10000,2,0.45499157790507927,0.0936264454032216,5.6898194632143406e-05,1.8656600394276155e-05,12.200455185557056
24,8,uniform,10000,2,0.45499157790507927,0.0936264454032216,0.03602615849011704,0.013805884291764355,64.6212647931294
24,9,active,10000,2,0.45499157790507927,0.0936264454032216,9.44515466467094e-05,2.4875467192368208e-05,12.200755612373174
24,9,uniform,10000,2,0.45499157790507927,0.0936264454032216,0.059803767257218504,0.02582695381247629,65.16221292156143
24,10,active,10000,2,0.45499157790507927,0.0936264454032216,0.00014674210579439934,8.706413517328872e-05,12.201173936846354
24,10,uniform,10000,2,0.45499157790507927,0.0936264454032216,0.09291251497003492,0.04773602154215459,66.14812096939696
24,11,active,10000,2,0.45499157790507927,0.0936264454032216,9.20953914711059e-05,4.9750934384736417e-05,12.200736763131768
24,11,uniform,10000,2,0.45499157790507927,0.0936264454032216,0.05831192344151758,0.027717489319096275,65.24728701935933
24,12,active,10000,2,0.45499157790507927,0.0936264454032216,3.3149938668181056e-05,1.2437733596184104e-05,12.200265199509344
24,12,uniform,10000,2,0.45499157790507927,0.0936264454032216,0.020989505064649146,0.009968843477341558,64.44859795648037
24,13,active,10000,2,0.45499157790507927,0.0936264454032216,5.184573977009416e-05,2.4875467192368208e-05,12.20041476591816
24,13,uniform,10000,2,0.45499157790507927,0.0936264454032216,0.032827101985813005,0.02067151323685798,64.9302180956586
24,14,active,10000,2,0.45499157790507927,0.0936264454032216,3.832626318286958e-05,2.4875467192368208e-05,12.200306610105462
24,14,uniform,10000,2,0.45499157790507927,0.0936264454032216,0.024266991961460836,0.00903601345762775,64.40662060559325
24,15,active,10000,2,0.45499157790507927,0.0936264454032216,7.191080373088882e-05,2.4875467192368208e-05,12.200575286429846
24,15,uniform,10000,2,0.45499157790507927,0.0936264454032216,0.04553167335292848,0.01878719659703609,64.84542384686662
24,16,active,10000,2,0.45499157790507927,0.0936264454032216,5.367353806904479e-05,6.218866798092052e-06,12.200429388304551
24,16,uniform,10000,2,0.45499157790507927,0.0936264454032216,0.03398440674095861,0.013040963675599032,64.58684336540196
24,17,active,10000,2,0.45499157790507927,0.0936264454032216,5.849248438877935e-05,1.8656600394276155e-05,12.200467939875109
24,17,uniform,10000,2,0.45499157790507927,0.0936264454032216,0.03703561293462655,0.013103152343579953,64.5896418554611
24,18,active,10000,2,0.45499157790507927,0.0936264454032216,4.738560176013179e-05,1.8656600394276155e-05,12.200379084814081
24,18,uniform,10000,2,0.45499157790507927,0.0936264454032216,0.03000308199935671,0.01582701600114427,64.71221572005149
24,19,active,10000,2,0.45499157790507927,0.0936264454032216,0.00011114923998160192,4.9750934384736417e-05,12.200889193919853
24,19,uniform,10000,2,0.45499157790507927,0.0936264454032216,0.07037622479103937,0.03409182778714063,65.53413225042132
24,20,active,10000,2,0.45499157790507927,0.0936264454032216,6.226779514788977e-05,2.4875467192368208e-05,12.200498142361182
24,20,uniform,10000,2,0.45499157790507927,0.0936264454032216,0.03942602171007574,0.019695151149557527,64.88628180173009
24,21,active,10000,2,0.45499157790507927,0.0936264454032216,4.6472765020975915e-05,1.8656600394276155e-05,12.200371782120166
24,21,uniform,10000,2,0.45499157790507927,0.0936264454032216,0.029425102306749676,0.017431483635052022,64.78441676357734
24,22,active,10000,2,0.45499157790507927,0.0936264454032216,4.913532635177076e-05,3.109433399046026e-05,12.200393082610814
24,22,uniform,10000,2,0.45499157790507927,0.0936264454032216,0.03111095292318805,0.012667831667713509,64.57005242504711
24,23,active,10000,2,0.45499157790507927,0.0936264454032216,0.0001502576060227398,7.462640157710462e-05,12.201202060848182
24,23,uniform,10000,2,0.45499157790507927,0.0936264454032216,0.09513841983785455,0.04252461116535345,65.91360750244091
24,24,active,10000,2,0.45499157790507927,0.0936264454032216,2.3099677871361857e-05,1.8656600394276155e-05,12.20018479742297
24,24,uniform,10000,2,0.45499157790507927,0.0936264454032216,0.014625994048576459,0.007332043954950529,64.32994197797278
24,25,active,10000,2,0.45499157790507927,0.0936264454032216,0.00012134982264945526,3.109433399046026e-05,12.200970798581196
24,25,uniform,10000,2,0.45499157790507927,0.0936264454032216,0.07683491491749722,0.031486122598740056,65.4168755169433
24,26,active,10000,2,0.45499157790507927,0.0936264454032216,6.130696631616306e-05,3.109433399046026e-05,12.20049045573053
24,26,uniform,10000,2,0.45499157790507927,0.0936264454032216,0.03881765492450482,0.019297143674479638,64.86837146535159
24,27,active,10000,2,0.45499157790507927,0.0936264454032216,7.79181449592839e-05,3.109433399046026e-05,12.200623345159674
24,27,uniform,10000,2,0.45499157790507927,0.0936264454032216,0.049335334059511966,0.01942773987723957,64.87424829447578
24,28,active,10000,2,0.45499157790507927,0.0936264454032216,9.470808700838551e-05,3.731320078855231e-05,12.200757664696066
24,28,uniform,10000,2,0.45499157790507927,0.0936264454032216,0.05996620059602745,0.026374214090708392,65.18683963408188
24,29,active,10000,2,0.45499157790507927,0.0936264454032216,0.0001044559821254537,4.9750934384736417e-05,12.200835647857003
24,29,uniform,10000,2,0.45499157790507927,0.0936264454032216,0.06613826311409711,0.029620462559312444,65.33292081516906
25,0,active,10000,2,0.544294635413487,0.13707951714364028,6.585607894242507e-05,3.109433399046026e-05,12.200526848631538
25,0,uniform,10000,2,0.544294635413487,0.13707951714364028,0.04169801085709676,0.020659075503261796,64.92965839764678
25,1,active,10000,2,0.544294635413487,0.13707951714364028,9.558097139712729e-05,3.109433399046026e-05,12.200764647771177
25,1,uniform,10000,2,0.544294635413487,0.13707951714364028,0.06051888370902071,0.021834441328101195,64.98254985976456
25,2,active,10000,2,0.544294635413487,0.13707951714364028,5.7754976866983276e-05,1.8656600394276155e-05,12.200462039814935
25,2,uniform,10000,2,0.544294635413487,0.13707951714364028,0.03656864622255293,0.01912301540413306,64.860535693186
25,3,active,10000,2,0.544294635413487,0.13707951714364028,6.081086072430575e-05,1.8656600394276155e-05,12.200486486885794
25,3,uniform,10000,2,0.544294635413487,0.13707951714364028,0.038503536369515534,0.017804615642937543,64.80120770393219
25,4,active,10000,2,0.544294635413487,0.13707951714364028,8.981330385911257e-05,3.109433399046026e-05,12.200718506430873
25,4,uniform,10000,2,0.544294635413487,0.13707951714364028,0.05686697689218431,0.02501228226192623,65.12555270178667
25,5,active,10000,2,0.544294635413487,0.13707951714364028,0.0001527355814303355,3.731320078855231e-05,12.201221884651442
25,5,uniform,10000,2,0.544294635413487,0.13707951714364028,0.09670739641687567,0.04437783347118488,65.99700250620332
25,6,active,10000,2,0.544294635413487,0.13707951714364028,0.00014101064634992888,6.840753477901257e-05,12.201128085170799
25,6,uniform,10000,2,0.544294635413487,0.13707951714364028,0.08928353398637008,0.034912718204488775,65.57107231920199
25,7,active,10000,2,0.544294635413487,0.13707951714364028,8.860068370541985e-05,2.4875467192368208e-05,12.200708805469642
25,7,uniform,10000,2,0.544294635413487,0.13707951714364028,0.05609918371130411,0.01970758888315371,64.88684149974192
25,8,active,10000,2,0.544294635413487,0.13707951714364028,0.000101278234779692,3.109433399046026e-05,12.200810225878238
25,8,uniform,10000,2,0.544294635413487,0.13707951714364028,0.06412621281514602,0.02330831275924901,65.0488740741662
25,9,active,10000,2,0.544294635413487,0.13707951714364028,2.5651851857294572e-05,0.0,12.200205214814858
25,9,uniform,10000,2,0.544294635413487,0.13707951714364028,0.01624195084837933,0.009141734193195316,64.41137803869378
25,10,active,10000,2,0.544294635413487,0.13707951714364028,0.0001177021318379684,3.731320078855231e-05,12.200941617054703
25,10,uniform,10000,2,0.544294635413487,0.13707951714364028,0.07452531110412239,0.03082070385134421,65.38693167331049
25,11,active,10000,2,0.544294635413487,0.13707951714364028,0.00010479275498329055,4.353206758664436e-05,12.200838342039866
25,11,uniform,10000,2,0.544294635413487,0.13707951714364028,0.06635149716185908,0.035149035142816275,65.58170658142673
25,12,active,10000,2,0.544294635413487,0.13707951714364028,8.130290877227109e-05,5.596980118282847e-05,12.200650423270178
25,12,uniform,10000,2,0.544294635413487,0.13707951714364028,0.05147846071526005,0.03391148064999596,65.52601662924982
25,13,active,10000,2,0.544294635413487,0.13707951714364028,0.00011323191378762032,5.596980118282847e-05,12.2009058553103
25,13,uniform,10000,2,0.544294635413487,0.13707951714364028,0.07169490875112616,0.03386794858240931,65.52405768620842
25,14,active,10000,2,0.544294635413487,0.13707951714364028,3.751661938625195e-05,1.2437733596184104e-05,12.200300132955089
25,14,uniform,10000,2,0.544294635413487,0.13707951714364028,0.02375435081480909,0.011075801767401944,64.49841107953308
25,15,active,10000,2,0.544294635413487,0.13707951714364028,0.00012706502386201912,4.353206758664436e-05,12.201016520190896
25,15,uniform,10000,2,0.544294635413487,0.13707951714364028,0.08045360169688422,0.03690275557987823,65.66062400109452
25,16,active,10000,2,0.544294635413487,0.13707951714364028,5.7843276613553374e-05,2.4875467192368208e-05,12.200462746212908
25,16,uniform,10000,2,0.544294635413487,0.13707951714364028,0.03662455486223917,0.022537173276285596,65.01417279743285
25,17,active,10000,2,0.544294635413487,0.13707951714364028,0.00012291054147456348,4.353206758664436e-05,12.200983284331796
25,17,uniform,10000,2,0.544294635413487,0.13707951714364028,0.07782311329741577,0.026965006436527137,65.21342528964372
25,18,active,10000,2,0.544294635413487,0.13707951714364028,0.00013169601854488844,6.840753477901257e-05,12.201053568148359
25,18,uniform,10000,2,0.544294635413487,0.13707951714364028,0.08338580278854246,0.037841804466390135,65.70288120098756
25,19,active,10000,2,0.544294635413487,0.13707951714364028,6.377876086285927e-05,4.353206758664436e-05,12.200510230086902
25,19,uniform,10000,2,0.544294635413487,0.13707951714364028,0.0403827179755665,0.01718272896312834,64.77322280334077
25,20,active,10000,2,0.544294635413487,0.13707951714364028,6.076480803976492e-05,4.9750934384736417e-05,12.200486118464317
25,20,uniform,10000,2,0.544294635413487,0.13707951714364028,0.038474377248973665,0.01703347615997413,64.76650642719883
25,21,active,10000,2,0.544294635413487,0.13707951714364028,7.342351687932014e-05,2.4875467192368208e-05,12.200587388135034
25,21,uniform,10000,2,0.544294635413487,0.13707951714364028,0.046489476038724345,0.02394885603945249,65.07769852177536
25,22,active,10000,2,0.544294635413487,0.13707951714364028,8.341210845021207e-05,4.353206758664436e-05,12.200667296867602
25,22,uniform,10000,2,0.544294635413487,0.13707951714364028,0.05281394002841289,0.0205782302348866,64.9260203605699
25,23,active,10000,2,0.544294635413487,0.13707951714364028,9.699742339124018e-05,6.218866798092052e-05,12.20077597938713
25,23,uniform,10000,2,0.544294635413487,0.13707951714364028,0.06141573684057869,0.04104452086740754,65.84700343903334
25,24,active,10000,2,0.544294635413487,0.13707951714364028,0.00014916713101746637,6.840753477901257e-05,12.201193337048139
25,24,uniform,10000,2,0.544294635413487,0.13707951714364028,0.0944479651472452,0.03258064315520426,65.4661289419842
25,25,active,10000,2,0.544294635413487,0.13707951714364028,0.00011368389800020529,4.9750934384736417e-05,12.200909471184001
25,25,uniform,10000,2,0.544294635413487,0.13707951714364028,0.07198109102779085,0.0323878582844634,65.45745362280086
25,26,active,10000,2,0.544294635413487,0.13707951714364028,9.27885123281208e-05,3.109433399046026e-05,12.200742308098624
25,26,uniform,10000,2,0.544294635413487,0.13707951714364028,0.05875078590470398,0.02215782240160198,64.99710200807209
25,27,active,10000,2,0.544294635413487,0.13707951714364028,0.00010135384625969968,7.462640157710462e-05,12.200810830770077
25,27,uniform,10000,2,0.544294635413487,0.13707951714364028,0.06417408764098609,0.031853035739827486,65.43338660829224
25,28,active,10000,2,0.544294635413487,0.13707951714364028,0.0001279206308947567,9.328300197138078e-05,12.201023365047158
25,28,uniform,10000,2,0.544294635413487,0.13707951714364028,0.08099534532809202,0.04884297983221497,66.19793409244967
25,29,active,10000,2,0.544294635413487,0.13707951714364028,0.00011682365893325719,5.596980118282847e-05,12.200934589271466
25,29,uniform,10000,2,0.544294635413487,0.13707951714364028,0.07396908951752737,0.03686544237908968,65.65894490705904
26,0,active,10000,2,0.6132753715103927,0.05465896024117065,0.00020322318118080537,8.084526837519668e-05,12.201625785449446
26,0,uniform,10000,2,0.6132753715103927,0.05465896024117065,0.12867456659087137,0.05264892631264731,66.36920168406913
26,1,active,10000,2,0.6132753715103927,0.05465896024117065,0.00011607542132675147,5.596980118282847e-05,12.200928603370613
26,1,uniform,10000,2,0.6132753715103927,0.05465896024117065,0.07349532885118334,0.037879117667178684,65.70456029502304
26,2,active,10000,2,0.6132753715103927,0.05465896024117065,8.967425759085629e-05,4.353206758664436e-05,12.200717394060726
26,2,uniform,10000,2,0.6132753715103927,0.05465896024117065,0.05677893714100777,0.024514772918078867,65.10316478131355
26,3,active,10000,2,0.6132753715103927,0.05465896024117065,0.00017406100176681205,0.00011193960236565693,12.201392488014134
26,3,uniform,10000,2,0.6132753715103927,0.05465896024117065,0.11020998604867649,0.059670026927693236,66.6851512117462
26,4,active,10000,2,0.6132753715103927,0.05465896024117065,0.00013790354658189258,6.840753477901257e-05,12.201103228372654
26,4,uniform,10000,2,0.6132753715103927,0.05465896024117065,0.08731621552552825,0.04194625655313089,65.88758154489089
26,5,active,10000,2,0.6132753715103927,0.05465896024117065,5.1825482707611864e-05,4.353206758664436e-05,12.20041460386166
26,5,uniform,10000,2,0.6132753715103927,0.05465896024117065,0.03281427584693488,0.02152349798819659,64.96855740946884
26,6,active,10000,2,0.6132753715103927,0.05465896024117065,8.389947785026469e-05,5.596980118282847e-05,12.200671195822801
26,6,uniform,10000,2,0.6132753715103927,0.05465896024117065,0.05312252709978913,0.029620462559312444,65.33292081516906
26,7,active,10000,2,0.6132753715103927,0.05465896024117065,6.112510724795919e-05,1.2437733596184104e-05,12.200489000857983
26,7,uniform,10000,2,0.6132753715103927,0.05465896024117065,0.03870250744646233,0.012145446856673778,64.54654510855032
26,8,active,10000,2,0.6132753715103927,0.05465896024117065,6.616810532001846e-05,3.109433399046026e-05,12.20052934484256
26,8,uniform,10000,2,0.6132753715103927,0.05465896024117065,0.04189557620698846,0.016635468684896237,64.74859609082033
26,9,active,10000,2,0.6132753715103927,0.05465896024117065,8.979609859173857e-05,7.462640157710462e-05,12.200718368788733
26,9,uniform,10000,2,0.6132753715103927,0.05465896024117065,0.05685608305459937,0.03482565406931549,65.5671544331192
26,10,active,10000,2,0.6132753715103927,0.05465896024117065,7.823506746362438e-05,4.9750934384736417e-05,12.200625880539707
26,10,uniform,10000,2,0.6132753715103927,0.05465896024117065,0.04953599948388422,0.022275980870765728,65.00241913918445
26,11,active,10000,2,0.6132753715103927,0.05465896024117065,6.49258887748215e-05,4.353206758664436e-05,12.200519407110198
26,11,uniform,10000,2,0.6132753715103927,0.05465896024117065,0.041109043516056945,0.01621880460942407,64.72984620742409
26,12,active,10000,2,0.6132753715103927,0.05465896024117065,1.7978637436230627e-05,0.0,12.200143829099488
26,12,uniform,10000,2,0.6132753715103927,0.05465896024117065,0.011383511302986211,0.0067785648099203365,64.30503541644642
26,13,active,10000,2,0.6132753715103927,0.05465896024117065,6.83638141511303e-05,4.353206758664436e-05,12.200546910513209
26,13,uniform,10000,2,0.6132753715103927,0.05465896024117065,0.04328583041207826,0.025229942599859452,65.13534741699368
26,14,active,10000,2,0.6132753715103927,0.05465896024117065,5.49164644137283e-05,3.731320078855231e-05,12.200439331715309
26,14,uniform,10000,2,0.6132753715103927,0.05465896024117065,0.03477138885474526,0.016753627154059987,64.7539132219327
26,15,active,10000,2,0.6132753715103927,0.05465896024117065,8.514383845412837e-05,3.109433399046026e-05,12.200681150707632
26,15,uniform,10000,2,0.6132753715103927,0.05465896024117065,0.05391041734167973,0.02024863029458772,64.91118836325644
26,16,active,10000,2,0.6132753715103927,0.05465896024117065,0.0001267671785476973,7.462640157710462e-05,12.20101413742838
26,16,uniform,10000,2,0.6132753715103927,0.05465896024117065,0.08026501535308067,0.03149234146553815,65.41715536594921
26,17,active,10000,2,0.6132753715103927,0.05465896024117065,0.0001792409164495072,0.00010572073556756488,12.201433927331596
26,17,uniform,10000,2,0.6132753715103927,0.05465896024117065,0.11348974612779417,0.07218860579225253,67.24848726065136
26,18,active,10000,2,0.6132753715103927,0.05465896024117065,0.00012190700429463505,6.218866798092052e-05,12.200975256034356
26,18,uniform,10000,2,0.6132753715103927,0.05465896024117065,0.07718770492054475,0.028270968464126467,65.27219358088568
26,19,active,10000,2,0.6132753715103927,0.05465896024117065,0.0001385871067247496,0.00012437733596184103,12.201108696853797
26,19,uniform,10000,2,0.6132753715103927,0.05465896024117065,0.0877490244433414,0.060285694740704346,66.7128562633317
26,20,active,10000,2,0.6132753715103927,0.05465896024117065,0.00022970469999591264,0.00015547166995230128,12.201837637599967
26,20,uniform,10000,2,0.6132753715103927,0.05465896024117065,0.14544183662567894,0.09868097835212468,68.44064402584561
26,21,active,10000,2,0.6132753715103927,0.05465896024117065,4.386429971610373e-05,1.2437733596184104e-05,12.200350914397728
26,21,uniform,10000,2,0.6132753715103927,0.05465896024117065,0.02777350360318937,0.00985068500817781,64.443280825368
26,22,active,10000,2,0.6132753715103927,0.05465896024117065,7.590994109979432e-05,6.840753477901257e-05,12.200607279528798
26,22,uniform,10000,2,0.6132753715103927,0.05465896024117065,0.04806380214204342,0.02797246285781805,65.25876082860181
26,23,active,10000,2,0.6132753715103927,0.05465896024117065,0.00011553973160449704,7.462640157710462e-05,12.200924317852834
26,23,uniform,10000,2,0.6132753715103927,0.05465896024117065,0.07315614686199667,0.03233188848328058,65.45493498174763
26,24,active,10000,2,0.6132753715103927,0.05465896024117065,5.840300463905851e-05,4.353206758664436e-05,12.200467224037112
26,24,uniform,10000,2,0.6132753715103927,0.05465896024117065,0.03697895715370959,0.017294668565493995,64.77826008544723
26,25,active,10000,2,0.6132753715103927,0.05465896024117065,7.729973855739522e-05,4.353206758664436e-05,12.200618397908459
26,25,uniform,10000,2,0.6132753715103927,0.05465896024117065,0.048943778454146505,0.018028494847668858,64.81128226814509
26,26,active,10000,2,0.6132753715103927,0.05465896024117065,0.00014762832607244022,8.084526837519668e-05,12.201181026608579
26,26,uniform,10000,2,0.6132753715103927,0.05465896024117065,0.09347364195133746,0.050459885199718904,66.27069483398735
26,27,active,10000,2,0.6132753715103927,0.05465896024117065,6.413030457112084e-05,1.8656600394276155e-05,12.200513042436569
26,27,uniform,10000,2,0.6132753715103927,0.05465896024117065,0.0406053044641702,0.016175272541837427,64.72788726438269
26,28,active,10000,2,0.6132753715103927,0.05465896024117065,9.664567578829275e-05,7.462640157710462e-05,12.200773165406305
26,28,uniform,10000,2,0.6132753715103927,0.05465896024117065,0.061193021252190394,0.029384145620984944,65.32228655294432
26,29,active,10000,2,0.6132753715103927,0.05465896024117065,9.781033912656736e-05,8.706413517328872e-05,12.200782482713011
26,29,uniform,10000,2,0.6132753715103927,0.05465896024117065,0.06193044967647328,0.03518012947680674,65.5831058264563
27,0,active,10000,4,0.45141252319863895,0.07558413862879185,9.55879724199929e-05,0.00013681506955802515,19.40076470377936
27,0,uniform,10000,4,0.45141252319863895,0.07558413862879185,0.06052331653787178,0.07656046915131125,103.445221111809
27,1,active,10000,4,0.45141252319863895,0.07558413862879185,0.00016869331171513735,0.0001679094035484854,19.40134954649372
27,1,uniform,10000,4,0.45141252319863895,0.07558413862879185,0.10681133247495495,0.1108761761431832,104.98942792644324
27,2,active,10000,4,0.45141252319863895,0.07558413862879185,0.000272366239384883,0.000360694274289339,19.402178929915078
27,2,uniform,10000,4,0.45141252319863895,0.07558413862879185,0.17245378998201025,0.19119284084054203,108.60367783782439
27,3,active,10000,4,0.45141252319863895,0.07558413862879185,6.069910400935408e-05,8.084526837519668e-05,19.400485592832073
27,3,uniform,10000,4,0.45141252319863895,0.07558413862879185,0.03843277551050352,0.038208717607477564,101.7193922923365
27,4,active,10000,4,0.45141252319863895,0.07558413862879185,0.0001947164258843878,0.00016169053675039335,19.401557731407074
27,4,uniform,10000,4,0.45141252319863895,0.07558413862879185,0.12328835501547997,0.10864360296266815,104.88896213332006
27,5,active,10000,4,0.45141252319863895,0.07558413862879185,0.00017781391631865873,0.0001430339363561172,19.401422511330548
27,5,uniform,10000,4,0.45141252319863895,0.07558413862879185,0.11258621424575563,0.08467609032282138,103.81042406452696
27,6,active,10000,4,0.45141252319863895,0.07558413862879185,6.951024384949794e-05,6.840753477901257e-05,19.400556081950796
27,6,uniform,10000,4,0.45141252319863895,0.07558413862879185,0.044011713865499076,0.0594648043233562,102.67591619455104
27,7,active,10000,4,0.45141252319863895,0.07558413862879185,0.0001392385679637037,0.00012437733596184103,19.401113908543707
27,7,uniform,10000,4,0.45141252319863895,0.07558413862879185,0.08816150933847758,0.06774211603161671,103.04839522142275
27,8,active,10000,4,0.45141252319863895,0.07558413862879185,0.00012966715472712692,0.00016169053675039335,19.401037337237817
27,8,uniform,10000,4,0.45141252319863895,0.07558413862879185,0.08210118963121302,0.10498069041859193,104.72413106883664
27,9,active,10000,4,0.45141252319863895,0.07558413862879185,9.7004370315526e-05,0.00013059620275993308,19.400776034962522
27,9,uniform,10000,4,0.45141252319863895,0.07558413862879185,0.06142013541585979,0.07340128481788048,103.30305781680462
27,10,active,10000,4,0.45141252319863895,0.07558413862879185,7.218022026995313e-05,8.706413517328872e-05,19.40057744176216
27,10,uniform,10000,4,0.45141252319863895,0.07558413862879185,0.04570225948484653,0.043513410986250084,101.95810349438125
27,11,active,10000,4,0.45141252319863895,0.07558413862879185,6.95658439326674e-05,8.706413517328872e-05,19.40055652675146
27,11,uniform,10000,4,0.45141252319863895,0.07558413862879185,0.04404691810032106,0.04332684498230732,101.94970802420383
27,12,active,10000,4,0.45141252319863895,0.07558413862879185,0.0001230262396005044,3.731320078855231e-05,19.400984209916803
27,12,uniform,10000,4,0.45141252319863895,0.07558413862879185,0.07789636973455516,0.04761786307299084,102.14280383828459
27,13,active,10000,4,0.45141252319863895,0.07558413862879185,0.00010259605380523451,8.706413517328872e-05,19.40082076843044
27,13,uniform,10000,4,0.45141252319863895,0.07558413862879185,0.06496061463372577,0.05795361969141983,102.6079128861139
27,14,active,10000,4,0.45141252319863895,0.07558413862879185,5.800292762325743e-05,4.353206758664436e-05,19.400464023420984
27,14,uniform,10000,4,0.45141252319863895,0.07558413862879185,0.036725640891751364,0.03420998625630438,101.5394493815337
27,15,active,10000,4,0.45141252319863895,0.07558413862879185,0.00011623219670160723,6.840753477901257e-05,19.40092985757361
27,15,uniform,10000,4,0.45141252319863895,0.07558413862879185,0.07359459411856806,0.06868116491812862,103.09065242131578
27,16,active,10000,4,0.45141252319863895,0.07558413862879185,0.00013092653328927034,0.00015547166995230128,19.401047412266312
27,16,uniform,10000,4,0.45141252319863895,0.07558413862879185,0.08289858877493597,0.08711388610767345,103.9201248748453
27,17,active,10000,4,0.45141252319863895,0.07558413862879185,0.0001075618427284139,0.00016169053675039335,19.400860494741824
27,17,uniform,10000,4,0.45141252319863895,0.07558413862879185,0.06810479697429617,0.10243717389817228,104.60967282541775
27,18,active,10000,4,0.45141252319863895,0.07558413862879185,7.97827416991817e-05,4.353206758664436e-05,19.400638261933594
27,18,uniform,10000,4,0.45141252319863895,0.07558413862879185,0.05051593843735902,0.041268400072138854,101.85707800324624
27,19,active,10000,4,0.45141252319863895,0.07558413862879185,0.00010871933503682485,0.00013059620275993308,19.400869754680294
27,19,uniform,10000,4,0.45141252319863895,0.07558413862879185,0.06883768492663084,0.07251820573255141,103.26331925796481
27,20,active,10000,4,0.45141252319863895,0.07558413862879185,0.00016503097612842466,0.0001430339363561172,19.401320247809025
27,20,uniform,10000,4,0.45141252319863895,0.07558413862879185,0.10449245604762639,0.09141112306515507,104.11350053793198
27,21,active,10000,4,0.45141252319863895,0.07558413862879185,0.00019511442918816735,0.00015547166995230128,19.401560915433503
27,21,uniform,10000,4,0.45141252319863895,0.07558413862879185,0.12354035826786777,0.08921586308542857,104.01471383884429
27,22,active,10000,4,0.45141252319863895,0.07558413862879185,8.632765850933449e-05,9.328300197138078e-05,19.400690621268073
27,22,uniform,10000,4,0.45141252319863895,0.07558413862879185,0.05465997520041601,0.06969484020621762,103.13626780927979
27,23,active,10000,4,0.45141252319863895,0.07558413862879185,7.382021762874363e-05,5.596980118282847e-05,19.40059056174103
27,23,uniform,10000,4,0.45141252319863895,0.07558413862879185,0.04674065455441711,0.05002456452385246,102.25110540357336
27,24,active,10000,4,0.45141252319863895,0.07558413862879185,9.307130061279867e-05,8.706413517328872e-05,19.4007445704049
27,24,uniform,10000,4,0.45141252319863895,0.07558413862879185,0.05892983860806135,0.06065260788179178,102.72936735468063
27,25,active,10000,4,0.45141252319863895,0.07558413862879185,0.0001643294588816388,0.0002300980715294059,19.401314635671053
27,25,uniform,10000,4,0.45141252319863895,0.07558413862879185,0.10404827725282575,0.12304027960025124,105.53681258201131
27,26,active,10000,4,0.45141252319863895,0.07558413862879185,0.00011960463861099974,8.706413517328872e-05,19.400956837108886
27,26,uniform,10000,4,0.45141252319863895,0.07558413862879185,0.0757299189300136,0.06354438094290459,102.85949714243071
27,27,active,10000,4,0.45141252319863895,0.07558413862879185,8.218363204306328e-05,3.731320078855231e-05,19.400657469056345
27,27,uniform,10000,4,0.45141252319863895,0.07558413862879185,0.052036107163349235,0.032288356415693935,101.45297603870623
27,28,active,10000,4,0.45141252319863895,0.07558413862879185,0.00014731394076965276,0.00013059620275993308,19.401178511526155
27,28,uniform,10000,4,0.45141252319863895,0.07558413862879185,0.09327458300370474,0.0676799273636358,103.04559673136362
27,29,active,10000,4,0.45141252319863895,0.07558413862879185,8.164170284043898e-05,8.084526837519668e-05,19.400653133622722
27,29,uniform,10000,4,0.45141252319863895,0.07558413862879185,0.05169297453022719,0.057425016013582006,102.58412572061118
28,0,active,10000,4,0.4905665641542869,0.08904238322133187,5.4946121754002875e-05,4.353206758664436e-05,19.40043956897403
28,0,uniform,10000,4,0.4905665641542869,0.08904238322133187,0.0347901669556939,0.029539617290937244,101.32928277809218
28,1,active,10000,4,0.4905665641542869,0.08904238322133187,6.537223143835563e-05,8.084526837519668e-05,19.400522977851505
28,1,uniform,10000,4,0.4905665641542869,0.08904238322133187,0.04139165374016008,0.03665400090795455,101.64943004085795
28,2,active,10000,4,0.4905665641542869,0.08904238322133187,0.00013920485029890461,0.0001430339363561172,19.40111363880239
28,2,uniform,10000,4,0.4905665641542869,0.08904238322133187,0.08814016036694738,0.07704554076156243,103.46704933427031
28,3,active,10000,4,0.4905665641542869,0.08904238322133187,4.2473756320271505e-05,3.731320078855231e-05,19.40033979005056
28,3,uniform,10000,4,0.4905665641542869,0.08904238322133187,0.026893054986389726,0.02782321005466384,101.25204445245987
28,4,active,10000,4,0.4905665641542869,0.08904238322133187,7.943081547068936e-05,9.950186876947283e-05,19.400635446523765
28,4,uniform,10000,4,0.4905665641542869,0.08904238322133187,0.05029310974894075,0.05136162088544226,102.3112729398449
28,5,active,10000,4,0.4905665641542869,0.08904238322133187,0.00016535346121258204,0.00016169053675039335,19.4013228276897
28,5,uniform,10000,4,0.4905665641542869,0.08904238322133187,0.10469664352363728,0.08342609809640487,103.75417441433822
28,6,active,10000,4,0.4905665641542869,0.08904238322133187,9.35377399322937e-05,8.706413517328872e-05,19.400748301919457
28,6,uniform,10000,4,0.4905665641542869,0.08904238322133187,0.05922517340659251,0.05291011871816718,102.38095534231752
28,7,active,10000,4,0.4905665641542869,0.08904238322133187,0.00010151262339883754,9.950186876947283e-05,19.40081210098719
28,7,uniform,10000,4,0.4905665641542869,0.08904238322133187,0.06427462036292136,0.049122828838129115,102.21052729771581
28,8,active,10000,4,0.4905665641542869,0.08904238322133187,0.0002327768459297816,7.462640157710462e-05,19.401862214767437
28,8,uniform,10000,4,0.4905665641542869,0.08904238322133187,0.14738702341122872,0.08110646078071654,103.64979073513224
28,9,active,10000,4,0.4905665641542869,0.08904238322133187,0.00012546852839571965,0.00011193960236565693,19.401003748227165
28,9,uniform,10000,4,0.4905665641542869,0.08904238322133187,0.07944275066604953,0.08133033998544785,103.65986529934516
28,10,active,10000,4,0.4905665641542869,0.08904238322133187,7.939236879284106e-05,4.353206758664436e-05,19.400635138950342
28,10,uniform,10000,4,0.4905665641542869,0.08904238322133187,0.05026876651413226,0.0551613484990765,102.48226068245845
28,11,active,10000,4,0.4905665641542869,0.08904238322133187,8.877207905381296e-05,4.353206758664436e-05,19.40071017663243
28,11,uniform,10000,4,0.4905665641542869,0.08904238322133187,0.05620770588893628,0.03672240844273356,101.652508379923
28,12,active,10000,4,0.4905665641542869,0.08904238322133187,0.0001236142194176726,0.00014925280315420924,19.40098891375534
28,12,uniform,10000,4,0.4905665641542869,0.08904238322133187,0.0782686601775259,0.09122455706121231,104.10510506775455
28,13,active,10000,4,0.4905665641542869,0.08904238322133187,4.531868186396365e-05,4.353206758664436e-05,19.40036254945491
28,13,uniform,10000,4,0.4905665641542869,0.08904238322133187,0.02869437292259753,0.02630580655592938,101.18376129501682
28,14,active,10000,4,0.4905665641542869,0.08904238322133187,7.924321648472565e-05,5.596980118282847e-05,19.400633945731876
28,14,uniform,10000,4,0.4905665641542869,0.08904238322133187,0.05017432793440496,0.0459263313039098,102.06668490867594
28,15,active,10000,4,0.4905665641542869,0.08904238322133187,0.00010102904132910234,9.950186876947283e-05,19.400808232330633
28,15,uniform,10000,4,0.4905665641542869,0.08904238322133187,0.06396843131073693,0.07754926897220789,103.48971710374936
28,16,active,10000,4,0.4905665641542869,0.08904238322133187,0.00010161737077971772,9.328300197138078e-05,19.400812938966236
28,16,uniform,10000,4,0.4905665641542869,0.08904238322133187,0.0643409431306623,0.061691158637073154,102.77610213866829
28,17,active,10000,4,0.4905665641542869,0.08904238322133187,0.00015135805741446628,0.00011815846916374898,19.401210864459316
28,17,uniform,10000,4,0.4905665641542869,0.08904238322133187,0.09583519126450263,0.07367491495699653,103.31537117306485
28,18,active,10000,4,0.4905665641542869,0.08904238322133187,6.126583033135014e-05,6.840753477901257e-05,19.400490126642648
28,18,uniform,10000,4,0.4905665641542869,0.08904238322133187,0.038791608904578175,0.029054545680686064,101.30745455563087
28,19,active,10000,4,0.4905665641542869,0.08904238322133187,0.00010917114531791561,9.950186876947283e-05,19.400873369162543
28,19,uniform,10000,4,0.4905665641542869,0.08904238322133187,0.06912375707531564,0.07460152610991225,103.35706867494605
28,20,active,10000,4,0.4905665641542869,0.08904238322133187,0.00012882802778018537,6.218866798092052e-05,19.40103062422224
28,20,uniform,10000,4,0.4905665641542869,0.08904238322133187,0.08156988067528284,0.06001828346838639,102.70082275607739
28,21,active,10000,4,0.4905665641542869,0.08904238322133187,0.00015048185581259532,0.00012437733596184103,19.4012038548465
28,21,uniform,10000,4,0.4905665641542869,0.08904238322133187,0.0952804077958044,0.09407279805473846,104.23327591246323
28,22,active,10000,4,0.4905665641542869,0.08904238322133187,6.356665301648218e-05,7.462640157710462e-05,19.40050853322413
28,22,uniform,10000,4,0.4905665641542869,0.08904238322133187,0.04024841791669534,0.050360383330949436,102.26621724989272
28,23,active,10000,4,0.4905665641542869,0.08904238322133187,9.68965459095944e-05,8.084526837519668e-05,19.400775172367275
28,23,uniform,10000,4,0.4905665641542869,0.08904238322133187,0.061351864372101265,0.04996859472266964,102.24858676252013
28,24,active,10000,4,0.4905665641542869,0.08904238322133187,0.000112438784120171,0.00012437733596184103,19.40089951027296
28,24,uniform,10000,4,0.4905665641542869,0.08904238322133187,0.07119272383495456,0.06499959577365813,102.92498180981461
28,25,active,10000,4,0.4905665641542869,0.08904238322133187,0.00011021752329710283,9.328300197138078e-05,19.400881740186374
28,25,uniform,10000,4,0.4905665641542869,0.08904238322133187,0.06978629090722177,0.06811524803950224,103.0651861617776
28,26,active,10000,4,0.4905665641542869,0.08904238322133187,0.00012999941877715054,0.00013681506955802515,19.401039995350217
28,26,uniform,10000,4,0.4905665641542869,0.08904238322133187,0.08231156884275942,0.09306534163344755,104.18794037350514
28,27,active,10000,4,0.4905665641542869,0.08904238322133187,5.387426325729333e-05,4.353206758664436e-05,19.400430994106056
28,27,uniform,10000,4,0.4905665641542869,0.08904238322133187,0.0341114996564658,0.03554082375109607,101.59933706879933
28,28,active,10000,4,0.4905665641542869,0.08904238322133187,0.00020191859445782556,0.0002176603379332218,19.401615348755662
28,28,uniform,10000,4,0.4905665641542869,0.08904238322133187,0.12784854305267487,0.10845703695872538,104.88056666314264
28,29,active,10000,4,0.4905665641542869,0.08904238322133187,8.277105070431806e-05,7.462640157710462e-05,19.400662168405635
28,29,uniform,10000,4,0.4905665641542869,0.08904238322133187,0.05240804229990997,0.04893004396738826,102.20185197853247
29,0,active,10000,3,0.5791461577306666,0.02557354868470654,7.695791980876984e-05,4.9750934384736417e-05,15.800615663358471
29,0,uniform,10000,3,0.5791461577306666,0.02557354868470654,0.048727349506056575,0.03495003140527733,83.57275141323748
29,1,active,10000,3,0.5791461577306666,0.02557354868470654,0.00010955443023804613,7.462640157710462e-05,15.800876435441905
29,1,uniform,10000,3,0.5791461577306666,0.02557354868470654,0.06936644110714117,0.040354226652819326,83.81594019937687
29,2,active,10000,3,0.5791461577306666,0.02557354868470654,4.637091610435601e-05,2.4875467192368208e-05,15.800370967328835
29,2,uniform,10000,3,0.5791461577306666,0.02557354868470654,0.029360614756046566,0.024496116317684592,83.1023252342958
29,3,active,10000,3,0.5791461577306666,0.02557354868470654,7.999028703520143e-05,3.731320078855231e-05,15.800639922296282
29,3,uniform,10000,3,0.5791461577306666,0.02557354868470654,0.05064734965732745,0.02788539872264476,83.25484294251902
29,4,active,10000,3,0.5791461577306666,0.02557354868470654,8.616183107000575e-05,4.353206758664436e-05,15.80068929464856
29,4,uniform,10000,3,0.5791461577306666,0.02557354868470654,0.05455497844874474,0.045907674703515526,84.0658453616582
29,5,active,10000,3,0.5791461577306666,0.02557354868470654,5.283118079611043e-05,2.4875467192368208e-05,15.80042264944637
29,5,uniform,10000,3,0.5791461577306666,0.02557354868470654,0.03345105244351493,0.026044614150409512,83.17200763676843
29,6,active,10000,3,0.5791461577306666,0.02557354868470654,6.0377997211927964e-05,4.9750934384736417e-05,15.800483023977696
29,6,uniform,10000,3,0.5791461577306666,0.02557354868470654,0.03822946072259365,0.03882438542048868,83.747097343922
29,7,active,10000,3,0.5791461577306666,0.02557354868470654,0.0002332880160118133,9.328300197138078e-05,15.801866304128096
29,7,uniform,10000,3,0.5791461577306666,0.02557354868470654,0.14771068033058019,0.09345713024172735,86.20557086087773
29,8,active,10000,3,0.5791461577306666,0.02557354868470654,0.0001314715517527782,9.950186876947283e-05,15.801051772414024
29,8,uniform,10000,3,0.5791461577306666,0.02557354868470654,0.08324367743149112,0.05113774168071094,84.301198375632
29,9,active,10000,3,0.5791461577306666,0.02557354868470654,6.725872419578553e-05,2.4875467192368208e-05,15.800538069793568
29,9,uniform,10000,3,0.5791461577306666,0.02557354868470654,0.0425861219918895,0.031019707588883155,83.39588684149975
29,10,active,10000,3,0.5791461577306666,0.02557354868470654,0.00014849906496316317,0.00010572073556756488,15.801187992519706
29,10,uniform,10000,3,0.5791461577306666,0.02557354868470654,0.09402496660204022,0.06616874273169943,84.97759342292647
29,11,active,10000,3,0.5791461577306666,0.02557354868470654,0.0001425099357645447,6.218866798092052e-05,15.801140079486117
29,11,uniform,10000,3,0.5791461577306666,0.02557354868470654,0.09023283718348554,0.050882768141989165,84.28972456638951
29,12,active,10000,3,0.5791461577306666,0.02557354868470654,3.226514035299839e-05,1.2437733596184104e-05,15.800258121122825
29,12,uniform,10000,3,0.5791461577306666,0.02557354868470654,0.020429278425753063,0.01418523516644797,82.63833558249016
29,13,active,10000,3,0.5791461577306666,0.02557354868470654,6.912979318893231e-05,3.731320078855231e-05,15.800553038345512
29,13,uniform,10000,3,0.5791461577306666,0.02557354868470654,0.04377082439815303,0.030049564368380792,83.35223039657714
29,14,active,10000,3,0.5791461577306666,0.02557354868470654,8.702308708247175e-05,6.840753477901257e-05,15.80069618469666
29,14,uniform,10000,3,0.5791461577306666,0.02557354868470654,0.0551002988373374,0.039813185241385315,83.79159333586234
29,15,active,10000,3,0.5791461577306666,0.02557354868470654,0.000197104897341583,8.084526837519668e-05,15.801576839178733
29,15,uniform,10000,3,0.5791461577306666,0.02557354868470654,0.12480066049061248,0.0715169681780586,85.21826356801263
29,16,active,10000,3,0.5791461577306666,0.02557354868470654,0.00010113069584966397,0.00011193960236565693,15.800809045566798
29,16,uniform,10000,3,0.5791461577306666,0.02557354868470654,0.06403279577597722,0.07316496787955298,85.29242355457988
29,17,active,10000,3,0.5791461577306666,0.02557354868470654,8.643983879953396e-05,1.8656600394276155e-05,15.800691518710398
29,17,uniform,10000,3,0.5791461577306666,0.02557354868470654,0.054731004253958646,0.023445127828807033,83.05503075229632
29,18,active,10000,3,0.5791461577306666,0.02557354868470654,0.00012988931137186514,8.706413517328872e-05,15.801039114490976
29,18,uniform,10000,3,0.5791461577306666,0.02557354868470654,0.0822418522751462,0.06240632831885374,84.80828477434842
29,19,active,10000,3,0.5791461577306666,0.02557354868470654,0.00014715321549057907,8.706413517328872e-05,15.801177225723926
29,19,uniform,10000,3,0.5791461577306666,0.02557354868470654,0.09317281678045239,0.055323039035826894,84.48953675661221
29,20,active,10000,3,0.5791461577306666,0.02557354868470654,0.00011643818272820752,5.596980118282847e-05,15.800931505461826
29,20,uniform,10000,3,0.5791461577306666,0.02557354868470654,0.07372501803249001,0.060235943806319615,84.71061747128438
29,21,active,10000,3,0.5791461577306666,0.02557354868470654,0.00010748884347166338,7.462640157710462e-05,15.800859910747773
29,21,uniform,10000,3,0.5791461577306666,0.02557354868470654,0.06805857612655192,0.054284488280545516,84.44280197262455
29,22,active,10000,3,0.5791461577306666,0.02557354868470654,0.00018582396155700925,0.00011193960236565693,15.801486591692457
29,22,uniform,10000,3,0.5791461577306666,0.02557354868470654,0.11765792453702935,0.07079557962947991,85.1858010833266
29,23,active,10000,3,0.5791461577306666,0.02557354868470654,8.5500140888305e-05,5.596980118282847e-05,15.800684001127108
29,23,uniform,10000,3,0.5791461577306666,0.02557354868470654,0.05413601690682891,0.045640263431197564,84.05381185440389
29,24,active,10000,3,0.5791461577306666,0.02557354868470654,8.324961416861926e-05,4.353206758664436e-05,15.80066599691335
29,24,uniform,10000,3,0.5791461577306666,0.02557354868470654,0.05271105372803941,0.029315738086205932,83.31920821387926
29,25,active,10000,3,0.5791461577306666,0.02557354868470654,0.00016366378649668688,4.9750934384736417e-05,15.801309310291975
29,25,uniform,10000,3,0.5791461577306666,0.02557354868470654,0.10362679430423875,0.0492907382416776,84.21808322087549
29,26,active,10000,3,0.5791461577306666,0.02557354868470654,6.99876469878822e-05,4.353206758664436e-05,15.800559901175903
29,26,uniform,10000,3,0.5791461577306666,0.02557354868470654,0.04431399061149143,0.031996069676183604,83.43982313542826
29,27,active,10000,3,0.5791461577306666,0.02557354868470654,9.942183926396966e-05,5.596980118282847e-05,15.800795374714113
29,27,uniform,10000,3,0.5791461577306666,0.02557354868470654,0.0629508011961311,0.04167262641401484,83.87526818863067
29,28,active,10000,3,0.5791461577306666,0.02557354868470654,0.00010819126942621451,8.084526837519668e-05,15.800865530155411
29,28,uniform,10000,3,0.5791461577306666,0.02557354868470654,0.06850333028664758,0.04243132816338207,83.90940976735219
29,29,active,10000,3,0.5791461577306666,0.02557354868470654,9.002020697693527e-05,5.596980118282847e-05,15.800720161655816
29,29,uniform,10000,3,0.5791461577306666,0.02557354868470654,0.05699798147964721,0.05534169563622117,84.49037630362996
30,0,active,10000,3,0.6225723875492114,0.03844043016208768,4.3134598944599006e-05,1.2437733596184104e-05,15.800345076791558
30,0,uniform,10000,3,0.6225723875492114,0.03844043016208768,0.02731147988144612,0.010715107493112604,82.48217983719007
30,1,active,10000,3,0.6225723875492114,0.03844043016208768,7.890776203960115e-05,4.353206758664436e-05,15.800631262096317
30,1,uniform,10000,3,0.6225723875492114,0.03844043016208768,0.04996192866435826,0.02939658335458113,83.32284625095615
30,2,active,10000,3,0.6225723875492114,0.03844043016208768,0.00010993301786118084,4.353206758664436e-05,15.80087946414289
30,2,uniform,10000,3,0.6225723875492114,0.03844043016208768,0.06960615095739306,0.03264905068998327,83.46920728104925
30,3,active,10000,3,0.6225723875492114,0.03844043016208768,7.584383531169473e-05,5.596980118282847e-05,15.800606750682494
30,3,uniform,10000,3,0.6225723875492114,0.03844043016208768,0.048021946023175235,0.036672657508348826,83.6502695878757
30,4,active,10000,3,0.6225723875492114,0.03844043016208768,9.772967023949971e-05,6.840753477901257e-05,15.800781837361917
30,4,uniform,10000,3,0.6225723875492114,0.03844043016208768,0.06187937265851133,0.04485046734783988,84.0182710306528
30,5,active,10000,3,0.6225723875492114,0.03844043016208768,0.00010836864289860476,0.00013681506955802515,15.80086694914319
30,5,uniform,10000,3,0.6225723875492114,0.03844043016208768,0.06861563762556094,0.047008414126777816,84.115378635705
30,6,active,10000,3,0.6225723875492114,0.03844043016208768,0.0001029874017867867,5.596980118282847e-05,15.800823899214295
30,6,uniform,10000,3,0.6225723875492114,0.03844043016208768,0.06520840394405542,0.03309059023264781,83.48907656046916
30,7,active,10000,3,0.6225723875492114,0.03844043016208768,6.935565440023897e-05,6.840753477901257e-05,15.800554845235203
30,7,uniform,10000,3,0.6225723875492114,0.03844043016208768,0.04391383265788509,0.03288536762831077,83.47984154327399
30,8,active,10000,3,0.6225723875492114,0.03844043016208768,4.92091606500121e-05,1.8656600394276155e-05,15.800393673285202
30,8,uniform,10000,3,0.6225723875492114,0.03844043016208768,0.031157702493116415,0.02058444910168469,82.92630020957581
30,9,active,10000,3,0.6225723875492114,0.03844043016208768,0.00013715598596448011,8.084526837519668e-05,15.801097247887716
30,9,uniform,10000,3,0.6225723875492114,0.03844043016208768,0.08684288350758759,0.05692128780293655,84.56145795113214
30,10,active,10000,3,0.6225723875492114,0.03844043016208768,0.00015768220614836848,9.950186876947283e-05,15.801261457649188
30,10,uniform,10000,3,0.6225723875492114,0.03844043016208768,0.09983944458181783,0.06233792078407473,84.80520643528337
30,11,active,10000,3,0.6225723875492114,0.03844043016208768,0.00015963798554504815,0.00014925280315420924,15.801277103884361
30,11,uniform,10000,3,0.6225723875492114,0.03844043016208768,0.10107778296795167,0.0590730157150764,84.65828570717844
30,12,active,10000,3,0.6225723875492114,0.03844043016208768,0.0001223387846198947,0.00013059620275993308,15.80097871027696
30,12,uniform,10000,3,0.6225723875492114,0.03844043016208768,0.07746109472723875,0.06119364929322579,84.75371421819516
30,13,active,10000,3,0.6225723875492114,0.03844043016208768,8.255765514316588e-05,7.462640157710462e-05,15.800660461241145
30,13,uniform,10000,3,0.6225723875492114,0.03844043016208768,0.052272926900289285,0.0304351341098625,83.3695810349438
30,14,active,10000,3,0.6225723875492114,0.03844043016208768,8.364763779699844e-05,3.731320078855231e-05,15.800669181102377
30,14,uniform,10000,3,0.6225723875492114,0.03844043016208768,0.0529630698493368,0.02105708297833969,82.94756873402528
30,15,active,10000,3,0.6225723875492114,0.03844043016208768,0.00018215566376695094,9.328300197138078e-05,15.801457245310136
30,15,uniform,10000,3,0.6225723875492114,0.03844043016208768,0.1153352730288661,0.056790691600176614,84.55558112200795
30,16,active,10000,3,0.6225723875492114,0.03844043016208768,0.0001821123831069137,0.0001927848707408536,15.801456899064856
30,16,uniform,10000,3,0.6225723875492114,0.03844043016208768,0.11530786906765898,0.08776064825467503,85.94922917146037
30,17,active,10000,3,0.6225723875492114,0.03844043016208768,0.00021808201291681484,0.00012437733596184103,15.801744656103335
30,17,uniform,10000,3,0.6225723875492114,0.03844043016208768,0.1380827144338636,0.08068357783844628,85.63076100273008
30,18,active,10000,3,0.6225723875492114,0.03844043016208768,0.00012099867967961878,9.950186876947283e-05,15.800967989437437
30,18,uniform,10000,3,0.6225723875492114,0.03844043016208768,0.07661258216396859,0.04203332068830418,83.89149943097368
30,19,active,10000,3,0.6225723875492114,0.03844043016208768,0.0001827023901863796,0.00013681506955802515,15.801461619121492
30,19,uniform,10000,3,0.6225723875492114,0.03844043016208768,0.11568144310975678,0.06482546750331154,84.91714603764902
30,20,active,10000,3,0.6225723875492114,0.03844043016208768,0.00011796380008386245,6.840753477901257e-05,15.800943710400672
30,20,uniform,10000,3,0.6225723875492114,0.03844043016208768,0.07469099125904594,0.030142847370352173,83.35642813166585
30,21,active,10000,3,0.6225723875492114,0.03844043016208768,0.00013679884078034513,0.00017412827034657744,15.801094390726243
30,21,uniform,10000,3,0.6225723875492114,0.03844043016208768,0.08661675033953115,0.07810896698403617,85.51490351428163
30,22,active,10000,3,0.6225723875492114,0.03844043016208768,6.140224338715972e-05,3.731320078855231e-05,15.800491217947098
30,22,uniform,10000,3,0.6225723875492114,0.03844043016208768,0.03887798138794771,0.018103121249245964,82.81464045621607
30,23,active,10000,3,0.6225723875492114,0.03844043016208768,0.00016741094659711991,8.706413517328872e-05,15.801339287572779
30,23,uniform,10000,3,0.6225723875492114,0.03844043016208768,0.1059993789624758,0.060733453150166976,84.73300539175752
30,24,active,10000,3,0.6225723875492114,0.03844043016208768,0.00017262929241826375,0.0001679094035484854,15.801381034339347
30,24,uniform,10000,3,0.6225723875492114,0.03844043016208768,0.10930347243724522,0.08039129109893595,85.61760809945211
30,25,active,10000,3,0.6225723875492114,0.03844043016208768,0.00010293530141653601,3.109433399046026e-05,15.800823482411333
30,25,uniform,10000,3,0.6225723875492114,0.03844043016208768,0.06517541561803601,0.026324463156323655,83.18460084203457
30,26,active,10000,3,0.6225723875492114,0.03844043016208768,6.906551271749703e-05,5.596980118282847e-05,15.800552524101741
30,26,uniform,10000,3,0.6225723875492114,0.03844043016208768,0.04373012401274615,0.029508522956946785,83.3278835330626
30,27,active,10000,3,0.6225723875492114,0.03844043016208768,9.902964012428392e-05,6.840753477901257e-05,15.800792237120994
30,27,uniform,10000,3,0.6225723875492114,0.03844043016208768,0.06270247295900556,0.029085640014676527,83.30885380066044
30,28,active,10000,3,0.6225723875492114,0.03844043016208768,0.00011483077007803932,6.840753477901257e-05,15.800918646160625
30,28,uniform,10000,3,0.6225723875492114,0.03844043016208768,0.07270725458204402,0.03729454418815804,83.67825448846712
30,29,active,10000,3,0.6225723875492114,0.03844043016208768,6.223659139338589e-05,4.9750934384736417e-05,15.800497892731148
30,29,uniform,10000,3,0.6225723875492114,0.03844043016208768,0.039406264467970735,0.03070254538218046,83.38161454219812
31,0,active,10000,3,0.7397117791098028,0.10327192780374689,0.00010140986180290357,8.084526837519668e-05,15.800811278894423
31,0,uniform,10000,3,0.7397117791098028,0.10327192780374689,0.06420955493222957,0.02982568516364948,83.34215583236423
31,1,active,10000,3,0.7397117791098028,0.10327192780374689,0.0001398112913547772,9.950186876947283e-05,15.80111849033084
31,1,uniform,10000,3,0.7397117791098028,0.10327192780374689,0.088524139889257,0.059483460923750474,84.67675574156877
31,2,active,10000,3,0.7397117791098028,0.10327192780374689,6.688376186279182e-05,5.596980118282847e-05,15.800535070094902
31,2,uniform,10000,3,0.7397117791098028,0.10327192780374689,0.042348707562089034,0.029894092698428493,83.34523417142928
31,3,active,10000,3,0.7397117791098028,0.10327192780374689,0.00011757895095467624,4.9750934384736417e-05,15.800940631607638
31,3,uniform,10000,3,0.7397117791098028,0.10327192780374689,0.07444731681883876,0.03862538168294973,83.73814217573273
31,4,active,10000,3,0.7397117791098028,0.10327192780374689,7.177787092532348e-05,6.218866798092052e-05,15.800574222967404
31,4,uniform,10000,3,0.7397117791098028,0.10327192780374689,0.0454475044552775,0.03704578951623435,83.66706052823055
31,5,active,10000,3,0.7397117791098028,0.10327192780374689,0.00012085045768291808,7.462640157710462e-05,15.800966803661463
31,5,uniform,10000,3,0.7397117791098028,0.10327192780374689,0.07651873262835768,0.04415395426645357,83.98692794199042
31,6,active,10000,3,0.7397117791098028,0.10327192780374689,9.566234243497257e-05,2.4875467192368208e-05,15.800765298739481
31,6,uniform,10000,3,0.7397117791098028,0.10327192780374689,0.06057040530697971,0.021772252660120273,82.97975136970541
31,7,active,10000,3,0.7397117791098028,0.10327192780374689,3.2891792912707885e-05,5.596980118282847e-05,15.800263134343302
31,7,uniform,10000,3,0.7397117791098028,0.10327192780374689,0.02082605524058565,0.019290924807681544,82.86809161634567
31,8,active,10000,3,0.7397117791098028,0.10327192780374689,0.00010584588958841012,7.462640157710462e-05,15.800846767116708
31,8,uniform,10000,3,0.7397117791098028,0.10327192780374689,0.06701830907812378,0.056019552117213205,84.52087984527459
31,9,active,10000,3,0.7397117791098028,0.10327192780374689,6.528070872307418e-05,6.840753477901257e-05,15.800522245669786
31,9,uniform,10000,3,0.7397117791098028,0.10327192780374689,0.041333704417363816,0.03493137480488306,83.57191186621974
31,10,active,10000,3,0.7397117791098028,0.10327192780374689,6.255170106854446e-05,4.9750934384736417e-05,15.80050041360855
31,10,uniform,10000,3,0.7397117791098028,0.10327192780374689,0.03960578206553103,0.028836885342752843,83.29765984042388
31,11,active,10000,3,0.7397117791098028,0.10327192780374689,0.00011127625415262993,7.462640157710462e-05,15.800890210033222
31,11,uniform,10000,3,0.7397117791098028,0.10327192780374689,0.0704566461943453,0.030596824646612893,83.37685710909759
31,12,active,10000,3,0.7397117791098028,0.10327192780374689,0.00010313929277750225,5.596980118282847e-05,15.80082511434222
31,12,uniform,10000,3,0.7397117791098028,0.10327192780374689,0.06530457657201512,0.04219501122505457,83.89877550512746
31,13,active,10000,3,0.7397117791098028,0.10327192780374689,9.530932525595587e-05,8.084526837519668e-05,15.800762474602049
31,13,uniform,10000,3,0.7397117791098028,0.10327192780374689,0.060346885862728156,0.044172610866847845,83.98776748900815
31,14,active,10000,3,0.7397117791098028,0.10327192780374689,7.997669787165873e-06,1.2437733596184104e-05,15.800063981358297
31,14,uniform,10000,3,0.7397117791098028,0.10327192780374689,0.005063874542372504,0.004378082225856805,82.19701370016355
31,15,active,10000,3,0.7397117791098028,0.10327192780374689,0.00015314247097258232,0.00010572073556756488,15.801225139767782
31,15,uniform,10000,3,0.7397117791098028,0.10327192780374689,0.09696502615770691,0.061809317106236904,84.78141926978066
31,16,active,10000,3,0.7397117791098028,0.10327192780374689,0.00013977796900707315,0.00010572073556756488,15.801118223752058
31,16,uniform,10000,3,0.7397117791098028,0.10327192780374689,0.08850304122012496,0.06942742893389967,85.12423430202549
31,17,active,10000,3,0.7397117791098028,0.10327192780374689,0.00013583917529549558,9.950186876947283e-05,15.801086713402364
31,17,uniform,10000,3,0.7397117791098028,0.10327192780374689,0.08600912014882206,0.07187144358554984,85.23421496134975
31,18,active,10000,3,0.7397117791098028,0.10327192780374689,0.00014087495007081285,9.950186876947283e-05,15.801126999600568
31,18,uniform,10000,3,0.7397117791098028,0.10327192780374689,0.0891976153436333,0.059247143985422974,84.66612147934403
31,19,active,10000,3,0.7397117791098028,0.10327192780374689,6.783697581946163e-05,4.353206758664436e-05,15.800542695806556
31,19,uniform,10000,3,0.7397117791098028,0.10327192780374689,0.04295225284678646,0.023028463753334866,83.03628086890006
31,20,active,10000,3,0.7397117791098028,0.10327192780374689,8.128874068923791e-05,4.9750934384736417e-05,15.800650309925514
31,20,uniform,10000,3,0.7397117791098028,0.10327192780374689,0.051469489927895386,0.030777171783757565,83.38497273026908
31,21,active,10000,3,0.7397117791098028,0.10327192780374689,0.00013577358941341267,8.084526837519668e-05,15.801086188715308
31,21,uniform,10000,3,0.7397117791098028,0.10327192780374689,0.08596759321819111,0.044694995677887574,84.01127480550494
31,22,active,10000,3,0.7397117791098028,0.10327192780374689,3.895562706766886e-05,4.9750934384736417e-05,15.800311645016542
31,22,uniform,10000,3,0.7397117791098028,0.10327192780374689,0.02466548550262216,0.01809068351564978,82.81408075820424
31,23,active,10000,3,0.7397117791098028,0.10327192780374689,0.0001954333001380551,0.00013681506955802515,15.801563466401106
31,23,uniform,10000,3,0.7397117791098028,0.10327192780374689,0.12374225738704764,0.07881169893222056,85.54652645194993
31,24,active,10000,3,0.7397117791098028,0.10327192780374689,4.838217158713992e-05,6.840753477901257e-05,15.800387057372697
31,24,uniform,10000,3,0.7397117791098028,0.10327192780374689,0.030634078866011112,0.028028432659000877,83.26127946965504
31,25,active,10000,3,0.7397117791098028,0.10327192780374689,6.248485616823507e-05,6.218866798092052e-05,15.800499878849347
31,25,uniform,10000,3,0.7397117791098028,0.10327192780374689,0.03956345796390743,0.03327715623659057,83.49747203064658
31,26,active,10000,3,0.7397117791098028,0.10327192780374689,6.916622581881748e-05,5.596980118282847e-05,15.80055332980655
31,26,uniform,10000,3,0.7397117791098028,0.10327192780374689,0.04379389240067677,0.03745623472490843,83.68553056262088
31,27,active,10000,3,0.7397117791098028,0.10327192780374689,0.00014134395351768358,8.084526837519668e-05,15.801130751628142
31,27,uniform,10000,3,0.7397117791098028,0.10327192780374689,0.08949457366745617,0.06485034297050392,84.91826543367267
31,28,active,10000,3,0.7397117791098028,0.10327192780374689,0.00012801426826771628,8.706413517328872e-05,15.801024114146143
31,28,uniform,10000,3,0.7397117791098028,0.10327192780374689,0.08105463358600376,0.05378076006990006,84.42013420314551
31,29,active,10000,3,0.7397117791098028,0.10327192780374689,2.3942603115001404e-05,3.731320078855231e-05,15.80019154082492
31,29,uniform,10000,3,0.7397117791098028,0.10327192780374689,0.015159707967261779,0.010957643298238196,82.49309394842072
32,0,active,10000,2,0.5051215175260759,0.08465065067524033,7.389815039098718e-05,4.353206758664436e-05,12.200591185203127
32,0,uniform,10000,2,0.5051215175260759,0.08465065067524033,0.046789999143688206,0.018836947531420824,64.84766263891393
32,1,active,10000,2,0.5051215175260759,0.08465065067524033,0.00011594885307518454,5.596980118282847e-05,12.2009275908246
32,1,uniform,10000,2,0.5051215175260759,0.08465065067524033,0.07341518979023276,0.03594505009297206,65.61752725418374
32,2,active,10000,2,0.5051215175260759,0.08465065067524033,0.00014383347270442715,2.4875467192368208e-05,12.201150667781635
32,2,uniform,10000,2,0.5051215175260759,0.08465065067524033,0.0910708594066803,0.04570245209917849,66.05661034446304
32,3,active,10000,2,0.5051215175260759,0.08465065067524033,0.00014328965947923294,6.840753477901257e-05,12.201146317275834
32,3,uniform,10000,2,0.5051215175260759,0.08465065067524033,0.09072653386938162,0.04292261864043134,65.93151783881942
32,4,active,10000,2,0.5051215175260759,0.08465065067524033,6.434729933326583e-05,0.0,12.200514778394666
32,4,uniform,10000,2,0.5051215175260759,0.08465065067524033,0.040742698765392264,0.01703347615997413,64.76650642719883
32,5,active,10000,2,0.5051215175260759,0.08465065067524033,0.00012512551238067632,5.596980118282847e-05,12.201001004099044
32,5,uniform,10000,2,0.5051215175260759,0.08465065067524033,0.07922556364628422,0.04307187144358555,65.93823421496135
32,6,active,10000,2,0.5051215175260759,0.08465065067524033,2.72263934216338e-05,1.2437733596184104e-05,12.200217811147372
32,6,uniform,10000,2,0.5051215175260759,0.08465065067524033,0.01723890135463048,0.00651737240440047,64.29328175819802
32,7,active,10000,2,0.5051215175260759,0.08465065067524033,9.239815609764918e-05,4.9750934384736417e-05,12.20073918524878
32,7,uniform,10000,2,0.5051215175260759,0.08465065067524033,0.05850362454015193,0.021940162063668757,64.9873072928651
32,8,active,10000,2,0.5051215175260759,0.08465065067524033,4.512016296025906e-05,0.0,12.200360961303682
32,8,uniform,10000,2,0.5051215175260759,0.08465065067524033,0.02856867695741709,0.012562110932145945,64.56529499194657
32,9,active,10000,2,0.5051215175260759,0.08465065067524033,5.1758265233597944e-05,3.731320078855231e-05,12.200414066121867
32,9,uniform,10000,2,0.5051215175260759,0.08465065067524033,0.032771715843268136,0.012238729858645157,64.55074284363903
32,10,active,10000,2,0.5051215175260759,0.08465065067524033,0.0001678296028189974,4.353206758664436e-05,12.20134263682255
32,10,uniform,10000,2,0.5051215175260759,0.08465065067524033,0.10626445899708795,0.057344170745206806,66.5804876835343
32,11,active,10000,2,0.5051215175260759,0.08465065067524033,0.00014350160120928102,8.706413517328872e-05,12.201148012809673
32,11,uniform,10000,2,0.5051215175260759,0.08465065067524033,0.09086072874863882,0.04063407565873346,65.82853340464301
32,12,active,10000,2,0.5051215175260759,0.08465065067524033,8.41877752854811e-05,0.0,12.200673502202283
32,12,uniform,10000,2,0.5051215175260759,0.08465065067524033,0.05330506802503561,0.020708826437646533,64.9318971896941
32,13,active,10000,2,0.5051215175260759,0.08465065067524033,0.00017561976196714402,4.9750934384736417e-05,12.201404958095736
32,13,uniform,10000,2,0.5051215175260759,0.08465065067524033,0.11119694428854834,0.04839522142275235,66.17778496402386
32,14,active,10000,2,0.5051215175260759,0.08465065067524033,8.688955112094027e-05,0.0,12.200695116408967
32,14,uniform,10000,2,0.5051215175260759,0.08465065067524033,0.055015748040172,0.030497322777843422,65.37237952500296
32,15,active,10000,2,0.5051215175260759,0.08465065067524033,1.3670212309718766e-05,6.218866798092052e-06,12.200109361698477
32,15,uniform,10000,2,0.5051215175260759,0.08465065067524033,0.008655551172547953,0.002170384512534126,64.09766730306404
32,16,active,10000,2,0.5051215175260759,0.08465065067524033,7.848088420727567e-05,4.353206758664436e-05,12.200627847073658
32,16,uniform,10000,2,0.5051215175260759,0.08465065067524033,0.049691642963013274,0.020534698167299956,64.92406141752849
32,17,active,10000,2,0.5051215175260759,0.08465065067524033,8.674375299520115e-05,5.596980118282847e-05,12.200693950023961
32,17,uniform,10000,2,0.5051215175260759,0.08465065067524033,0.054923433223865926,0.03359431844329326,65.5117443299482
32,18,active,10000,2,0.5051215175260759,0.08465065067524033,0.00014560857198728933,6.218866798092052e-05,12.201164868575898
32,18,uniform,10000,2,0.5051215175260759,0.08465065067524033,0.09219479679192108,0.04391763732812607,65.97629367976567
32,19,active,10000,2,0.5051215175260759,0.08465065067524033,5.100178526695753e-05,3.731320078855231e-05,12.200408014282136
32,19,uniform,10000,2,0.5051215175260759,0.08465065067524033,0.03229273637215307,0.015379257591681643,64.69206659162568
32,20,active,10000,2,0.5051215175260759,0.08465065067524033,0.00010682412381204931,5.596980118282847e-05,12.200854592990495
32,20,uniform,10000,2,0.5051215175260759,0.08465065067524033,0.0676376964138686,0.025553323673360242,65.14989956530121
32,21,active,10000,2,0.5051215175260759,0.08465065067524033,9.779813607425913e-05,6.218866798092052e-05,12.200782385088594
32,21,uniform,10000,2,0.5051215175260759,0.08465065067524033,0.06192272308519758,0.041821879217169046,65.88198456477261
32,22,active,10000,2,0.5051215175260759,0.08465065067524033,0.00010139288879093544,6.218866798092052e-06,12.200811143110327
32,22,uniform,10000,2,0.5051215175260759,0.08465065067524033,0.06419880815149401,0.029172704149849814,65.31277168674325
32,23,active,10000,2,0.5051215175260759,0.08465065067524033,3.694957039555857e-05,2.4875467192368208e-05,12.200295596563164
32,23,uniform,10000,2,0.5051215175260759,0.08465065067524033,0.023395313117043348,0.013103152343579953,64.5896418554611
32,24,active,10000,2,0.5051215175260759,0.08465065067524033,0.00021392591580557396,0.00013681506955802515,12.201711407326444
32,24,uniform,10000,2,0.5051215175260759,0.08465065067524033,0.13545120364170993,0.08017363076100273,67.60781338424512
32,25,active,10000,2,0.5051215175260759,0.08465065067524033,9.946502825429471e-05,2.4875467192368208e-05,12.200795720226033
32,25,uniform,10000,2,0.5051215175260759,0.08465065067524033,0.06297814711493371,0.022151603534803888,64.99682215906617
32,26,active,10000,2,0.5051215175260759,0.08465065067524033,0.0001172387461278665,2.4875467192368208e-05,12.200937909969022
32,26,uniform,10000,2,0.5051215175260759,0.08465065067524033,0.07423190975557103,0.04837034595555998,66.1766655680002
32,27,active,10000,2,0.5051215175260759,0.08465065067524033,7.158908755478671e-05,5.596980118282847e-05,12.200572712700438
32,27,uniform,10000,2,0.5051215175260759,0.08465065067524033,0.04532797272550196,0.02767395725150963,65.24532807631793
32,28,active,10000,2,0.5051215175260759,0.08465065067524033,2.6985496199970205e-05,0.0,12.2002158839696
32,28,uniform,10000,2,0.5051215175260759,0.08465065067524033,0.017086372763183012,0.006710157275141323,64.30195707738136
32,29,active,10000,2,0.5051215175260759,0.08465065067524033,5.4602746007388625e-05,1.8656600394276155e-05,12.200436821968058
32,29,uniform,10000,2,0.5051215175260759,0.08465065067524033,0.034572752165147914,0.013588223953831132,64.6114700779224
33,0,active,10000,2,0.7484282999332135,0.0812839406803542,5.4091579109301346e-05,3.731320078855231e-05,12.200432732632875
33,0,uniform,10000,2,0.7484282999332135,0.0812839406803542,0.034249097261782366,0.013432752283878831,64.60447385277455
33,1,active,10000,2,0.7484282999332135,0.0812839406803542,6.847582154308196e-05,0.00010572073556756488,12.200547806572343
33,1,uniform,10000,2,0.7484282999332135,0.0812839406803542,0.043356749991879356,0.028812009875560474,65.29654044440022
33,2,active,10000,2,0.7484282999332135,0.0812839406803542,6.609512751120511e-05,7.462640157710462e-05,12.200528761020088
33,2,uniform,10000,2,0.7484282999332135,0.0812839406803542,0.041849368939441495,0.019800871885125092,64.89103923483063
33,3,active,10000,2,0.7484282999332135,0.0812839406803542,0.00011144955136866558,9.950186876947283e-05,12.20089159641095
33,3,uniform,10000,2,0.7484282999332135,0.0812839406803542,0.07056637257512884,0.028476191068463504,65.28142859808085
33,4,active,10000,2,0.7484282999332135,0.0812839406803542,0.00010944603546397813,9.950186876947283e-05,12.200875568283712
33,4,uniform,10000,2,0.7484282999332135,0.0812839406803542,0.06929780892404193,0.02865031933881008,65.28926437024646
33,5,active,10000,2,0.7484282999332135,0.0812839406803542,5.1889115638054095e-05,2.4875467192368208e-05,12.200415112925104
33,5,uniform,10000,2,0.7484282999332135,0.0812839406803542,0.032854566229695265,0.011927786518740555,64.53675039334333
33,6,active,10000,2,0.7484282999332135,0.0812839406803542,6.375221596232467e-05,6.218866798092052e-06,12.200510017727698
33,6,uniform,10000,2,0.7484282999332135,0.0812839406803542,0.04036591057426163,0.012139227989875686,64.54626525954441
33,7,active,10000,2,0.7484282999332135,0.0812839406803542,7.651858764522179e-05,8.084526837519668e-05,12.200612148701161
33,7,uniform,10000,2,0.7484282999332135,0.0812839406803542,0.048449178111430145,0.025665263275725898,65.15493684740767
33,8,active,10000,2,0.7484282999332135,0.0812839406803542,0.0001015672356661293,0.00010572073556756488,12.200812537885328
33,8,uniform,10000,2,0.7484282999332135,0.0812839406803542,0.06430919914366655,0.03481321633571931,65.56659473510737
33,9,active,10000,2,0.7484282999332135,0.0812839406803542,4.349843209734694e-05,4.353206758664436e-05,12.200347987456778
33,9,uniform,10000,2,0.7484282999332135,0.0812839406803542,0.027541847662194523,0.013208873079147518,64.59439928856163
33,10,active,10000,2,0.7484282999332135,0.0812839406803542,9.953396254629848e-05,7.462640157710462e-05,12.20079627170037
33,10,uniform,10000,2,0.7484282999332135,0.0812839406803542,0.06302179415407345,0.031262243394008744,65.40680095273039
33,11,active,10000,2,0.7484282999332135,0.0812839406803542,2.2103610517097694e-05,0.0,12.200176828884135
33,11,uniform,10000,2,0.7484282999332135,0.0812839406803542,0.01399531533191544,0.0040236068183655575,64.18106230682645
33,12,active,10000,2,0.7484282999332135,0.0812839406803542,7.514967607957779e-05,6.840753477901257e-05,12.200601197408636
33,12,uniform,10000,2,0.7484282999332135,0.0812839406803542,0.047582426093306235,0.018258592919198263,64.82163668136393
33,13,active,10000,2,0.7484282999332135,0.0812839406803542,1.5588995005325068e-05,1.8656600394276155e-05,12.200124711960042
33,13,uniform,10000,2,0.7484282999332135,0.0812839406803542,0.009870464403897439,0.0053109122455706126,64.23899105105068
33,14,active,10000,2,0.7484282999332135,0.0812839406803542,0.00012908446895311398,0.00010572073556756488,12.201032675751625
33,14,uniform,10000,2,0.7484282999332135,0.0812839406803542,0.08173225121094477,0.04422858066803067,65.99028613006138
33,15,active,10000,2,0.7484282999332135,0.0812839406803542,0.00012080510930726623,0.00010572073556756488,12.200966440874458
33,15,uniform,10000,2,0.7484282999332135,0.0812839406803542,0.07649001945427397,0.030596824646612893,65.37685710909759
33,16,active,10000,2,0.7484282999332135,0.0812839406803542,6.021139564158645e-05,7.462640157710462e-05,12.200481691165132
33,16,uniform,10000,2,0.7484282999332135,0.0812839406803542,0.03812397381534494,0.017027257293176036,64.76622657819293
33,17,active,10000,2,0.7484282999332135,0.0812839406803542,8.103198759908115e-05,6.840753477901257e-05,12.200648255900791
33,17,uniform,10000,2,0.7484282999332135,0.0812839406803542,0.05130692189603903,0.016162834808241242,64.72732756637086
33,18,active,10000,2,0.7484282999332135,0.0812839406803542,6.367169527995292e-05,4.9750934384736417e-05,12.20050937356224
33,18,uniform,10000,2,0.7484282999332135,0.0812839406803542,0.04031492739481644,0.017773521308947084,64.79980845890262
33,19,active,10000,2,0.7484282999332135,0.0812839406803542,5.867503730391105e-05,8.084526837519668e-05,12.20046940029843
33,19,uniform,10000,2,0.7484282999332135,0.0812839406803542,0.03715119973476128,0.013644193755013962,64.61398871897563
33,20,active,10000,2,0.7484282999332135,0.0812839406803542,0.000131768155292665,6.840753477901257e-05,12.20105414524234
33,20,uniform,10000,2,0.7484282999332135,0.0812839406803542,0.08343147752262778,0.03437167679305477,65.54672545568747
33,21,active,10000,2,0.7484282999332135,0.0812839406803542,4.712796526071261e-05,5.596980118282847e-05,12.200377023722085
33,21,uniform,10000,2,0.7484282999332135,0.0812839406803542,0.02983995462030852,0.0171329780287436,64.77098401129346
33,22,active,10000,2,0.7484282999332135,0.0812839406803542,4.78738463727188e-05,6.218866798092052e-05,12.200382990770981
33,22,uniform,10000,2,0.7484282999332135,0.0812839406803542,0.030312223227893793,0.008967605922848738,64.40354226652819
33,23,active,10000,2,0.7484282999332135,0.0812839406803542,0.00013131993358287547,0.00013059620275993308,12.201050559468662
33,23,uniform,10000,2,0.7484282999332135,0.0812839406803542,0.08314767754508659,0.0510879907463262,66.29895958358468
33,24,active,10000,2,0.7484282999332135,0.0812839406803542,6.40347152661841e-05,6.840753477901257e-05,12.20051227772213
33,24,uniform,10000,2,0.7484282999332135,0.0812839406803542,0.040544780303909705,0.015957612203904206,64.7180925491757
33,25,active,10000,2,0.7484282999332135,0.0812839406803542,7.01123186110375e-05,6.218866798092052e-05,12.200560898548888
33,25,uniform,10000,2,0.7484282999332135,0.0812839406803542,0.04439292878663874,0.018451377789939116,64.83031200054727
33,26,active,10000,2,0.7484282999332135,0.0812839406803542,1.8558190536296926e-05,1.2437733596184104e-05,12.20014846552429
33,26,uniform,10000,2,0.7484282999332135,0.0812839406803542,0.011750466212002743,0.00533578771276298,64.24011044707433
33,27,active,10000,2,0.7484282999332135,0.0812839406803542,0.00013590619945615112,0.00011815846916374898,12.201087249595648
33,27,uniform,10000,2,0.7484282999332135,0.0812839406803542,0.08605155775248516,0.04243132816338207,65.90940976735219
33,28,active,10000,2,0.7484282999332135,0.0812839406803542,0.00011831804500598425,0.00010572073556756488,12.200946544360047
33,28,uniform,10000,2,0.7484282999332135,0.0812839406803542,0.07491528807178771,0.046007176572285,66.07032294575282
33,29,active,10000,2,0.7484282999332135,0.0812839406803542,0.00015430029504785725,0.00012437733596184103,12.201234402360383
33,29,uniform,10000,2,0.7484282999332135,0.0812839406803542,0.09769812417441762,0.05205813396682856,66.34261602850728
34,0,active,10000,5,0.5684308845716683,0.051053497363814856,8.258811642795905e-05,7.462640157710462e-05,23.000660704931423
34,0,uniform,10000,5,0.5684308845716683,0.051053497363814856,0.05229221403372964,0.06566501452105397,120.95492565344743
34,1,active,10000,5,0.5684308845716683,0.051053497363814856,0.0001033264142760032,0.00013059620275993308,23.000826611314206
34,1,uniform,10000,5,0.5684308845716683,0.051053497363814856,0.06542305605639744,0.0715915945796357,121.22162175608361
34,2,active,10000,5,0.5684308845716683,0.051053497363814856,0.0001063640250547962,0.00011193960236565693,23.000850912200438
34,2,uniform,10000,5,0.5684308845716683,0.051053497363814856,0.0673463762611011,0.0507024210048445,120.281608945218
34,3,active,10000,5,0.5684308845716683,0.051053497363814856,0.00015363537073201372,0.00015547166995230128,23.001229082965857
34,3,uniform,10000,5,0.5684308845716683,0.051053497363814856,0.0972771148797938,0.08899198388069726,122.00463927463137
34,4,active,10000,5,0.5684308845716683,0.051053497363814856,9.17998171895279e-05,0.00012437733596184103,23.000734398537517
34,4,uniform,10000,5,0.5684308845716683,0.051053497363814856,0.05812477504462914,0.05401085814142947,120.43048861636433
34,5,active,10000,5,0.5684308845716683,0.051053497363814856,0.0001161409182299164,0.0001430339363561172,23.000929127345838
34,5,uniform,10000,5,0.5684308845716683,0.051053497363814856,0.07353679944320457,0.07277317927127319,121.2747930672073
34,6,active,10000,5,0.5684308845716683,0.051053497363814856,8.592966247818537e-05,0.00017412827034657744,23.000687437299824
34,6,uniform,10000,5,0.5684308845716683,0.051053497363814856,0.054407976552866506,0.0789485140017786,121.55268313008004
34,7,active,10000,5,0.5684308845716683,0.051053497363814856,0.00014930619587390573,0.00024875467192368207,23.00119444956699
34,7,uniform,10000,5,0.5684308845716683,0.051053497363814856,0.0945360166678488,0.1413797177878247,124.36208730045212
34,8,active,10000,5,0.5684308845716683,0.051053497363814856,6.215980421160963e-05,6.840753477901257e-05,23.00049727843369
34,8,uniform,10000,5,0.5684308845716683,0.051053497363814856,0.03935764522442802,0.03639902736923278,119.63795623161548
34,9,active,10000,5,0.5684308845716683,0.051053497363814856,9.809377148512974e-05,0.00012437733596184103,23.00078475017188
34,9,uniform,10000,5,0.5684308845716683,0.051053497363814856,0.062109910187262564,0.06425333175788708,120.89139992910492
34,10,active,10000,5,0.5684308845716683,0.051053497363814856,6.846465761183029e-05,8.706413517328872e-05,23.000547717260893
34,10,uniform,10000,5,0.5684308845716683,0.051053497363814856,0.043349681339502635,0.05990012499922264,120.69550562496502
34,11,active,10000,5,0.5684308845716683,0.051053497363814856,6.357718392276286e-05,9.950186876947283e-05,23.000508617471382
34,11,uniform,10000,5,0.5684308845716683,0.051053497363814856,0.04025508575743179,0.04402335806369363,119.98105111286621
34,12,active,10000,5,0.5684308845716683,0.051053497363814856,0.00017001074024283747,0.0002052226043370377,23.00136008592194
34,12,uniform,10000,5,0.5684308845716683,0.051053497363814856,0.10764548704253248,0.12968202934061354,123.83569132032761
34,13,active,10000,5,0.5684308845716683,0.051053497363814856,7.609745095355641e-05,0.00010572073556756488,23.000608779607628
34,13,uniform,10000,5,0.5684308845716683,0.051053497363814856,0.04818252752086538,0.060099128736761584,120.70446079315427
34,14,active,10000,5,0.5684308845716683,0.051053497363814856,9.51442131106317e-05,0.0001430339363561172,23.000761153704886
34,14,uniform,10000,5,0.5684308845716683,0.051053497363814856,0.06024234201288414,0.06575207865622726,120.95884353953022
34,15,active,10000,5,0.5684308845716683,0.051053497363814856,0.00015246630190956373,0.00016169053675039335,23.001219730415276
34,15,uniform,10000,5,0.5684308845716683,0.051053497363814856,0.09653689704064876,0.07828309525438275,121.52273928644722
34,16,active,10000,5,0.5684308845716683,0.051053497363814856,5.7691725335030225e-05,3.109433399046026e-05,23.00046153380268
34,16,uniform,10000,5,0.5684308845716683,0.051053497363814856,0.03652859732945571,0.034912718204488775,119.57107231920199
34,17,active,10000,5,0.5684308845716683,0.051053497363814856,0.00014956593122327812,0.0002300980715294059,23.001196527449785
34,17,uniform,10000,5,0.5684308845716683,0.051053497363814856,0.09470047297303902,0.10922817644168879,122.915267939876
34,18,active,10000,5,0.5684308845716683,0.051053497363814856,0.000122395412094755,8.084526837519668e-05,23.00097916329676
34,18,uniform,10000,5,0.5684308845716683,0.051053497363814856,0.07749694947444799,0.07616868054303146,121.42759062443642
34,19,active,10000,5,0.5684308845716683,0.051053497363814856,0.00015784271199393088,0.00015547166995230128,23.001262741695953
34,19,uniform,10000,5,0.5684308845716683,0.051053497363814856,0.09994107186660728,0.08728801437802004,121.9279606470109
34,20,active,10000,5,0.5684308845716683,0.051053497363814856,9.144522995824592e-05,0.00010572073556756488,23.000731561839665
34,20,uniform,10000,5,0.5684308845716683,0.051053497363814856,0.05790026149235343,0.061728471837861704,120.77778123270377
34,21,active,10000,5,0.5684308845716683,0.051053497363814856,8.351891239078216e-05,0.0001927848707408536,23.000668151299127
34,21,uniform,10000,5,0.5684308845716683,0.051053497363814856,0.05288156494540447,0.07595102020509822,121.41779590922943
34,22,active,10000,5,0.5684308845716683,0.051053497363814856,8.387907799555991e-05,0.0001679094035484854,23.000671032623963
34,22,uniform,10000,5,0.5684308845716683,0.051053497363814856,0.05310961054937312,0.08076442310682147,121.63439903980696
34,23,active,10000,5,0.5684308845716683,0.051053497363814856,7.306316544872238e-05,7.462640157710462e-05,23.00058450532359
34,23,uniform,10000,5,0.5684308845716683,0.051053497363814856,0.04626131277566052,0.05177206609411633,120.32974297423523
34,24,active,10000,5,0.5684308845716683,0.051053497363814856,9.72061579503844e-05,0.00013059620275993308,23.000777649263604
34,24,uniform,10000,5,0.5684308845716683,0.051053497363814856,0.06154790103938013,0.07694603889279296,121.46257175017568
34,25,active,10000,5,0.5684308845716683,0.051053497363814856,7.771066104584126e-05,9.950186876947283e-05,23.000621685288365
34,25,uniform,10000,5,0.5684308845716683,0.051053497363814856,0.0492039617304879,0.04481315414705132,120.0165919366173
34,26,active,10000,5,0.5684308845716683,0.051053497363814856,0.00011083084100817729,8.706413517328872e-05,23.000886646728066
34,26,uniform,10000,5,0.5684308845716683,0.051053497363814856,0.0701746245126545,0.06429064495867563,120.8930790231404
34,27,active,10000,5,0.5684308845716683,0.051053497363814856,0.00014184652527800788,0.00017412827034657744,23.001134772202224
34,27,uniform,10000,5,0.5684308845716683,0.051053497363814856,0.08981278639824589,0.10791599554729137,122.85621979962811
34,28,active,10000,5,0.5684308845716683,0.051053497363814856,0.00011382123504217329,0.00013059620275993308,23.000910569880336
34,28,uniform,10000,5,0.5684308845716683,0.051053497363814856,0.072068048550266,0.10516725642253469,122.73252653901406
34,29,active,10000,5,0.5684308845716683,0.051053497363814856,0.00010392718823254085,4.353206758664436e-05,23.00083141750586
34,29,uniform,10000,5,0.5684308845716683,0.051053497363814856,0.065803447348493,0.06264886412397933,120.81919888557907
35,0,active,10000,2,0.4968694142198037,0.05383031172919259,0.00015858380158053492,8.084526837519668e-05,12.201268670412643
35,0,uniform,10000,2,0.4968694142198037,0.05383031172919259,0.10041030663006803,0.03872488355171921,65.74261975982736
35,1,active,10000,2,0.4968694142198037,0.05383031172919259,3.378344126517621e-05,1.8656600394276155e-05,12.20027026753012
35,1,uniform,10000,2,0.4968694142198037,0.05383031172919259,0.021390619108892422,0.00694025534667073,64.31231149060018
35,2,active,10000,2,0.4968694142198037,0.05383031172919259,7.942770325096785e-05,5.596980118282847e-05,12.200635421626007
35,2,uniform,10000,2,0.4968694142198037,0.05383031172919259,0.0502911391886281,0.026168991486371352,65.17760461688671
35,3,active,10000,2,0.4968694142198037,0.05383031172919259,6.215643155610406e-05,4.353206758664436e-05,12.200497251452449
35,3,uniform,10000,2,0.4968694142198037,0.05383031172919259,0.039355509764411614,0.016965068625195118,64.76342808813378
35,4,active,10000,2,0.4968694142198037,0.05383031172919259,6.572536584352473e-05,4.353206758664436e-05,12.200525802926748
35,4,uniform,10000,2,0.4968694142198037,0.05383031172919259,0.04161524740830179,0.0164302460805592,64.73936107362516
35,5,active,10000,2,0.4968694142198037,0.05383031172919259,8.724779415340833e-05,2.4875467192368208e-05,12.200697982353226
35,5,uniform,10000,2,0.4968694142198037,0.05383031172919259,0.055242576331481344,0.02776102138668292,65.24924596240074
35,6,active,10000,2,0.4968694142198037,0.05383031172919259,2.2712711666060537e-05,0.0,12.200181701693328
35,6,uniform,10000,2,0.4968694142198037,0.05383031172919259,0.014380979141997024,0.004371863359058713,64.19673385115765
35,7,active,10000,2,0.4968694142198037,0.05383031172919259,1.7813601888599928e-05,6.218866798092052e-06,12.200142508815109
35,7,uniform,10000,2,0.4968694142198037,0.05383031172919259,0.011279015952425104,0.005572104651090478,64.25074470929907
35,8,active,10000,2,0.4968694142198037,0.05383031172919259,7.75489003278576e-05,6.218866798092052e-05,12.200620391202623
35,8,uniform,10000,2,0.4968694142198037,0.05383031172919259,0.04910153989964873,0.022854335482988288,65.02844509673447
35,9,active,10000,2,0.4968694142198037,0.05383031172919259,0.00013564806611541733,0.00010572073556756488,12.201085184528923
35,9,uniform,10000,2,0.4968694142198037,0.05383031172919259,0.08588811578909865,0.06574585978942916,66.95856369052431
35,10,active,10000,2,0.4968694142198037,0.05383031172919259,0.0001570706824202059,9.950186876947283e-05,12.20125656545936
35,10,uniform,10000,2,0.4968694142198037,0.05383031172919259,0.09945224687026533,0.05934664585419245,66.67059906343866
35,11,active,10000,2,0.4968694142198037,0.05383031172919259,5.121211749323576e-05,4.9750934384736417e-05,12.200409696939944
35,11,uniform,10000,2,0.4968694142198037,0.05383031172919259,0.03242591216392274,0.01427851816841935,64.64253331757887
35,12,active,10000,2,0.4968694142198037,0.05383031172919259,8.308935757822544e-05,5.596980118282847e-05,12.200664714860626
35,12,uniform,10000,2,0.4968694142198037,0.05383031172919259,0.05260958426381233,0.022139165801207703,64.99626246105434
35,13,active,10000,2,0.4968694142198037,0.05383031172919259,5.31180198249763e-05,2.4875467192368208e-05,12.200424944158598
35,13,uniform,10000,2,0.4968694142198037,0.05383031172919259,0.033632669951493624,0.014695182243891517,64.66128320097512
35,14,active,10000,2,0.4968694142198037,0.05383031172919259,2.3091090890180188e-05,1.2437733596184104e-05,12.200184728727121
35,14,uniform,10000,2,0.4968694142198037,0.05383031172919259,0.014620557040500415,0.00797258723515401,64.35876642558193
35,15,active,10000,2,0.4968694142198037,0.05383031172919259,7.893593236996121e-05,4.9750934384736417e-05,12.20063148745896
35,15,uniform,10000,2,0.4968694142198037,0.05383031172919259,0.049979765237067736,0.026057051884005696,65.17256733478025
35,16,active,10000,2,0.4968694142198037,0.05383031172919259,0.00018196468969449917,9.950186876947283e-05,12.201455717517556
35,16,uniform,10000,2,0.4968694142198037,0.05383031172919259,0.1152143542150357,0.04901710810256155,66.20576986461526
35,17,active,10000,2,0.4968694142198037,0.05383031172919259,5.944014194251071e-05,4.9750934384736417e-05,12.20047552113554
35,17,uniform,10000,2,0.4968694142198037,0.05383031172919259,0.03763564007865096,0.018451377789939116,64.83031200054727
35,18,active,10000,2,0.4968694142198037,0.05383031172919259,3.8398500340382224e-05,3.109433399046026e-05,12.200307188002723
35,18,uniform,10000,2,0.4968694142198037,0.05383031172919259,0.02431273027185927,0.012269824192635618,64.5521420886686
35,19,active,10000,2,0.4968694142198037,0.05383031172919259,5.467117604240207e-05,1.8656600394276155e-05,12.200437369408338
35,19,uniform,10000,2,0.4968694142198037,0.05383031172919259,0.03461607992454623,0.019726245483547986,64.88768104675965
35,20,active,10000,2,0.4968694142198037,0.05383031172919259,0.00012059088511613344,4.9750934384736417e-05,12.200964727080928
35,20,uniform,10000,2,0.4968694142198037,0.05383031172919259,0.07635437939194237,0.039539555102269267,65.77927997960212
35,21,active,10000,2,0.4968694142198037,0.05383031172919259,6.842866548278231e-05,6.218866798092052e-05,12.200547429323862
35,21,uniform,10000,2,0.4968694142198037,0.05383031172919259,0.04332689224833118,0.025410289737004123,65.14346303816518
35,22,active,10000,2,0.4968694142198037,0.05383031172919259,9.472224769757273e-05,3.731320078855231e-05,12.200757777981579
35,22,uniform,10000,2,0.4968694142198037,0.05383031172919259,0.059975166701834844,0.024017263574231503,65.08077686084042
35,23,active,10000,2,0.4968694142198037,0.05383031172919259,2.8104971975050075e-05,0.0,12.2002248397758
35,23,uniform,10000,2,0.4968694142198037,0.05383031172919259,0.017795189834758793,0.00927854926275334,64.4175347168239
35,24,active,10000,2,0.4968694142198037,0.05383031172919259,8.445177910539059e-05,6.218866798092052e-05,12.200675614232843
35,24,uniform,10000,2,0.4968694142198037,0.05383031172919259,0.053472226992360816,0.03678459711071449,65.65530686998216
35,25,active,10000,2,0.4968694142198037,0.05383031172919259,8.968196127371458e-05,4.9750934384736417e-05,12.200717455690189
35,25,uniform,10000,2,0.4968694142198037,0.05383031172919259,0.05678381487225542,0.035229880411191475,65.58534461850361
35,26,active,10000,2,0.4968694142198037,0.05383031172919259,0.00012647210073844783,0.00010572073556756488,12.201011776805906
35,26,uniform,10000,2,0.4968694142198037,0.05383031172919259,0.0800781813069073,0.05412279774379512,66.43552589847079
35,27,active,10000,2,0.4968694142198037,0.05383031172919259,1.9633054265364575e-05,6.218866798092052e-06,12.200157064434123
35,27,uniform,10000,2,0.4968694142198037,0.05383031172919259,0.012431036330464308,0.006399213935236721,64.28796462708566
35,28,active,10000,2,0.4968694142198037,0.05383031172919259,0.00010949069201589973,8.084526837519668e-05,12.200875925536126
35,28,uniform,10000,2,0.4968694142198037,0.05383031172919259,0.06932608405701793,0.05143002842022127,66.31435127890995
35,29,active,10000,2,0.4968694142198037,0.05383031172919259,7.605531822234973e-05,3.731320078855231e-05,12.200608442545779
35,29,uniform,10000,2,0.4968694142198037,0.05383031172919259,0.04815585039229832,0.021455090453417577,64.96547907040379
36,0,active,10000,5,0.4657531639381523,0.04399170486987705,0.00010069761472031313,8.084526837519668e-05,23.000805580917763
36,0,uniform,10000,5,0.4657531639381523,0.04399170486987705,0.06375858234075756,0.0745579940423256,121.35510973190465
36,1,active,10000,5,0.4657531639381523,0.04399170486987705,0.00010825387713111687,0.00010572073556756488,23.00086603101705
36,1,uniform,10000,5,0.4657531639381523,0.04399170486987705,0.06854297152859756,0.08242486054191206,121.70911872438604
36,2,active,10000,5,0.4657531639381523,0.04399170486987705,0.00017123831641783702,0.00019900373753894567,23.00136990653134
36,2,uniform,10000,5,0.4657531639381523,0.04399170486987705,0.10842274990866503,0.11038488566613391,122.96731985497603
36,3,active,10000,5,0.4657531639381523,0.04399170486987705,0.00017782246897945705,0.0001430339363561172,23.001422579751836
36,3,uniform,10000,5,0.4657531639381523,0.04399170486987705,0.1125916295232677,0.07563385799839553,121.4035236099278
36,4,active,10000,5,0.4657531639381523,0.04399170486987705,8.701321047451319e-05,4.9750934384736417e-05,23.000696105683797
36,4,uniform,10000,5,0.4657531639381523,0.04399170486987705,0.055094045277841064,0.05631183885672353,120.53403274855256
36,5,active,10000,5,0.4657531639381523,0.04399170486987705,0.0001320900461035321,0.00017412827034657744,23.00105672036883
36,5,uniform,10000,5,0.4657531639381523,0.04399170486987705,0.08363528872335776,0.11950796325893495,123.37785834665208
36,6,active,10000,5,0.4657531639381523,0.04399170486987705,0.00015490486769695333,0.00015547166995230128,23.001239238941576
36,6,uniform,10000,5,0.4657531639381523,0.04399170486987705,0.09808092067994748,0.11691469580413057,123.26116131118587
36,7,active,10000,5,0.4657531639381523,0.04399170486987705,7.757055712306546e-05,5.596980118282847e-05,23.000620564456984
36,7,uniform,10000,5,0.4657531639381523,0.04399170486987705,0.04911525230548312,0.05270489611383014,120.37172032512235
36,8,active,10000,5,0.4657531639381523,0.04399170486987705,0.00014860223707474987,0.0001430339363561172,23.001188817896598
36,8,uniform,10000,5,0.4657531639381523,0.04399170486987705,0.09409029195846806,0.12429649069346584,123.59334208120596
36,9,active,10000,5,0.4657531639381523,0.04399170486987705,0.00011537744800423078,0.00015547166995230128,23.000923019584032
36,9,uniform,10000,5,0.4657531639381523,0.04399170486987705,0.07305339395849889,0.09089495712091343,122.0902730704411
36,10,active,10000,5,0.4657531639381523,0.04399170486987705,4.111181881296874e-05,5.596980118282847e-05,23.000328894550503
36,10,uniform,10000,5,0.4657531639381523,0.04399170486987705,0.026030718724010932,0.03345128450693714,119.50530780281217
36,11,active,10000,5,0.4657531639381523,0.04399170486987705,0.00011995014153050321,0.00011815846916374898,23.000959601132244
36,11,uniform,10000,5,0.4657531639381523,0.04399170486987705,0.07594868057998805,0.06953936853626533,121.12927158413194
36,12,active,10000,5,0.4657531639381523,0.04399170486987705,0.00016670905245423293,0.00019900373753894567,23.001333672419634
36,12,uniform,10000,5,0.4657531639381523,0.04399170486987705,0.10555496152891895,0.1356770169339743,124.10546576202884
36,13,active,10000,5,0.4657531639381523,0.04399170486987705,0.00011590021688797497,0.00011815846916374898,23.000927201735102
36,13,uniform,10000,5,0.4657531639381523,0.04399170486987705,0.07338439487659339,0.08335147169482778,121.75081622626725
36,14,active,10000,5,0.4657531639381523,0.04399170486987705,0.00011039019951304338,0.00013681506955802515,23.000883121596104
36,14,uniform,10000,5,0.4657531639381523,0.04399170486987705,0.06989562409016707,0.0884074104016766,121.97833346807545
36,15,active,10000,5,0.4657531639381523,0.04399170486987705,8.643483595708462e-05,8.706413517328872e-05,23.000691478687656
36,15,uniform,10000,5,0.4657531639381523,0.04399170486987705,0.054727836610507924,0.08603180328480545,121.87143114781624
36,16,active,10000,5,0.4657531639381523,0.04399170486987705,8.791732333190971e-05,3.731320078855231e-05,23.000703338586654
36,16,uniform,10000,5,0.4657531639381523,0.04399170486987705,0.05566650128113405,0.03828334400905467,119.72275048040746
36,17,active,10000,5,0.4657531639381523,0.04399170486987705,8.78057123655171e-05,8.706413517328872e-05,23.000702445698924
36,17,uniform,10000,5,0.4657531639381523,0.04399170486987705,0.055595832705635395,0.09231285875087841,122.15407864378953
36,18,active,10000,5,0.4657531639381523,0.04399170486987705,0.00011130208304270875,2.4875467192368208e-05,23.00089041666434
36,18,uniform,10000,5,0.4657531639381523,0.04399170486987705,0.07047300024024575,0.046865380190421704,120.10894210856898
36,19,active,10000,5,0.4657531639381523,0.04399170486987705,7.887024813334198e-05,9.950186876947283e-05,23.000630961985067
36,19,uniform,10000,5,0.4657531639381523,0.04399170486987705,0.04993817603142893,0.06925951953035119,121.1166783788658
36,20,active,10000,5,0.4657531639381523,0.04399170486987705,9.469597329328852e-05,7.462640157710462e-05,23.000757567786348
36,20,uniform,10000,5,0.4657531639381523,0.04399170486987705,0.059958530570276725,0.05815262342895877,120.61686805430314
36,21,active,10000,5,0.4657531639381523,0.04399170486987705,0.00016077150224100972,0.00011193960236565693,23.001286172017927
36,21,uniform,10000,5,0.4657531639381523,0.04399170486987705,0.1017954903117746,0.08509275439829354,121.82917394792321
36,22,active,10000,5,0.4657531639381523,0.04399170486987705,0.00017975088285461516,8.084526837519668e-05,23.001438007062838
36,22,uniform,10000,5,0.4657531639381523,0.04399170486987705,0.11381264091652601,0.09220713801531084,122.14932121068898
36,23,active,10000,5,0.4657531639381523,0.04399170486987705,0.00018065085517249627,0.0002176603379332218,23.00144520684138
36,23,uniform,10000,5,0.4657531639381523,0.04399170486987705,0.11438247525959472,0.1377168052437485,124.19725623596868
36,24,active,10000,5,0.4657531639381523,0.04399170486987705,9.214198433273382e-05,0.00010572073556756488,23.00073713587466
36,24,uniform,10000,5,0.4657531639381523,0.04399170486987705,0.058341424585226884,0.08032910243095503,121.61480960939298
36,25,active,10000,5,0.4657531639381523,0.04399170486987705,0.00023562625919687497,0.0002922867395103264,23.001885010073575
36,25,uniform,10000,5,0.4657531639381523,0.04399170486987705,0.14919118283365762,0.17825759790051057,126.02159190552298
36,26,active,10000,5,0.4657531639381523,0.04399170486987705,0.00010216128018332785,0.00011193960236565693,23.000817290241468
36,26,uniform,10000,5,0.4657531639381523,0.04399170486987705,0.0646853295651463,0.07273586607048464,121.2731139731718
36,27,active,10000,5,0.4657531639381523,0.04399170486987705,0.00011510366067382649,0.00010572073556756488,23.00092082928539
36,27,uniform,10000,5,0.4657531639381523,0.04399170486987705,0.07288004037814916,0.09207654181255091,122.14344438156479
36,28,active,10000,5,0.4657531639381523,0.04399170486987705,0.00015235519893502456,0.00015547166995230128,23.00121884159148
36,28,uniform,10000,5,0.4657531639381523,0.04399170486987705,0.0964665501096895,0.08679672390097076,121.90585257554369
36,29,active,10000,5,0.4657531639381523,0.04399170486987705,0.00011650595134086311,0.00012437733596184103,23.00093204761073
36,29,uniform,10000,5,0.4657531639381523,0.04399170486987705,0.07376792699991719,0.07911642340532708,121.56023905323971
37,0,active,10000,5,0.5143959735314111,0.08620183560807179,0.00012811191053498788,0.00013681506955802515,23.00102489528428
37,0,uniform,10000,5,0.5143959735314111,0.08620183560807179,0.08111645761780506,0.061417528497957105,120.76378878240807
37,1,active,10000,5,0.5143959735314111,0.08620183560807179,8.996627043780792e-05,4.9750934384736417e-05,23.000719730163503
37,1,uniform,10000,5,0.5143959735314111,0.08620183560807179,0.056963830548823355,0.04340147138388443,119.9530662122748
37,2,active,10000,5,0.5143959735314111,0.08620183560807179,0.0001466044902899942,0.00011815846916374898,23.00117283592232
37,2,uniform,10000,5,0.5143959735314111,0.08620183560807179,0.09282538113380318,0.12180272510743093,123.48112262983439
37,3,active,10000,5,0.5143959735314111,0.08620183560807179,0.00010786510399447141,0.00011815846916374898,23.000862920831956
37,3,uniform,10000,5,0.5143959735314111,0.08620183560807179,0.06829681252956613,0.07054682495755624,121.17460712309003
37,4,active,10000,5,0.5143959735314111,0.08620183560807179,0.0001328715665331326,0.00022387920473131387,23.001062972532264
37,4,uniform,10000,5,0.5143959735314111,0.08620183560807179,0.08413012303301697,0.11003662912544077,122.95164831064483
37,5,active,10000,5,0.5143959735314111,0.08620183560807179,0.00010703925002450432,0.0001803471371446695,23.000856314000195
37,5,uniform,10000,5,0.5143959735314111,0.08620183560807179,0.06777390760783127,0.08344475469679916,121.75501396135596
37,6,active,10000,5,0.5143959735314111,0.08620183560807179,0.00012251192970845481,0.00015547166995230128,23.00098009543767
37,6,uniform,10000,5,0.5143959735314111,0.08620183560807179,0.07757072478565444,0.10642968638254738,122.78933588721463
37,7,active,10000,5,0.5143959735314111,0.08620183560807179,0.00013831116796723247,0.00012437733596184103,23.001106489343737
37,7,uniform,10000,5,0.5143959735314111,0.08620183560807179,0.08757430864652965,0.05733795187840872,120.5802078345284
37,8,active,10000,5,0.5143959735314111,0.08620183560807179,9.713271085563802e-05,0.00017412827034657744,23.000777061686843
37,8,uniform,10000,5,0.5143959735314111,0.08620183560807179,0.06150139663460666,0.08000572135745425,121.60025746108545
37,9,active,10000,5,0.5143959735314111,0.08620183560807179,0.00013082557211369777,0.00014925280315420924,23.00104660457691
37,9,uniform,10000,5,0.5143959735314111,0.08620183560807179,0.08283466331409145,0.09446458666301827,122.25090639983583
37,10,active,10000,5,0.5143959735314111,0.08620183560807179,0.00021389157858352909,0.0002922867395103264,23.001711132628667
37,10,uniform,10000,5,0.5143959735314111,0.08620183560807179,0.13542946238587417,0.1681332827532167,125.56599772389475
37,11,active,10000,5,0.5143959735314111,0.08620183560807179,7.279327641011857e-05,0.00013059620275993308,23.00058234621128
37,11,uniform,10000,5,0.5143959735314111,0.08620183560807179,0.046090427471824555,0.05154818688938501,120.31966841002233
37,12,active,10000,5,0.5143959735314111,0.08620183560807179,9.96730230651624e-05,0.00018656600394276155,23.000797384184523
37,12,uniform,10000,5,0.5143959735314111,0.08620183560807179,0.06310984292828409,0.08634274662471005,121.88542359811196
37,13,active,10000,5,0.5143959735314111,0.08620183560807179,0.00015203949239107895,0.0001679094035484854,23.00121631593913
37,13,uniform,10000,5,0.5143959735314111,0.08620183560807179,0.09626665459341228,0.08402310930902171,121.78103991890598
37,14,active,10000,5,0.5143959735314111,0.08620183560807179,0.0001116664300281553,0.00016169053675039335,23.000893331440224
37,14,uniform,10000,5,0.5143959735314111,0.08620183560807179,0.07070369336377838,0.08486265632676414,121.81881953470439
37,15,active,10000,5,0.5143959735314111,0.08620183560807179,6.442002019087234e-05,0.00015547166995230128,23.000515360161526
37,15,uniform,10000,5,0.5143959735314111,0.08620183560807179,0.04078874333957672,0.058643913906008045,120.63897612577036
37,16,active,10000,5,0.5143959735314111,0.08620183560807179,9.801547211874678e-05,0.00017412827034657744,23.00078412377695
37,16,uniform,10000,5,0.5143959735314111,0.08620183560807179,0.0620603334757163,0.07409779789926679,121.334400905467
37,17,active,10000,5,0.5143959735314111,0.08620183560807179,8.478919704118376e-05,0.00013059620275993308,23.00067831357633
37,17,uniform,10000,5,0.5143959735314111,0.08620183560807179,0.05368586948334844,0.07498087698459587,121.37413946430681
37,18,active,10000,5,0.5143959735314111,0.08620183560807179,6.42063799517617e-05,0.00011815846916374898,23.000513651039615
37,18,uniform,10000,5,0.5143959735314111,0.08620183560807179,0.04065347301747613,0.049452428778427995,120.22535929502926
37,19,active,10000,5,0.5143959735314111,0.08620183560807179,8.749548581477029e-05,8.084526837519668e-05,23.000699963886518
37,19,uniform,10000,5,0.5143959735314111,0.08620183560807179,0.055399406949834536,0.043476097785461534,119.95642440034577
37,20,active,10000,5,0.5143959735314111,0.08620183560807179,7.463501116049959e-05,0.00013681506955802515,23.000597080089285
37,20,uniform,10000,5,0.5143959735314111,0.08620183560807179,0.04725655635239123,0.047518361204221364,120.13832625418996
37,21,active,10000,5,0.5143959735314111,0.08620183560807179,0.00013893586315674722,0.00013681506955802515,23.001111486905256
37,21,uniform,10000,5,0.5143959735314111,0.08620183560807179,0.08796984611568799,0.07437142803838284,121.34671426172723
37,22,active,10000,5,0.5143959735314111,0.08620183560807179,0.00011772341096574074,0.0001927848707408536,23.000941787287726
37,22,uniform,10000,5,0.5143959735314111,0.08620183560807179,0.07453878438276604,0.07476321664666265,121.36434474909981
37,23,active,10000,5,0.5143959735314111,0.08620183560807179,0.00010273848294584803,0.00013681506955802515,23.000821907863568
37,23,uniform,10000,5,0.5143959735314111,0.08620183560807179,0.06505079631390764,0.07744976710343841,121.48523951965473
37,24,active,10000,5,0.5143959735314111,0.08620183560807179,0.00012831206332779288,0.00016169053675039335,23.001026496506622
37,24,uniform,10000,5,0.5143959735314111,0.08620183560807179,0.08124318811048946,0.08190869459767042,121.68589125689518
37,25,active,10000,5,0.5143959735314111,0.08620183560807179,0.00012865795275775194,0.00013681506955802515,23.001029263622062
37,25,uniform,10000,5,0.5143959735314111,0.08620183560807179,0.08146219448679787,0.0893464592881885,122.02059066796848
37,26,active,10000,5,0.5143959735314111,0.08620183560807179,0.00011459326208401732,0.0001430339363561172,23.00091674609667
37,26,uniform,10000,5,0.5143959735314111,0.08620183560807179,0.07255687194352953,0.08208282286801699,121.69372702906077
37,27,active,10000,5,0.5143959735314111,0.08620183560807179,0.0001014920730752003,0.00013059620275993308,23.0008119365846
37,27,uniform,10000,5,0.5143959735314111,0.08620183560807179,0.06426160854029173,0.09023575724031567,122.0606090758142
37,28,active,10000,5,0.5143959735314111,0.08620183560807179,7.551825357808573e-05,7.462640157710462e-05,23.000604146028625
37,28,uniform,10000,5,0.5143959735314111,0.08620183560807179,0.0478157978455049,0.05331434506004316,120.39914552770195
37,29,active,10000,5,0.5143959735314111,0.08620183560807179,0.00012872815998165102,0.00022387920473131387,23.001029825279854
37,29,uniform,10000,5,0.5143959735314111,0.08620183560807179,0.08150664750662526,0.12491837737327505,123.62132698179738
38,0,active,10000,3,0.7019832206473657,0.04936720112441738,0.00014725861828217626,0.00016169053675039335,15.801178068946259
38,0,uniform,10000,3,0.7019832206473657,0.04936720112441738,0.09323955453375739,0.09301559069906282,86.18570158145782
38,1,active,10000,3,0.7019832206473657,0.04936720112441738,6.425183633998119e-05,9.328300197138078e-05,15.800514014690721
38,1,uniform,10000,3,0.7019832206473657,0.04936720112441738,0.04068225458177116,0.03484431066970976,83.56799398013693
38,2,active,10000,3,0.7019832206473657,0.04936720112441738,9.883241680511134e-05,9.950186876947283e-05,15.800790659334442
38,2,uniform,10000,3,0.7019832206473657,0.04936720112441738,0.06257759731753261,0.054334239214930254,84.44504076467186
38,3,active,10000,3,0.7019832206473657,0.04936720112441738,0.0001304333016777376,8.706413517328872e-05,15.801043466413423
38,3,uniform,10000,3,0.7019832206473657,0.04936720112441738,0.08258628993443264,0.05420986187896842,84.43944378455357
38,4,active,10000,3,0.7019832206473657,0.04936720112441738,0.00010631946121978861,0.00011193960236565693,15.80085055568976
38,4,uniform,10000,3,0.7019832206473657,0.04936720112441738,0.06731815983365481,0.05999340800119402,84.69970336005373
38,5,active,10000,3,0.7019832206473657,0.04936720112441738,5.9640523581309945e-05,4.353206758664436e-05,15.800477124188651
38,5,uniform,10000,3,0.7019832206473657,0.04936720112441738,0.03776251546934707,0.02116280371390725,82.95232616712583
38,6,active,10000,3,0.7019832206473657,0.04936720112441738,8.363866556256039e-05,8.084526837519668e-05,15.8006691093245
38,6,uniform,10000,3,0.7019832206473657,0.04936720112441738,0.052957388910869735,0.04446489760635817,84.00092039228612
38,7,active,10000,3,0.7019832206473657,0.04936720112441738,9.1933785717431e-05,9.328300197138078e-05,15.80073547028574
38,7,uniform,10000,3,0.7019832206473657,0.04936720112441738,0.05820959972928562,0.04430942593640587,83.99392416713826
38,8,active,10000,3,0.7019832206473657,0.04936720112441738,0.0001196387165160219,0.00010572073556756488,15.80095710973213
38,8,uniform,10000,3,0.7019832206473657,0.04936720112441738,0.07575149599441076,0.07241870386378194,85.2588416738702
38,9,active,10000,3,0.7019832206473657,0.04936720112441738,0.00010490664483000373,9.950186876947283e-05,15.80083925315864
38,9,uniform,10000,3,0.7019832206473657,0.04936720112441738,0.0664236086531769,0.05098227001075864,84.29420215048414
38,10,active,10000,3,0.7019832206473657,0.04936720112441738,9.44583902645936e-05,5.596980118282847e-05,15.800755667122118
38,10,uniform,10000,3,0.7019832206473657,0.04936720112441738,0.05980810042211907,0.039564430569461635,83.78039937562578
38,11,active,10000,3,0.7019832206473657,0.04936720112441738,0.00011241368541988622,0.00011193960236565693,15.80089930948336
38,11,uniform,10000,3,0.7019832206473657,0.04936720112441738,0.07117683212240936,0.07264258306851326,85.2689162380831
38,12,active,10000,3,0.7019832206473657,0.04936720112441738,0.00014008333352123065,4.353206758664436e-05,15.80112066666817
38,12,uniform,10000,3,0.7019832206473657,0.04936720112441738,0.08869638848636356,0.03473237106734411,83.56295669803049
38,13,active,10000,3,0.7019832206473657,0.04936720112441738,9.388376667587503e-05,9.950186876947283e-05,15.800751070133408
38,13,uniform,10000,3,0.7019832206473657,0.04936720112441738,0.05944426672561293,0.04692756885840262,84.11174059862812
38,14,active,10000,3,0.7019832206473657,0.04936720112441738,8.435267312508626e-05,8.706413517328872e-05,15.800674821385002
38,14,uniform,10000,3,0.7019832206473657,0.04936720112441738,0.0534094761831868,0.030951300054104142,83.39280850243469
38,15,active,10000,3,0.7019832206473657,0.04936720112441738,0.00013852258872259007,8.084526837519668e-05,15.80110818070978
38,15,uniform,10000,3,0.7019832206473657,0.04936720112441738,0.08770817366088278,0.05029819466296851,84.26341875983358
38,16,active,10000,3,0.7019832206473657,0.04936720112441738,0.0002310737164802415,0.00016169053675039335,15.801848589731843
38,16,uniform,10000,3,0.7019832206473657,0.04936720112441738,0.14630865507508609,0.08924695741941903,86.01611308387386
38,17,active,10000,3,0.7019832206473657,0.04936720112441738,0.00017001068363365138,0.00013681506955802515,15.80136008546907
38,17,uniform,10000,3,0.7019832206473657,0.04936720112441738,0.10764545119935817,0.07494356378380732,85.37246037027133
38,18,active,10000,3,0.7019832206473657,0.04936720112441738,0.00012596001582937388,0.00011193960236565693,15.801007680126636
38,18,uniform,10000,3,0.7019832206473657,0.04936720112441738,0.0797539451476391,0.06266752072437361,84.82003843259682
38,19,active,10000,3,0.7019832206473657,0.04936720112441738,0.00017799086462975955,0.00010572073556756488,15.801423926917039
38,19,uniform,10000,3,0.7019832206473657,0.04936720112441738,0.11269825238584956,0.07289755660723503,85.28039004732558
38,20,active,10000,3,0.7019832206473657,0.04936720112441738,0.00014463741142684006,0.00013059620275993308,15.801157099291416
38,20,uniform,10000,3,0.7019832206473657,0.04936720112441738,0.09157988827863808,0.07650449935012842,85.44270247075578
38,21,active,10000,3,0.7019832206473657,0.04936720112441738,0.0001401861584152883,7.462640157710462e-05,15.801121489267324
38,21,uniform,10000,3,0.7019832206473657,0.04936720112441738,0.08876149399545383,0.04855069309270465,84.18478118917172
38,22,active,10000,3,0.7019832206473657,0.04936720112441738,0.00013187533891882014,0.00013059620275993308,15.801055002711351
38,22,uniform,10000,3,0.7019832206473657,0.04936720112441738,0.08349934284467943,0.06897967052443704,85.10408517359967
38,23,active,10000,3,0.7019832206473657,0.04936720112441738,9.352271255036806e-05,4.353206758664436e-05,15.800748181700405
38,23,uniform,10000,3,0.7019832206473657,0.04936720112441738,0.059215658538028,0.023351844826835656,83.05083301720761
38,24,active,10000,3,0.7019832206473657,0.04936720112441738,0.00010275229888118478,7.462640157710462e-05,15.80082201839105
38,24,uniform,10000,3,0.7019832206473657,0.04936720112441738,0.06505954413234276,0.040795766195483855,83.83580947879678
38,25,active,10000,3,0.7019832206473657,0.04936720112441738,0.0001063415868637757,0.00011193960236565693,15.800850732694911
38,25,uniform,10000,3,0.7019832206473657,0.04936720112441738,0.06733216909988059,0.05435911468212262,84.44616016069551
38,26,active,10000,3,0.7019832206473657,0.04936720112441738,9.85936591315073e-05,6.840753477901257e-05,15.800788749273053
38,26,uniform,10000,3,0.7019832206473657,0.04936720112441738,0.0624264234209829,0.03891144955566197,83.75101523000478
38,27,active,10000,3,0.7019832206473657,0.04936720112441738,3.314178090711023e-05,1.8656600394276155e-05,15.800265134247258
38,27,uniform,10000,3,0.7019832206473657,0.04936720112441738,0.020984339825284186,0.012039726121106212,82.54178767544978
38,28,active,10000,3,0.7019832206473657,0.04936720112441738,0.0001071977602734274,7.462640157710462e-05,15.800857582082187
38,28,uniform,10000,3,0.7019832206473657,0.04936720112441738,0.06787427134318308,0.03649852923800225,83.6424338157101
38,29,active,10000,3,0.7019832206473657,0.04936720112441738,6.673279554947342e-05,6.840753477901257e-05,15.800533862364396
38,29,uniform,10000,3,0.7019832206473657,0.04936720112441738,0.04225312041093546,0.02927842488541738,83.31752911984378
39,0,active,10000,4,0.5644381611352365,0.04596686356591312,0.0001390834253239652,0.0001430339363561172,19.40111266740259
39,0,uniform,10000,4,0.5644381611352365,0.04596686356591312,0.08806327786794031,0.07791618211329532,103.50622819509829
39,1,active,10000,4,0.5644381611352365,0.04596686356591312,8.44434758093364e-05,3.731320078855231e-05,19.400675547806472
39,1,uniform,10000,4,0.5644381611352365,0.04596686356591312,0.05346696960484584,0.04430942593640587,101.99392416713826
39,2,active,10000,4,0.5644381611352365,0.04596686356591312,0.0001732443065985169,8.706413517328872e-05,19.40138595445279
39,2,uniform,10000,4,0.5644381611352365,0.04596686356591312,0.10969288019391252,0.07381794889335265,103.32180770020086
39,3,active,10000,4,0.5644381611352365,0.04596686356591312,0.00014546729953025458,0.00014925280315420924,19.401163738396242
39,3,uniform,10000,4,0.5644381611352365,0.04596686356591312,0.09210534748760382,0.0976424275968433,104.39390924185795
39,4,active,10000,4,0.5644381611352365,0.04596686356591312,4.3176565485102125e-05,4.353206758664436e-05,19.40034541252388
39,4,uniform,10000,4,0.5644381611352365,0.04596686356591312,0.027338051783260313,0.025323225601830833,101.13954515208239
39,5,active,10000,4,0.5644381611352365,0.04596686356591312,0.00014112385933588711,9.328300197138078e-05,19.401128990874685
39,5,uniform,10000,4,0.5644381611352365,0.04596686356591312,0.0893552169105846,0.06727570102175981,103.02740654597919
39,6,active,10000,4,0.5644381611352365,0.04596686356591312,9.565943799389257e-05,8.084526837519668e-05,19.40076527550395
39,6,uniform,10000,4,0.5644381611352365,0.04596686356591312,0.060568566305645395,0.03753086112648553,101.68888875069185
39,7,active,10000,4,0.5644381611352365,0.04596686356591312,6.387564273128629e-05,6.840753477901257e-05,19.400511005141848
39,7,uniform,10000,4,0.5644381611352365,0.04596686356591312,0.04044406054668111,0.03834553267703559,101.7255489704666
39,8,active,10000,4,0.5644381611352365,0.04596686356591312,0.00013113966850236344,0.00015547166995230128,19.401049117348016
39,8,uniform,10000,4,0.5644381611352365,0.04596686356591312,0.08303353933034965,0.07545351086125086,103.39540798875629
39,9,active,10000,4,0.5644381611352365,0.04596686356591312,0.0001424453032997791,0.00012437733596184103,19.401139562426398
39,9,uniform,10000,4,0.5644381611352365,0.04596686356591312,0.09019191392684016,0.08547832413977526,103.84652458628989
39,10,active,10000,4,0.5644381611352365,0.04596686356591312,6.388878106760795e-05,6.218866798092052e-05,19.40051111024854
39,10,uniform,10000,4,0.5644381611352365,0.04596686356591312,0.040452379330559715,0.04589523696991934,102.06528566364636
39,11,active,10000,4,0.5644381611352365,0.04596686356591312,0.00010805871628595531,2.4875467192368208e-05,19.400864469730287
39,11,uniform,10000,4,0.5644381611352365,0.04596686356591312,0.06841940178119557,0.044185048600444025,101.98832718701998
39,12,active,10000,4,0.5644381611352365,0.04596686356591312,9.549429743412052e-05,0.00012437733596184103,19.40076395437947
39,12,uniform,10000,4,0.5644381611352365,0.04596686356591312,0.060464004464663726,0.05480687309158525,102.46630928912134
39,13,active,10000,4,0.5644381611352365,0.04596686356591312,0.00012735270911391067,0.00016169053675039335,19.40101882167291
39,13,uniform,10000,4,0.5644381611352365,0.04596686356591312,0.08063575500683848,0.08373082256951138,103.767887015628
39,14,active,10000,4,0.5644381611352365,0.04596686356591312,6.930593885319872e-05,0.00011193960236565693,19.400554447510824
39,14,uniform,10000,4,0.5644381611352365,0.04596686356591312,0.043882354327339584,0.06148593603273612,102.76686712147313
39,15,active,10000,4,0.5644381611352365,0.04596686356591312,0.00014389681988285705,0.00011815846916374898,19.40115117455906
39,15,uniform,10000,4,0.5644381611352365,0.04596686356591312,0.09111096886013625,0.0852046940006592,103.83421123002967
39,16,active,10000,4,0.5644381611352365,0.04596686356591312,0.00019422521560960582,0.0002300980715294059,19.401553801724877
39,16,uniform,10000,4,0.5644381611352365,0.04596686356591312,0.12297733602225944,0.11924677085341509,105.36610468840368
39,17,active,10000,4,0.5644381611352365,0.04596686356591312,0.00017690320076029636,0.00019900373753894567,19.40141522560608
39,17,uniform,10000,4,0.5644381611352365,0.04596686356591312,0.112009577618593,0.14722545257803124,106.62514536601141
39,18,active,10000,4,0.5644381611352365,0.04596686356591312,0.0001381180693076356,0.00010572073556756488,19.40110494455446
39,18,uniform,10000,4,0.5644381611352365,0.04596686356591312,0.08745204461060352,0.09367479057966058,104.21536557608472
39,19,active,10000,4,0.5644381611352365,0.04596686356591312,3.720553771756688e-05,5.596980118282847e-05,19.400297644301737
39,19,uniform,10000,4,0.5644381611352365,0.04596686356591312,0.023557383625109028,0.02233816953874665,101.0052176292436
39,20,active,10000,4,0.5644381611352365,0.04596686356591312,0.00021948259372038884,0.0001927848707408536,19.401755860749763
39,20,uniform,10000,4,0.5644381611352365,0.04596686356591312,0.1389695184235653,0.11072692334002898,104.9827115503013
39,21,active,10000,4,0.5644381611352365,0.04596686356591312,8.563393255551707e-05,5.596980118282847e-05,19.400685071460444
39,21,uniform,10000,4,0.5644381611352365,0.04596686356591312,0.0542207296088128,0.052393952773925535,102.35772787482665
39,22,active,10000,4,0.5644381611352365,0.04596686356591312,0.00011205071548883727,5.596980118282847e-05,19.40089640572391
39,22,uniform,10000,4,0.5644381611352365,0.04596686356591312,0.07094701090665856,0.057673770685505686,102.59531968084775
39,23,active,10000,4,0.5644381611352365,0.04596686356591312,4.861031901234533e-05,6.218866798092052e-06,19.400388882552097
39,23,uniform,10000,4,0.5644381611352365,0.04596686356591312,0.030778534684943373,0.023171497689690984,101.0427173960361
39,24,active,10000,4,0.5644381611352365,0.04596686356591312,7.523847067517075e-05,8.706413517328872e-05,19.4006019077654
39,24,uniform,10000,4,0.5644381611352365,0.04596686356591312,0.047638648055974786,0.05894863837911456,102.65268872706015
39,25,active,10000,4,0.5644381611352365,0.04596686356591312,0.00012545758598925955,7.462640157710462e-05,19.401003660687913
39,25,uniform,10000,4,0.5644381611352365,0.04596686356591312,0.07943582227628924,0.061324245495985724,102.75959104731936
39,26,active,10000,4,0.5644381611352365,0.04596686356591312,7.395266628220515e-05,6.218866798092052e-05,19.400591621330257
39,26,uniform,10000,4,0.5644381611352365,0.04596686356591312,0.046824516902116475,0.03070254538218046,101.38161454219812
39,27,active,10000,4,0.5644381611352365,0.04596686356591312,6.040409753544154e-05,4.9750934384736417e-05,19.40048323278028
39,27,uniform,10000,4,0.5644381611352365,0.04596686356591312,0.038245986631647626,0.03706444611662863,101.66790007524828
39,28,active,10000,4,0.5644381611352365,0.04596686356591312,0.00016500780952390104,0.00013059620275993308,19.40132006247619
39,28,uniform,10000,4,0.5644381611352365,0.04596686356591312,0.10447778767764682,0.09816481240788304,104.41741655835473
39,29,active,10000,4,0.5644381611352365,0.04596686356591312,8.622871734766113e-05,8.084526837519668e-05,19.40068982973878
39,29,uniform,10000,4,0.5644381611352365,0.04596686356591312,0.05459732874924052,0.06641127853682502,102.98850753415712
40,0,active,10000,4,0.6638426298076361,0.13617298663878732,0.00013027505759198588,7.462640157710462e-05,19.401042200460733
40,0,uniform,10000,4,0.6638426298076361,0.13617298663878732,0.0824860947252437,0.06462024489897451,102.90791102045385
40,1,active,10000,4,0.6638426298076361,0.13617298663878732,9.676340824921192e-05,3.731320078855231e-05,19.400774107265992
40,1,uniform,10000,4,0.6638426298076361,0.13617298663878732,0.061267565766713925,0.04435295800399251,101.99588311017966
40,2,active,10000,4,0.6638426298076361,0.13617298663878732,0.00013786131000113888,9.950186876947283e-05,19.401102890480008
40,2,uniform,10000,4,0.6638426298076361,0.13617298663878732,0.08728947264266793,0.07782911797812203,103.50231030901548
40,3,active,10000,4,0.6638426298076361,0.13617298663878732,9.810168743022707e-05,3.731320078855231e-05,19.400784813499442
40,3,uniform,10000,4,0.6638426298076361,0.13617298663878732,0.06211492231629748,0.049974813589467725,102.24886661152605
40,4,active,10000,4,0.6638426298076361,0.13617298663878732,0.000138961510116567,9.950186876947283e-05,19.40111169208093
40,4,uniform,10000,4,0.6638426298076361,0.13617298663878732,0.08798608496906125,0.07881169893222056,103.54652645194993
40,5,active,10000,4,0.6638426298076361,0.13617298663878732,6.952199151594174e-05,5.596980118282847e-05,19.400556175932127
40,5,uniform,10000,4,0.6638426298076361,0.13617298663878732,0.04401915212068673,0.027058289438498518,101.21762302473243
40,6,active,10000,4,0.6638426298076361,0.13617298663878732,0.00010679512841808847,0.00011193960236565693,19.400854361027342
40,6,uniform,10000,4,0.6638426298076361,0.13617298663878732,0.06761933743666047,0.07687763135801394,103.45949341111063
40,7,active,10000,4,0.6638426298076361,0.13617298663878732,5.663973980155057e-05,4.9750934384736417e-05,19.40045311791841
40,7,uniform,10000,4,0.6638426298076361,0.13617298663878732,0.0358625129694263,0.028233655263337914,101.2705144868502
40,8,active,10000,4,0.6638426298076361,0.13617298663878732,0.0001275802849447505,9.328300197138078e-05,19.401020642279555
40,8,uniform,10000,4,0.6638426298076361,0.13617298663878732,0.08077984891004932,0.0634510979409332,102.85529940734199
40,9,active,10000,4,0.6638426298076361,0.13617298663878732,0.00010459905002624392,8.084526837519668e-05,19.40083679240021
40,9,uniform,10000,4,0.6638426298076361,0.13617298663878732,0.06622884923725834,0.08406042250981026,103.78271901294146
40,10,active,10000,4,0.6638426298076361,0.13617298663878732,0.00013315344775614857,0.00013059620275993308,19.40106522758205
40,10,uniform,10000,4,0.6638426298076361,0.13617298663878732,0.08430860141325411,0.09407901692153656,104.23355576146915
40,11,active,10000,4,0.6638426298076361,0.13617298663878732,5.4967002055580916e-05,3.109433399046026e-05,19.400439736016445
40,11,uniform,10000,4,0.6638426298076361,0.13617298663878732,0.03480338771004436,0.03147990373194197,101.41659566793739
40,12,active,10000,4,0.6638426298076361,0.13617298663878732,8.22322544950238e-05,8.084526837519668e-05,19.40065785803596
40,12,uniform,10000,4,0.6638426298076361,0.13617298663878732,0.052066893380225784,0.04813402901723248,102.16603130577546
40,13,active,10000,4,0.6638426298076361,0.13617298663878732,3.703476621808033e-05,4.353206758664436e-05,19.400296278129744
40,13,uniform,10000,4,0.6638426298076361,0.13617298663878732,0.02344925644909479,0.026349338623516023,101.18572023805822
40,14,active,10000,4,0.6638426298076361,0.13617298663878732,0.0001822956677512838,0.00017412827034657744,19.40145836534201
40,14,uniform,10000,4,0.6638426298076361,0.13617298663878732,0.11542391917593633,0.09907276696040447,104.4582745132182
40,15,active,10000,4,0.6638426298076361,0.13617298663878732,9.587433937191525e-05,5.596980118282847e-05,19.400766994714974
40,15,uniform,10000,4,0.6638426298076361,0.13617298663878732,0.06070463514148165,0.05573348424450097,102.50800679100254
40,16,active,10000,4,0.6638426298076361,0.13617298663878732,0.0001485840017254464,6.218866798092052e-05,19.401188672013802
40,16,uniform,10000,4,0.6638426298076361,0.13617298663878732,0.09407874590522793,0.05745611034757247,102.58552496564076
40,17,active,10000,4,0.6638426298076361,0.13617298663878732,0.00014563306509118856,0.00011193960236565693,19.40116506452073
40,17,uniform,10000,4,0.6638426298076361,0.13617298663878732,0.09221030505982215,0.10649809391732638,104.79241422627969
40,18,active,10000,4,0.6638426298076361,0.13617298663878732,0.00012320890403354212,6.840753477901257e-05,19.400985671232267
40,18,uniform,10000,4,0.6638426298076361,0.13617298663878732,0.07801202714438618,0.03893632502285434,101.75213462602845
40,19,active,10000,4,0.6638426298076361,0.13617298663878732,0.00017823907993380628,8.084526837519668e-05,19.401425912639468
40,19,uniform,10000,4,0.6638426298076361,0.13617298663878732,0.11285541455840635,0.055416322037798275,102.49373449170092
40,20,active,10000,4,0.6638426298076361,0.13617298663878732,9.677825488726977e-05,5.596980118282847e-05,19.400774226039097
40,20,uniform,10000,4,0.6638426298076361,0.13617298663878732,0.06127696619394596,0.046380308580170525,102.08711388610767
40,21,active,10000,4,0.6638426298076361,0.13617298663878732,8.312329259307916e-05,8.706413517328872e-05,19.400664986340743
40,21,uniform,10000,4,0.6638426298076361,0.13617298663878732,0.05263107085453046,0.04723851219830722,102.12573304892382
40,22,active,10000,4,0.6638426298076361,0.13617298663878732,6.649414061006553e-05,7.462640157710462e-05,19.40053195312488
40,22,uniform,10000,4,0.6638426298076361,0.13617298663878732,0.042102011562466624,0.03602589536134725,101.62116529126062
40,23,active,10000,4,0.6638426298076361,0.13617298663878732,0.00012675357765448703,2.4875467192368208e-05,19.401014028621233
40,23,uniform,10000,4,0.6638426298076361,0.13617298663878732,0.08025640369255246,0.0456900143655823,102.0560506464512
40,24,active,10000,4,0.6638426298076361,0.13617298663878732,4.723623721668291e-05,5.596980118282847e-05,19.400377889897733
40,24,uniform,10000,4,0.6638426298076361,0.13617298663878732,0.029908509038788847,0.024502335184482683,101.10260508330173
40,25,active,10000,4,0.6638426298076361,0.13617298663878732,7.047620062836102e-05,5.596980118282847e-05,19.400563809605025
40,25,uniform,10000,4,0.6638426298076361,0.13617298663878732,0.04462332750687467,0.04168506414761102,101.8758278866425
40,26,active,10000,4,0.6638426298076361,0.13617298663878732,0.00013639907441143073,0.0001803471371446695,19.40109119259529
40,26,uniform,10000,4,0.6638426298076361,0.13617298663878732,0.08636363076945672,0.11346322473118949,105.10584511290352
40,27,active,10000,4,0.6638426298076361,0.13617298663878732,0.00017185946093736804,0.00012437733596184103,19.401374875687498
40,27,uniform,10000,4,0.6638426298076361,0.13617298663878732,0.10881603920456645,0.0703353834864211,103.16509225688895
40,28,active,10000,4,0.6638426298076361,0.13617298663878732,4.872059212947255e-05,6.840753477901257e-05,19.400389764737035
40,28,uniform,10000,4,0.6638426298076361,0.13617298663878732,0.030848356176142996,0.04375594679137568,101.96901760561191
40,29,active,10000,4,0.6638426298076361,0.13617298663878732,0.00010216065017051856,5.596980118282847e-05,19.400817285201363
40,29,uniform,10000,4,0.6638426298076361,0.13617298663878732,0.06468493066070245,0.06133046436278381,102.75987089632527
41,0,active,10000,2,0.686398464029609,0.07386187398907046,9.206346351986472e-05,1.2437733596184104e-05,12.200736507708157
41,0,uniform,10000,2,0.686398464029609,0.07386187398907046,0.05829170766070319,0.020329475562962915,64.91482640033333
41,1,active,10000,2,0.686398464029609,0.07386187398907046,1.9975053500799478e-05,0.0,12.200159800428006
41,1,uniform,10000,2,0.686398464029609,0.07386187398907046,0.012647579557189363,0.003600723876095298,64.16203257442429
41,2,active,10000,2,0.686398464029609,0.07386187398907046,5.680225682816453e-05,1.8656600394276155e-05,12.200454418054624
41,2,uniform,10000,2,0.686398464029609,0.07386187398907046,0.03596541367122187,0.019688932282759437,64.88600195272417
41,3,active,10000,2,0.686398464029609,0.07386187398907046,1.8427310153223964e-05,6.218866798092052e-06,12.200147418481226
41,3,uniform,10000,2,0.686398464029609,0.07386187398907046,0.011667596844136596,0.004017387951567465,64.18078245782054
41,4,active,10000,2,0.686398464029609,0.07386187398907046,3.0663414589328364e-05,0.0,12.200245307316713
41,4,uniform,10000,2,0.686398464029609,0.07386187398907046,0.019415115734135645,0.006013644193755014,64.27061398871898
41,5,active,10000,2,0.686398464029609,0.07386187398907046,7.065850335941787e-05,1.2437733596184104e-05,12.200565268026875
41,5,uniform,10000,2,0.686398464029609,0.07386187398907046,0.04473875589833136,0.014688963377093425,64.6610033519692
41,6,active,10000,2,0.686398464029609,0.07386187398907046,4.446482696363746e-05,1.2437733596184104e-05,12.20035571861571
41,6,uniform,10000,2,0.686398464029609,0.07386187398907046,0.028153738686894664,0.010341975485227082,64.46538889683522
41,7,active,10000,2,0.686398464029609,0.07386187398907046,0.00017328390128200366,6.218866798092052e-05,12.201386271210255
41,7,uniform,10000,2,0.686398464029609,0.07386187398907046,0.10971795030999479,0.040180098382472745,65.80810442721128
41,8,active,10000,2,0.686398464029609,0.07386187398907046,0.00012321028043313365,3.109433399046026e-05,12.200985682243465
41,8,uniform,10000,2,0.686398464029609,0.07386187398907046,0.07801289863765244,0.03867513261733447,65.74038096778006
41,9,active,10000,2,0.686398464029609,0.07386187398907046,0.00011333221762217793,2.4875467192368208e-05,12.200906657740976
41,9,uniform,10000,2,0.686398464029609,0.07386187398907046,0.07175841800416055,0.026803315899776744,65.20614921548996
41,10,active,10000,2,0.686398464029609,0.07386187398907046,6.17289966395318e-05,1.2437733596184104e-05,12.200493831973116
41,10,uniform,10000,2,0.686398464029609,0.07386187398907046,0.03908487133466512,0.01879963433063227,64.84598354487845
41,11,active,10000,2,0.686398464029609,0.07386187398907046,0.00012422765789753265,3.109433399046026e-05,12.200993821263179
41,11,uniform,10000,2,0.686398464029609,0.07386187398907046,0.07865707024993304,0.02924733055142692,65.31612987481421
41,12,active,10000,2,0.686398464029609,0.07386187398907046,0.00014917124610158705,4.9750934384736417e-05,12.201193369968813
41,12,uniform,10000,2,0.686398464029609,0.07386187398907046,0.09445057068985452,0.04690891225800835,66.11090105161037
41,13,active,10000,2,0.686398464029609,0.07386187398907046,0.00010319732079123317,3.731320078855231e-05,12.200825578566329
41,13,uniform,10000,2,0.686398464029609,0.07386187398907046,0.06534131809663604,0.03470749560015174,65.56183730200682
41,14,active,10000,2,0.686398464029609,0.07386187398907046,0.00012498540158179666,4.9750934384736417e-05,12.200999883212654
41,14,uniform,10000,2,0.686398464029609,0.07386187398907046,0.07913684986763497,0.04144874720928352,65.86519362441776
41,15,active,10000,2,0.686398464029609,0.07386187398907046,0.00010310924523743159,2.4875467192368208e-05,12.2008248739619
41,15,uniform,10000,2,0.686398464029609,0.07386187398907046,0.06528555140881787,0.027866742122250484,65.25400339550127
41,16,active,10000,2,0.686398464029609,0.07386187398907046,0.0001222918097830289,5.596980118282847e-05,12.200978334478263
41,16,uniform,10000,2,0.686398464029609,0.07386187398907046,0.07743135172877119,0.036778378243916394,65.65502702097623
41,17,active,10000,2,0.686398464029609,0.07386187398907046,0.0001308766218776486,3.109433399046026e-05,12.201047012975021
41,17,uniform,10000,2,0.686398464029609,0.07386187398907046,0.08286698642910295,0.031367964129576306,65.41155838583093
41,18,active,10000,2,0.686398464029609,0.07386187398907046,6.178034157778428e-05,1.8656600394276155e-05,12.200494242732622
41,18,uniform,10000,2,0.686398464029609,0.07386187398907046,0.03911738134477341,0.0211254905131187,64.95064707309034
41,19,active,10000,2,0.686398464029609,0.07386187398907046,9.135901478400654e-05,4.9750934384736417e-05,12.200730872118271
41,19,uniform,10000,2,0.686398464029609,0.07386187398907046,0.05784567273869565,0.036504748104800346,65.64271366471601
41,20,active,10000,2,0.686398464029609,0.07386187398907046,0.0001265874603991468,3.109433399046026e-05,12.201012699683192
41,20,uniform,10000,2,0.686398464029609,0.07386187398907046,0.08015122343846756,0.029054545680686064,65.30745455563087
41,21,active,10000,2,0.686398464029609,0.07386187398907046,2.4259639631728225e-05,0.0,12.200194077117054
41,21,uniform,10000,2,0.686398464029609,0.07386187398907046,0.015360445580692487,0.007101945883421123,64.31958756475395
41,22,active,10000,2,0.686398464029609,0.07386187398907046,7.47506601314063e-05,1.2437733596184104e-05,12.200598005281051
41,22,uniform,10000,2,0.686398464029609,0.07386187398907046,0.04732978166615331,0.018271030652794448,64.82219637937575
41,23,active,10000,2,0.686398464029609,0.07386187398907046,7.579234701451248e-05,1.2437733596184104e-05,12.200606338776115
41,23,uniform,10000,2,0.686398464029609,0.07386187398907046,0.04798934524264267,0.01794764957929366,64.80764423106821
41,24,active,10000,2,0.686398464029609,0.07386187398907046,4.345393917549317e-05,1.2437733596184104e-05,12.200347631513404
41,24,uniform,10000,2,0.686398464029609,0.07386187398907046,0.02751367613466476,0.012437733596184103,64.55969801182829
41,25,active,10000,2,0.686398464029609,0.07386187398907046,0.00010903493328317387,4.353206758664436e-05,12.200872279466264
41,25,uniform,10000,2,0.686398464029609,0.07386187398907046,0.06903751187223195,0.023892886238269663,65.07517988072213
41,26,active,10000,2,0.686398464029609,0.07386187398907046,0.00010449675170855904,1.8656600394276155e-05,12.200835974013668
41,26,uniform,10000,2,0.686398464029609,0.07386187398907046,0.0661640771398711,0.024968750194339587,65.12359375874529
41,27,active,10000,2,0.686398464029609,0.07386187398907046,0.00017137373756113267,6.840753477901257e-05,12.201370989900488
41,27,uniform,10000,2,0.686398464029609,0.07386187398907046,0.10850849434401354,0.04258679983333437,65.91640599250005
41,28,active,10000,2,0.686398464029609,0.07386187398907046,7.195549513857452e-05,3.109433399046026e-05,12.200575643961107
41,28,uniform,10000,2,0.686398464029609,0.07386187398907046,0.04555997055547399,0.026896598901748125,65.21034695057867
41,29,active,10000,2,0.686398464029609,0.07386187398907046,4.411685626538875e-05,1.8656600394276155e-05,12.200352934850123
41,29,uniform,10000,2,0.686398464029609,0.07386187398907046,0.027933414516573232,0.01421632950043843,64.63973482751973
42,0,active,10000,3,0.5613870365009825,0.052210717924907606,5.1078527722497186e-05,4.353206758664436e-05,15.800408628221781
42,0,uniform,10000,3,0.5613870365009825,0.052210717924907606,0.032341327296405986,0.026722470631401547,83.20251117841308
42,1,active,10000,3,0.5613870365009825,0.052210717924907606,9.284359147762253e-05,6.840753477901257e-05,15.800742748731821
42,1,uniform,10000,3,0.5613870365009825,0.052210717924907606,0.058785660300681095,0.05299096398654237,84.3845933793944
42,2,active,10000,3,0.5613870365009825,0.052210717924907606,7.534065640535381e-05,4.353206758664436e-05,15.800602725251244
42,2,uniform,10000,3,0.5613870365009825,0.052210717924907606,0.04770334886649434,0.04597608223829454,84.06892370072326
42,3,active,10000,3,0.5613870365009825,0.052210717924907606,8.052904164180738e-05,7.462640157710462e-05,15.800644232333136
42,3,uniform,10000,3,0.5613870365009825,0.052210717924907606,0.05098847223544266,0.04498106355059981,84.02414785977699
42,4,active,10000,3,0.5613870365009825,0.052210717924907606,9.720709435208363e-05,8.084526837519668e-05,15.800777656754818
42,4,uniform,10000,3,0.5613870365009825,0.052210717924907606,0.061548493939676874,0.05431558261453598,84.44420121765413
42,5,active,10000,3,0.5613870365009825,0.052210717924907606,5.0644455477980715e-05,6.218866798092052e-06,15.800405155643825
42,5,uniform,10000,3,0.5613870365009825,0.052210717924907606,0.03206648631816114,0.02588292361365912,83.16473156261466
42,6,active,10000,3,0.5613870365009825,0.052210717924907606,3.666681021436899e-05,0.0,15.800293334481715
42,6,uniform,10000,3,0.5613870365009825,0.052210717924907606,0.02321627820800079,0.01433448796960218,82.6450519586321
42,7,active,10000,3,0.5613870365009825,0.052210717924907606,7.76839973764161e-05,3.109433399046026e-05,15.800621471979012
42,7,uniform,10000,3,0.5613870365009825,0.052210717924907606,0.049187079128354405,0.02209563373362106,82.99430351801294
42,8,active,10000,3,0.5613870365009825,0.052210717924907606,5.6013426319750925e-05,6.218866798092052e-06,15.800448107410558
42,8,uniform,10000,3,0.5613870365009825,0.052210717924907606,0.035465950848150685,0.024838153991579653,83.11771692962108
42,9,active,10000,3,0.5613870365009825,0.052210717924907606,0.00013837956097608253,8.706413517328872e-05,15.80110703648781
42,9,uniform,10000,3,0.5613870365009825,0.052210717924907606,0.08761761296213914,0.06611899179731469,84.97535463087917
42,10,active,10000,3,0.5613870365009825,0.052210717924907606,8.576346754138667e-05,4.9750934384736417e-05,15.800686107740331
42,10,uniform,10000,3,0.5613870365009825,0.052210717924907606,0.05430274711325456,0.042139041423871745,83.89625686407423
42,11,active,10000,3,0.5613870365009825,0.052210717924907606,5.247920845617357e-05,3.109433399046026e-05,15.80041983366765
42,11,uniform,10000,3,0.5613870365009825,0.052210717924907606,0.03322819455878374,0.023899105105067753,83.07545972972805
42,12,active,10000,3,0.5613870365009825,0.052210717924907606,7.900257132713306e-05,4.353206758664436e-05,15.800632020570617
42,12,uniform,10000,3,0.5613870365009825,0.052210717924907606,0.0500219589419935,0.024831935124781563,83.11743708061518
42,13,active,10000,3,0.5613870365009825,0.052210717924907606,3.876966632535353e-05,1.8656600394276155e-05,15.800310157330603
42,13,uniform,10000,3,0.5613870365009825,0.052210717924907606,0.024547740972726242,0.015596917929614866,82.70186130683267
42,14,active,10000,3,0.5613870365009825,0.052210717924907606,9.027239728834e-05,6.218866798092052e-05,15.800722179178308
42,14,uniform,10000,3,0.5613870365009825,0.052210717924907606,0.05715766050263177,0.04110049066859037,83.84952208008657
42,15,active,10000,3,0.5613870365009825,0.052210717924907606,5.6334600666608364e-05,6.840753477901257e-05,15.800450676805333
42,15,uniform,10000,3,0.5613870365009825,0.052210717924907606,0.03566930840630343,0.03562166901947127,83.60297510587621
42,16,active,10000,3,0.5613870365009825,0.052210717924907606,0.0001217858969888054,8.084526837519668e-05,15.800974287175912
42,16,uniform,10000,3,0.5613870365009825,0.052210717924907606,0.07711102355971185,0.05637402752470445,84.5368312386117
42,17,active,10000,3,0.5613870365009825,0.052210717924907606,0.0001416708549522895,9.950186876947283e-05,15.801133366839618
42,17,uniform,10000,3,0.5613870365009825,0.052210717924907606,0.0897015574386084,0.06389263748359773,84.8751686867619
42,18,active,10000,3,0.5613870365009825,0.052210717924907606,0.0001488712969596427,6.218866798092052e-05,15.801190970375679
42,18,uniform,10000,3,0.5613870365009825,0.052210717924907606,0.09426065226808206,0.0539859826742371,84.42936922034067
42,19,active,10000,3,0.5613870365009825,0.052210717924907606,8.646369599111386e-05,5.596980118282847e-05,15.80069170956793
42,19,uniform,10000,3,0.5613870365009825,0.052210717924907606,0.054746109882001084,0.043109184644374104,83.93991330899684
42,20,active,10000,3,0.5613870365009825,0.052210717924907606,0.00011025618304475945,3.731320078855231e-05,15.80088204946436
42,20,uniform,10000,3,0.5613870365009825,0.052210717924907606,0.06981076905116132,0.027655300651115353,83.24448852930018
42,21,active,10000,3,0.5613870365009825,0.052210717924907606,5.27414226265642e-05,0.0,15.800421931381013
42,21,uniform,10000,3,0.5613870365009825,0.052210717924907606,0.03339422037599342,0.01706457049396459,82.76790567222841
42,22,active,10000,3,0.5613870365009825,0.052210717924907606,0.000144894294614617,1.2437733596184104e-05,15.801159154356917
42,22,uniform,10000,3,0.5613870365009825,0.052210717924907606,0.09174253868428986,0.03431570699187194,83.54420681463424
42,23,active,10000,3,0.5613870365009825,0.052210717924907606,0.0001069518403009409,4.9750934384736417e-05,15.800855614722408
42,23,uniform,10000,3,0.5613870365009825,0.052210717924907606,0.06771856250285019,0.03511794080882582,83.58030733639715
42,24,active,10000,3,0.5613870365009825,0.052210717924907606,7.065304500386213e-05,4.9750934384736417e-05,15.800565224360032
42,24,uniform,10000,3,0.5613870365009825,0.052210717924907606,0.04473529983818031,0.029682651227293362,83.3357193052282
42,25,active,10000,3,0.5613870365009825,0.052210717924907606,6.301115526397352e-05,1.2437733596184104e-05,15.800504089242112
42,25,uniform,10000,3,0.5613870365009825,0.052210717924907606,0.039896694101909214,0.01891157393299793,82.85102082698491
42,26,active,10000,3,0.5613870365009825,0.052210717924907606,0.00016697159326535885,8.084526837519668e-05,15.801335772746123
42,26,uniform,10000,3,0.5613870365009825,0.052210717924907606,0.10572119416480462,0.05913520438305732,84.66108419723759
42,27,active,10000,3,0.5613870365009825,0.052210717924907606,3.166107299025847e-05,0.0,15.800253288583923
42,27,uniform,10000,3,0.5613870365009825,0.052210717924907606,0.020046801851801303,0.011169084769373325,82.5026088146218
42,28,active,10000,3,0.5613870365009825,0.052210717924907606,9.30649300386055e-05,5.596980118282847e-05,15.80074451944031
42,28,uniform,10000,3,0.5613870365009825,0.052210717924907606,0.05892580495953041,0.0435009732526539,83.95754379636942
42,29,active,10000,3,0.5613870365009825,0.052210717924907606,0.0001000995387811579,5.596980118282847e-05,15.80080079631025
42,29,uniform,10000,3,0.5613870365009825,0.052210717924907606,0.06337989934895541,0.03774230259762066,83.69840361689293
43,0,active,10000,5,0.7322401132431039,0.08373936074152953,5.4773313890553454e-05,3.731320078855231e-05,23.000438186511126
43,0,uniform,10000,5,0.7322401132431039,0.08373936074152953,0.03468075041762889,0.03567141995385601,119.60521389792352
43,1,active,10000,5,0.7322401132431039,0.08373936074152953,0.00011037571026345505,9.328300197138078e-05,23.00088300568211
43,1,uniform,10000,5,0.7322401132431039,0.08373936074152953,0.06988644995018863,0.08299077742053843,121.73458498392424
43,2,active,10000,5,0.7322401132431039,0.08373936074152953,0.00014186947883493978,0.00011193960236565693,23.00113495583068
43,2,uniform,10000,5,0.7322401132431039,0.08373936074152953,0.08982731987307298,0.05894863837911456,120.65268872706015
43,3,active,10000,5,0.7322401132431039,0.08373936074152953,0.00012170903420331142,0.00014925280315420924,23.000973672273627
43,3,uniform,10000,5,0.7322401132431039,0.08373936074152953,0.07706235644627554,0.08412883004458928,121.78579735200651
43,4,active,10000,5,0.7322401132431039,0.08373936074152953,8.504770969106068e-05,6.840753477901257e-05,23.00068038167753
43,4,uniform,10000,5,0.7322401132431039,0.08373936074152953,0.05384955161345736,0.060428728677060464,120.71929279046772
43,5,active,10000,5,0.7322401132431039,0.08373936074152953,0.00014157172068489376,0.00010572073556756488,23.001132573765478
43,5,uniform,10000,5,0.7322401132431039,0.08373936074152953,0.08963878871890454,0.06834534611103164,121.07554057499642
43,6,active,10000,5,0.7322401132431039,0.08373936074152953,0.00019108131578373516,0.00030472447310651054,23.00152865052627
43,6,uniform,10000,5,0.7322401132431039,0.08373936074152953,0.12098671691499557,0.18813937724267885,126.46627197592055
43,7,active,10000,5,0.7322401132431039,0.08373936074152953,0.00022201841396884275,0.00019900373753894567,23.00177614731175
43,7,uniform,10000,5,0.7322401132431039,0.08373936074152953,0.1405751205479396,0.09952052536986711,122.47842364164401
43,8,active,10000,5,0.7322401132431039,0.08373936074152953,7.963344075111178e-05,7.462640157710462e-05,23.000637067526007
43,8,uniform,10000,5,0.7322401132431039,0.08373936074152953,0.05042140574341794,0.0532024054576775,120.39410824559549
43,9,active,10000,5,0.7322401132431039,0.08373936074152953,9.636803060360938e-05,8.084526837519668e-05,23.000770944244827
43,9,uniform,10000,5,0.7322401132431039,0.08373936074152953,0.0610172249990148,0.04638652744696861,120.0873937351136
43,10,active,10000,5,0.7322401132431039,0.08373936074152953,0.00014367157065279385,0.00015547166995230128,23.001149372565223
43,10,uniform,10000,5,0.7322401132431039,0.08373936074152953,0.09096834808786888,0.1071137617303375,122.82011927786519
43,11,active,10000,5,0.7322401132431039,0.08373936074152953,0.00012664117718753226,0.00019900373753894567,23.0010131294175
43,11,uniform,10000,5,0.7322401132431039,0.08373936074152953,0.08018523522994446,0.1050864111541595,122.72888850193718
43,12,active,10000,5,0.7322401132431039,0.08373936074152953,0.00013222752552696088,0.00013681506955802515,23.001057820204217
43,12,uniform,10000,5,0.7322401132431039,0.08373936074152953,0.08372233639736812,0.09849441234818192,122.43224855566818
43,13,active,10000,5,0.7322401132431039,0.08373936074152953,0.00011301548171002707,0.00010572073556756488,23.00090412385368
43,13,uniform,10000,5,0.7322401132431039,0.08373936074152953,0.07155787072418202,0.06708291615101897,121.01873122679585
43,14,active,10000,5,0.7322401132431039,0.08373936074152953,0.00011505213564729985,6.840753477901257e-05,23.00092041708518
43,14,uniform,10000,5,0.7322401132431039,0.08373936074152953,0.07284741634174469,0.06838265931182021,121.0772196690319
43,15,active,10000,5,0.7322401132431039,0.08373936074152953,8.754322552834842e-05,3.731320078855231e-05,23.000700345804226
43,15,uniform,10000,5,0.7322401132431039,0.08373936074152953,0.05542963424432553,0.046784534922046504,120.1053040714921
43,16,active,10000,5,0.7322401132431039,0.08373936074152953,9.013353729030171e-05,8.706413517328872e-05,23.000721068298322
43,16,uniform,10000,5,0.7322401132431039,0.08373936074152953,0.057069738691921376,0.07332665841630338,121.29969962873365
43,17,active,10000,5,0.7322401132431039,0.08373936074152953,0.00013962829056809317,0.00022387920473131387,23.001117026324543
43,17,uniform,10000,5,0.7322401132431039,0.08373936074152953,0.08840826951077904,0.10481899988184153,122.71685499468288
43,18,active,10000,5,0.7322401132431039,0.08373936074152953,0.0001079472210467683,8.706413517328872e-05,23.000863577768374
43,18,uniform,10000,5,0.7322401132431039,0.08373936074152953,0.06834880648049382,0.06484412410370582,120.91798558466677
43,19,active,10000,5,0.7322401132431039,0.08373936074152953,9.719085482835094e-05,0.00011193960236565693,23.000777526838625
43,19,uniform,10000,5,0.7322401132431039,0.08373936074152953,0.061538211580810874,0.0719896020547136,121.23953209246211
43,20,active,10000,5,0.7322401132431039,0.08373936074152953,8.98584215738088e-05,6.840753477901257e-05,23.00071886737259
43,20,uniform,10000,5,0.7322401132431039,0.08373936074152953,0.05689554401897488,0.05310912245570612,120.38991051050678
43,21,active,10000,5,0.7322401132431039,0.08373936074152953,0.00010056904247141008,0.00011815846916374898,23.000804552339773
43,21,uniform,10000,5,0.7322401132431039,0.08373936074152953,0.06367717441128658,0.07365003948980417,121.31425177704119
43,22,active,10000,5,0.7322401132431039,0.08373936074152953,8.502690477624891e-05,7.462640157710462e-05,23.00068021523821
43,22,uniform,10000,5,0.7322401132431039,0.08373936074152953,0.0538363785915922,0.03507440874123917,119.57834839335577
43,23,active,10000,5,0.7322401132431039,0.08373936074152953,0.00010500308514722889,9.950186876947283e-05,23.000840024681178
43,23,uniform,10000,5,0.7322401132431039,0.08373936074152953,0.06648467164777372,0.0870765729068849,121.91844578080982
43,24,active,10000,5,0.7322401132431039,0.08373936074152953,0.00012577679125257146,9.328300197138078e-05,23.00100621433002
43,24,uniform,10000,5,0.7322401132431039,0.08373936074152953,0.07963793307224618,0.08440246018370533,121.79811070826673
43,25,active,10000,5,0.7322401132431039,0.08373936074152953,0.00016334222722780983,0.00015547166995230128,23.001306737817824
43,25,uniform,10000,5,0.7322401132431039,0.08373936074152953,0.10342319302547397,0.0809820834447547,121.64419375501396
43,26,active,10000,5,0.7322401132431039,0.08373936074152953,0.00012819515120546243,0.00014925280315420924,23.001025561209644
43,26,uniform,10000,5,0.7322401132431039,0.08373936074152953,0.08116916300869993,0.10017350638366677,122.50780778726501
43,27,active,10000,5,0.7322401132431039,0.08373936074152953,9.303556294930349e-05,8.706413517328872e-05,23.000744284503593
43,27,uniform,10000,5,0.7322401132431039,0.08373936074152953,0.058907210636465146,0.07095727016623031,121.19307715748036
43,28,active,10000,5,0.7322401132431039,0.08373936074152953,9.07469083290275e-05,0.00010572073556756488,23.000725975266633
43,28,uniform,10000,5,0.7322401132431039,0.08373936074152953,0.05745810606274163,0.062207324581314796,120.79932960615916
43,29,active,10000,5,0.7322401132431039,0.08373936074152953,8.52984829174605e-05,7.462640157710462e-05,23.00068238786334
43,29,uniform,10000,5,0.7322401132431039,0.08373936074152953,0.0540083333824748,0.044048233530886,119.98217050888987
44,0,active,10000,4,0.5050851448236313,0.08059654070058864,8.23419387532276e-05,8.084526837519668e-05,19.400658735510024
44,0,uniform,10000,4,0.5050851448236313,0.08059654070058864,0.05213634202438285,0.05664143879702241,102.54886474586601
44,1,active,10000,4,0.5050851448236313,0.08059654070058864,0.00014919304962598967,9.328300197138078e-05,19.401193544397007
44,1,uniform,10000,4,0.5050851448236313,0.08059654070058864,0.09446437600007121,0.06654187473958495,102.99438436328133
44,2,active,10000,4,0.5050851448236313,0.08059654070058864,0.00011923546291728315,9.328300197138078e-05,19.400953883703338
44,2,uniform,10000,4,0.5050851448236313,0.08059654070058864,0.07549616841935516,0.07918483094010609,103.56331739230477
44,3,active,10000,4,0.5050851448236313,0.08059654070058864,9.369511839660977e-05,4.9750934384736417e-05,19.400749560947173
44,3,uniform,10000,4,0.5050851448236313,0.08059654070058864,0.059324820531376186,0.03413535985472727,101.53609119346272
44,4,active,10000,4,0.5050851448236313,0.08059654070058864,0.00016237568361352622,0.0002176603379332218,19.401299005468907
44,4,uniform,10000,4,0.5050851448236313,0.08059654070058864,0.10281120781823962,0.1353722924608678,106.09175316073905
44,5,active,10000,4,0.5050851448236313,0.08059654070058864,7.250751117226367e-05,3.731320078855231e-05,19.400580060089375
44,5,uniform,10000,4,0.5050851448236313,0.08059654070058864,0.04590948985475159,0.03906692122561427,101.75801145515264
44,6,active,10000,4,0.5050851448236313,0.08059654070058864,0.00020280189718358682,0.00021144147113512975,19.401622415177467
44,6,uniform,10000,4,0.5050851448236313,0.08059654070058864,0.12840782273100773,0.12639224880442285,105.68765119619903
44,7,active,10000,4,0.5050851448236313,0.08059654070058864,6.952663325504593e-05,4.353206758664436e-05,19.40055621306604
44,7,uniform,10000,4,0.5050851448236313,0.08059654070058864,0.04402209112481962,0.04156068681164918,101.87023090652421
44,8,active,10000,4,0.5050851448236313,0.08059654070058864,6.16272160520806e-05,2.4875467192368208e-05,19.400493017728415
44,8,uniform,10000,4,0.5050851448236313,0.08059654070058864,0.03902042704791414,0.028538379736444425,101.28422708814
44,9,active,10000,4,0.5050851448236313,0.08059654070058864,0.00013753660210538005,6.218866798092052e-05,19.401100292816842
44,9,uniform,10000,4,0.5050851448236313,0.08059654070058864,0.08708387775177914,0.048389002555954255,102.17750511501794
44,10,active,10000,4,0.5050851448236313,0.08059654070058864,0.00017999022086735705,0.0001927848707408536,19.401439921766936
44,10,uniform,10000,4,0.5050851448236313,0.08059654070058864,0.11396418226566009,0.12330147200577111,105.5485662402597
44,11,active,10000,4,0.5050851448236313,0.08059654070058864,9.473480302241849e-05,9.328300197138078e-05,19.400757878424177
44,11,uniform,10000,4,0.5050851448236313,0.08059654070058864,0.05998311634109238,0.06101952102287921,102.74587844602956
44,12,active,10000,4,0.5050851448236313,0.08059654070058864,0.00014566673995360796,0.0001430339363561172,19.40116533391963
44,12,uniform,10000,4,0.5050851448236313,0.08059654070058864,0.0922316269301532,0.0868526937021536,103.90837121659692
44,13,active,10000,4,0.5050851448236313,0.08059654070058864,0.00018400155123227818,0.00019900373753894567,19.401472012409858
44,13,uniform,10000,4,0.5050851448236313,0.08059654070058864,0.11650403127876642,0.09072704771736494,104.08271714728143
44,14,active,10000,4,0.5050851448236313,0.08059654070058864,0.00015682544006995897,0.00017412827034657744,19.40125460352056
44,14,uniform,10000,4,0.5050851448236313,0.08059654070058864,0.09929696707910789,0.11522316403504954,105.18504238157723
44,15,active,10000,4,0.5050851448236313,0.08059654070058864,0.00015828111261430994,0.0001430339363561172,19.401266248900914
44,15,uniform,10000,4,0.5050851448236313,0.08059654070058864,0.10021865343720048,0.09085764392012488,104.08859397640562
44,16,active,10000,4,0.5050851448236313,0.08059654070058864,7.10630130015058e-05,5.596980118282847e-05,19.40056850410401
44,16,uniform,10000,4,0.5050851448236313,0.08059654070058864,0.044994878760770365,0.04529200689050441,102.03814031007269
44,17,active,10000,4,0.5050851448236313,0.08059654070058864,9.341408757722325e-05,8.706413517328872e-05,19.400747312700616
44,17,uniform,10000,4,0.5050851448236313,0.08059654070058864,0.059146880600153176,0.0612620568280048,102.75679255726021
44,18,active,10000,4,0.5050851448236313,0.08059654070058864,5.295630297119658e-05,3.731320078855231e-05,19.400423650423768
44,18,uniform,10000,4,0.5050851448236313,0.08059654070058864,0.03353027589410934,0.022723739280228358,101.02256826761028
44,19,active,10000,4,0.5050851448236313,0.08059654070058864,0.00011178945627397102,0.00012437733596184103,19.40089431565019
44,19,uniform,10000,4,0.5050851448236313,0.08059654070058864,0.07078158973747412,0.08158531352416963,103.67133910858763
44,20,active,10000,4,0.5050851448236313,0.08059654070058864,0.00013217779017248021,0.00012437733596184103,19.40105742232138
44,20,uniform,10000,4,0.5050851448236313,0.08059654070058864,0.08369084552538844,0.07646096728254177,103.44074352771437
44,21,active,10000,4,0.5050851448236313,0.08059654070058864,0.00011336386123510928,0.00013681506955802515,19.40090691088988
44,21,uniform,10000,4,0.5050851448236313,0.08059654070058864,0.0717784537508391,0.0824683926094987,103.71107766742745
44,22,active,10000,4,0.5050851448236313,0.08059654070058864,9.419475220452667e-05,8.706413517328872e-05,19.400753558017634
44,22,uniform,10000,4,0.5050851448236313,0.08059654070058864,0.05964117304249489,0.06937767799951493,103.12199550997818
44,23,active,10000,4,0.5050851448236313,0.08059654070058864,8.774826908612698e-05,0.00010572073556756488,19.400701986152686
44,23,uniform,10000,4,0.5050851448236313,0.08059654070058864,0.055559461416517894,0.06279189806033544,102.8256354127151
44,24,active,10000,4,0.5050851448236313,0.08059654070058864,5.9380154813055974e-05,3.731320078855231e-05,19.400475041238504
44,24,uniform,10000,4,0.5050851448236313,0.08059654070058864,0.037597658103162575,0.04127461893893695,101.85735785225216
44,25,active,10000,4,0.5050851448236313,0.08059654070058864,0.00016104740882282031,0.00014925280315420924,19.401288379270582
44,25,uniform,10000,4,0.5050851448236313,0.08059654070058864,0.10197018573596262,0.09784765020118034,104.40314425905312
44,26,active,10000,4,0.5050851448236313,0.08059654070058864,0.00011635044117157267,9.950186876947283e-05,19.40093080352937
44,26,uniform,10000,4,0.5050851448236313,0.08059654070058864,0.07366946282120998,0.06244986038644038,102.81024371738982
44,27,active,10000,4,0.5050851448236313,0.08059654070058864,0.0001086816283034156,9.950186876947283e-05,19.400869453026427
44,27,uniform,10000,4,0.5050851448236313,0.08059654070058864,0.06881381020150769,0.060179974005136784,102.70809883023115
44,28,active,10000,4,0.5050851448236313,0.08059654070058864,7.129996149336099e-05,8.706413517328872e-05,19.400570399691947
44,28,uniform,10000,4,0.5050851448236313,0.08059654070058864,0.04514490714000952,0.04822109315240577,102.16994919185827
44,29,active,10000,4,0.5050851448236313,0.08059654070058864,0.0001356522800829013,0.00010572073556756488,19.401085218240663
44,29,uniform,10000,4,0.5050851448236313,0.08059654070058864,0.08589078394160997,0.07341994141827476,103.30389736382236
45,0,active,10000,2,0.4412583722477128,0.11282559964455952,0.00011159750117044342,6.840753477901257e-05,12.200892780009363
45,0,uniform,10000,2,0.4412583722477128,0.11282559964455952,0.07066004976546782,0.041535811344456816,65.86911151050056
45,1,active,10000,2,0.4412583722477128,0.11282559964455952,0.00014810176464636476,3.731320078855231e-05,12.20118481411717
45,1,uniform,10000,2,0.4412583722477128,0.11282559964455952,0.09377340845905173,0.043121622377970285,65.94047300700866
45,2,active,10000,2,0.4412583722477128,0.11282559964455952,3.0131307266714757e-05,2.4875467192368208e-05,12.200241050458134
45,2,uniform,10000,2,0.4412583722477128,0.11282559964455952,0.019078202008442388,0.010012375544928204,64.45055689952177
45,3,active,10000,2,0.4412583722477128,0.11282559964455952,5.941541751188634e-05,1.8656600394276155e-05,12.200475323340095
45,3,uniform,10000,2,0.4412583722477128,0.11282559964455952,0.03761998534190561,0.013849416359350998,64.6232237361708
45,4,active,10000,2,0.4412583722477128,0.11282559964455952,0.00011257301589196606,3.109433399046026e-05,12.200900584127135
45,4,uniform,10000,2,0.4412583722477128,0.11282559964455952,0.07127771519741974,0.026392870691102667,65.18767918109963
45,5,active,10000,2,0.4412583722477128,0.11282559964455952,9.336685063506683e-05,4.9750934384736417e-05,12.20074693480508
45,5,uniform,10000,2,0.4412583722477128,0.11282559964455952,0.059116971644719775,0.025721233076908726,65.1574554884609
45,6,active,10000,2,0.4412583722477128,0.11282559964455952,0.00012383817666797303,6.840753477901257e-05,12.200990705413343
45,6,uniform,10000,2,0.4412583722477128,0.11282559964455952,0.07841046290866255,0.03569629542104838,65.60633329394717
45,7,active,10000,2,0.4412583722477128,0.11282559964455952,6.626674218318529e-05,1.2437733596184104e-05,12.200530133937464
45,7,uniform,10000,2,0.4412583722477128,0.11282559964455952,0.04195802998588957,0.019769777551134633,64.88963998980105
45,8,active,10000,2,0.4412583722477128,0.11282559964455952,8.460554074466581e-05,4.9750934384736417e-05,12.200676844325956
45,8,uniform,10000,2,0.4412583722477128,0.11282559964455952,0.053569584056551794,0.026025957550015237,65.17116808975068
45,9,active,10000,2,0.4412583722477128,0.11282559964455952,1.2011355053992423e-05,6.218866798092052e-06,12.20009609084043
45,9,uniform,10000,2,0.4412583722477128,0.11282559964455952,0.007605214605763341,0.004695244432559499,64.21128599946518
45,10,active,10000,2,0.4412583722477128,0.11282559964455952,6.453087631845544e-05,3.109433399046026e-05,12.200516247010547
45,10,uniform,10000,2,0.4412583722477128,0.11282559964455952,0.040858933974741954,0.02564038780853353,65.15381745138401
45,11,active,10000,2,0.4412583722477128,0.11282559964455952,8.760147348427227e-05,6.218866798092052e-05,12.200700811787874
45,11,uniform,10000,2,0.4412583722477128,0.11282559964455952,0.055466515029531684,0.028774696674771925,65.29486135036474
45,12,active,10000,2,0.4412583722477128,0.11282559964455952,0.00010379520095338268,4.9750934384736417e-05,12.200830361607625
45,12,uniform,10000,2,0.4412583722477128,0.11282559964455952,0.06571987712862498,0.040627856791935375,65.82825355563709
45,13,active,10000,2,0.4412583722477128,0.11282559964455952,6.393316187471715e-05,3.731320078855231e-05,12.200511465294998
45,13,uniform,10000,2,0.4412583722477128,0.11282559964455952,0.0404804798705295,0.02243145254071803,65.00941536433231
45,14,active,10000,2,0.4412583722477128,0.11282559964455952,9.648691604812604e-05,1.8656600394276155e-05,12.200771895328383
45,14,uniform,10000,2,0.4412583722477128,0.11282559964455952,0.06109249954678847,0.021206335781493897,64.95428511016722
45,15,active,10000,2,0.4412583722477128,0.11282559964455952,0.00013538576241605565,3.731320078855231e-05,12.201083086099327
45,15,uniform,10000,2,0.4412583722477128,0.11282559964455952,0.0857220332849685,0.045658920031591846,66.05465140142164
45,16,active,10000,2,0.4412583722477128,0.11282559964455952,0.00011476112034156105,3.731320078855231e-05,12.200918088962732
45,16,uniform,10000,2,0.4412583722477128,0.11282559964455952,0.07266315454579617,0.029216236217436457,65.31473062978463
45,17,active,10000,2,0.4412583722477128,0.11282559964455952,8.52170464088059e-05,1.8656600394276155e-05,12.20068173637127
45,17,uniform,10000,2,0.4412583722477128,0.11282559964455952,0.053956770330495674,0.019900373753894564,64.89551681892526
45,18,active,10000,2,0.4412583722477128,0.11282559964455952,9.689018917560105e-05,5.596980118282847e-05,12.200775121513404
45,18,uniform,10000,2,0.4412583722477128,0.11282559964455952,0.06134783948680304,0.042045758421900364,65.89205912898552
45,19,active,10000,2,0.4412583722477128,0.11282559964455952,0.00022037139294795588,4.353206758664436e-05,12.201762971143584
45,19,uniform,10000,2,0.4412583722477128,0.11282559964455952,0.13953227831511156,0.05902948364748976,66.65632676413703
45,20,active,10000,2,0.4412583722477128,0.11282559964455952,9.626577498322159e-05,6.218866798092052e-05,12.200770126199865
45,20,uniform,10000,2,0.4412583722477128,0.11282559964455952,0.06095247993625883,0.04307187144358555,65.93823421496135
45,21,active,10000,2,0.4412583722477128,0.11282559964455952,9.564083471590851e-05,3.109433399046026e-05,12.200765126677727
45,21,uniform,10000,2,0.4412583722477128,0.11282559964455952,0.06055678729146042,0.03439655226024714,65.54784485171112
45,22,active,10000,2,0.4412583722477128,0.11282559964455952,9.049683385148333e-05,2.4875467192368208e-05,12.200723974670812
45,22,uniform,10000,2,0.4412583722477128,0.11282559964455952,0.05729976671965675,0.023724976834721176,65.06762395756245
45,23,active,10000,2,0.4412583722477128,0.11282559964455952,0.00019443615169294215,0.00011815846916374898,12.201555489213543
45,23,uniform,10000,2,0.4412583722477128,0.11282559964455952,0.12311089415738496,0.07171597191559755,67.22721873620189
45,24,active,10000,2,0.4412583722477128,0.11282559964455952,0.00020532940547237505,4.353206758664436e-05,12.201642635243779
45,24,uniform,10000,2,0.4412583722477128,0.11282559964455952,0.13000816198232507,0.05534791450301926,66.49065615263586
45,25,active,10000,2,0.4412583722477128,0.11282559964455952,0.00011074388293597776,3.731320078855231e-05,12.200885951063487
45,25,uniform,10000,2,0.4412583722477128,0.11282559964455952,0.0701195653791897,0.02465158798763689,65.10932145944366
45,26,active,10000,2,0.4412583722477128,0.11282559964455952,1.6337887706226184e-05,0.0,12.20013070310165
45,26,uniform,10000,2,0.4412583722477128,0.11282559964455952,0.010344639855542133,0.003619380476489574,64.16287212144204
45,27,active,10000,2,0.4412583722477128,0.11282559964455952,7.188063568539654e-05,3.109433399046026e-05,12.200575045085483
45,27,uniform,10000,2,0.4412583722477128,0.11282559964455952,0.04551257188944428,0.02600730094962096,65.17032854273295
45,28,active,10000,2,0.4412583722477128,0.11282559964455952,5.311961578791796e-05,6.218866798092052e-06,12.200424956926303
45,28,uniform,10000,2,0.4412583722477128,0.11282559964455952,0.03363368046532578,0.012947680673627652,64.58264563031324
45,29,active,10000,2,0.4412583722477128,0.11282559964455952,0.00015595131335836843,3.109433399046026e-05,12.201247610506867
45,29,uniform,10000,2,0.4412583722477128,0.11282559964455952,0.09874349736614525,0.04393007506172225,65.9768533777775
46,0,active,10000,3,0.48660049754967727,0.04199767458056516,8.604188563497012e-05,6.218866798092052e-05,15.80068833508508
46,0,uniform,10000,3,0.48660049754967727,0.04199767458056516,0.054479032748196835,0.032785865759541295,83.47536395917936
46,1,active,10000,3,0.48660049754967727,0.04199767458056516,5.9248895758479136e-05,3.731320078855231e-05,15.800473991166069
46,1,uniform,10000,3,0.48660049754967727,0.04199767458056516,0.03751454897225329,0.029241111684628826,83.3158500258083
46,2,active,10000,3,0.48660049754967727,0.04199767458056516,0.00010977498164245827,8.706413517328872e-05,15.800878199853141
46,2,uniform,10000,3,0.48660049754967727,0.04199767458056516,0.06950608736313411,0.03782314786599586,83.70204165396981
46,3,active,10000,3,0.48660049754967727,0.04199767458056516,0.00014893969400189833,0.0001679094035484854,15.801191517552017
46,3,uniform,10000,3,0.48660049754967727,0.04199767458056516,0.09430395913751903,0.07404182809808396,85.33188226441378
46,4,active,10000,3,0.48660049754967727,0.04199767458056516,0.00012310270482602734,4.353206758664436e-05,15.80098482163861
46,4,uniform,10000,3,0.48660049754967727,0.04199767458056516,0.07794478512546646,0.048096715816443925,84.16435221173998
46,5,active,10000,3,0.48660049754967727,0.04199767458056516,6.058713222998821e-05,3.731320078855231e-05,15.80048469705784
46,5,uniform,10000,3,0.48660049754967727,0.04199767458056516,0.03836187847951089,0.029116734348666986,83.31025304569002
46,6,active,10000,3,0.48660049754967727,0.04199767458056516,0.0002537203481409109,8.706413517328872e-05,15.802029762785128
46,6,uniform,10000,3,0.48660049754967727,0.04199767458056516,0.1606477944229331,0.08025447602937792,85.611451421322
46,7,active,10000,3,0.48660049754967727,0.04199767458056516,6.477254499930724e-05,3.731320078855231e-05,15.800518180359996
46,7,uniform,10000,3,0.48660049754967727,0.04199767458056516,0.04101195103014027,0.016386714012972557,82.73740213058376
46,8,active,10000,3,0.48660049754967727,0.04199767458056516,5.6909705240131e-05,3.731320078855231e-05,15.800455277641921
46,8,uniform,10000,3,0.48660049754967727,0.04199767458056516,0.03603344664740051,0.02810305906057798,83.26463765772601
46,9,active,10000,3,0.48660049754967727,0.04199767458056516,6.377438954556156e-05,6.218866798092052e-05,15.800510195116365
46,9,uniform,10000,3,0.48660049754967727,0.04199767458056516,0.040379950194122646,0.02882444760915666,83.29710014241205
46,10,active,10000,3,0.48660049754967727,0.04199767458056516,9.089269997237387e-05,4.353206758664436e-05,15.80072714159978
46,10,uniform,10000,3,0.48660049754967727,0.04199767458056516,0.05755041677458818,0.03018637943793882,83.35838707470725
46,11,active,10000,3,0.48660049754967727,0.04199767458056516,8.741916035124794e-05,5.596980118282847e-05,15.80069935328281
46,11,uniform,10000,3,0.48660049754967727,0.04199767458056516,0.05535108005187421,0.028936387211522318,83.3021374245185
46,12,active,10000,3,0.48660049754967727,0.04199767458056516,4.0249532997638227e-05,1.2437733596184104e-05,15.800321996263982
46,12,uniform,10000,3,0.48660049754967727,0.04199767458056516,0.02548474629647815,0.019956343555077395,82.89803545997849
46,13,active,10000,3,0.48660049754967727,0.04199767458056516,0.00012653189497262123,0.00010572073556756488,15.801012255159781
46,13,uniform,10000,3,0.48660049754967727,0.04199767458056516,0.0801160411470824,0.07664131441968644,85.44885914888589
46,14,active,10000,3,0.48660049754967727,0.04199767458056516,0.0002504314626982432,0.0002052226043370377,15.802003451701587
46,14,uniform,10000,3,0.48660049754967727,0.04199767458056516,0.15856537495461998,0.0873937351135876,85.93271808011144
46,15,active,10000,3,0.48660049754967727,0.04199767458056516,0.00013659881139178182,8.706413517328872e-05,15.801092790491134
46,15,uniform,10000,3,0.48660049754967727,0.04199767458056516,0.08649009798259036,0.05627452565593498,84.53235365451707
46,16,active,10000,3,0.48660049754967727,0.04199767458056516,0.00012192650717704479,4.9750934384736417e-05,15.800975412057417
46,16,uniform,10000,3,0.48660049754967727,0.04199767458056516,0.07720005353613277,0.036790815977512575,83.65558671898806
46,17,active,10000,3,0.48660049754967727,0.04199767458056516,7.669086999644026e-05,4.353206758664436e-05,15.800613526959973
46,17,uniform,10000,3,0.48660049754967727,0.04199767458056516,0.04855826191151405,0.038501004346987895,83.73254519561445
46,18,active,10000,3,0.48660049754967727,0.04199767458056516,8.534642476492292e-05,6.218866798092052e-05,15.80068277139812
46,18,uniform,10000,3,0.48660049754967727,0.04199767458056516,0.05403868866187263,0.05011162865902575,84.25502328965617
46,19,active,10000,3,0.48660049754967727,0.04199767458056516,5.343183627502801e-05,3.109433399046026e-05,15.800427454690201
46,19,uniform,10000,3,0.48660049754967727,0.04199767458056516,0.033831368719345306,0.02431576918053992,83.09420961312429
46,20,active,10000,3,0.48660049754967727,0.04199767458056516,9.641967834674373e-05,6.218866798092052e-05,15.800771357426775
46,20,uniform,10000,3,0.48660049754967727,0.04199767458056516,0.061049926735762955,0.055994676650020836,84.51976044925094
46,21,active,10000,3,0.48660049754967727,0.04199767458056516,9.018750384489488e-05,5.596980118282847e-05,15.80072150003076
46,21,uniform,10000,3,0.48660049754967727,0.04199767458056516,0.057103908627551644,0.04123730573814839,83.85567875821668
46,22,active,10000,3,0.48660049754967727,0.04199767458056516,7.970596076693412e-05,6.218866798092052e-05,15.800637647686136
46,22,uniform,10000,3,0.48660049754967727,0.04199767458056516,0.05046732315085983,0.03125602452721065,83.40652110372449
46,23,active,10000,3,0.48660049754967727,0.04199767458056516,5.601458075953081e-05,6.840753477901257e-05,15.800448116646077
46,23,uniform,10000,3,0.48660049754967727,0.04199767458056516,0.03546668180334313,0.036753502776724026,83.65390762495258
46,24,active,10000,3,0.48660049754967727,0.04199767458056516,0.00014227818177239143,0.00014925280315420924,15.80113822545418
46,24,uniform,10000,3,0.48660049754967727,0.04199767458056516,0.0900860977990928,0.07515500525494244,85.38197523647241
46,25,active,10000,3,0.48660049754967727,0.04199767458056516,6.412579063037535e-05,7.462640157710462e-05,15.800513006325044
46,25,uniform,10000,3,0.48660049754967727,0.04199767458056516,0.04060244637802925,0.03776717806481303,83.69952301291659
46,26,active,10000,3,0.48660049754967727,0.04199767458056516,0.00010799122526807328,6.218866798092052e-05,15.800863929802146
46,26,uniform,10000,3,0.48660049754967727,0.04199767458056516,0.0683766685780504,0.03309059023264781,83.48907656046916
46,27,active,10000,3,0.48660049754967727,0.04199767458056516,9.574648379852106e-05,7.462640157710462e-05,15.800765971870389
46,27,uniform,10000,3,0.48660049754967727,0.04199767458056516,0.060623680988498664,0.04453330514113718,84.00399873135117
46,28,active,10000,3,0.48660049754967727,0.04199767458056516,6.6380301222628e-05,4.353206758664436e-05,15.800531042409782
46,28,uniform,10000,3,0.48660049754967727,0.04199767458056516,0.04202993202035957,0.0326241752227909,83.4680878850256
46,29,active,10000,3,0.48660049754967727,0.04199767458056516,2.7193417245552354e-05,0.0,15.800217547337965
46,29,uniform,10000,3,0.48660049754967727,0.04199767458056516,0.017218021870614133,0.009415364332311367,82.423691394954
47,0,active,10000,3,0.6547620884052312,0.0843868528999373,8.398853202532669e-05,4.9750934384736417e-05,15.800671908256204
47,0,uniform,10000,3,0.6547620884052312,0.0843868528999373,0.053178913420068356,0.028202560929347455,83.26911524182063
47,1,active,10000,3,0.6547620884052312,0.0843868528999373,0.00015453865817992296,0.00012437733596184103,15.80123630926544
47,1,uniform,10000,3,0.6547620884052312,0.0843868528999373,0.09784904825960339,0.06902942145882178,85.10632396564698
47,2,active,10000,3,0.6547620884052312,0.0843868528999373,8.520694216537089e-05,4.9750934384736417e-05,15.800681655537323
47,2,uniform,10000,3,0.6547620884052312,0.0843868528999373,0.05395037263933235,0.03904826462521999,83.7571719081349
47,3,active,10000,3,0.6547620884052312,0.0843868528999373,8.682303450444767e-05,6.840753477901257e-05,15.800694584276036
47,3,uniform,10000,3,0.6547620884052312,0.0843868528999373,0.054973631797598344,0.048270844086790506,84.17218798390557
47,4,active,10000,3,0.6547620884052312,0.0843868528999373,0.0001270432420822018,8.084526837519668e-05,15.801016345936658
47,4,uniform,10000,3,0.6547620884052312,0.0843868528999373,0.08043981015477764,0.050267100328978055,84.26201951480401
47,5,active,10000,3,0.6547620884052312,0.0843868528999373,7.045614483865842e-05,3.109433399046026e-05,15.80056364915871
47,5,uniform,10000,3,0.6547620884052312,0.0843868528999373,0.044610628807672435,0.024601837053252158,83.10708266739634
47,6,active,10000,3,0.6547620884052312,0.0843868528999373,6.026418353863999e-05,4.9750934384736417e-05,15.800482113468309
47,6,uniform,10000,3,0.6547620884052312,0.0843868528999373,0.03815739746188004,0.027810772321067656,83.25148475444804
47,7,active,10000,3,0.6547620884052312,0.0843868528999373,0.0001910864452436059,0.00013059620275993308,15.80152869156195
47,7,uniform,10000,3,0.6547620884052312,0.0843868528999373,0.12098996472863377,0.0881773123301472,85.96797905485663
47,8,active,10000,3,0.6547620884052312,0.0843868528999373,4.997447462376514e-05,3.731320078855231e-05,15.800399795796991
47,8,uniform,10000,3,0.6547620884052312,0.0843868528999373,0.03164227538146473,0.02373741456831736,83.06818365557429
47,9,active,10000,3,0.6547620884052312,0.0843868528999373,5.4846852291713655e-05,2.4875467192368208e-05,15.800438774818334
47,9,uniform,10000,3,0.6547620884052312,0.0843868528999373,0.03472731263482355,0.014259861568025075,82.64169377056113
47,10,active,10000,3,0.6547620884052312,0.0843868528999373,9.082390805324053e-05,2.4875467192368208e-05,15.800726591264427
47,10,uniform,10000,3,0.6547620884052312,0.0843868528999373,0.05750685988150639,0.022512297809093227,83.0130534014092
47,11,active,10000,3,0.6547620884052312,0.0843868528999373,5.375922189542609e-05,3.109433399046026e-05,15.800430073775164
47,11,uniform,10000,3,0.6547620884052312,0.0843868528999373,0.03403865906178662,0.021542154588590868,82.96939695648659
47,12,active,10000,3,0.6547620884052312,0.0843868528999373,5.690067280952199e-05,1.8656600394276155e-05,15.800455205382477
47,12,uniform,10000,3,0.6547620884052312,0.0843868528999373,0.036027727594598845,0.015528510394835854,82.69878296776761
47,13,active,10000,3,0.6547620884052312,0.0843868528999373,4.0308951674075666e-05,2.4875467192368208e-05,15.800322471613393
47,13,uniform,10000,3,0.6547620884052312,0.0843868528999373,0.025522368345268154,0.017052132760368405,82.76734597421658
47,14,active,10000,3,0.6547620884052312,0.0843868528999373,0.00010727431167711216,8.706413517328872e-05,15.800858194493417
47,14,uniform,10000,3,0.6547620884052312,0.0843868528999373,0.06792274129940523,0.06747470475929876,85.03636171416845
47,15,active,10000,3,0.6547620884052312,0.0843868528999373,7.023729983705179e-05,4.9750934384736417e-05,15.800561898398698
47,15,uniform,10000,3,0.6547620884052312,0.0843868528999373,0.04447206299268368,0.028277187330924557,83.2724734298916
47,16,active,10000,3,0.6547620884052312,0.0843868528999373,0.00017102343618758536,0.00011193960236565693,15.801368187489501
47,16,uniform,10000,3,0.6547620884052312,0.0843868528999373,0.10828669446297508,0.08177187952811239,85.67973457876506
47,17,active,10000,3,0.6547620884052312,0.0843868528999373,6.63939126155852e-05,7.462640157710462e-05,15.800531151300925
47,17,uniform,10000,3,0.6547620884052312,0.0843868528999373,0.04203855032898733,0.03276099029234893,83.47424456315571
47,18,active,10000,3,0.6547620884052312,0.0843868528999373,4.4310959283345996e-05,4.353206758664436e-05,15.800354487674268
47,18,uniform,10000,3,0.6547620884052312,0.0843868528999373,0.028056314480877222,0.021567030055783237,82.97051635251024
47,19,active,10000,3,0.6547620884052312,0.0843868528999373,9.01477805881068e-05,4.9750934384736417e-05,15.800721182244706
47,19,uniform,10000,3,0.6547620884052312,0.0843868528999373,0.0570787571029199,0.0314550282647496,83.41547627191373
47,20,active,10000,3,0.6547620884052312,0.0843868528999373,6.343756952600921e-05,3.731320078855231e-05,15.80050750055621
47,20,uniform,10000,3,0.6547620884052312,0.0843868528999373,0.04016668628504022,0.02748739124756687,83.23693260614051
47,21,active,10000,3,0.6547620884052312,0.0843868528999373,0.0002012423036679492,8.084526837519668e-05,15.801609938429344
47,21,uniform,10000,3,0.6547620884052312,0.0843868528999373,0.12742033686200435,0.05723223114284115,84.57545040142786
47,22,active,10000,3,0.6547620884052312,0.0843868528999373,5.799661898513164e-05,4.353206758664436e-05,15.800463972951881
47,22,uniform,10000,3,0.6547620884052312,0.0843868528999373,0.03672164645924802,0.02710182150608516,83.21958196777383
47,23,active,10000,3,0.6547620884052312,0.0843868528999373,0.0001533608539607892,9.950186876947283e-05,15.801226886831687
47,23,uniform,10000,3,0.6547620884052312,0.0843868528999373,0.09710329944026876,0.07932164600966411,85.56947407043488
47,24,active,10000,3,0.6547620884052312,0.0843868528999373,0.00015923444514825275,7.462640157710462e-05,15.801273875561186
47,24,uniform,10000,3,0.6547620884052312,0.0843868528999373,0.10082227380133842,0.04156068681164918,83.87023090652421
47,25,active,10000,3,0.6547620884052312,0.0843868528999373,0.00029819663269167046,0.0002052226043370377,15.802385573061533
47,25,uniform,10000,3,0.6547620884052312,0.0843868528999373,0.18880878769592216,0.1489729541482951,88.70378293667328
47,26,active,10000,3,0.6547620884052312,0.0843868528999373,0.00011216097416192478,8.084526837519668e-05,15.800897287793296
47,26,uniform,10000,3,0.6547620884052312,0.0843868528999373,0.07101682325232284,0.05916629871704778,84.66248344226715
47,27,active,10000,3,0.6547620884052312,0.0843868528999373,8.975560705090646e-05,4.9750934384736417e-05,15.800718044856408
47,27,uniform,10000,3,0.6547620884052312,0.0843868528999373,0.05683044507649925,0.029172704149849814,83.31277168674325
47,28,active,10000,3,0.6547620884052312,0.0843868528999373,6.241776508029984e-05,3.731320078855231e-05,15.800499342120643
47,28,uniform,10000,3,0.6547620884052312,0.0843868528999373,0.03952097798391626,0.020292162362174366,82.91314730629784
47,29,active,10000,3,0.6547620884052312,0.0843868528999373,0.00010014646255944448,4.9750934384736417e-05,15.800801171700476
47,29,uniform,10000,3,0.6547620884052312,0.0843868528999373,0.06340961001874135,0.02721997997524891,83.2248990988862
48,0,active,10000,5,0.5708623441736199,0.07358699065093749,0.00019478916541185165,0.00012437733596184103,23.001558313323294
48,0,uniform,10000,5,0.5708623441736199,0.07358699065093749,0.12333441141079286,0.09151684380072263,122.11825797103252
48,1,active,10000,5,0.5708623441736199,0.07358699065093749,0.00010941044783218529,0.0001803471371446695,23.00087528358266
48,1,uniform,10000,5,0.5708623441736199,0.07358699065093749,0.06927527594791502,0.09495587714006753,122.27301447130304
48,2,active,10000,5,0.5708623441736199,0.07358699065093749,0.00019106604954723105,0.00021144147113512975,23.001528528396378
48,2,uniform,10000,5,0.5708623441736199,0.07358699065093749,0.1209770508111502,0.10465109047829305,122.70929907152319
48,3,active,10000,5,0.5708623441736199,0.07358699065093749,8.559776827842674e-05,0.00011193960236565693,23.000684782146227
48,3,uniform,10000,5,0.5708623441736199,0.07358699065093749,0.054197831518897184,0.06507422217523523,120.92833999788559
48,4,active,10000,5,0.5708623441736199,0.07358699065093749,0.00013145703202923492,0.00021144147113512975,23.001051656256234
48,4,uniform,10000,5,0.5708623441736199,0.07358699065093749,0.08323448399632959,0.12476290570332274,123.61433075664952
48,5,active,10000,5,0.5708623441736199,0.07358699065093749,0.00021101660123686722,0.0002300980715294059,23.001688132809896
48,5,uniform,10000,5,0.5708623441736199,0.07358699065093749,0.13360911658731486,0.1276049278300508,123.7422217523523
48,6,active,10000,5,0.5708623441736199,0.07358699065093749,8.638747318719109e-05,9.328300197138078e-05,23.0006910997855
48,6,uniform,10000,5,0.5708623441736199,0.07358699065093749,0.05469784798489438,0.06787271223437666,121.05427205054696
48,7,active,10000,5,0.5708623441736199,0.07358699065093749,9.530866892459161e-05,0.00010572073556756488,23.000762469351397
48,7,uniform,10000,5,0.5708623441736199,0.07358699065093749,0.06034647029418936,0.06327075080378854,120.84718378617049
48,8,active,10000,5,0.5708623441736199,0.07358699065093749,5.0738609330094886e-05,5.596980118282847e-05,23.00040590887464
48,8,uniform,10000,5,0.5708623441736199,0.07358699065093749,0.03212610159451906,0.0388057288200944,119.74625779690425
48,9,active,10000,5,0.5708623441736199,0.07358699065093749,0.00012124777545354654,0.00024253580512559003,23.000969982203628
48,9,uniform,10000,5,0.5708623441736199,0.07358699065093749,0.07677030182254392,0.13164097238201256,123.92384375719057
48,10,active,10000,5,0.5708623441736199,0.07358699065093749,8.927637331598848e-05,9.950186876947283e-05,23.000714210986526
48,10,uniform,10000,5,0.5708623441736199,0.07358699065093749,0.05652700925400043,0.06022972493952152,120.71033762227847
48,11,active,10000,5,0.5708623441736199,0.07358699065093749,8.792572810046445e-05,0.0001803471371446695,23.000703405824805
48,11,uniform,10000,5,0.5708623441736199,0.07358699065093749,0.05567182291792406,0.08573951654529512,121.85827824453828
48,12,active,10000,5,0.5708623441736199,0.07358699065093749,7.33176132312538e-05,0.00014925280315420924,23.00058654090585
48,12,uniform,10000,5,0.5708623441736199,0.07358699065093749,0.04642242115880733,0.0739361073625164,121.32712483131324
48,13,active,10000,5,0.5708623441736199,0.07358699065093749,0.00011731358514576601,0.0001679094035484854,23.000938508681166
48,13,uniform,10000,5,0.5708623441736199,0.07358699065093749,0.07427929548266005,0.08352559996517435,121.75865199843284
48,14,active,10000,5,0.5708623441736199,0.07358699065093749,0.0001609946363295353,0.0002176603379332218,23.001287957090636
48,14,uniform,10000,5,0.5708623441736199,0.07358699065093749,0.10193677184257367,0.11578286204687782,123.2102287921095
48,15,active,10000,5,0.5708623441736199,0.07358699065093749,0.00017407198587513634,0.0001927848707408536,23.001392575887
48,15,uniform,10000,5,0.5708623441736199,0.07358699065093749,0.1102169408427805,0.14328890989483897,124.44800094526775
48,16,active,10000,5,0.5708623441736199,0.07358699065093749,0.00011995843075339463,0.00013681506955802515,23.000959667446025
48,16,uniform,10000,5,0.5708623441736199,0.07358699065093749,0.07595392905686299,0.0787121970634511,121.5420488678553
48,17,active,10000,5,0.5708623441736199,0.07358699065093749,0.00010858550078610835,0.00017412827034657744,23.00086868400629
48,17,uniform,10000,5,0.5708623441736199,0.07358699065093749,0.06875294526204002,0.09057157604741264,122.07572092213357
48,18,active,10000,5,0.5708623441736199,0.07358699065093749,9.687527478104835e-05,0.00010572073556756488,23.00077500219825
48,18,uniform,10000,5,0.5708623441736199,0.07358699065093749,0.06133839615832631,0.07085154943066274,121.18831972437982
48,19,active,10000,5,0.5708623441736199,0.07358699065093749,0.00011641052139807484,0.0001927848707408536,23.000931284171184
48,19,uniform,10000,5,0.5708623441736199,0.07358699065093749,0.07370750374282398,0.09359394531128538,122.21172753900784
48,20,active,10000,5,0.5708623441736199,0.07358699065093749,0.00010357511669390612,0.00016169053675039335,23.000828600933552
48,20,uniform,10000,5,0.5708623441736199,0.07358699065093749,0.06558052665420983,0.07286024340644648,121.27871095329009
48,21,active,10000,5,0.5708623441736199,0.07358699065093749,9.174651755759072e-05,6.840753477901257e-05,23.00073397214046
48,21,uniform,10000,5,0.5708623441736199,0.07358699065093749,0.05809102738352255,0.04191516221914043,119.88618229986132
48,22,active,10000,5,0.5708623441736199,0.07358699065093749,0.00010464624315064536,9.950186876947283e-05,23.000837169945203
48,22,uniform,10000,5,0.5708623441736199,0.07358699065093749,0.06625873044863534,0.07560276366440508,121.40212436489823
48,23,active,10000,5,0.5708623441736199,0.07358699065093749,9.812383071991504e-05,0.00013059620275993308,23.00078499064576
48,23,uniform,10000,5,0.5708623441736199,0.07358699065093749,0.062128942755240786,0.066815504878701,121.00669771954155
48,24,active,10000,5,0.5708623441736199,0.07358699065093749,0.00012582421111644038,0.0001430339363561172,23.00100659368893
48,24,uniform,10000,5,0.5708623441736199,0.07358699065093749,0.0796679578479926,0.08031044583056075,121.61397006237523
48,25,active,10000,5,0.5708623441736199,0.07358699065093749,0.00011830008150516547,0.00011815846916374898,23.00094640065204
48,25,uniform,10000,5,0.5708623441736199,0.07358699065093749,0.07490391414447163,0.09886754435606744,122.44903949602303
48,26,active,10000,5,0.5708623441736199,0.07358699065093749,0.0001666173720514183,0.00018656600394276155,23.00133293897641
48,26,uniform,10000,5,0.5708623441736199,0.07358699065093749,0.10549691236331912,0.10131155900771761,122.5590201553473
48,27,active,10000,5,0.5708623441736199,0.07358699065093749,9.823229081445256e-05,0.0001430339363561172,23.000785858326516
48,27,uniform,10000,5,0.5708623441736199,0.07358699065093749,0.062197616297136916,0.07232542086181055,121.25464393878147
48,28,active,10000,5,0.5708623441736199,0.07358699065093749,0.00013476753371079175,0.0001803471371446695,23.001078140269687
48,28,uniform,10000,5,0.5708623441736199,0.07358699065093749,0.08533059019151298,0.12897929739242917,123.80406838265931
48,29,active,10000,5,0.5708623441736199,0.07358699065093749,8.797952472062304e-05,0.00016169053675039335,23.000703836197765
48,29,uniform,10000,5,0.5708623441736199,0.07358699065093749,0.055705885256370304,0.0772258878987071,121.47516495544181
49,0,active,10000,3,0.5928862962954802,0.11978020691084287,6.320380537250259e-05,4.353206758664436e-05,15.80050563044298
49,0,uniform,10000,3,0.5928862962954802,0.11978020691084287,0.0400186741293553,0.023053339220527234,83.03740026492372
49,1,active,10000,3,0.5928862962954802,0.11978020691084287,0.0001488853871314394,9.950186876947283e-05,15.801191083097052
49,1,uniform,10000,3,0.5928862962954802,0.11978020691084287,0.09426957372449235,0.06437770909384892,84.8969969092232
49,2,active,10000,3,0.5928862962954802,0.11978020691084287,4.814715543304676e-05,3.731320078855231e-05,15.800385177243465
49,2,uniform,10000,3,0.5928862962954802,0.11978020691084287,0.030485273982672187,0.018737445662651352,82.84318505481932
49,3,active,10000,3,0.5928862962954802,0.11978020691084287,8.60368920586399e-05,4.9750934384736417e-05,15.800688295136469
49,3,uniform,10000,3,0.5928862962954802,0.11978020691084287,0.054475870971698856,0.027692613851903906,83.24616762333568
49,4,active,10000,3,0.5928862962954802,0.11978020691084287,9.37348125018625e-05,7.462640157710462e-05,15.800749878500016
49,4,uniform,10000,3,0.5928862962954802,0.11978020691084287,0.05934995359817751,0.04817134221802103,84.16771039981094
49,5,active,10000,3,0.5928862962954802,0.11978020691084287,0.00012025278699459574,0.00012437733596184103,15.800962022295957
49,5,uniform,10000,3,0.5928862962954802,0.11978020691084287,0.07614030622868156,0.06944608553429395,85.12507384904323
49,6,active,10000,3,0.5928862962954802,0.11978020691084287,0.00011586541683410168,4.9750934384736417e-05,15.800926923334673
49,6,uniform,10000,3,0.5928862962954802,0.11978020691084287,0.07336236057015255,0.03989403050976051,83.79523137293923
49,7,active,10000,3,0.5928862962954802,0.11978020691084287,0.0001223419447035079,7.462640157710462e-05,15.800978735557628
49,7,uniform,10000,3,0.5928862962954802,0.11978020691084287,0.07746309559339905,0.04806562148245347,84.1629529667104
49,8,active,10000,3,0.5928862962954802,0.11978020691084287,0.00018229448918496982,6.840753477901257e-05,15.80145835591348
49,8,uniform,10000,3,0.5928862962954802,0.11978020691084287,0.11542317294457714,0.05941505338897146,84.67367740250371
49,9,active,10000,3,0.5928862962954802,0.11978020691084287,0.0001751534520438372,0.00010572073556756488,15.801401227616351
49,9,uniform,10000,3,0.5928862962954802,0.11978020691084287,0.11090169141966147,0.06065260788179178,84.72936735468063
49,10,active,10000,3,0.5928862962954802,0.11978020691084287,8.141422797947745e-05,6.840753477901257e-05,15.800651313823836
49,10,uniform,10000,3,0.5928862962954802,0.11978020691084287,0.051548944557985255,0.03949602303468262,83.77732103656072
49,11,active,10000,3,0.5928862962954802,0.11978020691084287,9.880577819779135e-05,5.596980118282847e-05,15.800790446225584
49,11,uniform,10000,3,0.5928862962954802,0.11978020691084287,0.06256073058399517,0.03666643864155074,83.64998973886978
49,12,active,10000,3,0.5928862962954802,0.11978020691084287,4.91165554243056e-05,2.4875467192368208e-05,15.800392932443396
49,12,uniform,10000,3,0.5928862962954802,0.11978020691084287,0.031099067758579776,0.019838185085913645,82.89271832886611
49,13,active,10000,3,0.5928862962954802,0.11978020691084287,0.0001538320909186125,6.840753477901257e-05,15.80123065672735
49,13,uniform,10000,3,0.5928862962954802,0.11978020691084287,0.09740167195346675,0.04575220303356323,84.05884913651035
49,14,active,10000,3,0.5928862962954802,0.11978020691084287,0.0001373890823716875,6.840753477901257e-05,15.801099112658974
49,14,uniform,10000,3,0.5928862962954802,0.11978020691084287,0.08699047286714935,0.04810915355004011,84.16491190975181
49,15,active,10000,3,0.5928862962954802,0.11978020691084287,7.336350798701347e-05,4.353206758664436e-05,15.800586908063897
49,15,uniform,10000,3,0.5928862962954802,0.11978020691084287,0.04645148028371824,0.025808297212082016,83.16137337454369
49,16,active,10000,3,0.5928862962954802,0.11978020691084287,0.00011341509040324604,4.353206758664436e-05,15.800907320723226
49,16,uniform,10000,3,0.5928862962954802,0.11978020691084287,0.07181089045897998,0.029328175819802117,83.31976791189109
49,17,active,10000,3,0.5928862962954802,0.11978020691084287,9.645503565045704e-05,4.9750934384736417e-05,15.800771640285204
49,17,uniform,10000,3,0.5928862962954802,0.11978020691084287,0.061072313875348436,0.029788371962860927,83.34047673832875
49,18,active,10000,3,0.5928862962954802,0.11978020691084287,8.857441306107938e-05,3.109433399046026e-05,15.800708595304489
49,18,uniform,10000,3,0.5928862962954802,0.11978020691084287,0.056082549960340504,0.02046007176572285,82.92070322945753
49,19,active,10000,3,0.5928862962954802,0.11978020691084287,0.0001350151968253152,0.00012437733596184103,15.801080121574604
49,19,uniform,10000,3,0.5928862962954802,0.11978020691084287,0.08548740273495004,0.06254314338841177,84.81444145247853
49,20,active,10000,3,0.5928862962954802,0.11978020691084287,9.690889978357375e-05,9.328300197138078e-05,15.800775271198269
49,20,uniform,10000,3,0.5928862962954802,0.11978020691084287,0.06135968645892487,0.05161659442416403,84.32274674908739
49,21,active,10000,3,0.5928862962954802,0.11978020691084287,8.287531782089075e-05,8.084526837519668e-05,15.800663002542567
49,21,uniform,10000,3,0.5928862962954802,0.11978020691084287,0.0524740609792772,0.04379947885896232,83.97097654865331
49,22,active,10000,3,0.5928862962954802,0.11978020691084287,9.590756068435236e-05,5.596980118282847e-05,15.800767260485475
49,22,uniform,10000,3,0.5928862962954802,0.11978020691084287,0.06072566983819472,0.03151721693273052,83.41827476197287
49,23,active,10000,3,0.5928862962954802,0.11978020691084287,0.00013382562692595967,9.328300197138078e-05,15.801070605015408
49,23,uniform,10000,3,0.5928862962954802,0.11978020691084287,0.08473420425463343,0.0684572857133973,85.08057785710288
49,24,active,10000,3,0.5928862962954802,0.11978020691084287,0.0002428666082426728,0.00015547166995230128,15.801942932865941
49,24,uniform,10000,3,0.5928862962954802,0.11978020691084287,0.15377554555264655,0.08702682197250017,85.91620698876251
49,25,active,10000,3,0.5928862962954802,0.11978020691084287,6.507436019793228e-05,4.353206758664436e-05,15.800520594881585
49,25,uniform,10000,3,0.5928862962954802,0.11978020691084287,0.04120305098066767,0.02870007027319482,83.29150316229376
49,26,active,10000,3,0.5928862962954802,0.11978020691084287,8.424960055193609e-05,3.731320078855231e-05,15.800673996804417
49,26,uniform,10000,3,0.5928862962954802,0.11978020691084287,0.053344213851399314,0.019595649280788056,82.88180421763546
49,27,active,10000,3,0.5928862962954802,0.11978020691084287,9.062710191839324e-05,9.328300197138078e-05,15.800725016815347
49,27,uniform,10000,3,0.5928862962954802,0.11978020691084287,0.057382248388093235,0.053668820467534406,84.41509692103905
49,28,active,10000,3,0.5928862962954802,0.11978020691084287,0.00017371885423281275,6.840753477901257e-05,15.801389750833863
49,28,uniform,10000,3,0.5928862962954802,0.11978020691084287,0.1099933489240043,0.04918501750611003,84.21332578777495
49,29,active,10000,3,0.5928862962954802,0.11978020691084287,5.503211547471659e-05,3.109433399046026e-05,15.800440256923798
49,29,uniform,10000,3,0.5928862962954802,0.11978020691084287,0.03484461549186906,0.022027226198842047,82.99122517894789
50,0,active,10000,2,0.6308716563598644,0.10365819500165166,3.15144832008854e-05,1.2437733596184104e-05,12.200252115865606
50,0,uniform,10000,2,0.6308716563598644,0.10365819500165166,0.019953985778789075,0.011473809242479835,64.51632141591159
50,1,active,10000,2,0.6308716563598644,0.10365819500165166,0.00011681080468560479,4.9750934384736417e-05,12.200934486437484
50,1,uniform,10000,2,0.6308716563598644,0.10365819500165166,0.07396095060963008,0.03501222007325825,65.57554990329662
50,2,active,10000,2,0.6308716563598644,0.10365819500165166,2.2654424518452065e-05,1.2437733596184104e-05,12.200181235396148
50,2,uniform,10000,2,0.6308716563598644,0.10365819500165166,0.014344073541909183,0.004807184034925156,64.21632328157163
50,3,active,10000,2,0.6308716563598644,0.10365819500165166,9.927171349415065e-05,5.596980118282847e-05,12.200794173707953
50,3,uniform,10000,2,0.6308716563598644,0.10365819500165166,0.06285574625082618,0.01961430588118233,64.88264376465321
50,4,active,10000,2,0.6308716563598644,0.10365819500165166,0.00010896304260998163,6.840753477901257e-05,12.200871704340878
50,4,uniform,10000,2,0.6308716563598644,0.10365819500165166,0.06899199294488922,0.03484431066970976,65.56799398013693
50,5,active,10000,2,0.6308716563598644,0.10365819500165166,8.167314179875762e-05,4.353206758664436e-05,12.20065338513439
50,5,uniform,10000,2,0.6308716563598644,0.10365819500165166,0.05171288069603203,0.027966243991019955,65.2584809795959
50,6,active,10000,2,0.6308716563598644,0.10365819500165166,0.00013557069229934438,4.9750934384736417e-05,12.201084565538395
50,6,uniform,10000,2,0.6308716563598644,0.10365819500165166,0.08583912510712458,0.03471371446694983,65.56211715101274
50,7,active,10000,2,0.6308716563598644,0.10365819500165166,8.517626379406229e-05,3.109433399046026e-05,12.200681410110352
50,7,uniform,10000,2,0.6308716563598644,0.10365819500165166,0.05393094805349796,0.027897836456240943,65.25540264053085
50,8,active,10000,2,0.6308716563598644,0.10365819500165166,7.303570550070554e-05,3.109433399046026e-05,12.200584285644005
50,8,uniform,10000,2,0.6308716563598644,0.10365819500165166,0.04624392599486839,0.019085702203344507,64.8588565991505
50,9,active,10000,2,0.6308716563598644,0.10365819500165166,9.999063946522502e-05,2.4875467192368208e-05,12.20079992511572
50,9,uniform,10000,2,0.6308716563598644,0.10365819500165166,0.06331094770573567,0.0224563280079104,65.01053476035597
50,10,active,10000,2,0.6308716563598644,0.10365819500165166,2.9030883272745944e-05,2.4875467192368208e-05,12.20023224706618
50,10,uniform,10000,2,0.6308716563598644,0.10365819500165166,0.01838144792909749,0.006710157275141323,64.30195707738136
50,11,active,10000,2,0.6308716563598644,0.10365819500165166,7.247580996425779e-05,3.731320078855231e-05,12.200579806479713
50,11,uniform,10000,2,0.6308716563598644,0.10365819500165166,0.04588941764063119,0.025783421744889647,65.16025397852003
50,12,active,10000,2,0.6308716563598644,0.10365819500165166,3.629100178052097e-05,2.4875467192368208e-05,12.200290328014244
50,12,uniform,10000,2,0.6308716563598644,0.10365819500165166,0.022978328053509772,0.007220104352584872,64.32490469586632
50,13,active,10000,2,0.6308716563598644,0.10365819500165166,0.00013757197488363515,8.706413517328872e-05,12.20110057579907
50,13,uniform,10000,2,0.6308716563598644,0.10365819500165166,0.08710627468942955,0.042717396036094306,65.92228282162425
50,14,active,10000,2,0.6308716563598644,0.10365819500165166,6.232062936632754e-05,2.4875467192368208e-05,12.20049856503493
50,14,uniform,10000,2,0.6308716563598644,0.10365819500165166,0.039459474685831164,0.02143021498622521,64.96435967438013
50,15,active,10000,2,0.6308716563598644,0.10365819500165166,4.676119340429191e-05,2.4875467192368208e-05,12.200374089547234
50,15,uniform,10000,2,0.6308716563598644,0.10365819500165166,0.029607726144224918,0.010603167890746949,64.47714255508362
50,16,active,10000,2,0.6308716563598644,0.10365819500165166,9.715992740792767e-05,4.353206758664436e-05,12.200777279419263
50,16,uniform,10000,2,0.6308716563598644,0.10365819500165166,0.06151862930482874,0.022275980870765728,65.00241913918445
50,17,active,10000,2,0.6308716563598644,0.10365819500165166,8.169768477293143e-05,4.9750934384736417e-05,12.200653581478182
50,17,uniform,10000,2,0.6308716563598644,0.10365819500165166,0.051728420540214294,0.019751120950740355,64.88880044278332
50,18,active,10000,2,0.6308716563598644,0.10365819500165166,5.745542078349625e-05,2.4875467192368208e-05,12.200459643366267
50,18,uniform,10000,2,0.6308716563598644,0.10365819500165166,0.03637897667312566,0.013271061747128438,64.59719777862078
50,19,active,10000,2,0.6308716563598644,0.10365819500165166,0.0001225290900003645,7.462640157710462e-05,12.200980232720003
50,19,uniform,10000,2,0.6308716563598644,0.10365819500165166,0.07758159014616739,0.047823085677327876,66.15203885547976
50,20,active,10000,2,0.6308716563598644,0.10365819500165166,3.742571383377746e-05,2.4875467192368208e-05,12.20029940571067
50,20,uniform,10000,2,0.6308716563598644,0.10365819500165166,0.023696792260238214,0.006890504412285993,64.31007269855287
50,21,active,10000,2,0.6308716563598644,0.10365819500165166,7.544674878141866e-05,1.8656600394276155e-05,12.20060357399025
50,21,uniform,10000,2,0.6308716563598644,0.10365819500165166,0.04777052324310675,0.016287212144203082,64.73292454648914
50,22,active,10000,2,0.6308716563598644,0.10365819500165166,5.330572258252508e-06,6.218866798092052e-06,12.200042644578065
50,22,uniform,10000,2,0.6308716563598644,0.10365819500165166,0.003375151747097481,0.0015858110335134732,64.0713614965081
50,23,active,10000,2,0.6308716563598644,0.10365819500165166,8.227371797027427e-05,1.8656600394276155e-05,12.200658189743761
50,23,uniform,10000,2,0.6308716563598644,0.10365819500165166,0.0520931467568366,0.023899105105067753,65.07545972972805
50,24,active,10000,2,0.6308716563598644,0.10365819500165166,6.83148430074762e-05,1.8656600394276155e-05,12.200546518744058
50,24,uniform,10000,2,0.6308716563598644,0.10365819500165166,0.04325482341453382,0.014968812383007568,64.67359655723534
50,25,active,10000,2,0.6308716563598644,0.10365819500165166,0.00013277963483910443,3.109433399046026e-05,12.201062237078713
50,25,uniform,10000,2,0.6308716563598644,0.10365819500165166,0.08407191475769862,0.04158556227884155,65.87135030254787
50,26,active,10000,2,0.6308716563598644,0.10365819500165166,7.724373789895489e-05,2.4875467192368208e-05,12.20061794990319
50,26,uniform,10000,2,0.6308716563598644,0.10365819500165166,0.04890832058748018,0.026013519816419053,65.17060839173885
50,27,active,10000,2,0.6308716563598644,0.10365819500165166,8.847544942792995e-05,2.4875467192368208e-05,12.200707803595423
50,27,uniform,10000,2,0.6308716563598644,0.10365819500165166,0.056019889280929894,0.020049626557048776,64.9022331950672
50,28,active,10000,2,0.6308716563598644,0.10365819500165166,7.107210994547475e-05,5.596980118282847e-05,12.200568576879563
50,28,uniform,10000,2,0.6308716563598644,0.10365819500165166,0.04500063866137524,0.024290893713347556,65.09309021710064
50,29,active,10000,2,0.6308716563598644,0.10365819500165166,4.343310766286024e-05,2.4875467192368208e-05,12.200347464861302
50,29,uniform,10000,2,0.6308716563598644,0.10365819500165166,0.027500486271981893,0.013830759758956724,64.62238418915305
51,0,active,10000,5,0.4801969628966185,0.05493255296193669,0.00010450738715865951,0.00011193960236565693,23.00083605909727
51,0,uniform,10000,5,0.4801969628966185,0.05493255296193669,0.0661708111744369,0.0807519853732253,121.63383934179514
51,1,active,10000,5,0.4801969628966185,0.05493255296193669,0.00011373685312682236,0.00011193960236565693,23.000909894825014
51,1,uniform,10000,5,0.4801969628966185,0.05493255296193669,0.07201462055887721,0.08389873197305987,121.77544293878769
51,2,active,10000,5,0.4801969628966185,0.05493255296193669,0.00011195813184834008,9.950186876947283e-05,23.000895665054788
51,2,uniform,10000,5,0.4801969628966185,0.05493255296193669,0.07088838983918674,0.07530425805809665,121.38869161261435
51,3,active,10000,5,0.4801969628966185,0.05493255296193669,9.677545341515298e-05,0.00014925280315420924,23.000774203627323
51,3,uniform,10000,5,0.4801969628966185,0.05493255296193669,0.06127519238934101,0.08436514698291678,121.79643161423125
51,4,active,10000,5,0.4801969628966185,0.05493255296193669,0.00010635095680415832,0.0001927848707408536,23.000850807654434
51,4,uniform,10000,5,0.4801969628966185,0.05493255296193669,0.06733810185324947,0.10818962568640743,122.86853315588833
51,5,active,10000,5,0.4801969628966185,0.05493255296193669,0.00013455129640542463,0.0001679094035484854,23.001076410371244
51,5,uniform,10000,5,0.4801969628966185,0.05493255296193669,0.08519367548819907,0.10040982332199426,122.51844204948974
51,6,active,10000,5,0.4801969628966185,0.05493255296193669,0.00010849459059142016,0.00010572073556756488,23.000867956724733
51,6,uniform,10000,5,0.4801969628966185,0.05493255296193669,0.06869538376818486,0.08855044433803272,121.98476999521148
51,7,active,10000,5,0.4801969628966185,0.05493255296193669,6.711802637903233e-05,8.706413517328872e-05,23.00053694421103
51,7,uniform,10000,5,0.4801969628966185,0.05493255296193669,0.042497036531839415,0.0501551607266124,120.25698223269755
51,8,active,10000,5,0.4801969628966185,0.05493255296193669,0.00013769689399715027,0.00016169053675039335,23.001101575151978
51,8,uniform,10000,5,0.4801969628966185,0.05493255296193669,0.08718536956776807,0.12037238574386976,123.41675735847414
51,9,active,10000,5,0.4801969628966185,0.05493255296193669,5.727154638031709e-05,6.218866798092052e-05,23.000458172371044
51,9,uniform,10000,5,0.4801969628966185,0.05493255296193669,0.03626255314802124,0.045509667228437634,120.0479350252797
51,10,active,10000,5,0.4801969628966185,0.05493255296193669,0.00010285166230780685,8.084526837519668e-05,23.000822813298463
51,10,uniform,10000,5,0.4801969628966185,0.05493255296193669,0.06512245794845162,0.06507422217523523,120.92833999788559
51,11,active,10000,5,0.4801969628966185,0.05493255296193669,8.502559030723611e-05,0.00011193960236565693,23.000680204722457
51,11,uniform,10000,5,0.4801969628966185,0.05493255296193669,0.0538355463109593,0.07647962388293605,121.44158307473212
51,12,active,10000,5,0.4801969628966185,0.05493255296193669,0.0001010507703846919,0.00013059620275993308,23.000808406163078
51,12,uniform,10000,5,0.4801969628966185,0.05493255296193669,0.06398218946961866,0.06998090807892986,121.14914086355185
51,13,active,10000,5,0.4801969628966185,0.05493255296193669,0.00012290281937485728,0.00012437733596184103,23.000983222555
51,13,uniform,10000,5,0.4801969628966185,0.05493255296193669,0.0778182239051827,0.07254930006654188,121.26471850299438
51,14,active,10000,5,0.4801969628966185,0.05493255296193669,0.0001850315273626245,0.00021144147113512975,23.0014802522189
51,14,uniform,10000,5,0.4801969628966185,0.05493255296193669,0.11715617997260816,0.13594442820629224,124.11749926928314
51,15,active,10000,5,0.4801969628966185,0.05493255296193669,9.900722893202082e-05,9.950186876947283e-05,23.000792057831458
51,15,uniform,10000,5,0.4801969628966185,0.05493255296193669,0.06268828289255261,0.05608174078519412,120.52367833533374
51,16,active,10000,5,0.4801969628966185,0.05493255296193669,8.88664423668653e-05,0.00013681506955802515,23.000710931538936
51,16,uniform,10000,5,0.4801969628966185,0.05493255296193669,0.056267453789426616,0.06741251609131783,121.0335632241093
51,17,active,10000,5,0.4801969628966185,0.05493255296193669,0.00013787088743159176,0.00011815846916374898,23.001102967099452
51,17,uniform,10000,5,0.4801969628966185,0.05493255296193669,0.08729553677234339,0.07098214563342267,121.19419655350401
51,18,active,10000,5,0.4801969628966185,0.05493255296193669,0.00010010692292723375,8.084526837519668e-05,23.000800855383417
51,18,uniform,10000,5,0.4801969628966185,0.05493255296193669,0.06338457475944569,0.05581432951287616,120.51164482807943
51,19,active,10000,5,0.4801969628966185,0.05493255296193669,5.0861699813060934e-05,3.731320078855231e-05,23.000406893598505
51,19,uniform,10000,5,0.4801969628966185,0.05493255296193669,0.03220403864109732,0.02371253910112499,119.06706425955062
51,20,active,10000,5,0.4801969628966185,0.05493255296193669,6.935297676554167e-05,7.462640157710462e-05,23.000554823814124
51,20,uniform,10000,5,0.4801969628966185,0.05493255296193669,0.043912137263274656,0.053208624324475595,120.3943880946014
51,21,active,10000,5,0.4801969628966185,0.05493255296193669,0.00010585197018101594,0.00013059620275993308,23.00084681576145
51,21,uniform,10000,5,0.4801969628966185,0.05493255296193669,0.06702215911929824,0.08501190912991835,121.82553591084633
51,22,active,10000,5,0.4801969628966185,0.05493255296193669,6.060296896596637e-05,7.462640157710462e-05,23.000484823751727
51,22,uniform,10000,5,0.4801969628966185,0.05493255296193669,0.03837190580572914,0.04485668621463797,120.0185508796587
51,23,active,10000,5,0.4801969628966185,0.05493255296193669,0.00012945421588903341,0.00014925280315420924,23.001035633727113
51,23,uniform,10000,5,0.4801969628966185,0.05493255296193669,0.08196636341432824,0.08605667875199781,121.8725505438399
51,24,active,10000,5,0.4801969628966185,0.05493255296193669,0.00014620092338448604,9.328300197138078e-05,23.001169607387077
51,24,uniform,10000,5,0.4801969628966185,0.05493255296193669,0.09256985518273125,0.07896717060217287,121.55352267709777
51,25,active,10000,5,0.4801969628966185,0.05493255296193669,0.00011344416628881679,0.0001679094035484854,23.00090755333031
51,25,uniform,10000,5,0.4801969628966185,0.05493255296193669,0.07182930040094346,0.09674069191111996,122.35333113600039
51,26,active,10000,5,0.4801969628966185,0.05493255296193669,0.00011915973458798482,0.00019900373753894567,23.000953277876704
51,26,uniform,10000,5,0.4801969628966185,0.05493255296193669,0.07544821960812104,0.11159134582496377,123.02161056212337
51,27,active,10000,5,0.4801969628966185,0.05493255296193669,0.0001075413159507578,8.084526837519668e-05,23.000860330527605
51,27,uniform,10000,5,0.4801969628966185,0.05493255296193669,0.06809180006023233,0.06851325551458014,121.08309649815611
51,28,active,10000,5,0.4801969628966185,0.05493255296193669,0.00014274100362771103,0.0001803471371446695,23.00114192802902
51,28,uniform,10000,5,0.4801969628966185,0.05493255296193669,0.09037914213239272,0.10447074334114838,122.70118345035168
51,29,active,10000,5,0.4801969628966185,0.05493255296193669,0.00020834370189190196,0.0002860678727122344,23.001666749615136
51,29,uniform,10000,5,0.4801969628966185,0.05493255296193669,0.1319167202634482,0.1707265502080211,125.68269475936096
52,0,active,10000,2,0.7672935612866276,0.09265103509417322,0.00015955835827907716,6.840753477901257e-05,12.201276466866233
52,0,uniform,10000,2,0.7672935612866276,0.09265103509417322,0.10102736547184313,0.03965149470463492,65.78431726170857
52,1,active,10000,2,0.7672935612866276,0.09265103509417322,9.199170781246102e-05,2.4875467192368208e-05,12.200735933662498
52,1,uniform,10000,2,0.7672935612866276,0.09265103509417322,0.058246274189511824,0.019906592620692658,64.89579666793117
52,2,active,10000,2,0.7672935612866276,0.09265103509417322,0.00014108146167597646,9.328300197138078e-05,12.201128651693407
52,2,uniform,10000,2,0.7672935612866276,0.09265103509417322,0.08932837203749731,0.041492279276870166,65.86715256745916
52,3,active,10000,2,0.7672935612866276,0.09265103509417322,3.996619042546945e-05,3.109433399046026e-05,12.200319729523404
52,3,uniform,10000,2,0.7672935612866276,0.09265103509417322,0.025305342635623687,0.011461371508883652,64.51576171789976
52,4,active,10000,2,0.7672935612866276,0.09265103509417322,3.628306742204518e-05,1.2437733596184104e-05,12.200290264539376
52,4,uniform,10000,2,0.7672935612866276,0.09265103509417322,0.022973304265708226,0.008737507851319333,64.39318785330937
52,5,active,10000,2,0.7672935612866276,0.09265103509417322,5.292844450870832e-05,3.731320078855231e-05,12.20042342755607
52,5,uniform,10000,2,0.7672935612866276,0.09265103509417322,0.03351263678636393,0.014290955902015534,64.6430930155907
52,6,active,10000,2,0.7672935612866276,0.09265103509417322,5.5572249235621984e-05,1.8656600394276155e-05,12.200444577993885
52,6,uniform,10000,2,0.7672935612866276,0.09265103509417322,0.035186611307442994,0.013289718347522714,64.59803732563853
52,7,active,10000,2,0.7672935612866276,0.09265103509417322,0.00011704868309405508,4.353206758664436e-05,12.200936389464752
52,7,uniform,10000,2,0.7672935612866276,0.09265103509417322,0.07411156778299863,0.024956312460743403,65.12303406073346
52,8,active,10000,2,0.7672935612866276,0.09265103509417322,6.212744186415153e-05,3.109433399046026e-05,12.200497019534913
52,8,uniform,10000,2,0.7672935612866276,0.09265103509417322,0.039337154397545995,0.01661059321770387,64.74747669479667
52,9,active,10000,2,0.7672935612866276,0.09265103509417322,8.12279916471495e-05,6.218866798092052e-05,12.200649823933176
52,9,uniform,10000,2,0.7672935612866276,0.09265103509417322,0.051431025533219814,0.026877942301353847,65.20950740356092
52,10,active,10000,2,0.7672935612866276,0.09265103509417322,0.0001498899283075908,8.706413517328872e-05,12.20119911942646
52,10,uniform,10000,2,0.7672935612866276,0.09265103509417322,0.09490561780031642,0.044091765598472644,65.98412945193127
52,11,active,10000,2,0.7672935612866276,0.09265103509417322,0.00016257866266905507,7.462640157710462e-05,12.201300629301352
52,11,uniform,10000,2,0.7672935612866276,0.09265103509417322,0.10293972781212912,0.03718882345259047,65.67349705536657
52,12,active,10000,2,0.7672935612866276,0.09265103509417322,6.41732807837303e-05,3.109433399046026e-05,12.20051338624627
52,12,uniform,10000,2,0.7672935612866276,0.09265103509417322,0.04063251565880943,0.016262336677010714,64.73180515046548
52,13,active,10000,2,0.7672935612866276,0.09265103509417322,0.00010894997550762314,4.353206758664436e-05,12.20087159980406
52,13,uniform,10000,2,0.7672935612866276,0.09265103509417322,0.06898371926406696,0.026809534766574834,65.20642906449586
52,14,active,10000,2,0.7672935612866276,0.09265103509417322,0.00017638080920359678,8.706413517328872e-05,12.201411046473629
52,14,uniform,10000,2,0.7672935612866276,0.09265103509417322,0.11167881561218067,0.039838060708577684,65.792712731886
52,15,active,10000,2,0.7672935612866276,0.09265103509417322,0.00011152718581297627,4.353206758664436e-05,12.200892217486503
52,15,uniform,10000,2,0.7672935612866276,0.09265103509417322,0.07061552827877118,0.022344388405544743,65.00549747824951
52,16,active,10000,2,0.7672935612866276,0.09265103509417322,0.00013527593960657724,6.840753477901257e-05,12.201082207516851
52,16,uniform,10000,2,0.7672935612866276,0.09265103509417322,0.085652496914534,0.04236292062860306,65.90633142828713
52,17,active,10000,2,0.7672935612866276,0.09265103509417322,8.895771571652139e-05,6.218866798092052e-05,12.200711661725732
52,17,uniform,10000,2,0.7672935612866276,0.09265103509417322,0.05632524522166263,0.026168991486371352,65.17760461688671
52,18,active,10000,2,0.7672935612866276,0.09265103509417322,8.9921308090192e-05,4.9750934384736417e-05,12.200719370464721
52,18,uniform,10000,2,0.7672935612866276,0.09265103509417322,0.056935361795607736,0.020348132163357194,64.91566594735107
52,19,active,10000,2,0.7672935612866276,0.09265103509417322,4.6051251564607765e-05,2.4875467192368208e-05,12.200368410012516
52,19,uniform,10000,2,0.7672935612866276,0.09265103509417322,0.02915821316060812,0.010920330097449643,64.49141485438524
52,20,active,10000,2,0.7672935612866276,0.09265103509417322,5.549828373274668e-05,4.9750934384736417e-05,12.20044398626986
52,20,uniform,10000,2,0.7672935612866276,0.09265103509417322,0.035139778662798056,0.020472509499319034,64.92126292746936
52,21,active,10000,2,0.7672935612866276,0.09265103509417322,0.00011691221912681071,6.218866798092052e-05,12.200935297753015
52,21,uniform,10000,2,0.7672935612866276,0.09265103509417322,0.07402516306406304,0.030733639716170918,65.3830137872277
52,22,active,10000,2,0.7672935612866276,0.09265103509417322,0.00010572230794050202,7.462640157710462e-05,12.200845778463524
52,22,uniform,10000,2,0.7672935612866276,0.09265103509417322,0.06694006104118963,0.03631196323405949,65.63403834553267
52,23,active,10000,2,0.7672935612866276,0.09265103509417322,6.855345628285076e-05,4.353206758664436e-05,12.200548427650261
52,23,uniform,10000,2,0.7672935612866276,0.09265103509417322,0.04340590588264237,0.017238698764311167,64.775741444394
52,24,active,10000,2,0.7672935612866276,0.09265103509417322,6.435843156009369e-05,4.353206758664436e-05,12.20051486745248
52,24,uniform,10000,2,0.7672935612866276,0.09265103509417322,0.04074974734347927,0.018283468386390632,64.82275607738758
52,25,active,10000,2,0.7672935612866276,0.09265103509417322,0.00011718854432033604,4.353206758664436e-05,12.200937508354562
52,25,uniform,10000,2,0.7672935612866276,0.09265103509417322,0.07420012354013376,0.02664784422982444,65.1991529903421
52,26,active,10000,2,0.7672935612866276,0.09265103509417322,8.035699605035695e-05,2.4875467192368208e-05,12.200642855968402
52,26,uniform,10000,2,0.7672935612866276,0.09265103509417322,0.0508795383441646,0.015062095384978949,64.67779429232405
52,27,active,10000,2,0.7672935612866276,0.09265103509417322,9.230367965464698e-05,6.840753477901257e-05,12.200738429437237
52,27,uniform,10000,2,0.7672935612866276,0.09265103509417322,0.058443805009305905,0.025323225601830833,65.13954515208239
52,28,active,10000,2,0.7672935612866276,0.09265103509417322,0.00012150977374115329,4.9750934384736417e-05,12.20097207818993
52,28,uniform,10000,2,0.7672935612866276,0.09265103509417322,0.07693619094956947,0.025739889677303,65.15829503547863
52,29,active,10000,2,0.7672935612866276,0.09265103509417322,7.349850947773601e-05,8.706413517328872e-05,12.20058798807582
52,29,uniform,10000,2,0.7672935612866276,0.09265103509417322,0.04653695900819181,0.028631662738415806,65.28842482322871
53,0,active,10000,2,0.5095520658121518,0.12182449144724519,3.919188176433608e-05,3.731320078855231e-05,12.200313535054114
53,0,uniform,10000,2,0.5095520658121518,0.12182449144724519,0.024815074592377508,0.013364344749099819,64.60139551370949
53,1,active,10000,2,0.5095520658121518,0.12182449144724519,0.0001612309101438822,6.840753477901257e-05,12.201289847281151
53,1,uniform,10000,2,0.5095520658121518,0.12182449144724519,0.10208637303710827,0.058183717762949234,66.61826729933271
53,2,active,10000,2,0.5095520658121518,0.12182449144724519,6.516053931589216e-05,4.353206758664436e-05,12.200521284314526
53,2,uniform,10000,2,0.5095520658121518,0.12182449144724519,0.041257616904624705,0.025304569001436558,65.13870560506464
53,3,active,10000,2,0.5095520658121518,0.12182449144724519,5.4047321506212054e-05,4.9750934384736417e-05,12.20043237857205
53,3,uniform,10000,2,0.5095520658121518,0.12182449144724519,0.03422107473068959,0.020205098227001075,64.90922942021504
53,4,active,10000,2,0.5095520658121518,0.12182449144724519,7.738615843135704e-05,5.596980118282847e-05,12.20061908926745
53,4,uniform,10000,2,0.5095520658121518,0.12182449144724519,0.048998496817326494,0.033644069377678,65.51398312199551
53,5,active,10000,2,0.5095520658121518,0.12182449144724519,4.091715682757319e-05,3.731320078855231e-05,12.20032733725462
53,5,uniform,10000,2,0.5095520658121518,0.12182449144724519,0.025907464839037483,0.010366850952419451,64.46650829285888
53,6,active,10000,2,0.5095520658121518,0.12182449144724519,7.271211580872627e-05,3.731320078855231e-05,12.20058169692647
53,6,uniform,10000,2,0.5095520658121518,0.12182449144724519,0.04603903911565515,0.02043519629853048,64.91958383343388
53,7,active,10000,2,0.5095520658121518,0.12182449144724519,0.00012332854247130293,4.9750934384736417e-05,12.20098662833977
53,7,uniform,10000,2,0.5095520658121518,0.12182449144724519,0.07808777846392184,0.03437167679305477,65.54672545568747
53,8,active,10000,2,0.5095520658121518,0.12182449144724519,7.541774377536892e-05,4.9750934384736417e-05,12.200603341950202
53,8,uniform,10000,2,0.5095520658121518,0.12182449144724519,0.04775215817984854,0.029265987151821195,65.31696942183196
53,9,active,10000,2,0.5095520658121518,0.12182449144724519,7.486021351747058e-05,3.731320078855231e-05,12.200598881708139
53,9,uniform,10000,2,0.5095520658121518,0.12182449144724519,0.04739914744607641,0.020627981169271337,64.92825915261722
53,10,active,10000,2,0.5095520658121518,0.12182449144724519,0.00020438333760085942,9.328300197138078e-05,12.201635066700806
53,10,uniform,10000,2,0.5095520658121518,0.12182449144724519,0.12940914137539591,0.06602570879534331,66.97115689579044
53,11,active,10000,2,0.5095520658121518,0.12182449144724519,4.620010436666433e-05,3.731320078855231e-05,12.200369600834932
53,11,uniform,10000,2,0.5095520658121518,0.12182449144724519,0.029252462102501493,0.016809596955242815,64.75643186298592
53,12,active,10000,2,0.5095520658121518,0.12182449144724519,5.6421243625787154e-05,3.731320078855231e-05,12.200451369949006
53,12,uniform,10000,2,0.5095520658121518,0.12182449144724519,0.035724168020021985,0.020379226497347653,64.91706519238065
53,13,active,10000,2,0.5095520658121518,0.12182449144724519,9.726450907877882e-05,6.218866798092052e-05,12.20077811607263
53,13,uniform,10000,2,0.5095520658121518,0.12182449144724519,0.06158484715016311,0.040901486931051424,65.84056691189731
53,14,active,10000,2,0.5095520658121518,0.12182449144724519,0.00010355828273223011,5.596980118282847e-05,12.200828466261857
53,14,uniform,10000,2,0.5095520658121518,0.12182449144724519,0.06556986791582686,0.028712508006791003,65.29206286030559
53,15,active,10000,2,0.5095520658121518,0.12182449144724519,7.23890014938458e-05,3.731320078855231e-05,12.20057911201195
53,15,uniform,10000,2,0.5095520658121518,0.12182449144724519,0.04583445323042296,0.01600114427149085,64.7200514922171
53,16,active,10000,2,0.5095520658121518,0.12182449144724519,5.586414403341289e-05,1.8656600394276155e-05,12.200446913152266
53,16,uniform,10000,2,0.5095520658121518,0.12182449144724519,0.035371429970274454,0.015988706537894665,64.71949179420525
53,17,active,10000,2,0.5095520658121518,0.12182449144724519,9.170653802277606e-05,5.596980118282847e-05,12.200733652304182
53,17,uniform,10000,2,0.5095520658121518,0.12182449144724519,0.05806571359170347,0.038395283611420326,65.72778776251391
53,18,active,10000,2,0.5095520658121518,0.12182449144724519,6.302700102862879e-05,5.596980118282847e-05,12.200504216008229
53,18,uniform,10000,2,0.5095520658121518,0.12182449144724519,0.03990672714477094,0.027294606376826014,65.22825728695717
53,19,active,10000,2,0.5095520658121518,0.12182449144724519,5.844339463988851e-05,4.9750934384736417e-05,12.200467547157118
53,19,uniform,10000,2,0.5095520658121518,0.12182449144724519,0.03700453083990284,0.02258070534387224,65.01613174047425
53,20,active,10000,2,0.5095520658121518,0.12182449144724519,0.00011115676110148853,5.596980118282847e-05,12.20088925408881
53,20,uniform,10000,2,0.5095520658121518,0.12182449144724519,0.07038098692908262,0.03420998625630438,65.5394493815337
53,21,active,10000,2,0.5095520658121518,0.12182449144724519,7.86212895016597e-05,4.9750934384736417e-05,12.200628970316012
53,21,uniform,10000,2,0.5095520658121518,0.12182449144724519,0.049780543207057826,0.0250371577291186,65.12667209781034
53,22,active,10000,2,0.5095520658121518,0.12182449144724519,6.931856829237026e-05,4.9750934384736417e-05,12.200554548546338
53,22,uniform,10000,2,0.5095520658121518,0.12182449144724519,0.04389035089355419,0.021784690393716458,64.98031106771724
53,23,active,10000,2,0.5095520658121518,0.12182449144724519,7.834236466545269e-05,3.109433399046026e-05,12.200626738917324
53,23,uniform,10000,2,0.5095520658121518,0.12182449144724519,0.04960393671850454,0.0199501246882793,64.89775561097257
53,24,active,10000,2,0.5095520658121518,0.12182449144724519,0.00011693595772414855,6.218866798092052e-05,12.200935487661793
53,24,uniform,10000,2,0.5095520658121518,0.12182449144724519,0.07404019360198633,0.046573093450911374,66.09578920529101
53,25,active,10000,2,0.5095520658121518,0.12182449144724519,0.00010998232976860978,4.353206758664436e-05,12.200879858638148
53,25,uniform,10000,2,0.5095520658121518,0.12182449144724519,0.06963737371591258,0.02494387472714722,65.12247436272162
53,26,active,10000,2,0.5095520658121518,0.12182449144724519,0.0001334379822749629,6.840753477901257e-05,12.2010675038582
53,26,uniform,10000,2,0.5095520658121518,0.12182449144724519,0.08448875977743447,0.04004328331291472,65.80194774908117
53,27,active,10000,2,0.5095520658121518,0.12182449144724519,5.8274602417474064e-05,3.731320078855231e-05,12.200466196819338
53,27,uniform,10000,2,0.5095520658121518,0.12182449144724519,0.03689765688027685,0.01470140111068961,64.66156304998103
53,28,active,10000,2,0.5095520658121518,0.12182449144724519,7.386514011332307e-05,3.731320078855231e-05,12.200590921120906
53,28,uniform,10000,2,0.5095520658121518,0.12182449144724519,0.04676909806760565,0.022263543137169543,65.00185944117263
53,29,active,10000,2,0.5095520658121518,0.12182449144724519,9.039259712308872e-05,6.218866798092052e-05,12.200723140776985
53,29,uniform,10000,2,0.5095520658121518,0.12182449144724519,0.05723376728112593,0.0334077524393505,65.50334885977077
54,0,active,10000,4,0.46020741974244384,0.03656729293336439,0.00015506669044682356,0.00011193960236565693,19.401240533523573
54,0,uniform,10000,4,0.46020741974244384,0.03656729293336439,0.09818338178738695,0.05632427659031971,102.53459244656439
54,1,active,10000,4,0.46020741974244384,0.03656729293336439,8.367698781256219e-05,5.596980118282847e-05,19.4006694159025
54,1,uniform,10000,4,0.46020741974244384,0.03656729293336439,0.0529816533618338,0.041361683074110235,101.86127573833497
54,2,active,10000,4,0.46020741974244384,0.03656729293336439,8.305869388621281e-05,9.328300197138078e-05,19.40066446955109
54,2,uniform,10000,4,0.46020741974244384,0.03656729293336439,0.05259016897242908,0.06941499120030348,103.12367460401366
54,3,active,10000,4,0.46020741974244384,0.03656729293336439,0.00014580671927634514,0.00010572073556756488,19.40116645375421
54,3,uniform,10000,4,0.46020741974244384,0.03656729293336439,0.09232025746229387,0.07121224370495208,103.20455096672285
54,4,active,10000,4,0.46020741974244384,0.03656729293336439,8.350328284379566e-05,1.8656600394276155e-05,19.40066802626275
54,4,uniform,10000,4,0.46020741974244384,0.03656729293336439,0.052871668804736274,0.02897991927910896,101.30409636755991
54,5,active,10000,4,0.46020741974244384,0.03656729293336439,7.001666701850554e-05,3.731320078855231e-05,19.400560133336146
54,5,uniform,10000,4,0.46020741974244384,0.03656729293336439,0.04433236518781829,0.04199600748751563,101.8898203369382
54,6,active,10000,4,0.46020741974244384,0.03656729293336439,0.00021437664808314147,0.00016169053675039335,19.401715013184663
54,6,uniform,10000,4,0.46020741974244384,0.03656729293336439,0.13573659323224382,0.08110646078071654,103.64979073513224
54,7,active,10000,4,0.46020741974244384,0.03656729293336439,0.0001484097468454383,0.0002052226043370377,19.401187277974763
54,7,uniform,10000,4,0.46020741974244384,0.03656729293336439,0.0939684131615093,0.12498056604125596,105.62412547185652
54,8,active,10000,4,0.46020741974244384,0.03656729293336439,0.00012110801854155542,0.00011193960236565693,19.400968864148332
54,8,uniform,10000,4,0.46020741974244384,0.03656729293336439,0.07668181211395754,0.08455171298685954,103.80482708440869
54,9,active,10000,4,0.46020741974244384,0.03656729293336439,9.535229707685611e-05,0.00011193960236565693,19.400762818376613
54,9,uniform,10000,4,0.46020741974244384,0.03656729293336439,0.060374094276655445,0.07601942773987724,103.42087424829448
54,10,active,10000,4,0.46020741974244384,0.03656729293336439,7.661637213639619e-05,6.840753477901257e-05,19.40061293097709
54,10,uniform,10000,4,0.46020741974244384,0.03656729293336439,0.04851109219496502,0.04683428585643124,102.10754286353941
54,11,active,10000,4,0.46020741974244384,0.03656729293336439,9.945689296863777e-05,3.731320078855231e-05,19.400795655143746
54,11,uniform,10000,4,0.46020741974244384,0.03656729293336439,0.06297299610629133,0.03988781164296242,101.7949515239333
54,12,active,10000,4,0.46020741974244384,0.03656729293336439,4.457868579869559e-05,4.353206758664436e-05,19.40035662948639
54,12,uniform,10000,4,0.46020741974244384,0.03656729293336439,0.02822583054260829,0.03055329257902625,101.37489816605618
54,13,active,10000,4,0.46020741974244384,0.03656729293336439,0.00015197980131658947,0.0001430339363561172,19.401215838410533
54,13,uniform,10000,4,0.46020741974244384,0.03656729293336439,0.09622886007071574,0.0936499151124682,104.21424618006107
54,14,active,10000,4,0.46020741974244384,0.03656729293336439,0.00017588288729369905,0.00014925280315420924,19.401407063098347
54,14,uniform,10000,4,0.46020741974244384,0.03656729293336439,0.11136354702138615,0.1034384114526651,104.65472851536992
54,15,active,10000,4,0.46020741974244384,0.03656729293336439,8.702231289775889e-05,5.596980118282847e-05,19.400696178503182
54,15,uniform,10000,4,0.46020741974244384,0.03656729293336439,0.05509980864775693,0.03767389506284165,101.69532527782788
54,16,active,10000,4,0.46020741974244384,0.03656729293336439,6.537415403366081e-05,4.353206758664436e-05,19.40052299323227
54,16,uniform,10000,4,0.46020741974244384,0.03656729293336439,0.0413928710674024,0.036933849913868694,101.6620232461241
54,17,active,10000,4,0.46020741974244384,0.03656729293336439,0.00011975956475605148,8.084526837519668e-05,19.400958076518048
54,17,uniform,10000,4,0.46020741974244384,0.03656729293336439,0.07582801332287997,0.05962649486010659,102.6831922687048
54,18,active,10000,4,0.46020741974244384,0.03656729293336439,9.983963850638405e-05,0.00011193960236565693,19.40079871710805
54,18,uniform,10000,4,0.46020741974244384,0.03656729293336439,0.06321533861810891,0.06655431247318114,102.99494406129315
54,19,active,10000,4,0.46020741974244384,0.03656729293336439,4.333366848474282e-05,2.4875467192368208e-05,19.400346669347876
54,19,uniform,10000,4,0.46020741974244384,0.03656729293336439,0.027437524492365008,0.02961424369251435,101.33264096616314
54,20,active,10000,4,0.46020741974244384,0.03656729293336439,0.00010103482523139348,6.218866798092052e-05,19.40080827860185
54,20,uniform,10000,4,0.46020741974244384,0.03656729293336439,0.06397209349688589,0.050578043668882654,102.27601196509971
54,21,active,10000,4,0.46020741974244384,0.03656729293336439,0.00023395383019832183,0.00017412827034657744,19.401871630641587
54,21,uniform,10000,4,0.46020741974244384,0.03656729293336439,0.14813225306349276,0.11104408554673167,104.99698384960293
54,22,active,10000,4,0.46020741974244384,0.03656729293336439,8.095472903406689e-05,3.731320078855231e-05,19.40064763783227
54,22,uniform,10000,4,0.46020741974244384,0.03656729293336439,0.051258004187386005,0.04865019496147412,102.18925877326633
54,23,active,10000,4,0.46020741974244384,0.03656729293336439,8.718775432370318e-05,8.084526837519668e-05,19.40069750203459
54,23,uniform,10000,4,0.46020741974244384,0.03656729293336439,0.055204560987788684,0.05935286472099054,102.67087891244458
54,24,active,10000,4,0.46020741974244384,0.03656729293336439,7.173307769564596e-05,6.218866798092052e-05,19.400573864621563
54,24,uniform,10000,4,0.46020741974244384,0.03656729293336439,0.045419142782251815,0.04243754703018016,101.90968961635811
54,25,active,10000,4,0.46020741974244384,0.03656729293336439,8.762251733562126e-05,2.4875467192368208e-05,19.400700980138684
54,25,uniform,10000,4,0.46020741974244384,0.03656729293336439,0.05547983933848685,0.03177219047145229,101.42974857121536
54,26,active,10000,4,0.46020741974244384,0.03656729293336439,0.00010480790127999004,9.328300197138078e-05,19.40083846321024
54,26,uniform,10000,4,0.46020741974244384,0.03656729293336439,0.06636108732350011,0.07170975304879945,103.22693888719597
54,27,active,10000,4,0.46020741974244384,0.03656729293336439,8.098876976113042e-05,4.353206758664436e-05,19.40064791015809
54,27,uniform,10000,4,0.46020741974244384,0.03656729293336439,0.05127955771178625,0.051579281223375475,102.32106765505189
54,28,active,10000,4,0.46020741974244384,0.03656729293336439,9.16712895893089e-05,7.462640157710462e-05,19.40073337031671
54,28,uniform,10000,4,0.46020741974244384,0.03656729293336439,0.05804339538525871,0.044999720150994085,102.02498740679474
54,29,active,10000,4,0.46020741974244384,0.03656729293336439,0.00015356048632336403,0.0002300980715294059,19.401228483890584
54,29,uniform,10000,4,0.46020741974244384,0.03656729293336439,0.0972297004127715,0.14016703876219674,106.30751674429885
55,0,active,10000,2,0.6897210973379437,0.05976925986767095,0.00010798290470103236,7.462640157710462e-05,12.200863863237608
55,0,uniform,10000,2,0.6897210973379437,0.05976925986767095,0.06837140025512106,0.02985056063084185,65.34327522838788
55,1,active,10000,2,0.6897210973379437,0.05976925986767095,6.271419330102987e-05,4.353206758664436e-05,12.200501713546407
55,1,uniform,10000,2,0.6897210973379437,0.05976925986767095,0.03970866706848628,0.018159091050428792,64.8171590972693
55,2,active,10000,2,0.6897210973379437,0.05976925986767095,0.00018267880425704847,9.950186876947283e-05,12.201461430434057
55,2,uniform,10000,2,0.6897210973379437,0.05976925986767095,0.11566650923647381,0.058961076112710745,66.65324842507198
55,3,active,10000,2,0.6897210973379437,0.05976925986767095,8.493348773231518e-05,7.462640157710462e-05,12.200679467901859
55,3,uniform,10000,2,0.6897210973379437,0.05976925986767095,0.05377722983917756,0.023177716556489078,65.042997245042
55,4,active,10000,2,0.6897210973379437,0.05976925986767095,8.280901411229086e-05,4.353206758664436e-05,12.200662472112898
55,4,uniform,10000,2,0.6897210973379437,0.05976925986767095,0.0524320795433083,0.018358094787967738,64.82611426545854
55,5,active,10000,2,0.6897210973379437,0.05976925986767095,0.00011175873388098376,8.084526837519668e-05,12.200894069871048
55,5,uniform,10000,2,0.6897210973379437,0.05976925986767095,0.07076213727844591,0.03341397130614859,65.50362870877669
55,6,active,10000,2,0.6897210973379437,0.05976925986767095,4.642967302500439e-05,2.4875467192368208e-05,12.200371437384199
55,6,uniform,10000,2,0.6897210973379437,0.05976925986767095,0.029397817801761494,0.010267349083649978,64.46203070876425
55,7,active,10000,2,0.6897210973379437,0.05976925986767095,2.3822528071690274e-05,1.2437733596184104e-05,12.200190580224573
55,7,uniform,10000,2,0.6897210973379437,0.05976925986767095,0.015083680202784593,0.0048382783689156165,64.21772252660121
55,8,active,10000,2,0.6897210973379437,0.05976925986767095,2.9579419081972314e-05,1.8656600394276155e-05,12.200236635352654
55,8,uniform,10000,2,0.6897210973379437,0.05976925986767095,0.018728763659051906,0.009527303934677022,64.42872867706046
55,9,active,10000,2,0.6897210973379437,0.05976925986767095,0.00010529491042611527,7.462640157710462e-05,12.200842359283408
55,9,uniform,10000,2,0.6897210973379437,0.05976925986767095,0.06666944629336964,0.02901101361309942,65.30549561258947
55,10,active,10000,2,0.6897210973379437,0.05976925986767095,2.8670166578006334e-05,1.8656600394276155e-05,12.200229361332623
55,10,uniform,10000,2,0.6897210973379437,0.05976925986767095,0.01815305339225674,0.0061193649293225785,64.27537142181951
55,11,active,10000,2,0.6897210973379437,0.05976925986767095,7.768975312416257e-05,3.731320078855231e-05,12.200621518024992
55,11,uniform,10000,2,0.6897210973379437,0.05976925986767095,0.04919072348794895,0.017363076100273007,64.78133842451228
55,12,active,10000,2,0.6897210973379437,0.05976925986767095,7.27239796703312e-05,4.353206758664436e-05,12.200581791837362
55,12,uniform,10000,2,0.6897210973379437,0.05976925986767095,0.04604655094201274,0.019104358803738782,64.85969614616825
55,13,active,10000,2,0.6897210973379437,0.05976925986767095,7.911104187700857e-05,6.840753477901257e-05,12.200632888335015
55,13,uniform,10000,2,0.6897210973379437,0.05976925986767095,0.050090639103858955,0.022636675145055067,65.01865038152748
55,14,active,10000,2,0.6897210973379437,0.05976925986767095,0.00017109132900394383,8.706413517328872e-05,12.20136873063203
55,14,uniform,10000,2,0.6897210973379437,0.05976925986767095,0.10832968207232374,0.03837662701102605,65.72694821549618
55,15,active,10000,2,0.6897210973379437,0.05976925986767095,4.638001970874717e-05,1.8656600394276155e-05,12.20037104015767
55,15,uniform,10000,2,0.6897210973379437,0.05976925986767095,0.02936637887383457,0.009147953059993408,64.4116578876997
55,16,active,10000,2,0.6897210973379437,0.05976925986767095,0.00017504746710769042,6.218866798092052e-05,12.20140037973686
55,16,uniform,10000,2,0.6897210973379437,0.05976925986767095,0.1108345850706856,0.04552832382883191,66.04877457229743
55,17,active,10000,2,0.6897210973379437,0.05976925986767095,6.641828086955195e-05,3.109433399046026e-05,12.200531346246956
55,17,uniform,10000,2,0.6897210973379437,0.05976925986767095,0.042053979545718614,0.01539791419207592,64.69290613864342
55,18,active,10000,2,0.6897210973379437,0.05976925986767095,6.503530920093023e-05,3.731320078855231e-05,12.200520282473606
55,18,uniform,10000,2,0.6897210973379437,0.05976925986767095,0.04117832510990661,0.018594411726295234,64.83674852768328
55,19,active,10000,2,0.6897210973379437,0.05976925986767095,0.00013452314312508568,4.353206758664436e-05,12.201076185145
55,19,uniform,10000,2,0.6897210973379437,0.05976925986767095,0.08517584971107986,0.0324687035528386,65.46109165987774
55,20,active,10000,2,0.6897210973379437,0.05976925986767095,0.00011651036319912031,7.462640157710462e-05,12.200932082905592
55,20,uniform,10000,2,0.6897210973379437,0.05976925986767095,0.07377072045070783,0.030534635978631975,65.37405861903844
55,21,active,10000,2,0.6897210973379437,0.05976925986767095,0.00012006975025628114,0.00011193960236565693,12.20096055800205
55,21,uniform,10000,2,0.6897210973379437,0.05976925986767095,0.07602441308678048,0.04554698042922618,66.04961411931518
55,22,active,10000,2,0.6897210973379437,0.05976925986767095,2.7778824443946276e-05,1.8656600394276155e-05,12.200222230595552
55,22,uniform,10000,2,0.6897210973379437,0.05976925986767095,0.017588683411761622,0.006287274332871064,64.2829273449792
55,23,active,10000,2,0.6897210973379437,0.05976925986767095,2.8553586069422765e-05,0.0,12.200228428688554
55,23,uniform,10000,2,0.6897210973379437,0.05976925986767095,0.018079238257891667,0.004390519959452988,64.19757339817538
55,24,active,10000,2,0.6897210973379437,0.05976925986767095,4.576360973122112e-05,3.731320078855231e-05,12.20036610887785
55,24,uniform,10000,2,0.6897210973379437,0.05976925986767095,0.028976087341948915,0.0158829858023271,64.71473436110472
55,25,active,10000,2,0.6897210973379437,0.05976925986767095,0.00016847894321850992,0.00013059620275993308,12.201347831545748
55,25,uniform,10000,2,0.6897210973379437,0.05976925986767095,0.10667560104296701,0.05389269967226572,66.42517148525195
55,26,active,10000,2,0.6897210973379437,0.05976925986767095,0.00010154602761239251,4.9750934384736417e-05,12.200812368220898
55,26,uniform,10000,2,0.6897210973379437,0.05976925986767095,0.06429577086687577,0.021622999856966064,64.97303499356347
55,27,active,10000,2,0.6897210973379437,0.05976925986767095,0.0001131512559578926,0.00010572073556756488,12.200905210047662
55,27,uniform,10000,2,0.6897210973379437,0.05976925986767095,0.07164383873430624,0.0410009887998209,65.84504449599194
55,28,active,10000,2,0.6897210973379437,0.05976925986767095,0.00017677850698325295,9.328300197138078e-05,12.201414228055866
55,28,uniform,10000,2,0.6897210973379437,0.05976925986767095,0.11193062541626675,0.06101330215608112,66.74559859702364
55,29,active,10000,2,0.6897210973379437,0.05976925986767095,4.567907017162531e-05,2.4875467192368208e-05,12.200365432561373
55,29,uniform,10000,2,0.6897210973379437,0.05976925986767095,0.028922559535047493,0.012101914789087133,64.54458616550892
56,0,active,10000,3,0.6742017590986749,0.06964764251407782,0.00016620330204189515,8.706413517328872e-05,15.801329626416337
56,0,uniform,10000,3,0.6742017590986749,0.06964764251407782,0.1052347361749883,0.04218257349145839,83.89821580711563
56,1,active,10000,3,0.6742017590986749,0.06964764251407782,8.079726364818018e-05,4.9750934384736417e-05,15.800646378109185
56,1,uniform,10000,3,0.6742017590986749,0.06964764251407782,0.05115830202663078,0.043264656314326404,83.9469095341447
56,2,active,10000,3,0.6742017590986749,0.06964764251407782,9.982410382211593e-05,6.840753477901257e-05,15.800798592830578
56,2,uniform,10000,3,0.6742017590986749,0.06964764251407782,0.06320550254159174,0.05692128780293655,84.56145795113214
56,3,active,10000,3,0.6742017590986749,0.06964764251407782,7.808645889649524e-05,6.840753477901257e-05,15.800624691671173
56,3,uniform,10000,3,0.6742017590986749,0.06964764251407782,0.049441905183926396,0.04034800778602123,83.81566035037096
56,4,active,10000,3,0.6742017590986749,0.06964764251407782,0.000140139533359937,0.00010572073556756488,15.80112111626688
56,4,uniform,10000,3,0.6742017590986749,0.06964764251407782,0.08873197246771106,0.06568367112144825,84.95576520046517
56,5,active,10000,3,0.6742017590986749,0.06964764251407782,0.00017847490574578184,0.00011193960236565693,15.801427799245968
56,5,uniform,10000,3,0.6742017590986749,0.06964764251407782,0.11300473209181806,0.059539430724933305,84.679274382622
56,6,active,10000,3,0.6742017590986749,0.06964764251407782,0.00022229014899821653,0.00012437733596184103,15.801778321191986
56,6,uniform,10000,3,0.6742017590986749,0.06964764251407782,0.14074717467546205,0.07970721575114582,85.58682470880156
56,7,active,10000,3,0.6742017590986749,0.06964764251407782,0.00011291645981850035,6.218866798092052e-05,15.80090333167855
56,7,uniform,10000,3,0.6742017590986749,0.06964764251407782,0.07149517315743888,0.029570711624927706,83.33068202312175
56,8,active,10000,3,0.6742017590986749,0.06964764251407782,0.00019140315363364718,7.462640157710462e-05,15.80153122522907
56,8,uniform,10000,3,0.6742017590986749,0.06964764251407782,0.12119049458249939,0.05271733384742632,84.37228002313418
56,9,active,10000,3,0.6742017590986749,0.06964764251407782,9.558482837153381e-05,4.9750934384736417e-05,15.800764678626972
56,9,uniform,10000,3,0.6742017590986749,0.06964764251407782,0.06052132582466646,0.04462658814310856,84.00819646643988
56,10,active,10000,3,0.6742017590986749,0.06964764251407782,9.6945381627217e-05,5.596980118282847e-05,15.80077556305302
56,10,uniform,10000,3,0.6742017590986749,0.06964764251407782,0.06138278562210123,0.02697744417012332,83.21398498765555
56,11,active,10000,3,0.6742017590986749,0.06964764251407782,0.0002633861389053638,0.00013681506955802515,15.802107089111244
56,11,uniform,10000,3,0.6742017590986749,0.06964764251407782,0.1667678710311091,0.07468859024508553,85.36098656102885
56,12,active,10000,3,0.6742017590986749,0.06964764251407782,8.142756632104758e-05,6.218866798092052e-05,15.800651420530569
56,12,uniform,10000,3,0.6742017590986749,0.06964764251407782,0.05155738997900548,0.0377858346652073,83.70036255993433
56,13,active,10000,3,0.6742017590986749,0.06964764251407782,9.603154774685124e-05,4.9750934384736417e-05,15.800768252381976
56,13,uniform,10000,3,0.6742017590986749,0.06964764251407782,0.060804174570957534,0.05072107760523877,84.28244849223574
56,14,active,10000,3,0.6742017590986749,0.06964764251407782,0.00012193238531256478,4.353206758664436e-05,15.800975459082501
56,14,uniform,10000,3,0.6742017590986749,0.06964764251407782,0.07720377538780898,0.05288524325097481,84.37983594629387
56,15,active,10000,3,0.6742017590986749,0.06964764251407782,0.00013770080001591217,0.00011815846916374898,15.801101606400128
56,15,uniform,10000,3,0.6742017590986749,0.06964764251407782,0.08718784273679803,0.06466377696656116,84.90986996349525
56,16,active,10000,3,0.6742017590986749,0.06964764251407782,4.200413770999445e-05,1.2437733596184104e-05,15.800336033101681
56,16,uniform,10000,3,0.6742017590986749,0.06964764251407782,0.026595707160240116,0.009390488865118998,82.42257199893035
56,17,active,10000,3,0.6742017590986749,0.06964764251407782,8.207249130477018e-05,6.840753477901257e-05,15.80065657993044
56,17,uniform,10000,3,0.6742017590986749,0.06964764251407782,0.051965736321558265,0.041137803869378924,83.85120117412205
56,18,active,10000,3,0.6742017590986749,0.06964764251407782,7.67656839626013e-05,4.9750934384736417e-05,15.800614125471702
56,18,uniform,10000,3,0.6742017590986749,0.06964764251407782,0.04860563177655394,0.026952568702930953,83.2128655916319
56,19,active,10000,3,0.6742017590986749,0.06964764251407782,5.485396143602855e-05,5.596980118282847e-05,15.800438831691489
56,19,uniform,10000,3,0.6742017590986749,0.06964764251407782,0.034731813922802945,0.02819634206254936,83.26883539281472
56,20,active,10000,3,0.6742017590986749,0.06964764251407782,0.0001235833333225883,0.00013059620275993308,15.800988666666582
56,20,uniform,10000,3,0.6742017590986749,0.06964764251407782,0.07824910406746886,0.06512397310961997,84.9305787899329
56,21,active,10000,3,0.6742017590986749,0.06964764251407782,8.975314187422562e-05,6.218866798092052e-05,15.800718025134994
56,21,uniform,10000,3,0.6742017590986749,0.06964764251407782,0.056828884203697895,0.03418511078911201,83.53832998551005
56,22,active,10000,3,0.6742017590986749,0.06964764251407782,7.776869294599809e-05,3.109433399046026e-05,15.80062214954357
56,22,uniform,10000,3,0.6742017590986749,0.06964764251407782,0.04924070571583716,0.024011044707433413,83.08049701183451
56,23,active,10000,3,0.6742017590986749,0.06964764251407782,0.00011221911978744753,8.706413517328872e-05,15.800897752958301
56,23,uniform,10000,3,0.6742017590986749,0.06964764251407782,0.07105363924504837,0.05352578653117829,84.40866039390302
56,24,active,10000,3,0.6742017590986749,0.06964764251407782,0.00011108961243760929,6.840753477901257e-05,15.800888716899502
56,24,uniform,10000,3,0.6742017590986749,0.06964764251407782,0.07033847049388606,0.057132729274071675,84.57097281733323
56,25,active,10000,3,0.6742017590986749,0.06964764251407782,0.00010678641380507808,3.731320078855231e-05,15.800854291310442
56,25,uniform,10000,3,0.6742017590986749,0.06964764251407782,0.06761381961608819,0.03437789565985286,83.54700530469339
56,26,active,10000,3,0.6742017590986749,0.06964764251407782,0.00011057124018896275,7.462640157710462e-05,15.800884569921513
56,26,uniform,10000,3,0.6742017590986749,0.06964764251407782,0.07001025338772567,0.045708670965976576,84.05689019346894
56,27,active,10000,3,0.6742017590986749,0.06964764251407782,5.3530202898124934e-05,4.9750934384736417e-05,15.800428241623186
56,27,uniform,10000,3,0.6742017590986749,0.06964764251407782,0.03389365139060861,0.032879148761512676,83.47956169426807
56,28,active,10000,3,0.6742017590986749,0.06964764251407782,7.696335240851837e-05,8.706413517328872e-05,15.800615706819269
56,28,uniform,10000,3,0.6742017590986749,0.06964764251407782,0.04873078925838681,0.044396490071579156,83.99784205322106
56,29,active,10000,3,0.6742017590986749,0.06964764251407782,0.00015661258871649264,0.00010572073556756488,15.801252900709732
56,29,uniform,10000,3,0.6742017590986749,0.06964764251407782,0.09916219625479555,0.0635257243425103,84.85865759541296
57,0,active,10000,3,0.6141078160684483,0.04564817703032224,0.0001418734996797566,4.353206758664436e-05,15.80113498799744
57,0,uniform,10000,3,0.6141078160684483,0.04564817703032224,0.08982986574633578,0.04358803738782719,83.96146168245222
57,1,active,10000,3,0.6141078160684483,0.04564817703032224,0.00023092612892503667,0.00012437733596184103,15.801847409031401
57,1,uniform,10000,3,0.6141078160684483,0.04564817703032224,0.14621520724792336,0.08499325252952407,85.82469636382858
57,2,active,10000,3,0.6141078160684483,0.04564817703032224,4.1413696323107374e-05,6.218866798092052e-06,15.800331309570586
57,2,uniform,10000,3,0.6141078160684483,0.04564817703032224,0.02622185812829764,0.01182206578317299,82.53199296024279
57,3,active,10000,3,0.6141078160684483,0.04564817703032224,7.667079485144251e-05,6.840753477901257e-05,15.800613366358812
57,3,uniform,10000,3,0.6141078160684483,0.04564817703032224,0.04854555095714039,0.037182604585792374,83.67321720636066
57,4,active,10000,3,0.6141078160684483,0.04564817703032224,9.734285717538649e-05,3.109433399046026e-05,15.800778742857403
57,4,uniform,10000,3,0.6141078160684483,0.04564817703032224,0.06163445471613624,0.04064651339232965,83.82909310265484
57,5,active,10000,3,0.6141078160684483,0.04564817703032224,7.743754464649422e-05,9.328300197138078e-05,15.800619500357172
57,5,uniform,10000,3,0.6141078160684483,0.04564817703032224,0.049031032962658386,0.04674100285445986,84.1033451284507
57,6,active,10000,3,0.6141078160684483,0.04564817703032224,8.27600393411565e-05,4.353206758664436e-05,15.80066208031473
57,6,uniform,10000,3,0.6141078160684483,0.04564817703032224,0.05240107024890611,0.03310924683304208,83.48991610748689
57,7,active,10000,3,0.6141078160684483,0.04564817703032224,6.296759600368795e-05,4.9750934384736417e-05,15.80050374076803
57,7,uniform,10000,3,0.6141078160684483,0.04564817703032224,0.03986911373972506,0.03386794858240931,83.52405768620842
57,8,active,10000,3,0.6141078160684483,0.04564817703032224,3.9339838707151686e-05,1.8656600394276155e-05,15.800314718709657
57,8,uniform,10000,3,0.6141078160684483,0.04564817703032224,0.024908756304200613,0.019203860672508257,82.86417373026288
57,9,active,10000,3,0.6141078160684483,0.04564817703032224,0.00011791575852425872,7.462640157710462e-05,15.800943326068195
57,9,uniform,10000,3,0.6141078160684483,0.04564817703032224,0.07466057284499153,0.06179066050584262,84.78057972276292
57,10,active,10000,3,0.6141078160684483,0.04564817703032224,9.33568901732261e-05,7.462640157710462e-05,15.800746855121387
57,10,uniform,10000,3,0.6141078160684483,0.04564817703032224,0.059110664991658755,0.04729448199949005,84.12825168997705
57,11,active,10000,3,0.6141078160684483,0.04564817703032224,0.00013793738568341693,6.840753477901257e-05,15.801103499085468
57,11,uniform,10000,3,0.6141078160684483,0.04564817703032224,0.08733764138698627,0.04333928271590351,83.95026772221566
57,12,active,10000,3,0.6141078160684483,0.04564817703032224,0.00013812932828514632,0.0001679094035484854,15.801105034626282
57,12,uniform,10000,3,0.6141078160684483,0.04564817703032224,0.08745917344323087,0.09020466290632521,86.05920983078464
57,13,active,10000,3,0.6141078160684483,0.04564817703032224,0.00010222023105131706,6.840753477901257e-05,15.80081776184841
57,13,uniform,10000,3,0.6141078160684483,0.04564817703032224,0.06472265541222055,0.05113774168071094,84.301198375632
57,14,active,10000,3,0.6141078160684483,0.04564817703032224,0.0001059065261250422,9.328300197138078e-05,15.800847252209001
57,14,uniform,10000,3,0.6141078160684483,0.04564817703032224,0.06705670223793582,0.06476327883533063,84.91434754758988
57,15,active,10000,3,0.6141078160684483,0.04564817703032224,0.00010079536326982122,7.462640157710462e-05,15.80080636290616
57,15,uniform,10000,3,0.6141078160684483,0.04564817703032224,0.06382047366719297,0.06221976231491098,84.79988930417099
57,16,active,10000,3,0.6141078160684483,0.04564817703032224,0.00021036228407682843,0.0001679094035484854,15.801682898272615
57,16,uniform,10000,3,0.6141078160684483,0.04564817703032224,0.13319482341223204,0.09965734043942513,86.48458031977412
57,17,active,10000,3,0.6141078160684483,0.04564817703032224,3.573346479888995e-05,1.8656600394276155e-05,15.800285867718392
57,17,uniform,10000,3,0.6141078160684483,0.04564817703032224,0.02262531306257141,0.016162834808241242,82.72732756637086
57,18,active,10000,3,0.6141078160684483,0.04564817703032224,9.125502896388873e-05,3.109433399046026e-05,15.800730040231711
57,18,uniform,10000,3,0.6141078160684483,0.04564817703032224,0.057779832167462436,0.04785418001131834,84.15343810050932
57,19,active,10000,3,0.6141078160684483,0.04564817703032224,2.724524183475921e-05,6.218866798092052e-06,15.80021796193468
57,19,uniform,10000,3,0.6141078160684483,0.04564817703032224,0.017250835580718826,0.011952661985932924,82.53786978936698
57,20,active,10000,3,0.6141078160684483,0.04564817703032224,4.1663267321724595e-05,4.9750934384736417e-05,15.800333306138574
57,20,uniform,10000,3,0.6141078160684483,0.04564817703032224,0.02637987868428584,0.01582079713434618,82.71193587104558
57,21,active,10000,3,0.6141078160684483,0.04564817703032224,0.00011202685804073687,9.950186876947283e-05,15.800896214864327
57,21,uniform,10000,3,0.6141078160684483,0.04564817703032224,0.07093190511620297,0.05456433728645966,84.45539517789068
57,22,active,10000,3,0.6141078160684483,0.04564817703032224,0.0001601032813153564,0.00014925280315420924,15.801280826250524
57,22,uniform,10000,3,0.6141078160684483,0.04564817703032224,0.10137239370689229,0.08889248201192779,86.00016169053676
57,23,active,10000,3,0.6141078160684483,0.04564817703032224,0.00010899149625338486,7.462640157710462e-05,15.800871931970027
57,23,uniform,10000,3,0.6141078160684483,0.04564817703032224,0.0690100089025315,0.04693378772520072,84.11202044763404
57,24,active,10000,3,0.6141078160684483,0.04564817703032224,3.506243562407044e-05,0.0,15.800280499484993
57,24,uniform,10000,3,0.6141078160684483,0.04564817703032224,0.02220043836204968,0.011741220514797793,82.5283549231659
57,25,active,10000,3,0.6141078160684483,0.04564817703032224,7.769479914304309e-05,5.596980118282847e-05,15.800621558393145
57,25,uniform,10000,3,0.6141078160684483,0.04564817703032224,0.04919391846936824,0.037959962935553884,83.70819833209993
57,26,active,10000,3,0.6141078160684483,0.04564817703032224,6.259643980217888e-05,1.8656600394276155e-05,15.800500771518418
57,26,uniform,10000,3,0.6141078160684483,0.04564817703032224,0.039634109233403575,0.02416029751058762,83.08721338797645
57,27,active,10000,3,0.6141078160684483,0.04564817703032224,5.374034735073155e-05,6.218866798092052e-06,15.800429922778807
57,27,uniform,10000,3,0.6141078160684483,0.04564817703032224,0.03402670828997388,0.013582005087033042,82.61119022891648
57,28,active,10000,3,0.6141078160684483,0.04564817703032224,0.00017863987764266814,7.462640157710462e-05,15.801429119021142
57,28,uniform,10000,3,0.6141078160684483,0.04564817703032224,0.11310918714070417,0.05749342354836102,84.58720405967625
57,29,active,10000,3,0.6141078160684483,0.04564817703032224,0.0001251998094416694,6.840753477901257e-05,15.801001598475533
57,29,uniform,10000,3,0.6141078160684483,0.04564817703032224,0.07927260622318605,0.04656065571731519,84.09522950727919
58,0,active,10000,5,0.5843375014911918,0.07733519544421896,0.00011662632977325199,0.00019900373753894567,23.000933010638185
58,0,uniform,10000,5,0.5843375014911918,0.07733519544421896,0.0738441468609388,0.10952668204799722,122.92870069215988
58,1,active,10000,5,0.5843375014911918,0.07733519544421896,0.0001270378495373259,0.00019900373753894567,23.001016302796298
58,1,uniform,10000,5,0.5843375014911918,0.07733519544421896,0.08043639576388809,0.09539119781593398,122.29260390171703
58,2,active,10000,5,0.5843375014911918,0.07733519544421896,8.332188787635308e-05,0.00015547166995230128,23.00066657510301
58,2,uniform,10000,5,0.5843375014911918,0.07733519544421896,0.05275681518083214,0.06193369444219874,120.78701624989894
58,3,active,10000,5,0.5843375014911918,0.07733519544421896,0.00016327831986299307,0.0002300980715294059,23.001306226558903
58,3,uniform,10000,5,0.5843375014911918,0.07733519544421896,0.10338272887952313,0.13901654840454972,124.25574467820474
58,4,active,10000,5,0.5843375014911918,0.07733519544421896,8.630215580508749e-05,0.00014925280315420924,23.000690417246442
58,4,uniform,10000,5,0.5843375014911918,0.07733519544421896,0.05464382768519965,0.06057798148021468,120.72600916660966
58,5,active,10000,5,0.5843375014911918,0.07733519544421896,0.0001776407653311038,0.0001927848707408536,23.001421126122647
58,5,uniform,10000,5,0.5843375014911918,0.07733519544421896,0.11247658045225238,0.12142337423274731,123.46405184047363
58,6,active,10000,5,0.5843375014911918,0.07733519544421896,0.00012518357851402234,0.00013059620275993308,23.00100146862811
58,6,uniform,10000,5,0.5843375014911918,0.07733519544421896,0.0792623293070176,0.08072089103923483,121.63244009676556
58,7,active,10000,5,0.5843375014911918,0.07733519544421896,0.00010781458677720096,0.0001430339363561172,23.000862516694216
58,7,uniform,10000,5,0.5843375014911918,0.07733519544421896,0.06826482660647346,0.0802731326297722,121.61229096833975
58,8,active,10000,5,0.5843375014911918,0.07733519544421896,0.00012197643722148405,0.0001679094035484854,23.00097581149777
58,8,uniform,10000,5,0.5843375014911918,0.07733519544421896,0.07723166767974757,0.09445214892942208,122.250346701824
58,9,active,10000,5,0.5843375014911918,0.07733519544421896,0.00016935980378973703,0.00016169053675039335,23.00135487843032
58,9,uniform,10000,5,0.5843375014911918,0.07733519544421896,0.10723333442543101,0.09531035254755878,122.28896586464015
58,10,active,10000,5,0.5843375014911918,0.07733519544421896,0.0001592145263445005,0.0002300980715294059,23.001273716210758
58,10,uniform,10000,5,0.5843375014911918,0.07733519544421896,0.10080966183733063,0.11809006162896997,123.31405277330364
58,11,active,10000,5,0.5843375014911918,0.07733519544421896,0.00010007347745494971,8.706413517328872e-05,23.00080058781964
58,11,uniform,10000,5,0.5843375014911918,0.07733519544421896,0.06336339813177785,0.04317137331235502,119.94271179905597
58,12,active,10000,5,0.5843375014911918,0.07733519544421896,0.0001756240942800344,0.0002300980715294059,23.00140499275424
58,12,uniform,10000,5,0.5843375014911918,0.07733519544421896,0.1111996873736748,0.12201416657856605,123.49063749603548
58,13,active,10000,5,0.5843375014911918,0.07733519544421896,6.672510969374032e-05,0.00010572073556756488,23.000533800877548
58,13,uniform,10000,5,0.5843375014911918,0.07733519544421896,0.042248253967289984,0.049912624921486806,120.2460681214669
58,14,active,10000,5,0.5843375014911918,0.07733519544421896,9.1374782746248e-05,0.00011193960236565693,23.00073099826197
58,14,uniform,10000,5,0.5843375014911918,0.07733519544421896,0.05785565651952581,0.05340762806201454,120.40334326279066
58,15,active,10000,5,0.5843375014911918,0.07733519544421896,0.00015038344656986835,0.00017412827034657744,23.001203067572558
58,15,uniform,10000,5,0.5843375014911918,0.07733519544421896,0.09521809813906486,0.0909136137213077,122.09111261745885
58,16,active,10000,5,0.5843375014911918,0.07733519544421896,0.00011963261723048346,0.00015547166995230128,23.000957060937843
58,16,uniform,10000,5,0.5843375014911918,0.07733519544421896,0.07574763411742963,0.1010938986697844,122.5492254401403
58,17,active,10000,5,0.5843375014911918,0.07733519544421896,0.00012193323640061898,9.328300197138078e-05,23.000975465891205
58,17,uniform,10000,5,0.5843375014911918,0.07733519544421896,0.07720431427017327,0.06989384394375657,121.14522297746905
58,18,active,10000,5,0.5843375014911918,0.07733519544421896,6.428640495167309e-05,0.0001679094035484854,23.000514291239615
58,18,uniform,10000,5,0.5843375014911918,0.07733519544421896,0.040704142346277096,0.0665107804055945,120.99298511825175
58,19,active,10000,5,0.5843375014911918,0.07733519544421896,8.815304921544476e-05,0.0001679094035484854,23.000705224393723
58,19,uniform,10000,5,0.5843375014911918,0.07733519544421896,0.05581575554304248,0.08107536644672608,121.64839149010267
58,20,active,10000,5,0.5843375014911918,0.07733519544421896,0.00016426511447181075,0.0001803471371446695,23.001314120915776
58,20,uniform,10000,5,0.5843375014911918,0.07733519544421896,0.10400753638362331,0.12082636302013047,123.43718633590588
58,21,active,10000,5,0.5843375014911918,0.07733519544421896,8.499861171189227e-05,0.00014925280315420924,23.000679988893694
58,21,uniform,10000,5,0.5843375014911918,0.07733519544421896,0.05381846430758177,0.06689013128027811,121.01005590761251
58,22,active,10000,5,0.5843375014911918,0.07733519544421896,0.0001587365144184727,0.00022387920473131387,23.00126989211535
58,22,uniform,10000,5,0.5843375014911918,0.07733519544421896,0.10050699962605578,0.1123624853079272,123.05631183885673
58,23,active,10000,5,0.5843375014911918,0.07733519544421896,0.0001519682374032036,0.00021144147113512975,23.001215745899227
58,23,uniform,10000,5,0.5843375014911918,0.07733519544421896,0.09622153816218286,0.1229221211310875,123.53149545089894
58,24,active,10000,5,0.5843375014911918,0.07733519544421896,5.579375000705749e-05,4.353206758664436e-05,23.000446350000058
58,24,uniform,10000,5,0.5843375014911918,0.07733519544421896,0.03532685867294559,0.03355700524250471,119.5100652359127
58,25,active,10000,5,0.5843375014911918,0.07733519544421896,8.417155093569384e-05,6.218866798092052e-05,23.000673372407487
58,25,uniform,10000,5,0.5843375014911918,0.07733519544421896,0.053294795273846715,0.04355694305383673,119.96006243742265
58,26,active,10000,5,0.5843375014911918,0.07733519544421896,4.40288783292303e-05,4.9750934384736417e-05,23.000352231026636
58,26,uniform,10000,5,0.5843375014911918,0.07733519544421896,0.027877709637137676,0.02810305906057798,119.26463765772601
58,27,active,10000,5,0.5843375014911918,0.07733519544421896,9.685348508937236e-05,0.00014925280315420924,23.000774827880715
58,27,uniform,10000,5,0.5843375014911918,0.07733519544421896,0.06132459960655565,0.07789130664610294,121.50510879907463
58,28,active,10000,5,0.5843375014911918,0.07733519544421896,0.00019123721829208268,0.00013681506955802515,23.001529897746337
58,28,uniform,10000,5,0.5843375014911918,0.07733519544421896,0.12108542951051465,0.0710381154346055,121.19671519455724
58,29,active,10000,5,0.5843375014911918,0.07733519544421896,0.0001015647389996377,9.328300197138078e-05,23.000812517911996
58,29,uniform,10000,5,0.5843375014911918,0.07733519544421896,0.06430761833249844,0.06946474213468821,121.12591339606097
59,0,active,10000,5,0.5186415153140792,0.12496069722198966,0.0001104474814059217,0.00022387920473131387,23.000883579851248
59,0,uniform,10000,5,0.5186415153140792,0.12496069722198966,0.06993189319440234,0.11111871194830877,123.00034203767389
59,1,active,10000,5,0.5186415153140792,0.12496069722198966,0.00010078723777620646,0.00014925280315420924,23.00080629790221
59,1,uniform,10000,5,0.5186415153140792,0.12496069722198966,0.06381532885861067,0.07562763913159744,121.40324376092188
59,2,active,10000,5,0.5186415153140792,0.12496069722198966,0.00014952758517377401,0.0001803471371446695,23.00119622068139
59,2,uniform,10000,5,0.5186415153140792,0.12496069722198966,0.09467619345302397,0.11160378355855996,123.0221702601352
59,3,active,10000,5,0.5186415153140792,0.12496069722198966,0.00014924682352294993,0.00015547166995230128,23.001193974588183
59,3,uniform,10000,5,0.5186415153140792,0.12496069722198966,0.09449842395087674,0.08805915386098345,121.96266192374425
59,4,active,10000,5,0.5186415153140792,0.12496069722198966,0.00014738277208761058,0.00018656600394276155,23.0011790621767
59,4,uniform,10000,5,0.5186415153140792,0.12496069722198966,0.09331816484295166,0.12185247604181566,123.48336142188171
59,5,active,10000,5,0.5186415153140792,0.12496069722198966,0.00014242074990481607,0.0001430339363561172,23.00113936599924
59,5,uniform,10000,5,0.5186415153140792,0.12496069722198966,0.09017636748457192,0.07680922382323493,121.45641507204557
59,6,active,10000,5,0.5186415153140792,0.12496069722198966,9.558253637249187e-05,0.00013681506955802515,23.00076466029098
59,6,uniform,10000,5,0.5186415153140792,0.12496069722198966,0.06051987460251783,0.07653559368411889,121.44410171578535
59,7,active,10000,5,0.5186415153140792,0.12496069722198966,0.00012634445696983222,0.00010572073556756488,23.00101075565576
59,7,uniform,10000,5,0.5186415153140792,0.12496069722198966,0.07999736126209311,0.07223213785983917,121.25044620369276
59,8,active,10000,5,0.5186415153140792,0.12496069722198966,9.798721139214067e-05,0.00017412827034657744,23.000783897691136
59,8,uniform,10000,5,0.5186415153140792,0.12496069722198966,0.062042439666914695,0.08651687489505662,121.89325937027755
59,9,active,10000,5,0.5186415153140792,0.12496069722198966,0.00021832865805518353,0.00018656600394276155,23.001746629264442
59,9,uniform,10000,5,0.5186415153140792,0.12496069722198966,0.13823888242655086,0.10561501483199731,122.75267566743987
59,10,active,10000,5,0.5186415153140792,0.12496069722198966,9.88298627803974e-05,0.00010572073556756488,23.00079063890224
59,10,uniform,10000,5,0.5186415153140792,0.12496069722198966,0.06257598018892085,0.049147704305321484,120.21164669373947
59,11,active,10000,5,0.5186415153140792,0.12496069722198966,9.474692084976422e-05,0.00017412827034657744,23.0007579753668
59,11,uniform,10000,5,0.5186415153140792,0.12496069722198966,0.0599907889706343,0.0870081653721059,121.91536744174476
59,12,active,10000,5,0.5186415153140792,0.12496069722198966,0.0001531360546777813,0.0001927848707408536,23.001225088437423
59,12,uniform,10000,5,0.5186415153140792,0.12496069722198966,0.09696096356039324,0.10899807837015939,122.90491352665717
59,13,active,10000,5,0.5186415153140792,0.12496069722198966,8.712552854505534e-05,0.0002176603379332218,23.00069700422836
59,13,uniform,10000,5,0.5186415153140792,0.12496069722198966,0.05516516156963998,0.09022953837351758,122.06032922680829
59,14,active,10000,5,0.5186415153140792,0.12496069722198966,0.00017002542563710615,0.00013681506955802515,23.001360203405095
59,14,uniform,10000,5,0.5186415153140792,0.12496069722198966,0.10765478537515462,0.06669734640953726,121.00138058842917
59,15,active,10000,5,0.5186415153140792,0.12496069722198966,0.00019125157939038628,0.00021144147113512975,23.001530012635122
59,15,uniform,10000,5,0.5186415153140792,0.12496069722198966,0.12109452250914716,0.09582029962500233,122.31191348312511
59,16,active,10000,5,0.5186415153140792,0.12496069722198966,0.00017045753330598157,0.0001803471371446695,23.00136366026645
59,16,uniform,10000,5,0.5186415153140792,0.12496069722198966,0.10792838244560063,0.08789746332423305,121.95538584959048
59,17,active,10000,5,0.5186415153140792,0.12496069722198966,0.0001096190638881292,0.00011815846916374898,23.000876952511106
59,17,uniform,10000,5,0.5186415153140792,0.12496069722198966,0.0694073651142579,0.07004931561370888,121.1522192026169
59,18,active,10000,5,0.5186415153140792,0.12496069722198966,0.0001628879897933519,0.00013059620275993308,23.001303103918346
59,18,uniform,10000,5,0.5186415153140792,0.12496069722198966,0.1031355840791999,0.08524200720144776,121.83589032406515
59,19,active,10000,5,0.5186415153140792,0.12496069722198966,0.00014315308010353495,0.0001430339363561172,23.00114522464083
59,19,uniform,10000,5,0.5186415153140792,0.12496069722198966,0.09064005607745107,0.08305296608851935,121.73738347398337
59,20,active,10000,5,0.5186415153140792,0.12496069722198966,9.274523889665764e-05,0.00012437733596184103,23.000741961911174
59,20,uniform,10000,5,0.5186415153140792,0.12496069722198966,0.05872338652041959,0.05967624579449133,120.68543106075211
59,21,active,10000,5,0.5186415153140792,0.12496069722198966,0.00014586362660792135,0.0002798490059141423,23.001166909012863
59,21,uniform,10000,5,0.5186415153140792,0.12496069722198966,0.0923562894059581,0.15307118736823777,124.8882034315707
59,22,active,10000,5,0.5186415153140792,0.12496069722198966,0.00012039112610133518,0.00013059620275993308,23.00096312900881
59,22,uniform,10000,5,0.5186415153140792,0.12496069722198966,0.07622789822730142,0.07533535239208711,121.39009085764393
59,23,active,10000,5,0.5186415153140792,0.12496069722198966,0.00013546338450402123,0.00015547166995230128,23.00108370707603
59,23,uniform,10000,5,0.5186415153140792,0.12496069722198966,0.08577118116499977,0.11201422876723403,123.04064029452553
59,24,active,10000,5,0.5186415153140792,0.12496069722198966,0.00016759705100949374,0.00016169053675039335,23.001340776408075
59,24,uniform,10000,5,0.5186415153140792,0.12496069722198966,0.10611721445973678,0.10274189837127878,122.62338542670754
59,25,active,10000,5,0.5186415153140792,0.12496069722198966,0.00021043080644624415,0.00019900373753894567,23.00168344645157
59,25,uniform,10000,5,0.5186415153140792,0.12496069722198966,0.1332382096348491,0.12034129140987929,123.41535811344457
59,26,active,10000,5,0.5186415153140792,0.12496069722198966,0.00011190133069085423,0.00015547166995230128,23.000895210645528
59,26,uniform,10000,5,0.5186415153140792,0.12496069722198966,0.07085242512162147,0.08530419586942867,121.8386888141243
59,27,active,10000,5,0.5186415153140792,0.12496069722198966,0.00018384853001436607,0.00026119240551986616,23.001470788240116
59,27,uniform,10000,5,0.5186415153140792,0.12496069722198966,0.11640714302624988,0.14629262255831743,124.58316801512429
59,28,active,10000,5,0.5186415153140792,0.12496069722198966,7.16311848824331e-05,5.596980118282847e-05,23.00057304947906
59,28,uniform,10000,5,0.5186415153140792,0.12496069722198966,0.04535462743757659,0.04370619585699094,119.96677881356459
59,29,active,10000,5,0.5186415153140792,0.12496069722198966,0.00011039938754834472,0.00019900373753894567,23.000883195100386
59,29,uniform,10000,5,0.5186415153140792,0.12496069722198966,0.06990144166692176,0.09738745405812153,122.38243543261547
60,0,active,10000,5,0.48678955433657256,0.12246394813716796,0.00014037309141951698,0.00012437733596184103,23.001122984731357
60,0,uniform,10000,5,0.48678955433657256,0.12246394813716796,0.08887985413116187,0.08539747887140005,121.842886549213
60,1,active,10000,5,0.48678955433657256,0.12246394813716796,0.00018317419055197126,0.00022387920473131387,23.001465393524416
60,1,uniform,10000,5,0.48678955433657256,0.12246394813716796,0.11598017235512609,0.1111746817494916,123.00286067872712
60,2,active,10000,5,0.48678955433657256,0.12246394813716796,0.00011098694498851841,0.00014925280315420924,23.00088789555991
60,2,uniform,10000,5,0.48678955433657256,0.12246394813716796,0.07027346467396353,0.07164134551402043,121.22386054813092
60,3,active,10000,5,0.48678955433657256,0.12246394813716796,0.00011933550731756115,8.706413517328872e-05,23.00095468405854
60,3,uniform,10000,5,0.48678955433657256,0.12246394813716796,0.07555951340673903,0.05322728092486987,120.39522764161914
60,4,active,10000,5,0.48678955433657256,0.12246394813716796,0.00017555521961001852,0.0001927848707408536,23.00140444175688
60,4,uniform,10000,5,0.48678955433657256,0.12246394813716796,0.11115607808536448,0.11796568429300813,123.30845579318536
60,5,active,10000,5,0.48678955433657256,0.12246394813716796,0.00015847585205999715,0.00015547166995230128,23.00126780681648
60,5,uniform,10000,5,0.48678955433657256,0.12246394813716796,0.10034195636764535,0.10001803471371447,122.50081156211715
60,6,active,10000,5,0.48678955433657256,0.12246394813716796,0.0001694995651966777,0.00018656600394276155,23.001355996521575
60,6,uniform,10000,5,0.48678955433657256,0.12246394813716796,0.10732182698003623,0.10681525612402908,122.80668652558131
60,7,active,10000,5,0.48678955433657256,0.12246394813716796,0.00013872666596684985,9.328300197138078e-05,23.001109813327734
60,7,uniform,10000,5,0.48678955433657256,0.12246394813716796,0.08783738899352653,0.08477559219159085,121.81490164862159
60,8,active,10000,5,0.48678955433657256,0.12246394813716796,0.00011407558931456757,0.00014925280315420924,23.000912604714518
60,8,uniform,10000,5,0.48678955433657256,0.12246394813716796,0.0722290977257665,0.0812868079178612,121.65790635630376
60,9,active,10000,5,0.48678955433657256,0.12246394813716796,8.522066627000141e-05,7.462640157710462e-05,23.00068176533016
60,9,uniform,10000,5,0.48678955433657256,0.12246394813716796,0.05395906231346989,0.06038519660947382,120.71733384742632
60,10,active,10000,5,0.48678955433657256,0.12246394813716796,0.00012638383591791202,9.328300197138078e-05,23.001011070687344
60,10,uniform,10000,5,0.48678955433657256,0.12246394813716796,0.08002229478121027,0.07835772165595985,121.5260974745182
60,11,active,10000,5,0.48678955433657256,0.12246394813716796,0.00017201853753045365,0.0002052226043370377,23.001376148300242
60,11,uniform,10000,5,0.48678955433657256,0.12246394813716796,0.10891676153139318,0.10838241055714827,122.87720847507167
60,12,active,10000,5,0.48678955433657256,0.12246394813716796,7.465122378810807e-05,9.328300197138078e-05,23.000597209790303
60,12,uniform,10000,5,0.48678955433657256,0.12246394813716796,0.04726682168147,0.055180005099470776,120.48310022947618
60,13,active,10000,5,0.48678955433657256,0.12246394813716796,0.000170594068350495,0.00013059620275993308,23.001364752546802
60,13,uniform,10000,5,0.48678955433657256,0.12246394813716796,0.10801483216838824,0.08323953209246211,121.74577894416079
60,14,active,10000,5,0.48678955433657256,0.12246394813716796,0.0001154942163875683,0.00011193960236565693,23.0009239537311
60,14,uniform,10000,5,0.48678955433657256,0.12246394813716796,0.07312732804925323,0.0685443498485706,121.08449574318567
60,15,active,10000,5,0.48678955433657256,0.12246394813716796,0.00017854472465057142,0.0002052226043370377,23.001428357797206
60,15,uniform,10000,5,0.48678955433657256,0.12246394813716796,0.11304893924013491,0.13618696401141783,124.1284133805138
60,16,active,10000,5,0.48678955433657256,0.12246394813716796,7.695075238594445e-05,0.00011193960236565693,23.00061560601909
60,16,uniform,10000,5,0.48678955433657256,0.12246394813716796,0.048722811317917905,0.05816506116255496,120.61742775231497
60,17,active,10000,5,0.48678955433657256,0.12246394813716796,0.0001215748083544313,7.462640157710462e-05,23.000972598466834
60,17,uniform,10000,5,0.48678955433657256,0.12246394813716796,0.07697736883400827,0.07190875678633839,121.23589405538523
60,18,active,10000,5,0.48678955433657256,0.12246394813716796,0.00010391940921260917,0.0001430339363561172,23.0008313552737
60,18,uniform,10000,5,0.48678955433657256,0.12246394813716796,0.06579852191624146,0.0682955951766469,121.07330178294912
60,19,active,10000,5,0.48678955433657256,0.12246394813716796,0.0001126629939756027,0.00012437733596184103,23.000901303951803
60,19,uniform,10000,5,0.48678955433657256,0.12246394813716796,0.0713346865077469,0.07731917090067848,121.47936269053054
60,20,active,10000,5,0.48678955433657256,0.12246394813716796,7.257639051586051e-05,6.218866798092052e-05,23.00058061112413
60,20,uniform,10000,5,0.48678955433657256,0.12246394813716796,0.045953102102318594,0.04858178742669511,120.18618043420128
60,21,active,10000,5,0.48678955433657256,0.12246394813716796,0.00015540747975965885,0.0001679094035484854,23.001243259838077
60,21,uniform,10000,5,0.48678955433657256,0.12246394813716796,0.09839915892892925,0.108904795368188,122.90071579156846
60,22,active,10000,5,0.48678955433657256,0.12246394813716796,0.00012361349773733904,9.328300197138078e-05,23.0009889079819
60,22,uniform,10000,5,0.48678955433657256,0.12246394813716796,0.07826820323208014,0.07921592527409656,121.56471663733434
60,23,active,10000,5,0.48678955433657256,0.12246394813716796,7.553463560384249e-05,5.596980118282847e-05,23.000604277084832
60,23,uniform,10000,5,0.48678955433657256,0.12246394813716796,0.0478261704321689,0.03260551862239663,119.46724833800785
60,24,active,10000,5,0.48678955433657256,0.12246394813716796,0.00014571017337366987,9.950186876947283e-05,23.00116568138699
60,24,uniform,10000,5,0.48678955433657256,0.12246394813716796,0.09225912761426847,0.07727563883309184,121.47740374748913
60,25,active,10000,5,0.48678955433657256,0.12246394813716796,9.081664450515115e-05,0.00015547166995230128,23.00072653315604
60,25,uniform,10000,5,0.48678955433657256,0.12246394813716796,0.05750226082987912,0.07078936076268183,121.18552123432069
60,26,active,10000,5,0.48678955433657256,0.12246394813716796,0.00012329519378362352,0.00015547166995230128,23.000986361550268
60,26,uniform,10000,5,0.48678955433657256,0.12246394813716796,0.07806666311719054,0.10355035105503076,122.65976579747638
60,27,active,10000,5,0.48678955433657256,0.12246394813716796,6.756241828728693e-05,0.0001430339363561172,23.000540499346297
60,27,uniform,10000,5,0.48678955433657256,0.12246394813716796,0.04277841159869421,0.062207324581314796,120.79932960615916
60,28,active,10000,5,0.48678955433657256,0.12246394813716796,9.911404387628192e-05,0.00016169053675039335,23.00079291235101
60,28,uniform,10000,5,0.48678955433657256,0.12246394813716796,0.062755914776753,0.08651065602825853,121.89297952127163
60,29,active,10000,5,0.48678955433657256,0.12246394813716796,0.00019836476177766127,0.0001679094035484854,23.001586918094223
60,29,uniform,10000,5,0.48678955433657256,0.12246394813716796,0.12559836727449117,0.10774808614374289,122.84866387646844
61,0,active,10000,2,0.4239317013456575,0.04549769897540837,0.00019787658257362783,0.0001430339363561172,12.201583012660588
61,0,uniform,10000,2,0.4239317013456575,0.04549769897540837,0.1252892674605492,0.05825212529772825,66.62134563839777
61,1,active,10000,2,0.4239317013456575,0.04549769897540837,0.00010261662991550499,5.596980118282847e-05,12.200820933039322
61,1,uniform,10000,2,0.4239317013456575,0.04549769897540837,0.06497364278357859,0.028693851406396725,65.29122331328786
61,2,active,10000,2,0.4239317013456575,0.04549769897540837,5.375217860041637e-05,3.731320078855231e-05,12.200430017428802
61,2,uniform,10000,2,0.4239317013456575,0.04549769897540837,0.034034199467500005,0.015341944390893092,64.6903874975902
61,3,active,10000,2,0.4239317013456575,0.04549769897540837,9.581062370706689e-05,8.084526837519668e-05,12.200766484989655
61,3,uniform,10000,2,0.4239317013456575,0.04549769897540837,0.060664292373859736,0.046430059514555255,66.08935267815498
61,4,active,10000,2,0.4239317013456575,0.04549769897540837,0.00016448085212176708,0.00011193960236565693,12.201315846816973
61,4,uniform,10000,2,0.4239317013456575,0.04549769897540837,0.10414413472068862,0.06375582241403971,66.86901200863178
61,5,active,10000,2,0.4239317013456575,0.04549769897540837,3.2129228535144466e-05,6.218866798092052e-06,12.200257033828281
61,5,uniform,10000,2,0.4239317013456575,0.04549769897540837,0.020343223310626938,0.0110322696998153,64.49645213649168
61,6,active,10000,2,0.4239317013456575,0.04549769897540837,0.00016799620774993543,9.950186876947283e-05,12.201343969661998
61,6,uniform,10000,2,0.4239317013456575,0.04549769897540837,0.10636994803214896,0.04314027897836456,65.94131255402641
61,7,active,10000,2,0.4239317013456575,0.04549769897540837,4.0412578584794745e-05,3.109433399046026e-05,12.200323300628678
61,7,uniform,10000,2,0.4239317013456575,0.04549769897540837,0.025587981666259262,0.013370563615897911,64.60167536271541
61,8,active,10000,2,0.4239317013456575,0.04549769897540837,0.00010695820964333816,0.00010572073556756488,12.200855665677146
61,8,uniform,10000,2,0.4239317013456575,0.04549769897540837,0.0677225953713498,0.04555941816282237,66.050173817327
61,9,active,10000,2,0.4239317013456575,0.04549769897540837,4.085453881953055e-05,1.8656600394276155e-05,12.200326836310555
61,9,uniform,10000,2,0.4239317013456575,0.04549769897540837,0.025867817073466613,0.01578970280035572,64.71053662601601
61,10,active,10000,2,0.4239317013456575,0.04549769897540837,7.506416692184756e-05,5.596980118282847e-05,12.200600513335374
61,10,uniform,10000,2,0.4239317013456575,0.04549769897540837,0.04752828436720392,0.025696357609716357,65.15633609243724
61,11,active,10000,2,0.4239317013456575,0.04549769897540837,6.828682196382413e-05,3.109433399046026e-05,12.20054629457571
61,11,uniform,10000,2,0.4239317013456575,0.04549769897540837,0.043237081365500904,0.02031081896256864,64.91398685331559
61,12,active,10000,2,0.4239317013456575,0.04549769897540837,7.488095143086404e-05,3.731320078855231e-05,12.200599047611446
61,12,uniform,10000,2,0.4239317013456575,0.04549769897540837,0.047412278044684515,0.01869391359506471,64.84122611177791
61,13,active,10000,2,0.4239317013456575,0.04549769897540837,0.00012735053480904257,8.084526837519668e-05,12.20101880427847
61,13,uniform,10000,2,0.4239317013456575,0.04549769897540837,0.08063437830493327,0.05552826164016393,66.49877177380738
61,14,active,10000,2,0.4239317013456575,0.04549769897540837,7.903484418819023e-05,4.353206758664436e-05,12.200632278753504
61,14,uniform,10000,2,0.4239317013456575,0.04549769897540837,0.05004239310886988,0.02925354941822501,65.31640972382013
61,15,active,10000,2,0.4239317013456575,0.04549769897540837,3.1934326939413865e-05,2.4875467192368208e-05,12.200255474615515
61,15,uniform,10000,2,0.4239317013456575,0.04549769897540837,0.02021981771186126,0.006106927195726395,64.27481172380769
61,16,active,10000,2,0.4239317013456575,0.04549769897540837,0.00023021913164950406,0.0001430339363561172,12.201841753053195
61,16,uniform,10000,2,0.4239317013456575,0.04549769897540837,0.14576755867025445,0.10730032773428026,68.82851474804261
61,17,active,10000,2,0.4239317013456575,0.04549769897540837,5.956946388421813e-05,3.731320078855231e-05,12.200476555711074
61,17,uniform,10000,2,0.4239317013456575,0.04549769897540837,0.03771752269017428,0.021175241447503435,64.95288586513766
61,18,active,10000,2,0.4239317013456575,0.04549769897540837,5.835282775974379e-05,3.109433399046026e-05,12.200466822622078
61,18,uniform,10000,2,0.4239317013456575,0.04549769897540837,0.03694718672207258,0.018756102263045627,64.84402460183705
61,19,active,10000,2,0.4239317013456575,0.04549769897540837,3.189278722635566e-05,1.2437733596184104e-05,12.20025514229781
61,19,uniform,10000,2,0.4239317013456575,0.04549769897540837,0.020193516063885492,0.008588255048165124,64.38647147716743
61,20,active,10000,2,0.4239317013456575,0.04549769897540837,9.084318854454473e-05,6.218866798092052e-05,12.200726745508355
61,20,uniform,10000,2,0.4239317013456575,0.04549769897540837,0.057519067686019804,0.02607570848439997,65.173406881798
61,21,active,10000,2,0.4239317013456575,0.04549769897540837,0.0001709779657448826,0.00010572073556756488,12.201367823725958
61,21,uniform,10000,2,0.4239317013456575,0.04549769897540837,0.10825790399979324,0.04336415818309588,65.95138711823931
61,22,active,10000,2,0.4239317013456575,0.04549769897540837,9.743926394771216e-05,5.596980118282847e-05,12.20077951411158
61,22,uniform,10000,2,0.4239317013456575,0.04549769897540837,0.06169549647118053,0.041504717010466353,65.86771226547098
61,23,active,10000,2,0.4239317013456575,0.04549769897540837,8.649147919351577e-05,3.731320078855231e-05,12.200691931833548
61,23,uniform,10000,2,0.4239317013456575,0.04549769897540837,0.054763701337422394,0.026324463156323655,65.18460084203457
61,24,active,10000,2,0.4239317013456575,0.04549769897540837,8.662773506849797e-05,3.731320078855231e-05,12.200693021880546
61,24,uniform,10000,2,0.4239317013456575,0.04549769897540837,0.054849974298760235,0.02197125639765922,64.98870653789467
61,25,active,10000,2,0.4239317013456575,0.04549769897540837,1.9748381868751885e-05,1.8656600394276155e-05,12.200157987054949
61,25,uniform,10000,2,0.4239317013456575,0.04549769897540837,0.012504058164346191,0.004732557633348051,64.21296509350066
61,26,active,10000,2,0.4239317013456575,0.04549769897540837,4.858584516055295e-05,2.4875467192368208e-05,12.200388686761285
61,26,uniform,10000,2,0.4239317013456575,0.04549769897540837,0.030763038606934592,0.01167281298001878,64.52527658410085
61,27,active,10000,2,0.4239317013456575,0.04549769897540837,0.000127316558410695,9.950186876947283e-05,12.201018532467284
61,27,uniform,10000,2,0.4239317013456575,0.04549769897540837,0.08061286551144556,0.04315271671196075,65.94187225203824
61,28,active,10000,2,0.4239317013456575,0.04549769897540837,8.871022612969362e-05,6.218866798092052e-05,12.200709681809037
61,28,uniform,10000,2,0.4239317013456575,0.04549769897540837,0.05616854255056086,0.02233816953874665,65.0052176292436
61,29,active,10000,2,0.4239317013456575,0.04549769897540837,6.68694289092768e-05,3.731320078855231e-05,12.200534955431273
61,29,uniform,10000,2,0.4239317013456575,0.04549769897540837,0.042339632383902676,0.02546625953818695,65.14598167921841
62,0,active,10000,5,0.4864238879037017,0.13559869658778698,6.699290296839633e-05,6.840753477901257e-05,23.000535943223746
62,0,uniform,10000,5,0.4864238879037017,0.13559869658778698,0.042417812298932905,0.04784174227772215,120.15287840249749
62,1,active,10000,5,0.4864238879037017,0.13559869658778698,0.000182872209662871,0.0001803471371446695,23.001462977677303
62,1,uniform,10000,5,0.4864238879037017,0.13559869658778698,0.11578896749452393,0.11124930815106872,123.0062188667981
62,2,active,10000,5,0.4864238879037017,0.13559869658778698,0.00022635364304288141,0.00019900373753894567,23.001810829144343
62,2,uniform,10000,5,0.4864238879037017,0.13559869658778698,0.14332005210020998,0.11228785890635008,123.05295365078575
62,3,active,10000,5,0.4864238879037017,0.13559869658778698,0.00011468437639140794,0.00015547166995230128,23.000917475011132
62,3,uniform,10000,5,0.4864238879037017,0.13559869658778698,0.07261456267518394,0.07992487608907904,121.59661942400855
62,4,active,10000,5,0.4864238879037017,0.13559869658778698,9.212043323822416e-05,8.706413517328872e-05,23.000736963465904
62,4,uniform,10000,5,0.4864238879037017,0.13559869658778698,0.05832777910581584,0.05868744597359469,120.64093506881176
62,5,active,10000,5,0.4864238879037017,0.13559869658778698,0.00025330210111740303,0.00023631693832749796,23.00202641680894
62,5,uniform,10000,5,0.4864238879037017,0.13559869658778698,0.1603829734799597,0.1312927158413194,123.90817221285937
62,6,active,10000,5,0.4864238879037017,0.13559869658778698,7.700388886316967e-05,0.00011815846916374898,23.000616031110905
62,6,uniform,10000,5,0.4864238879037017,0.13559869658778698,0.04875645567452515,0.07073960982829709,121.18328244227337
62,7,active,10000,5,0.4864238879037017,0.13559869658778698,0.00017045221422162804,0.00015547166995230128,23.00136361771377
62,7,uniform,10000,5,0.4864238879037017,0.13559869658778698,0.10792501456762288,0.08314624909049073,121.74158120907208
62,8,active,10000,5,0.4864238879037017,0.13559869658778698,0.00011998699292442572,0.00011815846916374898,23.000959895943396
62,8,uniform,10000,5,0.4864238879037017,0.13559869658778698,0.0759720137308389,0.08225695113836357,121.70156280122636
62,9,active,10000,5,0.4864238879037017,0.13559869658778698,0.0001012293655620472,8.084526837519668e-05,23.000809834924496
62,9,uniform,10000,5,0.4864238879037017,0.13559869658778698,0.06409527035392132,0.07040379102120012,121.16817059595401
62,10,active,10000,5,0.4864238879037017,0.13559869658778698,9.121368838969912e-05,8.084526837519668e-05,23.000729709507116
62,10,uniform,10000,5,0.4864238879037017,0.13559869658778698,0.05775365660799166,0.05950833639094284,120.67787513759242
62,11,active,10000,5,0.4864238879037017,0.13559869658778698,0.00015862914474524398,0.0001679094035484854,23.00126903315796
62,11,uniform,10000,5,0.4864238879037017,0.13559869658778698,0.1004390165047663,0.11783508809024819,123.30257896406117
62,12,active,10000,5,0.4864238879037017,0.13559869658778698,4.0076450330953084e-05,2.4875467192368208e-05,23.000320611602646
62,12,uniform,10000,5,0.4864238879037017,0.13559869658778698,0.025375155761624524,0.02100733204395495,118.94532994197797
62,13,active,10000,5,0.4864238879037017,0.13559869658778698,0.00010847606154031075,0.00011193960236565693,23.000867808492323
62,13,uniform,10000,5,0.4864238879037017,0.13559869658778698,0.06868365175214494,0.09152928153431882,122.11881766904435
62,14,active,10000,5,0.4864238879037017,0.13559869658778698,0.00015314620154785463,8.084526837519668e-05,23.001225169612383
62,14,uniform,10000,5,0.4864238879037017,0.13559869658778698,0.0969673882413543,0.06878066678689809,121.09513000541041
62,15,active,10000,5,0.4864238879037017,0.13559869658778698,9.175583173741397e-05,6.218866798092052e-05,23.0007340466539
62,15,uniform,10000,5,0.4864238879037017,0.13559869658778698,0.05809692483108661,0.04496862581700362,120.02358816176516
62,16,active,10000,5,0.4864238879037017,0.13559869658778698,0.00012086091703095159,0.00011193960236565693,23.000966887336247
62,16,uniform,10000,5,0.4864238879037017,0.13559869658778698,0.07652535516064177,0.07336397161709193,121.30137872276914
62,17,active,10000,5,0.4864238879037017,0.13559869658778698,9.147146348068014e-05,4.9750934384736417e-05,23.000731771707844
62,17,uniform,10000,5,0.4864238879037017,0.13559869658778698,0.05791687173882916,0.05649840486066629,120.54242821872998
62,18,active,10000,5,0.4864238879037017,0.13559869658778698,0.0001454180101626984,0.00016169053675039335,23.001163344081302
62,18,uniform,10000,5,0.4864238879037017,0.13559869658778698,0.09207413900063967,0.12961984067263263,123.83289283026846
62,19,active,10000,5,0.4864238879037017,0.13559869658778698,0.00022657376089268988,0.00021144147113512975,23.00181259008714
62,19,uniform,10000,5,0.4864238879037017,0.13559869658778698,0.14345942384294558,0.1346695605126834,124.06013022307076
62,20,active,10000,5,0.4864238879037017,0.13559869658778698,0.00018025683334917109,8.706413517328872e-05,23.001442054666793
62,20,uniform,10000,5,0.4864238879037017,0.13559869658778698,0.11413299295622097,0.08664747109781655,121.89913619940174
62,21,active,10000,5,0.4864238879037017,0.13559869658778698,0.00018123012905918445,0.00015547166995230128,23.001449841032475
62,21,uniform,10000,5,0.4864238879037017,0.13559869658778698,0.11474925337946225,0.10833265962276355,122.87496968302436
62,22,active,10000,5,0.4864238879037017,0.13559869658778698,6.112279475213589e-05,4.9750934384736417e-05,23.000488982358018
62,22,uniform,10000,5,0.4864238879037017,0.13559869658778698,0.038701043246401265,0.04084551712986859,119.83804827084408
62,23,active,10000,5,0.4864238879037017,0.13559869658778698,0.00015198001447273846,0.00013059620275993308,23.001215840115783
62,23,uniform,10000,5,0.4864238879037017,0.13559869658778698,0.09622899503454009,0.09057779491421074,122.07600077113949
62,24,active,10000,5,0.4864238879037017,0.13559869658778698,0.00016846291448829875,0.00013059620275993308,23.001347703315908
62,24,uniform,10000,5,0.4864238879037017,0.13559869658778698,0.10666545215198553,0.08727557664442386,121.92740094899908
62,25,active,10000,5,0.4864238879037017,0.13559869658778698,0.00016301779443583797,0.0002176603379332218,23.001304142355487
62,25,uniform,10000,5,0.4864238879037017,0.13559869658778698,0.10321777232177434,0.12937108600070896,123.82169887003191
62,26,active,10000,5,0.4864238879037017,0.13559869658778698,0.00018773083241020727,0.0001679094035484854,23.00150184665928
62,26,uniform,10000,5,0.4864238879037017,0.13559869658778698,0.11886529556210201,0.12137984216516066,123.46209289743223
62,27,active,10000,5,0.4864238879037017,0.13559869658778698,8.98615645648776e-05,9.328300197138078e-05,23.00071889251652
62,27,uniform,10000,5,0.4864238879037017,0.13559869658778698,0.05689753406267341,0.06724460668776935,121.02600730094962
62,28,active,10000,5,0.4864238879037017,0.13559869658778698,6.652056146758123e-05,7.462640157710462e-05,23.00053216449174
62,28,uniform,10000,5,0.4864238879037017,0.13559869658778698,0.04211874042363879,0.04285421110565233,119.92843949975436
62,29,active,10000,5,0.4864238879037017,0.13559869658778698,8.749911101292585e-05,6.840753477901257e-05,23.000699992888105
62,29,uniform,10000,5,0.4864238879037017,0.13559869658778698,0.055401702312019865,0.04055944925715636,119.82517521657203
63,0,active,10000,3,0.7121461368229012,0.04022857605677673,0.00020070640822221833,9.950186876947283e-05,15.801605651265778
63,0,uniform,10000,3,0.7121461368229012,0.04022857605677673,0.1270810246151046,0.06357547527689504,84.86089638746027
63,1,active,10000,3,0.7121461368229012,0.04022857605677673,0.00016526008189393648,6.840753477901257e-05,15.801322080655153
63,1,uniform,10000,3,0.7121461368229012,0.04022857605677673,0.10463751865766141,0.05764889521831332,84.5942002848241
63,2,active,10000,3,0.7121461368229012,0.04022857605677673,0.00020076179373434283,6.218866798092052e-05,15.801606094349875
63,2,uniform,10000,3,0.7121461368229012,0.04022857605677673,0.12711609299035825,0.0553168201690288,84.48925690760629
63,3,active,10000,3,0.7121461368229012,0.04022857605677673,0.00011186079609717611,8.706413517328872e-05,15.800894886368779
63,3,uniform,10000,3,0.7121461368229012,0.04022857605677673,0.07082675988381812,0.04839522142275235,84.17778496402386
63,4,active,10000,3,0.7121461368229012,0.04022857605677673,8.948247754217084e-05,4.9750934384736417e-05,15.800715859820338
63,4,uniform,10000,3,0.7121461368229012,0.04022857605677673,0.05665750800824716,0.030621700113805262,83.37797650512124
63,5,active,10000,3,0.7121461368229012,0.04022857605677673,0.000117385183264547,8.084526837519668e-05,15.800939081466117
63,5,uniform,10000,3,0.7121461368229012,0.04022857605677673,0.07432462917365164,0.04216391689106411,83.89737626009789
63,6,active,10000,3,0.7121461368229012,0.04022857605677673,7.939883912213425e-05,6.840753477901257e-05,15.800635190712978
63,6,uniform,10000,3,0.7121461368229012,0.04022857605677673,0.05027286332443636,0.039943781444145246,83.79747016498654
63,7,active,10000,3,0.7121461368229012,0.04022857605677673,6.624685305201342e-05,6.840753477901257e-05,15.800529974824418
63,7,uniform,10000,3,0.7121461368229012,0.04022857605677673,0.041945436809641745,0.03800971386993862,83.71043712414723
63,8,active,10000,3,0.7121461368229012,0.04022857605677673,8.581562688842262e-05,8.084526837519668e-05,15.800686525015108
63,8,uniform,10000,3,0.7121461368229012,0.04022857605677673,0.05433577278156898,0.043214905379941666,83.94467074209737
63,9,active,10000,3,0.7121461368229012,0.04022857605677673,0.0001324073048697555,6.218866798092052e-05,15.80105925843896
63,9,uniform,10000,3,0.7121461368229012,0.04022857605677673,0.08383616705818221,0.036175148164501465,83.62788166740256
63,10,active,10000,3,0.7121461368229012,0.04022857605677673,8.619205745990025e-05,5.596980118282847e-05,15.80068953645968
63,10,uniform,10000,3,0.7121461368229012,0.04022857605677673,0.05457411685410908,0.04656065571731519,84.09522950727919
63,11,active,10000,3,0.7121461368229012,0.04022857605677673,7.529192501213103e-05,4.9750934384736417e-05,15.800602335400098
63,11,uniform,10000,3,0.7121461368229012,0.04022857605677673,0.04767249367145888,0.03221373001411683,83.44961785063526
63,12,active,10000,3,0.7121461368229012,0.04022857605677673,0.00013309782511744528,0.00013059620275993308,15.80106478260094
63,12,uniform,10000,3,0.7121461368229012,0.04022857605677673,0.08427338289688893,0.07068985889391236,85.18104365022606
63,13,active,10000,3,0.7121461368229012,0.04022857605677673,5.7055037907746686e-05,6.218866798092052e-05,15.800456440303263
63,13,uniform,10000,3,0.7121461368229012,0.04022857605677673,0.036125466750113175,0.02385557303748111,83.07350078668665
63,14,active,10000,3,0.7121461368229012,0.04022857605677673,0.00016177393922255784,0.00011193960236565693,15.801294191513781
63,14,uniform,10000,3,0.7121461368229012,0.04022857605677673,0.10243020207740072,0.06300333953147058,84.83515027891617
63,15,active,10000,3,0.7121461368229012,0.04022857605677673,8.670064858612783e-05,4.353206758664436e-05,15.80069360518869
63,15,uniform,10000,3,0.7121461368229012,0.04022857605677673,0.05489614085923075,0.020988675443560676,82.94449039496023
63,16,active,10000,3,0.7121461368229012,0.04022857605677673,8.772662571737352e-05,6.218866798092052e-05,15.80070181300574
63,16,uniform,10000,3,0.7121461368229012,0.04022857605677673,0.05554575751192911,0.037593049794466454,83.691687240751
63,17,active,10000,3,0.7121461368229012,0.04022857605677673,0.00019193759326460724,7.462640157710462e-05,15.801535500746118
63,17,uniform,10000,3,0.7121461368229012,0.04022857605677673,0.1215288850529541,0.0690853912600046,85.10884260670021
63,18,active,10000,3,0.7121461368229012,0.04022857605677673,0.00012846219151243718,8.706413517328872e-05,15.801027697532101
63,18,uniform,10000,3,0.7121461368229012,0.04022857605677673,0.08133824458477934,0.04601339543908309,84.07060279475874
63,19,active,10000,3,0.7121461368229012,0.04022857605677673,0.00012070734146359813,8.084526837519668e-05,15.800965658731709
63,19,uniform,10000,3,0.7121461368229012,0.04022857605677673,0.07642811591138515,0.04354450532024055,83.95950273941082
63,20,active,10000,3,0.7121461368229012,0.04022857605677673,0.00014287545495294748,0.00011193960236565693,15.801143003639623
63,20,uniform,10000,3,0.7121461368229012,0.04022857605677673,0.09046427250923966,0.06468865243375352,84.91098935951891
63,21,active,10000,3,0.7121461368229012,0.04022857605677673,0.00012096291848131754,5.596980118282847e-05,15.800967703347851
63,21,uniform,10000,3,0.7121461368229012,0.04022857605677673,0.07658993929095498,0.045540761562428096,84.04933427030926
63,22,active,10000,3,0.7121461368229012,0.04022857605677673,6.263106673894472e-05,8.084526837519668e-05,15.800501048533912
63,22,uniform,10000,3,0.7121461368229012,0.04022857605677673,0.039656033927473355,0.04503081448498455,84.02638665182431
63,23,active,10000,3,0.7121461368229012,0.04022857605677673,5.8520344862682955e-05,4.9750934384736417e-05,15.800468162758902
63,23,uniform,10000,3,0.7121461368229012,0.04022857605677673,0.03705325331584849,0.01873122679585326,82.8429052058134
63,24,active,10000,3,0.7121461368229012,0.04022857605677673,0.00011799317615782123,7.462640157710462e-05,15.800943945409264
63,24,uniform,10000,3,0.7121461368229012,0.04022857605677673,0.07470959127092458,0.040994769933022805,83.84476464698602
63,25,active,10000,3,0.7121461368229012,0.04022857605677673,0.00012507977748749816,7.462640157710462e-05,15.8010006382199
63,25,uniform,10000,3,0.7121461368229012,0.04022857605677673,0.07919660574141285,0.05092630020957581,84.29168350943091
63,26,active,10000,3,0.7121461368229012,0.04022857605677673,9.284409416501771e-05,7.462640157710462e-05,15.80074275275332
63,26,uniform,10000,3,0.7121461368229012,0.04022857605677673,0.05878597858664225,0.031119209457652626,83.40036442559436
63,27,active,10000,3,0.7121461368229012,0.04022857605677673,6.862251725105184e-05,6.840753477901257e-05,15.800548980138009
63,27,uniform,10000,3,0.7121461368229012,0.04022857605677673,0.04344963312920312,0.03353212977531234,83.50894583988905
63,28,active,10000,3,0.7121461368229012,0.04022857605677673,9.519663197372213e-05,8.706413517328872e-05,15.80076157305579
63,28,uniform,10000,3,0.7121461368229012,0.04022857605677673,0.060275531998634044,0.059340426987394355,84.67031921443275
63,29,active,10000,3,0.7121461368229012,0.04022857605677673,6.205205353715382e-05,6.840753477901257e-05,15.800496416428299
63,29,uniform,10000,3,0.7121461368229012,0.04022857605677673,0.03928942086513551,0.03405451458635207,83.53245315638584
64,0,active,10000,5,0.4952431936942944,0.06916377839252888,0.00014346395508448712,9.328300197138078e-05,23.001147711640677
64,0,uniform,10000,5,0.4952431936942944,0.06916377839252888,0.0908368923990289,0.07983781195390575,121.59270153792576
64,1,active,10000,5,0.4952431936942944,0.06916377839252888,0.00012501118723209914,0.00013059620275993308,23.001000089497857
64,1,uniform,10000,5,0.4952431936942944,0.06916377839252888,0.07915317653544465,0.08801562179339681,121.96070298070286
64,2,active,10000,5,0.4952431936942944,0.06916377839252888,0.00013024074184053713,0.0001430339363561172,23.001041925934725
64,2,uniform,10000,5,0.4952431936942944,0.06916377839252888,0.08246436706396792,0.06011156647035777,120.7050204911661
64,3,active,10000,5,0.4952431936942944,0.06916377839252888,0.00013534600293628463,0.00024875467192368207,23.00108276802349
64,3,uniform,10000,5,0.4952431936942944,0.06916377839252888,0.0856968588250574,0.11974428019726245,123.38849260887682
64,4,active,10000,5,0.4952431936942944,0.06916377839252888,9.747703757560094e-05,0.00010572073556756488,23.000779816300604
64,4,uniform,10000,5,0.4952431936942944,0.06916377839252888,0.06171941355175323,0.0647010901673497,120.91154905753073
64,5,active,10000,5,0.4952431936942944,0.06916377839252888,9.656222444998086e-05,0.0001430339363561172,23.0007724977956
64,5,uniform,10000,5,0.4952431936942944,0.06916377839252888,0.06114018247303897,0.07256173780013805,121.26527820100621
64,6,active,10000,5,0.4952431936942944,0.06916377839252888,0.00011553854722770596,0.00012437733596184103,23.000924308377822
64,6,uniform,10000,5,0.4952431936942944,0.06916377839252888,0.07315539695166406,0.09558398268667484,122.30127922090037
64,7,active,10000,5,0.4952431936942944,0.06916377839252888,0.00011207751452824155,0.00015547166995230128,23.000896620116226
64,7,uniform,10000,5,0.4952431936942944,0.06916377839252888,0.07096397922081477,0.08484399972636986,121.81797998768664
64,8,active,10000,5,0.4952431936942944,0.06916377839252888,0.00012206077412171487,0.00019900373753894567,23.000976486192975
64,8,uniform,10000,5,0.4952431936942944,0.06916377839252888,0.0772850671689935,0.09942102350109763,122.4739460575494
64,9,active,10000,5,0.4952431936942944,0.06916377839252888,0.00012567472298465748,6.840753477901257e-05,23.001005397783878
64,9,uniform,10000,5,0.4952431936942944,0.06916377839252888,0.0795733066352018,0.06117499269283151,120.75287467117742
64,10,active,10000,5,0.4952431936942944,0.06916377839252888,0.0001263990429611339,9.328300197138078e-05,23.00101119234369
64,10,uniform,10000,5,0.4952431936942944,0.06916377839252888,0.08003192340567755,0.08335147169482778,121.75081622626725
64,11,active,10000,5,0.4952431936942944,0.06916377839252888,9.090085323445324e-05,0.00018656600394276155,23.000727206825875
64,11,uniform,10000,5,0.4952431936942944,0.06916377839252888,0.05755557916533925,0.11605649218599387,123.22254214836973
64,12,active,10000,5,0.4952431936942944,0.06916377839252888,0.00010019569492815406,0.00015547166995230128,23.000801565559424
64,12,uniform,10000,5,0.4952431936942944,0.06916377839252888,0.0634407824158455,0.07598833340588677,121.4194750032649
64,13,active,10000,5,0.4952431936942944,0.06916377839252888,9.764976497917549e-05,0.00011815846916374898,23.000781198119835
64,13,uniform,10000,5,0.4952431936942944,0.06916377839252888,0.06182877914509989,0.07420351863483436,121.33915833856754
64,14,active,10000,5,0.4952431936942944,0.06916377839252888,0.00012458641087786937,0.00014925280315420924,23.00099669128702
64,14,uniform,10000,5,0.4952431936942944,0.06916377839252888,0.07888422142430285,0.08182163046249713,121.68197337081237
64,15,active,10000,5,0.4952431936942944,0.06916377839252888,0.00011580024325694854,0.00012437733596184103,23.000926401946057
64,15,uniform,10000,5,0.4952431936942944,0.06916377839252888,0.07332109469809159,0.074247050702421,121.34111728160894
64,16,active,10000,5,0.4952431936942944,0.06916377839252888,0.00011876299863526965,0.00019900373753894567,23.000950103989084
64,16,uniform,10000,5,0.4952431936942944,0.06916377839252888,0.07519701880283766,0.13131137244171368,123.90901175987712
64,17,active,10000,5,0.4952431936942944,0.06916377839252888,0.00015242264310024595,0.00015547166995230128,23.001219381144804
64,17,uniform,10000,5,0.4952431936942944,0.06916377839252888,0.09650925364711012,0.0652483504455818,120.93617577005118
64,18,active,10000,5,0.4952431936942944,0.06916377839252888,9.608078416389887e-05,0.0001430339363561172,23.00076864627331
64,18,uniform,10000,5,0.4952431936942944,0.06916377839252888,0.06083534953128744,0.08279799254979757,121.7259096647409
64,19,active,10000,5,0.4952431936942944,0.06916377839252888,0.00011065299189059324,6.840753477901257e-05,23.000885223935125
64,19,uniform,10000,5,0.4952431936942944,0.06916377839252888,0.07006201601005016,0.061206087026821974,120.75427391620698
64,20,active,10000,5,0.4952431936942944,0.06916377839252888,0.00011198580634572824,0.00011815846916374898,23.000895886450767
64,20,uniform,10000,5,0.4952431936942944,0.06916377839252888,0.07090591246599966,0.08824571986492621,121.97105739392168
64,21,active,10000,5,0.4952431936942944,0.06916377839252888,0.00013638046734074094,0.0001679094035484854,23.001091043738725
64,21,uniform,10000,5,0.4952431936942944,0.06916377839252888,0.08635184935379872,0.10271080403728833,122.62198618167797
64,22,active,10000,5,0.4952431936942944,0.06916377839252888,8.751058123308841e-05,0.00011815846916374898,23.000700084649864
64,22,uniform,10000,5,0.4952431936942944,0.06916377839252888,0.05540896489685138,0.06344487907413511,120.85501955833608
64,23,active,10000,5,0.4952431936942944,0.06916377839252888,7.390762755229291e-05,0.00011815846916374898,23.000591261020418
64,23,uniform,10000,5,0.4952431936942944,0.06916377839252888,0.04679599978604947,0.04801587054806873,120.1607141746631
64,24,active,10000,5,0.4952431936942944,0.06916377839252888,0.0002775335177694835,0.00023631693832749796,23.002220268142157
64,24,uniform,10000,5,0.4952431936942944,0.06916377839252888,0.17572554915204142,0.1500736935715574,124.75331621072009
64,25,active,10000,5,0.4952431936942944,0.06916377839252888,0.00013270815598027952,0.0001430339363561172,23.001061665247843
64,25,uniform,10000,5,0.4952431936942944,0.06916377839252888,0.08402665657832405,0.09934017823272244,122.47030802047252
64,26,active,10000,5,0.4952431936942944,0.06916377839252888,0.00013129371739149798,9.950186876947283e-05,23.00105034973913
64,26,uniform,10000,5,0.4952431936942944,0.06916377839252888,0.08313107827212712,0.060329226808290996,120.71481520637309
64,27,active,10000,5,0.4952431936942944,0.06916377839252888,0.0001512163190736729,0.0001679094035484854,23.00120973055259
64,27,uniform,10000,5,0.4952431936942944,0.06916377839252888,0.09574544697711944,0.12767333536482983,123.74530009141735
64,28,active,10000,5,0.4952431936942944,0.06916377839252888,5.898291301698749e-05,4.9750934384736417e-05,23.000471863304135
64,28,uniform,10000,5,0.4952431936942944,0.06916377839252888,0.03734613701363501,0.046392746313766706,120.0876735841195
64,29,active,10000,5,0.4952431936942944,0.06916377839252888,0.0001111060356673993,0.00014925280315420924,23.00088884828534
64,29,uniform,10000,5,0.4952431936942944,0.06916377839252888,0.07034886916966064,0.093028028432659,122.18626127946966
65,0,active,10000,5,0.5600869309842382,0.08251708548100967,8.53441717683992e-05,0.00010572073556756488,23.000682753374146
65,0,uniform,10000,5,0.5600869309842382,0.08251708548100967,0.05403726213488044,0.05485662402596999,120.46854808116865
65,1,active,10000,5,0.5600869309842382,0.08251708548100967,0.0002038401534828066,0.00021144147113512975,23.001630721227862
65,1,uniform,10000,5,0.5600869309842382,0.08251708548100967,0.12906521416902714,0.1287118861201112,123.79203487540501
65,2,active,10000,5,0.5600869309842382,0.08251708548100967,0.00010026431746180259,0.00013059620275993308,23.000802114539695
65,2,uniform,10000,5,0.5600869309842382,0.08251708548100967,0.06348423205938314,0.06817743670748316,121.06798465183674
65,3,active,10000,5,0.5600869309842382,0.08251708548100967,5.710148187251102e-05,6.840753477901257e-05,23.00045681185498
65,3,uniform,10000,5,0.5600869309842382,0.08251708548100967,0.036154873617047355,0.04626836897780486,120.08207660400122
65,4,active,10000,5,0.5600869309842382,0.08251708548100967,5.784887983274756e-05,8.084526837519668e-05,23.00046279103866
65,4,uniform,10000,5,0.5600869309842382,0.08251708548100967,0.03662810264556499,0.025802078345283922,119.16109352553778
65,5,active,10000,5,0.5600869309842382,0.08251708548100967,0.0001757674012374949,0.00010572073556756488,23.0014061392099
65,5,uniform,10000,5,0.5600869309842382,0.08251708548100967,0.11129042486009755,0.052182511302790405,120.34821300862556
65,6,active,10000,5,0.5600869309842382,0.08251708548100967,0.0001288727514664051,0.00014925280315420924,23.00103098201173
65,6,uniform,10000,5,0.5600869309842382,0.08251708548100967,0.08159819831557281,0.09962002723863657,122.48290122573864
65,7,active,10000,5,0.5600869309842382,0.08251708548100967,8.105331760187989e-05,9.328300197138078e-05,23.000648426540813
65,7,uniform,10000,5,0.5600869309842382,0.08251708548100967,0.0513204273871456,0.05379319780349625,120.42069390115734
65,8,active,10000,5,0.5600869309842382,0.08251708548100967,7.635562248621552e-05,0.00011815846916374898,23.00061084497989
65,8,uniform,10000,5,0.5600869309842382,0.08251708548100967,0.048345993666173925,0.05569617104371241,120.50632769696706
65,9,active,10000,5,0.5600869309842382,0.08251708548100967,6.799265128358545e-05,9.328300197138078e-05,23.000543941210267
65,9,uniform,10000,5,0.5600869309842382,0.08251708548100967,0.0430508216850103,0.04863153836107984,120.1884192262486
65,10,active,10000,5,0.5600869309842382,0.08251708548100967,0.00011522393134298647,0.00016169053675039335,23.000921791450743
65,10,uniform,10000,5,0.5600869309842382,0.08251708548100967,0.07295619200679462,0.08281043028339376,121.72646936275272
65,11,active,10000,5,0.5600869309842382,0.08251708548100967,0.00011378508439002788,0.0001430339363561172,23.00091028067512
65,11,uniform,10000,5,0.5600869309842382,0.08251708548100967,0.07204515908727802,0.0773813595686594,121.48216118058967
65,12,active,10000,5,0.5600869309842382,0.08251708548100967,0.00017632329262830954,0.00014925280315420924,23.001410586341027
65,12,uniform,10000,5,0.5600869309842382,0.08251708548100967,0.11164239791437613,0.088028059526993,121.96126267871469
65,13,active,10000,5,0.5600869309842382,0.08251708548100967,0.00014251120377421767,0.00015547166995230128,23.001140089630194
65,13,uniform,10000,5,0.5600869309842382,0.08251708548100967,0.09023364004751819,0.09430911499306596,122.24391017468797
65,14,active,10000,5,0.5600869309842382,0.08251708548100967,0.00011210994608739505,0.00011193960236565693,23.0008968795687
65,14,uniform,10000,5,0.5600869309842382,0.08251708548100967,0.07098451387042695,0.08142984185421732,121.66434288343979
65,15,active,10000,5,0.5600869309842382,0.08251708548100967,0.0001660593501960489,0.00014925280315420924,23.001328474801568
65,15,uniform,10000,5,0.5600869309842382,0.08251708548100967,0.10514359036543627,0.10256777010093221,122.61554965454195
65,16,active,10000,5,0.5600869309842382,0.08251708548100967,0.00022414784860245313,0.0001803471371446695,23.00179318278882
65,16,uniform,10000,5,0.5600869309842382,0.08251708548100967,0.14192341200253983,0.12149178176752633,123.46713017953869
65,17,active,10000,5,0.5600869309842382,0.08251708548100967,0.00010334600929453458,0.00010572073556756488,23.000826768074358
65,17,uniform,10000,5,0.5600869309842382,0.08251708548100967,0.06543546300967384,0.06123096249401434,120.75539331223065
65,18,active,10000,5,0.5600869309842382,0.08251708548100967,0.0001314516726653031,0.00011815846916374898,23.00105161338132
65,18,uniform,10000,5,0.5600869309842382,0.08251708548100967,0.08323109061461939,0.08990615730001679,122.04577707850075
65,19,active,10000,5,0.5600869309842382,0.08251708548100967,0.00016401862999460004,0.0001679094035484854,23.001312149039958
65,19,uniform,10000,5,0.5600869309842382,0.08251708548100967,0.10385147011653682,0.10892967083538038,122.90183518759211
65,20,active,10000,5,0.5600869309842382,0.08251708548100967,0.0001592608617275726,0.00016169053675039335,23.001274086893822
65,20,uniform,10000,5,0.5600869309842382,0.08251708548100967,0.10083899995366183,0.0920951984129452,122.14428392858254
65,21,active,10000,5,0.5600869309842382,0.08251708548100967,5.514890645261922e-05,8.084526837519668e-05,23.00044119125162
65,21,uniform,10000,5,0.5600869309842382,0.08251708548100967,0.03491856388880957,0.04184053581756332,119.88282411179036
65,22,active,10000,5,0.5600869309842382,0.08251708548100967,0.00019963929977157707,0.00022387920473131387,23.001597114398173
65,22,uniform,10000,5,0.5600869309842382,0.08251708548100967,0.12640536489660537,0.15353760237809466,124.90919210701426
65,23,active,10000,5,0.5600869309842382,0.08251708548100967,8.14463923844641e-05,0.00011815846916374898,23.000651571139077
65,23,uniform,10000,5,0.5600869309842382,0.08251708548100967,0.05156931005396535,0.06136777756357237,120.76154999036076
65,24,active,10000,5,0.5600869309842382,0.08251708548100967,9.376206539533222e-05,0.00013059620275993308,23.000750096523163
65,24,uniform,10000,5,0.5600869309842382,0.08251708548100967,0.059367209278537544,0.0808266117748024,121.63719752986611
65,25,active,10000,5,0.5600869309842382,0.08251708548100967,6.43536176939824e-05,6.840753477901257e-05,23.00051482894155
65,25,uniform,10000,5,0.5600869309842382,0.08251708548100967,0.04074669935394145,0.05126211901667278,120.30679535575028
65,26,active,10000,5,0.5600869309842382,0.08251708548100967,0.00018597638215589463,0.0001679094035484854,23.001487811057245
65,26,uniform,10000,5,0.5600869309842382,0.08251708548100967,0.117754432496332,0.10870579163064906,122.89176062337921
65,27,active,10000,5,0.5600869309842382,0.08251708548100967,0.00016341918733483313,0.0001679094035484854,23.001307353498678
65,27,uniform,10000,5,0.5600869309842382,0.08251708548100967,0.10347192175991907,0.09439617912823925,122.24782806077077
65,28,active,10000,5,0.5600869309842382,0.08251708548100967,9.504416764925111e-05,0.00011193960236565693,23.000760353341192
65,28,uniform,10000,5,0.5600869309842382,0.08251708548100967,0.060178996353668135,0.05881182330955653,120.64653204893004
65,29,active,10000,5,0.5600869309842382,0.08251708548100967,8.468921679486568e-05,0.00010572073556756488,23.00067751373436
65,29,uniform,10000,5,0.5600869309842382,0.08251708548100967,0.053622565116264835,0.0490606401701482,120.20772880765666
66,0,active,10000,5,0.47825084115590233,0.06599985655556377,6.238019621995078e-05,6.218866798092052e-05,23.00049904156976
66,0,uniform,10000,5,0.47825084115590233,0.06599985655556377,0.03949719055582002,0.03300974496427261,119.48543852339226
66,1,active,10000,5,0.47825084115590233,0.06599985655556377,0.00015357168051279924,0.0001679094035484854,23.001228573444102
66,1,uniform,10000,5,0.47825084115590233,0.06599985655556377,0.09723678822363661,0.10106902320259202,122.54810604411664
66,2,active,10000,5,0.47825084115590233,0.06599985655556377,0.00010201956291185045,0.0001430339363561172,23.000816156503294
66,2,uniform,10000,5,0.47825084115590233,0.06599985655556377,0.06459559861820868,0.07309656034477398,121.28934521551483
66,3,active,10000,5,0.47825084115590233,0.06599985655556377,7.859729645534608e-05,9.950186876947283e-05,23.00062877837164
66,3,uniform,10000,5,0.47825084115590233,0.06599985655556377,0.0497653515600134,0.06468243356695542,120.91070951051299
66,4,active,10000,5,0.47825084115590233,0.06599985655556377,0.00010511606755071734,0.00018656600394276155,23.000840928540406
66,4,uniform,10000,5,0.47825084115590233,0.06599985655556377,0.06655620857443523,0.0812184003830822,121.6548280172387
66,5,active,10000,5,0.47825084115590233,0.06599985655556377,7.336245876837788e-05,4.353206758664436e-05,23.000586899670147
66,5,uniform,10000,5,0.47825084115590233,0.06599985655556377,0.04645081595125184,0.04219501122505457,119.89877550512746
66,6,active,10000,5,0.47825084115590233,0.06599985655556377,9.824443599452254e-05,8.084526837519668e-05,23.000785955487956
66,6,uniform,10000,5,0.47825084115590233,0.06599985655556377,0.06220530624561563,0.06256801885560413,120.81556084850219
66,7,active,10000,5,0.47825084115590233,0.06599985655556377,0.00013266553217293475,0.00018656600394276155,23.001061324257382
66,7,uniform,10000,5,0.47825084115590233,0.06599985655556377,0.08399966851572079,0.10850056902631203,122.88252560618405
66,8,active,10000,5,0.47825084115590233,0.06599985655556377,0.00016052043232869795,0.00018656600394276155,23.001284163458628
66,8,uniform,10000,5,0.47825084115590233,0.06599985655556377,0.10163652069048931,0.1107144856064328,122.98215185228948
66,9,active,10000,5,0.47825084115590233,0.06599985655556377,6.718438716105807e-05,0.00011193960236565693,23.00053747509729
66,9,uniform,10000,5,0.47825084115590233,0.06599985655556377,0.042539054104903204,0.06365632054527023,120.86453442453715
66,10,active,10000,5,0.47825084115590233,0.06599985655556377,0.00015202373467791686,0.0001679094035484854,23.00121618987742
66,10,uniform,10000,5,0.47825084115590233,0.06599985655556377,0.09625667730196824,0.09887376322286553,122.44931934502895
66,11,active,10000,5,0.47825084115590233,0.06599985655556377,0.00016083277489266357,0.00019900373753894567,23.001286662199142
66,11,uniform,10000,5,0.47825084115590233,0.06599985655556377,0.10183428623975116,0.1229967475326646,123.5348536389699
66,12,active,10000,5,0.47825084115590233,0.06599985655556377,0.00010660641828243861,0.00013681506955802515,23.00085285134626
66,12,uniform,10000,5,0.47825084115590233,0.06599985655556377,0.06749985207688894,0.07188388131914603,121.23477465936158
66,13,active,10000,5,0.47825084115590233,0.06599985655556377,0.00013530256665068852,0.0001430339363561172,23.001082420533205
66,13,uniform,10000,5,0.47825084115590233,0.06599985655556377,0.0856693563266196,0.09219470028171467,122.14876151267715
66,14,active,10000,5,0.47825084115590233,0.06599985655556377,0.0001287028833267742,0.00019900373753894567,23.001029623066614
66,14,uniform,10000,5,0.47825084115590233,0.06599985655556377,0.08149064311878501,0.09754292572807383,122.38943165776332
66,15,active,10000,5,0.47825084115590233,0.06599985655556377,0.0001253436789309878,0.00018656600394276155,23.001002749431446
66,15,uniform,10000,5,0.47825084115590233,0.06599985655556377,0.07936369988712785,0.1032020945143376,122.6440942531452
66,16,active,10000,5,0.47825084115590233,0.06599985655556377,0.00016020534998461948,0.00026741127231795823,23.001281642799878
66,16,uniform,10000,5,0.47825084115590233,0.06599985655556377,0.10143702039812413,0.12409748695592689,123.58438691301671
66,17,active,10000,5,0.47825084115590233,0.06599985655556377,9.292155165711163e-05,8.706413517328872e-05,23.000743372413258
66,17,uniform,10000,5,0.47825084115590233,0.06599985655556377,0.05883502224970842,0.04534797669168724,120.04065895112592
66,18,active,10000,5,0.47825084115590233,0.06599985655556377,7.335319059423306e-05,0.00013059620275993308,23.000586825524753
66,18,uniform,10000,5,0.47825084115590233,0.06599985655556377,0.04644494763307221,0.07915995547291373,121.56219799628111
66,19,active,10000,5,0.47825084115590233,0.06599985655556377,7.074301778553505e-05,8.706413517328872e-05,23.000565944142284
66,19,uniform,10000,5,0.47825084115590233,0.06599985655556377,0.04479226779147837,0.05041635313213226,120.26873589094595
66,20,active,10000,5,0.47825084115590233,0.06599985655556377,5.935173366557883e-05,4.9750934384736417e-05,23.000474813869324
66,20,uniform,10000,5,0.47825084115590233,0.06599985655556377,0.037579662720863834,0.0434201279842787,119.95390575929254
66,21,active,10000,5,0.47825084115590233,0.06599985655556377,0.0001465785073776829,0.00012437733596184103,23.00117262805902
66,21,uniform,10000,5,0.47825084115590233,0.06599985655556377,0.09280892956584758,0.06425333175788708,120.89139992910492
66,22,active,10000,5,0.47825084115590233,0.06599985655556377,0.00016821793958628206,0.00017412827034657744,23.00134574351669
66,22,uniform,10000,5,0.47825084115590233,0.06599985655556377,0.10651034170074772,0.09728795218935206,122.37795784852084
66,23,active,10000,5,0.47825084115590233,0.06599985655556377,0.00011277937174818814,0.00016169053675039335,23.000902234973985
66,23,uniform,10000,5,0.47825084115590233,0.06599985655556377,0.07140837327596147,0.0928663378959086,122.17898520531588
66,24,active,10000,5,0.47825084115590233,0.06599985655556377,8.894081907179219e-05,9.950186876947283e-05,23.000711526552575
66,24,uniform,10000,5,0.47825084115590233,0.06599985655556377,0.0563145467943485,0.04707682166155683,120.11845697477006
66,25,active,10000,5,0.47825084115590233,0.06599985655556377,7.516425864826162e-05,0.00012437733596184103,23.000601314069186
66,25,uniform,10000,5,0.47825084115590233,0.06599985655556377,0.047591659320009944,0.061728471837861704,120.77778123270377
66,26,active,10000,5,0.47825084115590233,0.06599985655556377,9.407423950356236e-05,0.0001430339363561172,23.00075259391603
66,26,uniform,10000,5,0.47825084115590233,0.06599985655556377,0.059564868166873626,0.07363760175620798,121.31369207902937
66,27,active,10000,5,0.47825084115590233,0.06599985655556377,9.285634403807114e-05,0.00012437733596184103,23.000742850752303
66,27,uniform,10000,5,0.47825084115590233,0.06599985655556377,0.05879373482338416,0.07078936076268183,121.18552123432069
66,28,active,10000,5,0.47825084115590233,0.06599985655556377,0.00012989589299375326,0.00014925280315420924,23.00103916714395
66,28,uniform,10000,5,0.47825084115590233,0.06599985655556377,0.0822460195524654,0.07927189507527939,121.56723527838757
66,29,active,10000,5,0.47825084115590233,0.06599985655556377,8.658194064045666e-05,0.00016169053675039335,23.000692655525125
66,29,uniform,10000,5,0.47825084115590233,0.06599985655556377,0.05482097869826926,0.0801985062281951,121.60893278026877
67,0,active,10000,3,0.45663370439504625,0.08551832438407181,3.889871270632006e-05,4.353206758664436e-05,15.80031118970165
67,0,uniform,10000,3,0.45663370439504625,0.08551832438407181,0.024629449107809086,0.016032238605481308,82.72145073724666
67,1,active,10000,3,0.45663370439504625,0.08551832438407181,3.626025573633812e-05,1.2437733596184104e-05,15.800290082045892
67,1,uniform,10000,3,0.45663370439504625,0.08551832438407181,0.022958860619297534,0.01690909882401229,82.76090944708055
67,2,active,10000,3,0.45663370439504625,0.08551832438407181,8.605366317115254e-05,9.950186876947283e-05,15.800688429305369
67,2,uniform,10000,3,0.45663370439504625,0.08551832438407181,0.054486489916000046,0.043333063849105416,83.94998787320975
67,3,active,10000,3,0.45663370439504625,0.08551832438407181,0.00012274191129830938,6.218866798092052e-05,15.800981935290388
67,3,uniform,10000,3,0.45663370439504625,0.08551832438407181,0.07771634194030871,0.04110049066859037,83.84952208008657
67,4,active,10000,3,0.45663370439504625,0.08551832438407181,7.382343271335884e-05,8.084526837519668e-05,15.800590587461707
67,4,uniform,10000,3,0.45663370439504625,0.08551832438407181,0.04674269024551908,0.041324369873321685,83.85959664429947
67,5,active,10000,3,0.45663370439504625,0.08551832438407181,4.348415724981895e-05,4.9750934384736417e-05,15.800347873258
67,5,uniform,10000,3,0.45663370439504625,0.08551832438407181,0.027532809274889315,0.023625474965951705,83.06314637346783
67,6,active,10000,3,0.45663370439504625,0.08551832438407181,0.00011194992912838802,0.00010572073556756488,15.800895599433028
67,6,uniform,10000,3,0.45663370439504625,0.08551832438407181,0.07088319613329319,0.06004937780237685,84.70222200110696
67,7,active,10000,3,0.45663370439504625,0.08551832438407181,8.951630400007987e-05,7.462640157710462e-05,15.800716130432
67,7,uniform,10000,3,0.45663370439504625,0.08551832438407181,0.05667892586411414,0.038090559138313815,83.71407516122412
67,8,active,10000,3,0.45663370439504625,0.08551832438407181,7.034791457612849e-05,8.084526837519668e-05,15.80056278331661
67,8,uniform,10000,3,0.45663370439504625,0.08551832438407181,0.0445421007881912,0.03916020422758565,83.76220919024135
67,9,active,10000,3,0.45663370439504625,0.08551832438407181,0.00013308175870028853,9.950186876947283e-05,15.801064654069602
67,9,uniform,10000,3,0.45663370439504625,0.08551832438407181,0.08426321014368274,0.06291627539629728,84.83123239283337
67,10,active,10000,3,0.45663370439504625,0.08551832438407181,9.716107667548379e-05,6.840753477901257e-05,15.800777288613405
67,10,uniform,10000,3,0.45663370439504625,0.08551832438407181,0.061519356985134964,0.04310296577757601,83.93963345999092
67,11,active,10000,3,0.45663370439504625,0.08551832438407181,0.00013443213617626848,0.00011815846916374898,15.80107545708941
67,11,uniform,10000,3,0.45663370439504625,0.08551832438407181,0.08511822695547237,0.06831425177704119,85.07414132996685
67,12,active,10000,3,0.45663370439504625,0.08551832438407181,0.00011312084087745922,0.00013059620275993308,15.800904966727021
67,12,uniform,10000,3,0.45663370439504625,0.08551832438407181,0.07162458085603096,0.05690263120254227,84.56061840411441
67,13,active,10000,3,0.45663370439504625,0.08551832438407181,0.0001032616837574607,0.00010572073556756488,15.80082609347006
67,13,uniform,10000,3,0.45663370439504625,0.08551832438407181,0.06538207071523527,0.06057176261341658,84.72572931760375
67,14,active,10000,3,0.45663370439504625,0.08551832438407181,9.126649823682637e-05,0.00011193960236565693,15.800730131985896
67,14,uniform,10000,3,0.45663370439504625,0.08551832438407181,0.057787094152620684,0.06213269817973769,84.7959714180882
67,15,active,10000,3,0.45663370439504625,0.08551832438407181,8.195264566690508e-05,6.840753477901257e-05,15.800655621165337
67,15,uniform,10000,3,0.45663370439504625,0.08551832438407181,0.051889853809450145,0.02575854627769728,83.15913458249638
67,16,active,10000,3,0.45663370439504625,0.08551832438407181,0.00010303808264514047,9.328300197138078e-05,15.800824304661163
67,16,uniform,10000,3,0.45663370439504625,0.08551832438407181,0.06524049347951762,0.06121230589362006,84.7545537652129
67,17,active,10000,3,0.45663370439504625,0.08551832438407181,0.00010566412967553951,5.596980118282847e-05,15.800845313037405
67,17,uniform,10000,3,0.45663370439504625,0.08551832438407181,0.06690322438214945,0.02537297653621557,83.1417839441297
67,18,active,10000,3,0.45663370439504625,0.08551832438407181,0.0001914781029013768,0.00010572073556756488,15.801531824823211
67,18,uniform,10000,3,0.45663370439504625,0.08551832438407181,0.12123795011625627,0.08047213636731115,85.621246136529
67,19,active,10000,3,0.45663370439504625,0.08551832438407181,0.00014397269071404414,8.706413517328872e-05,15.801151781525713
67,19,uniform,10000,3,0.45663370439504625,0.08551832438407181,0.0911590078991309,0.06217001138052624,84.79765051212368
67,20,active,10000,3,0.45663370439504625,0.08551832438407181,0.00013050292610745223,0.00013059620275993308,15.80104402340886
67,20,uniform,10000,3,0.45663370439504625,0.08551832438407181,0.08263037394726261,0.05572104651090478,84.50744709299072
67,21,active,10000,3,0.45663370439504625,0.08551832438407181,0.0001343046370773501,0.00013681506955802515,15.80107443709662
67,21,uniform,10000,3,0.45663370439504625,0.08551832438407181,0.08503749851104114,0.08538504113780387,85.84232685120118
67,22,active,10000,3,0.45663370439504625,0.08551832438407181,7.605139480339543e-05,6.840753477901257e-05,15.800608411158429
67,22,uniform,10000,3,0.45663370439504625,0.08551832438407181,0.048153366206054225,0.03394879385078451,83.5276957232853
67,23,active,10000,3,0.45663370439504625,0.08551832438407181,0.00012762346529288787,0.00014925280315420924,15.801020987722344
67,23,uniform,10000,3,0.45663370439504625,0.08551832438407181,0.08080718935685585,0.06687147467988383,85.00921636059478
67,24,active,10000,3,0.45663370439504625,0.08551832438407181,5.059734650320318e-05,4.353206758664436e-05,15.800404778772027
67,24,uniform,10000,3,0.45663370439504625,0.08551832438407181,0.03203665838768559,0.021647875324158433,82.97415438958713
67,25,active,10000,3,0.45663370439504625,0.08551832438407181,0.00011925256813278065,9.328300197138078e-05,15.800954020545063
67,25,uniform,10000,3,0.45663370439504625,0.08551832438407181,0.07550699890716,0.0711189607029807,85.20035323163412
67,26,active,10000,3,0.45663370439504625,0.08551832438407181,8.176299643981866e-05,9.950186876947283e-05,15.80065410397152
67,26,uniform,10000,3,0.45663370439504625,0.08551832438407181,0.05176977384633826,0.048270844086790506,84.17218798390557
67,27,active,10000,3,0.45663370439504625,0.08551832438407181,0.00014660451782856632,0.00011193960236565693,15.80117283614263
67,27,uniform,10000,3,0.45663370439504625,0.08551832438407181,0.09282539857039004,0.09289743222989907,86.18038445034546
67,28,active,10000,3,0.45663370439504625,0.08551832438407181,7.712778245951013e-05,7.462640157710462e-05,15.800617022259678
67,28,uniform,10000,3,0.45663370439504625,0.08551832438407181,0.0488349012274429,0.03568385768745219,83.60577359593535
67,29,active,10000,3,0.45663370439504625,0.08551832438407181,6.748563378598197e-05,6.840753477901257e-05,15.800539885070288
67,29,uniform,10000,3,0.45663370439504625,0.08551832438407181,0.04272979405236531,0.03904826462521999,83.7571719081349
68,0,active,10000,2,0.481481851999087,0.13874204953704172,0.0001479339711202149,8.706413517328872e-05,12.20118347176896
68,0,uniform,10000,2,0.481481851999087,0.13874204953704172,0.09366716684263125,0.040969894465830436,65.84364525096237
68,1,active,10000,2,0.481481851999087,0.13874204953704172,6.221263115500919e-05,2.4875467192368208e-05,12.200497701049239
68,1,uniform,10000,2,0.481481851999087,0.13874204953704172,0.03939109359392219,0.024775965323598735,65.11491843956195
68,2,active,10000,2,0.481481851999087,0.13874204953704172,0.0001006151192308874,3.109433399046026e-05,12.200804920953846
68,2,uniform,10000,2,0.481481851999087,0.13874204953704172,0.06370634877527583,0.028992357012705146,65.30465606557173
68,3,active,10000,2,0.481481851999087,0.13874204953704172,0.00011475451124215441,8.084526837519668e-05,12.200918036089936
68,3,uniform,10000,2,0.481481851999087,0.13874204953704172,0.0726589698706487,0.031231149060018285,65.40540170770082
68,4,active,10000,2,0.481481851999087,0.13874204953704172,6.157368784377726e-05,3.109433399046026e-05,12.20049258950275
68,4,uniform,10000,2,0.481481851999087,0.13874204953704172,0.03898653465939611,0.023625474965951705,65.06314637346783
68,5,active,10000,2,0.481481851999087,0.13874204953704172,6.0566249541371686e-05,1.2437733596184104e-05,12.20048452999633
68,5,uniform,10000,2,0.481481851999087,0.13874204953704172,0.03834865621378156,0.019147890871325426,64.86165508920965
68,6,active,10000,2,0.481481851999087,0.13874204953704172,0.00015686814677401406,0.0001430339363561172,12.201254945174192
68,6,uniform,10000,2,0.481481851999087,0.13874204953704172,0.09932400762928595,0.059850374064837904,66.6932668329177
68,7,active,10000,2,0.481481851999087,0.13874204953704172,3.5963095799618205e-05,6.218866798092052e-06,12.200287704766396
68,7,uniform,10000,2,0.481481851999087,0.13874204953704172,0.022770708235140075,0.007792240098009341,64.35065080441042
68,8,active,10000,2,0.481481851999087,0.13874204953704172,8.392787519129197e-05,1.8656600394276155e-05,12.20067142300153
68,8,uniform,10000,2,0.481481851999087,0.13874204953704172,0.05314050740855883,0.022742395880622632,65.02340781462802
68,9,active,10000,2,0.481481851999087,0.13874204953704172,5.439425286210553e-05,1.8656600394276155e-05,12.200435154022896
68,9,uniform,10000,2,0.481481851999087,0.13874204953704172,0.03444074082200069,0.01657949888371341,64.7460774497671
68,10,active,10000,2,0.481481851999087,0.13874204953704172,4.6194513404915205e-05,0.0,12.200369556107239
68,10,uniform,10000,2,0.481481851999087,0.13874204953704172,0.029248922080254133,0.01394269936132238,64.62742147125951
68,11,active,10000,2,0.481481851999087,0.13874204953704172,0.00010680976050798929,4.9750934384736417e-05,12.200854478084063
68,11,uniform,10000,2,0.481481851999087,0.13874204953704172,0.06762860201862063,0.03655449903918508,65.64495245676333
68,12,active,10000,2,0.481481851999087,0.13874204953704172,3.374737683195517e-05,6.218866798092052e-06,12.200269979014655
68,12,uniform,10000,2,0.481481851999087,0.13874204953704172,0.021367784237008997,0.010889235763459182,64.49001560935567
68,13,active,10000,2,0.481481851999087,0.13874204953704172,8.60100092427013e-05,3.731320078855231e-05,12.200688080073942
68,13,uniform,10000,2,0.481481851999087,0.13874204953704172,0.05445884961293203,0.03157318673391334,65.4207934030261
68,14,active,10000,2,0.481481851999087,0.13874204953704172,0.00012007262573404676,4.9750934384736417e-05,12.200960581005871
68,14,uniform,10000,2,0.481481851999087,0.13874204953704172,0.07602623374945677,0.03580201615661594,65.61109072704772
68,15,active,10000,2,0.481481851999087,0.13874204953704172,4.634197736591572e-05,1.2437733596184104e-05,12.200370735818927
68,15,uniform,10000,2,0.481481851999087,0.13874204953704172,0.02934229165138426,0.011797190315980623,64.53087356421912
68,16,active,10000,2,0.481481851999087,0.13874204953704172,3.6694387832866826e-05,6.218866798092052e-06,12.200293555102663
68,16,uniform,10000,2,0.481481851999087,0.13874204953704172,0.023233739494103067,0.008283530575058613,64.37275887587764
68,17,active,10000,2,0.481481851999087,0.13874204953704172,2.675603584616215e-05,0.0,12.20021404828677
68,17,uniform,10000,2,0.481481851999087,0.13874204953704172,0.01694108563892198,0.007674081628845592,64.34533367329806
68,18,active,10000,2,0.481481851999087,0.13874204953704172,0.0001057698496284426,7.462640157710462e-05,12.200846158797027
68,18,uniform,10000,2,0.481481851999087,0.13874204953704172,0.06697016295210062,0.03233188848328058,65.45493498174763
68,19,active,10000,2,0.481481851999087,0.13874204953704172,0.00011943908172373785,3.731320078855231e-05,12.200955512653788
68,19,uniform,10000,2,0.481481851999087,0.13874204953704172,0.07562509348350362,0.02791649305663522,65.25624218754858
68,20,active,10000,2,0.481481851999087,0.13874204953704172,0.00011617721382931046,2.4875467192368208e-05,12.200929417710634
68,20,uniform,10000,2,0.481481851999087,0.13874204953704172,0.07355978068231864,0.027549579915547788,65.23973109619965
68,21,active,10000,2,0.481481851999087,0.13874204953704172,3.7903921840040655e-05,0.0,12.20030323137472
68,21,uniform,10000,2,0.481481851999087,0.13874204953704172,0.02399957862344601,0.00988177934216827,64.44468007039757
68,22,active,10000,2,0.481481851999087,0.13874204953704172,0.00013842762147603382,0.00011815846916374898,12.201107420971807
68,22,uniform,10000,2,0.481481851999087,0.13874204953704172,0.08764804336853617,0.0571949179420526,66.57377130739236
68,23,active,10000,2,0.481481851999087,0.13874204953704172,7.709382883949734e-05,3.109433399046026e-05,12.200616750630715
68,23,uniform,10000,2,0.481481851999087,0.13874204953704172,0.04881340285647588,0.02443392764970367,65.09952674423667
68,24,active,10000,2,0.481481851999087,0.13874204953704172,3.7504525194881344e-05,0.0,12.200300036201558
68,24,uniform,10000,2,0.481481851999087,0.13874204953704172,0.023746693150905718,0.008544722980578479,64.38451253412603
68,25,active,10000,2,0.481481851999087,0.13874204953704172,5.4211542642165766e-05,1.8656600394276155e-05,12.200433692341136
68,25,uniform,10000,2,0.481481851999087,0.13874204953704172,0.03432505442128385,0.02149240365420613,64.96715816443927
68,26,active,10000,2,0.481481851999087,0.13874204953704172,0.0001375094012464051,6.218866798092052e-05,12.20110007520997
68,26,uniform,10000,2,0.481481851999087,0.13874204953704172,0.08706665501808453,0.041336807606917866,65.8601563423113
68,27,active,10000,2,0.481481851999087,0.13874204953704172,3.830767888894637e-05,6.218866798092052e-06,12.200306461431111
68,27,uniform,10000,2,0.481481851999087,0.13874204953704172,0.02425522496741922,0.006878066678689809,64.30951300054105
68,28,active,10000,2,0.481481851999087,0.13874204953704172,4.2577750848052376e-05,1.2437733596184104e-05,12.200340622006784
68,28,uniform,10000,2,0.481481851999087,0.13874204953704172,0.026958901070994773,0.013924042760928103,64.62658192424176
68,29,active,10000,2,0.481481851999087,0.13874204953704172,4.150381720202656e-05,1.2437733596184104e-05,12.200332030537616
68,29,uniform,10000,2,0.481481851999087,0.13874204953704172,0.026278919852080335,0.01618771027543361,64.72844696239451
69,0,active,10000,3,0.5222807949255504,0.09272628297107724,9.132715239614647e-05,0.0001430339363561172,15.80073061721917
69,0,uniform,10000,3,0.5222807949255504,0.09272628297107724,0.057825498470538576,0.05517378623267268,84.48282038047027
69,1,active,10000,3,0.5222807949255504,0.09272628297107724,5.4204186603241944e-05,6.840753477901257e-05,15.800433633492826
69,1,uniform,10000,3,0.5222807949255504,0.09272628297107724,0.034320396807405465,0.027897836456240943,83.25540264053085
69,2,active,10000,3,0.5222807949255504,0.09272628297107724,0.00012783914828788656,0.00011815846916374898,15.801022713186304
69,2,uniform,10000,3,0.5222807949255504,0.09272628297107724,0.08094375308814646,0.04812159128363629,84.16547160776364
69,3,active,10000,3,0.5222807949255504,0.09272628297107724,0.00013894222270247752,0.00011193960236565693,15.80111153778162
69,3,uniform,10000,3,0.5222807949255504,0.09272628297107724,0.08797387278128202,0.06970105907301571,85.1365476582857
69,4,active,10000,3,0.5222807949255504,0.09272628297107724,0.00012784561063719502,0.00011815846916374898,15.801022764885099
69,4,uniform,10000,3,0.5222807949255504,0.09272628297107724,0.08094784484574177,0.04898601376857109,84.2043706195857
69,5,active,10000,3,0.5222807949255504,0.09272628297107724,7.418466958427489e-05,9.328300197138078e-05,15.800593477356674
69,5,uniform,10000,3,0.5222807949255504,0.09272628297107724,0.04697141414173501,0.035453759615922786,83.59541918271653
69,6,active,10000,3,0.5222807949255504,0.09272628297107724,0.00019773965815127886,7.462640157710462e-05,15.80158191726521
69,6,uniform,10000,3,0.5222807949255504,0.09272628297107724,0.12520257119589448,0.05767998955230378,84.59559952985367
69,7,active,10000,3,0.5222807949255504,0.09272628297107724,6.630579379143797e-05,0.00011193960236565693,15.800530446350333
69,7,uniform,10000,3,0.5222807949255504,0.09272628297107724,0.041982756243654565,0.038264687408660396,83.72191093338972
69,8,active,10000,3,0.5222807949255504,0.09272628297107724,9.696238235813726e-05,0.00011193960236565693,15.800775699058866
69,8,uniform,10000,3,0.5222807949255504,0.09272628297107724,0.06139354995359875,0.04315271671196075,83.94187225203824
69,9,active,10000,3,0.5222807949255504,0.09272628297107724,7.324727811360704e-05,5.596980118282847e-05,15.800585978224909
69,9,uniform,10000,3,0.5222807949255504,0.09272628297107724,0.04637788716060964,0.038196279873881384,83.71883259432467
69,10,active,10000,3,0.5222807949255504,0.09272628297107724,0.00017416176303092223,9.950186876947283e-05,15.801393294104248
69,10,uniform,10000,3,0.5222807949255504,0.09272628297107724,0.11027378493187376,0.05937774018818291,84.67199830846823
69,11,active,10000,3,0.5222807949255504,0.09272628297107724,0.0001714780496307744,0.00011193960236565693,15.801371824397046
69,11,uniform,10000,3,0.5222807949255504,0.09272628297107724,0.1085745414862464,0.05978196653005889,84.69018849385265
69,12,active,10000,3,0.5222807949255504,0.09272628297107724,8.993590384526184e-05,8.706413517328872e-05,15.800719487230763
69,12,uniform,10000,3,0.5222807949255504,0.09272628297107724,0.05694460337152511,0.03134930752918203,83.4107188388132
69,13,active,10000,3,0.5222807949255504,0.09272628297107724,3.6540931397800736e-05,2.4875467192368208e-05,15.800292327451183
69,13,uniform,10000,3,0.5222807949255504,0.09272628297107724,0.023136575675670318,0.012294699659827987,82.55326148469226
69,14,active,10000,3,0.5222807949255504,0.09272628297107724,0.00010712244356214651,0.0001430339363561172,15.800856979548499
69,14,uniform,10000,3,0.5222807949255504,0.09272628297107724,0.06782658315564583,0.07024831935124781,85.16117437080615
69,15,active,10000,3,0.5222807949255504,0.09272628297107724,9.69600849071231e-05,0.00010572073556756488,15.800775680679259
69,15,uniform,10000,3,0.5222807949255504,0.09272628297107724,0.06139209527938493,0.047300700866288146,84.12853153898297
69,16,active,10000,3,0.5222807949255504,0.09272628297107724,9.036414223900086e-05,0.00010572073556756488,15.800722913137912
69,16,uniform,10000,3,0.5222807949255504,0.09272628297107724,0.05721575053785501,0.041821879217169046,83.88198456477261
69,17,active,10000,3,0.5222807949255504,0.09272628297107724,7.620197606453966e-05,0.00010572073556756488,15.800609615808517
69,17,uniform,10000,3,0.5222807949255504,0.09272628297107724,0.04824870955414206,0.043961169395712714,83.97825262280708
69,18,active,10000,3,0.5222807949255504,0.09272628297107724,9.048472217305925e-05,0.00013059620275993308,15.800723877777385
69,18,uniform,10000,3,0.5222807949255504,0.09272628297107724,0.057292097983402984,0.050291975796170424,84.26313891082766
69,19,active,10000,3,0.5222807949255504,0.09272628297107724,0.00011077224235084976,0.00011815846916374898,15.800886177938807
69,19,uniform,10000,3,0.5222807949255504,0.09272628297107724,0.07013752167427462,0.06368119601246261,84.86565382056082
69,20,active,10000,3,0.5222807949255504,0.09272628297107724,7.870422307053315e-05,9.328300197138078e-05,15.800629633784565
69,20,uniform,10000,3,0.5222807949255504,0.09272628297107724,0.04983305415070197,0.0341104843875349,83.53497179743907
69,21,active,10000,3,0.5222807949255504,0.09272628297107724,7.96562030976819e-05,8.706413517328872e-05,15.800637249624781
69,21,uniform,10000,3,0.5222807949255504,0.09272628297107724,0.05043581814984801,0.03828334400905467,83.72275048040746
69,22,active,10000,3,0.5222807949255504,0.09272628297107724,6.33806278751009e-05,3.731320078855231e-05,15.800507045023002
69,22,uniform,10000,3,0.5222807949255504,0.09272628297107724,0.040130632611417125,0.01758073643820623,82.79113313971928
69,23,active,10000,3,0.5222807949255504,0.09272628297107724,7.43134668560741e-05,8.084526837519668e-05,15.80059450773485
69,23,uniform,10000,3,0.5222807949255504,0.09272628297107724,0.04705296454865188,0.03621868023208811,83.62984061044396
69,24,active,10000,3,0.5222807949255504,0.09272628297107724,9.093799298018346e-05,8.706413517328872e-05,15.800727503943842
69,24,uniform,10000,3,0.5222807949255504,0.09272628297107724,0.05757909489152734,0.03753086112648553,83.68888875069185
69,25,active,10000,3,0.5222807949255504,0.09272628297107724,4.3327140936577635e-05,3.731320078855231e-05,15.800346617127493
69,25,uniform,10000,3,0.5222807949255504,0.09272628297107724,0.027433391452945093,0.012593205266136404,82.56669423697613
69,26,active,10000,3,0.5222807949255504,0.09272628297107724,0.00010244832463172232,9.328300197138078e-05,15.800819586597054
69,26,uniform,10000,3,0.5222807949255504,0.09272628297107724,0.06486707713830386,0.05288524325097481,84.37983594629387
69,27,active,10000,3,0.5222807949255504,0.09272628297107724,9.813800425566288e-05,0.00015547166995230128,15.800785104034047
69,27,uniform,10000,3,0.5222807949255504,0.09272628297107724,0.062137916995060605,0.0538305110042848,84.42237299519282
69,28,active,10000,3,0.5222807949255504,0.09272628297107724,3.917072603878968e-05,3.109433399046026e-05,15.80031336580831
69,28,uniform,10000,3,0.5222807949255504,0.09272628297107724,0.024801679448149844,0.014968812383007568,82.67359655723534
69,29,active,10000,3,0.5222807949255504,0.09272628297107724,0.00011097462271510844,0.00011815846916374898,15.800887796981721
69,29,uniform,10000,3,0.5222807949255504,0.09272628297107724,0.07026566259560611,0.05505562776350893,84.47750324935791
70,0,active,10000,4,0.7018837532144293,0.03702415635177668,0.0001254813695352186,9.950186876947283e-05,19.40100385095628
70,0,uniform,10000,4,0.7018837532144293,0.03702415635177668,0.07945088127425776,0.07112517956977879,103.20063308064005
70,1,active,10000,4,0.7018837532144293,0.03702415635177668,5.3301008756244384e-05,4.353206758664436e-05,19.40042640807005
70,1,uniform,10000,4,0.7018837532144293,0.03702415635177668,0.03374853282347172,0.02207075826642869,100.99318412198929
70,2,active,10000,4,0.7018837532144293,0.03702415635177668,0.00015888780991991924,6.840753477901257e-05,19.40127110247936
70,2,uniform,10000,4,0.7018837532144293,0.03702415635177668,0.10060279520881191,0.05622477472155024,102.53011486246976
70,3,active,10000,4,0.7018837532144293,0.03702415635177668,0.00015695124234514288,0.0001679094035484854,19.401255609938758
70,3,uniform,10000,4,0.7018837532144293,0.03702415635177668,0.0993766211478175,0.10442721127356173,104.69922450731028
70,4,active,10000,4,0.7018837532144293,0.03702415635177668,0.000148315045968999,0.00011193960236565693,19.40118652036775
70,4,uniform,10000,4,0.7018837532144293,0.03702415635177668,0.09390845152642147,0.07356297535463088,103.31033389095839
70,5,active,10000,4,0.7018837532144293,0.03702415635177668,7.693919267296595e-05,5.596980118282847e-05,19.400615513541382
70,5,uniform,10000,4,0.7018837532144293,0.03702415635177668,0.04871549206897689,0.03389282404960168,101.52517708223208
70,6,active,10000,4,0.7018837532144293,0.03702415635177668,0.00012417910331496626,0.00013059620275993308,19.400993432826517
70,6,uniform,10000,4,0.7018837532144293,0.03702415635177668,0.07862632700591017,0.07897338946897096,103.5538025261037
70,7,active,10000,4,0.7018837532144293,0.03702415635177668,7.179642230192504e-05,6.218866798092052e-05,19.400574371378415
70,7,uniform,10000,4,0.7018837532144293,0.03702415635177668,0.04545925060711749,0.02891773061112804,101.30129787750076
70,8,active,10000,4,0.7018837532144293,0.03702415635177668,6.320335072933225e-05,0.00011193960236565693,19.400505626805835
70,8,uniform,10000,4,0.7018837532144293,0.03702415635177668,0.040018386263482024,0.0498379985199097,102.24270993339594
70,9,active,10000,4,0.7018837532144293,0.03702415635177668,0.00022074560244482802,0.00011815846916374898,19.401765964819557
70,9,uniform,10000,4,0.7018837532144293,0.03702415635177668,0.13976921607257684,0.08701438423890398,103.91564729075068
70,10,active,10000,4,0.7018837532144293,0.03702415635177668,0.00012067532293571007,0.00013059620275993308,19.400965402583484
70,10,uniform,10000,4,0.7018837532144293,0.03702415635177668,0.07640784278024634,0.07514256752134627,103.38141553846059
70,11,active,10000,4,0.7018837532144293,0.03702415635177668,6.627152772788886e-05,3.731320078855231e-05,19.40053017222182
70,11,uniform,10000,4,0.7018837532144293,0.03702415635177668,0.04196106004322736,0.0392783626967494,101.76752632135373
70,12,active,10000,4,0.7018837532144293,0.03702415635177668,0.00011357255440990616,4.9750934384736417e-05,19.400908580435278
70,12,uniform,10000,4,0.7018837532144293,0.03702415635177668,0.07191059174648189,0.05158550009017357,102.32134750405781
70,13,active,10000,4,0.7018837532144293,0.03702415635177668,0.00015902387780667923,0.00016169053675039335,19.401272191022453
70,13,uniform,10000,4,0.7018837532144293,0.03702415635177668,0.10068894914190993,0.08884894994434114,103.99820274749536
70,14,active,10000,4,0.7018837532144293,0.03702415635177668,0.00021718773363284954,0.00013059620275993308,19.40173750186906
70,14,uniform,10000,4,0.7018837532144293,0.03702415635177668,0.13751648474192837,0.09953918197026138,104.47926318866176
70,15,active,10000,4,0.7018837532144293,0.03702415635177668,0.00016359258631673881,0.00015547166995230128,19.40130874069053
70,15,uniform,10000,4,0.7018837532144293,0.03702415635177668,0.10358171257567085,0.09385513771680525,104.22348119725623
70,16,active,10000,4,0.7018837532144293,0.03702415635177668,0.00012515064688066804,9.950186876947283e-05,19.401001205175042
70,16,uniform,10000,4,0.7018837532144293,0.03702415635177668,0.07924147802610106,0.06953314966946723,103.12899173512602
70,17,active,10000,4,0.7018837532144293,0.03702415635177668,0.00010890126325973845,6.840753477901257e-05,19.400871210106075
70,17,uniform,10000,4,0.7018837532144293,0.03702415635177668,0.06895287619120886,0.04210172822308319,101.89457777003874
70,18,active,10000,4,0.7018837532144293,0.03702415635177668,0.00015278872704172636,0.0001679094035484854,19.401222309816333
70,18,uniform,10000,4,0.7018837532144293,0.03702415635177668,0.09674104655692728,0.09421583199109458,104.23971243959926
70,19,active,10000,4,0.7018837532144293,0.03702415635177668,0.0001390471850525772,0.00015547166995230128,19.40111237748042
70,19,uniform,10000,4,0.7018837532144293,0.03702415635177668,0.08804033166080197,0.1029657775760101,104.63345999092046
70,20,active,10000,4,0.7018837532144293,0.03702415635177668,6.893189650862552e-05,9.328300197138078e-05,19.400551455172067
70,20,uniform,10000,4,0.7018837532144293,0.03702415635177668,0.04364552240543247,0.046063146373467825,102.07284158680605
70,21,active,10000,4,0.7018837532144293,0.03702415635177668,7.910166923121714e-05,8.084526837519668e-05,19.400632813353848
70,21,uniform,10000,4,0.7018837532144293,0.03702415635177668,0.05008470463752789,0.038905230688863875,101.75073538099888
70,22,active,10000,4,0.7018837532144293,0.03702415635177668,4.7210938782935724e-05,4.9750934384736417e-05,19.40037768751026
70,22,uniform,10000,4,0.7018837532144293,0.03702415635177668,0.029892490861269723,0.020683950970454165,100.93077779367044
70,23,active,10000,4,0.7018837532144293,0.03702415635177668,5.240392254431819e-05,7.462640157710462e-05,19.400419231380354
70,23,uniform,10000,4,0.7018837532144293,0.03702415635177668,0.0331805258724608,0.0406838265931182,101.83077219669032
70,24,active,10000,4,0.7018837532144293,0.03702415635177668,6.133690315748841e-05,3.731320078855231e-05,19.40049069522526
70,24,uniform,10000,4,0.7018837532144293,0.03702415635177668,0.03883660999672964,0.03188413007381795,101.43478585332181
70,25,active,10000,4,0.7018837532144293,0.03702415635177668,0.00016284772324712954,8.706413517328872e-05,19.401302781785976
70,25,uniform,10000,4,0.7018837532144293,0.03702415635177668,0.10311008856062762,0.08554673167455426,103.84960292535494
70,26,active,10000,4,0.7018837532144293,0.03702415635177668,6.492863563495668e-05,6.840753477901257e-05,19.40051942908508
70,26,uniform,10000,4,0.7018837532144293,0.03702415635177668,0.04111078274199015,0.04024850591725176,101.81118276627633
70,27,active,10000,4,0.7018837532144293,0.03702415635177668,5.82425544515576e-05,4.353206758664436e-05,19.400465940435613
70,27,uniform,10000,4,0.7018837532144293,0.03702415635177668,0.03687736510988905,0.02676600269898819,101.20447012145446
70,28,active,10000,4,0.7018837532144293,0.03702415635177668,9.009021762348274e-05,9.328300197138078e-05,19.400720721740985
70,28,uniform,10000,4,0.7018837532144293,0.03702415635177668,0.05704231003283375,0.05315887339009086,102.39214930255409
70,29,active,10000,4,0.7018837532144293,0.03702415635177668,0.00010553006715853866,5.596980118282847e-05,19.400844240537268
70,29,uniform,10000,4,0.7018837532144293,0.03702415635177668,0.06681834018652089,0.052456141441906454,102.36052636488579
71,0,active,10000,4,0.5969723156615133,0.0885467598563511,8.476098756928646e-05,9.950186876947283e-05,19.400678087900552
71,0,uniform,10000,4,0.5969723156615133,0.0885467598563511,0.05366800812740947,0.04707060279475874,102.11817712576415
71,1,active,10000,4,0.5969723156615133,0.0885467598563511,9.03746044947154e-05,0.00011193960236565693,19.400722996835956
71,1,uniform,10000,4,0.5969723156615133,0.0885467598563511,0.05722237491122206,0.05932177038700008,102.669479667415
71,2,active,10000,4,0.5969723156615133,0.0885467598563511,0.0001277781282203877,0.00011193960236565693,19.401022225025763
71,2,uniform,10000,4,0.5969723156615133,0.0885467598563511,0.0809051170885817,0.05313399792289849,102.39102990653043
71,3,active,10000,4,0.5969723156615133,0.0885467598563511,0.00013871557356389536,0.00011815846916374898,19.40110972458851
71,3,uniform,10000,4,0.5969723156615133,0.0885467598563511,0.08783036563066561,0.06818365557428126,103.06826450084266
71,4,active,10000,4,0.5969723156615133,0.0885467598563511,8.948975683091553e-05,3.731320078855231e-05,19.400715918054647
71,4,uniform,10000,4,0.5969723156615133,0.0885467598563511,0.05666211702639282,0.032561986554809984,101.46528939496645
71,5,active,10000,4,0.5969723156615133,0.0885467598563511,0.00014309512920567674,0.00011193960236565693,19.401144761033645
71,5,uniform,10000,4,0.5969723156615133,0.0885467598563511,0.09060336338014538,0.061915037841804466,102.7861767028812
71,6,active,10000,4,0.5969723156615133,0.0885467598563511,0.0001247835654156343,0.0001679094035484854,19.400998268523324
71,6,uniform,10000,4,0.5969723156615133,0.0885467598563511,0.07900905351558536,0.0790977668049328,103.55939950622198
71,7,active,10000,4,0.5969723156615133,0.0885467598563511,8.539834392458368e-05,9.328300197138078e-05,19.400683186751394
71,7,uniform,10000,4,0.5969723156615133,0.0885467598563511,0.05407156225102788,0.05120614921548995,102.30427671469705
71,8,active,10000,4,0.5969723156615133,0.0885467598563511,0.0001330138155512875,9.328300197138078e-05,19.40106411052441
71,8,uniform,10000,4,0.5969723156615133,0.0885467598563511,0.08422019066528666,0.064788154302523,102.91546694361354
71,9,active,10000,4,0.5969723156615133,0.0885467598563511,0.00011267328951309469,9.328300197138078e-05,19.400901386316104
71,9,uniform,10000,4,0.5969723156615133,0.0885467598563511,0.07134120532031066,0.05700835193810984,102.56537583721494
71,10,active,10000,4,0.5969723156615133,0.0885467598563511,0.00014115918876814182,0.00014925280315420924,19.401129273510143
71,10,uniform,10000,4,0.5969723156615133,0.0885467598563511,0.08937758640288504,0.08754298791674181,103.93943445625338
71,11,active,10000,4,0.5969723156615133,0.0885467598563511,0.00012678043528745186,9.950186876947283e-05,19.401014243482297
71,11,uniform,10000,4,0.5969723156615133,0.0885467598563511,0.08027340910628424,0.07289133774043693,103.28011019831966
71,12,active,10000,4,0.5969723156615133,0.0885467598563511,8.530422172654817e-05,0.00013059620275993308,19.40068243377381
71,12,uniform,10000,4,0.5969723156615133,0.0885467598563511,0.05401196701703919,0.07407914129887253,103.33356135844926
71,13,active,10000,4,0.5969723156615133,0.0885467598563511,6.17303895735638e-05,4.353206758664436e-05,19.400493843116585
71,13,uniform,10000,4,0.5969723156615133,0.0885467598563511,0.039085753296968666,0.03711419705101336,101.6701388672956
71,14,active,10000,4,0.5969723156615133,0.0885467598563511,6.73082043350301e-05,6.840753477901257e-05,19.40053846563468
71,14,uniform,10000,4,0.5969723156615133,0.0885467598563511,0.04261745126952935,0.040124128581289914,101.80558578615805
71,15,active,10000,4,0.5969723156615133,0.0885467598563511,0.00013197738332269837,0.00017412827034657744,19.40105581906658
71,15,uniform,10000,4,0.5969723156615133,0.0885467598563511,0.08356395417184254,0.08036019676494549,103.61620885442255
71,16,active,10000,4,0.5969723156615133,0.0885467598563511,0.00019712827899800306,0.0001430339363561172,19.401577026231983
71,16,uniform,10000,4,0.5969723156615133,0.0885467598563511,0.12481546502463517,0.13095689703422242,105.89306036654001
71,17,active,10000,4,0.5969723156615133,0.0885467598563511,0.0001108155251637738,0.00011815846916374898,19.400886524201308
71,17,uniform,10000,4,0.5969723156615133,0.0885467598563511,0.07016492699863512,0.05863769503920996,102.63869627676445
71,18,active,10000,4,0.5969723156615133,0.0885467598563511,0.00010315351489664781,4.353206758664436e-05,19.40082522811917
71,18,uniform,10000,4,0.5969723156615133,0.0885467598563511,0.0653135815734035,0.04727582539909578,102.12741214295932
71,19,active,10000,4,0.5969723156615133,0.0885467598563511,0.00021823227401340795,9.950186876947283e-05,19.401745858192108
71,19,uniform,10000,4,0.5969723156615133,0.0885467598563511,0.13817785506382435,0.0724497981977724,103.26024091889975
71,20,active,10000,4,0.5969723156615133,0.0885467598563511,0.00010378212654585384,0.00011815846916374898,19.400830257012366
71,20,uniform,10000,4,0.5969723156615133,0.0885467598563511,0.06571159882241939,0.05999340800119402,102.69970336005373
71,21,active,10000,4,0.5969723156615133,0.0885467598563511,7.733259690917427e-05,0.00011193960236565693,19.400618660775272
71,21,uniform,10000,4,0.5969723156615133,0.0885467598563511,0.04896458333551147,0.044750965479070405,102.01379344655817
71,22,active,10000,4,0.5969723156615133,0.0885467598563511,0.00014039222052671108,0.00017412827034657744,19.401123137764213
71,22,uniform,10000,4,0.5969723156615133,0.0885467598563511,0.08889196608399888,0.09012381763795001,104.05557179370776
71,23,active,10000,4,0.5969723156615133,0.0885467598563511,7.188126308047688e-05,8.706413517328872e-05,19.400575050104642
71,23,uniform,10000,4,0.5969723156615133,0.0885467598563511,0.045512969136382,0.03883682315408486,101.74765704193382
71,24,active,10000,4,0.5969723156615133,0.0885467598563511,0.00011103735983169355,9.950186876947283e-05,19.40088829887865
71,24,uniform,10000,4,0.5969723156615133,0.0885467598563511,0.07030538577696016,0.0894273045565637,104.02422870504536
71,25,active,10000,4,0.5969723156615133,0.0885467598563511,0.00012912180817343383,0.00014925280315420924,19.401032974465387
71,25,uniform,10000,4,0.5969723156615133,0.0885467598563511,0.08175589323818588,0.0761251484754448,103.42563168139502
71,26,active,10000,4,0.5969723156615133,0.0885467598563511,0.00011149567765356833,8.084526837519668e-05,19.400891965421227
71,26,uniform,10000,4,0.5969723156615133,0.0885467598563511,0.07059557829701636,0.0697943420749871,103.14074539337442
71,27,active,10000,4,0.5969723156615133,0.0885467598563511,0.0002192069181446918,0.00019900373753894567,19.401753655345157
71,27,uniform,10000,4,0.5969723156615133,0.0885467598563511,0.1387949692653006,0.11841344270247076,105.32860492161119
71,28,active,10000,4,0.5969723156615133,0.0885467598563511,9.518924963997782e-05,0.00010572073556756488,19.400761513997118
71,28,uniform,10000,4,0.5969723156615133,0.0885467598563511,0.06027085773562472,0.049844217386707794,102.24298978240185
71,29,active,10000,4,0.5969723156615133,0.0885467598563511,9.6234859910789e-05,0.00013059620275993308,19.400769878879284
71,29,uniform,10000,4,0.5969723156615133,0.0885467598563511,0.06093290547858855,0.07661643895249408,103.44773975286223
72,0,active,10000,5,0.6065782654483574,0.05354559057880179,8.707006889758367e-05,6.218866798092052e-05,23.00069656055118
72,0,uniform,10000,5,0.6065782654483574,0.05354559057880179,0.055130046254237924,0.046604187784901836,120.09718845032059
72,1,active,10000,5,0.6065782654483574,0.05354559057880179,0.00014098390327817525,8.084526837519668e-05,23.001127871226224
72,1,uniform,10000,5,0.6065782654483574,0.05354559057880179,0.08926660110915229,0.08737507851319333,121.9318785330937
72,2,active,10000,5,0.6065782654483574,0.05354559057880179,3.2767878454163096e-05,3.109433399046026e-05,23.000262143027633
72,2,uniform,10000,5,0.6065782654483574,0.05354559057880179,0.020747596478348274,0.024570742719261695,119.10568342236678
72,3,active,10000,5,0.6065782654483574,0.05354559057880179,0.00013975059137619553,0.00010572073556756488,23.00111800473101
72,3,uniform,10000,5,0.6065782654483574,0.05354559057880179,0.08848570655994366,0.07095727016623031,121.19307715748036
72,4,active,10000,5,0.6065782654483574,0.05354559057880179,6.682471556435435e-05,5.596980118282847e-05,23.000534597724513
72,4,uniform,10000,5,0.6065782654483574,0.05354559057880179,0.04231132129134667,0.046604187784901836,120.09718845032059
72,5,active,10000,5,0.6065782654483574,0.05354559057880179,7.67531492382803e-05,5.596980118282847e-05,23.000614025193908
72,5,uniform,10000,5,0.6065782654483574,0.05354559057880179,0.048597695180901554,0.045944987904304076,120.06752445569369
72,6,active,10000,5,0.6065782654483574,0.05354559057880179,0.0001316279236204601,9.950186876947283e-05,23.001053023388963
72,6,uniform,10000,5,0.6065782654483574,0.05354559057880179,0.08334268721073987,0.08021094396179128,121.6094924782806
72,7,active,10000,5,0.6065782654483574,0.05354559057880179,0.00011423973545757193,0.00011815846916374898,23.00091391788366
72,7,uniform,10000,5,0.6065782654483574,0.05354559057880179,0.07233302993311572,0.07818981225241137,121.51854155135851
72,8,active,10000,5,0.6065782654483574,0.05354559057880179,0.00013230616002465195,0.0001803471371446695,23.001058449280197
72,8,uniform,10000,5,0.6065782654483574,0.05354559057880179,0.08377212530361752,0.1166535033986107,123.24940765293748
72,9,active,10000,5,0.6065782654483574,0.05354559057880179,0.00013419095220752394,9.950186876947283e-05,23.00107352761766
72,9,uniform,10000,5,0.6065782654483574,0.05354559057880179,0.0849655168046653,0.07363138288940989,121.31341223002345
72,10,active,10000,5,0.6065782654483574,0.05354559057880179,0.0001523067904960658,0.00022387920473131387,23.00121845432397
72,10,uniform,10000,5,0.6065782654483574,0.05354559057880179,0.0964358993991434,0.1340912059004608,124.03410426552074
72,11,active,10000,5,0.6065782654483574,0.05354559057880179,0.00010780576394736618,9.950186876947283e-05,23.00086244611158
72,11,uniform,10000,5,0.6065782654483574,0.05354559057880179,0.06825924026639585,0.07207044732308879,121.243170129539
72,12,active,10000,5,0.6065782654483574,0.05354559057880179,9.6573087311147e-05,8.706413517328872e-05,23.00077258469849
72,12,uniform,10000,5,0.6065782654483574,0.05354559057880179,0.06114706049724226,0.08049079296770542,121.62208568354674
72,13,active,10000,5,0.6065782654483574,0.05354559057880179,9.19679178105863e-05,6.218866798092052e-05,23.000735743342485
72,13,uniform,10000,5,0.6065782654483574,0.05354559057880179,0.05823121110390828,0.06269239619156597,120.82115782862047
72,14,active,10000,5,0.6065782654483574,0.05354559057880179,0.0001009353419805098,3.731320078855231e-05,23.000807482735844
72,14,uniform,10000,5,0.6065782654483574,0.05354559057880179,0.06390910381174846,0.037263449854167574,119.67685524343754
72,15,active,10000,5,0.6065782654483574,0.05354559057880179,0.0002225820967988075,0.00016169053675039335,23.00178065677439
72,15,uniform,10000,5,0.6065782654483574,0.05354559057880179,0.14093202689802178,0.11870572944198109,123.34175782488914
72,16,active,10000,5,0.6065782654483574,0.05354559057880179,0.0001514938285006387,0.00017412827034657744,23.001211950628004
72,16,uniform,10000,5,0.6065782654483574,0.05354559057880179,0.09592115727268286,0.11440227361770139,123.14810231279657
72,17,active,10000,5,0.6065782654483574,0.05354559057880179,0.00020640457178769042,0.00017412827034657744,23.0016512365743
72,17,uniform,10000,5,0.6065782654483574,0.05354559057880179,0.13068892368889057,0.13039098015559605,123.86759410700182
72,18,active,10000,5,0.6065782654483574,0.05354559057880179,6.362049975777023e-05,6.218866798092052e-05,23.00050896399806
72,18,uniform,10000,5,0.6065782654483574,0.05354559057880179,0.040282511990315815,0.036579374506377445,119.64607185278699
72,19,active,10000,5,0.6065782654483574,0.05354559057880179,0.00012449079700642754,0.00011815846916374898,23.000995926376053
72,19,uniform,10000,5,0.6065782654483574,0.05354559057880179,0.078823681709328,0.08743726718117424,121.93467702315284
72,20,active,10000,5,0.6065782654483574,0.05354559057880179,0.00014626914115411713,9.328300197138078e-05,23.001170153129234
72,20,uniform,10000,5,0.6065782654483574,0.05354559057880179,0.09261304854232147,0.08422833191335875,121.79027493610114
72,21,active,10000,5,0.6065782654483574,0.05354559057880179,0.00012755001730670873,0.00016169053675039335,23.001020400138454
72,21,uniform,10000,5,0.6065782654483574,0.05354559057880179,0.08076068438767317,0.10113121187057295,122.55090453417579
72,22,active,10000,5,0.6065782654483574,0.05354559057880179,0.000188469880555691,0.0001803471371446695,23.001507759044447
72,22,uniform,10000,5,0.6065782654483574,0.05354559057880179,0.11933323774888557,0.1193960236565693,123.37282106454562
72,23,active,10000,5,0.6065782654483574,0.05354559057880179,0.00012220993192904248,4.353206758664436e-05,23.00097767945543
72,23,uniform,10000,5,0.6065782654483574,0.05354559057880179,0.07737950923066432,0.05643621619268537,120.53962972867085
72,24,active,10000,5,0.6065782654483574,0.05354559057880179,0.00015627432290902382,0.0001679094035484854,23.00125019458327
72,24,uniform,10000,5,0.6065782654483574,0.05354559057880179,0.09894801691797572,0.09390488865118998,122.22571998930354
72,25,active,10000,5,0.6065782654483574,0.05354559057880179,0.00014331397705642443,0.00011815846916374898,23.00114651181645
72,25,uniform,10000,5,0.6065782654483574,0.05354559057880179,0.09074193099919889,0.09194594560979098,122.1375675524406
72,26,active,10000,5,0.6065782654483574,0.05354559057880179,9.095692114796661e-05,8.706413517328872e-05,23.000727655369182
72,26,uniform,10000,5,0.6065782654483574,0.05354559057880179,0.05759107961574592,0.060615294681003226,120.72768826064515
72,27,active,10000,5,0.6065782654483574,0.05354559057880179,0.0001434340311868322,0.00010572073556756488,23.001147472249496
72,27,uniform,10000,5,0.6065782654483574,0.05354559057880179,0.09081794552226904,0.08623080702234438,121.8803863160055
72,28,active,10000,5,0.6065782654483574,0.05354559057880179,0.00014235822779860158,0.00012437733596184103,23.001138865822387
72,28,uniform,10000,5,0.6065782654483574,0.05354559057880179,0.0901367804410323,0.08263630201304718,121.71863359058712
72,29,active,10000,5,0.6065782654483574,0.05354559057880179,0.00016746602013901699,0.0001679094035484854,23.001339728161113
72,29,uniform,10000,5,0.6065782654483574,0.05354559057880179,0.10603424980792071,0.12686488268107785,123.70891972064851
73,0,active,10000,3,0.7259553009447386,0.07741618627599542,5.5796533986775254e-05,6.840753477901257e-05,15.800446372271894
73,0,uniform,10000,3,0.7259553009447386,0.07741618627599542,0.035328621401875024,0.017599393038600506,82.79197268673703
73,1,active,10000,3,0.7259553009447386,0.07741618627599542,0.00010202844594803251,0.00011815846916374898,15.800816227567585
73,1,uniform,10000,3,0.7259553009447386,0.07741618627599542,0.06460122307910957,0.052425047107916,84.35912711985623
73,2,active,10000,3,0.7259553009447386,0.07741618627599542,0.00010224928894593532,8.706413517328872e-05,15.800817994311569
73,2,uniform,10000,3,0.7259553009447386,0.07741618627599542,0.06474105396289584,0.04198356975391944,83.88926063892637
73,3,active,10000,3,0.7259553009447386,0.07741618627599542,0.0001012377783998833,4.353206758664436e-05,15.8008099022272
73,3,uniform,10000,3,0.7259553009447386,0.07741618627599542,0.06410059709991468,0.025839391546072475,83.16277261957326
73,4,active,10000,3,0.7259553009447386,0.07741618627599542,0.00012184456134549382,7.462640157710462e-05,15.800974756490765
73,4,uniform,10000,3,0.7259553009447386,0.07741618627599542,0.0771481679968426,0.04498106355059981,84.02414785977699
73,5,active,10000,3,0.7259553009447386,0.07741618627599542,0.00013846277875376872,8.706413517328872e-05,15.80110770223003
73,5,uniform,10000,3,0.7259553009447386,0.07741618627599542,0.08767030385795417,0.04269252056890194,83.92116342560058
73,6,active,10000,3,0.7259553009447386,0.07741618627599542,0.00014236836510805873,6.218866798092052e-05,15.801138946920865
73,6,uniform,10000,3,0.7259553009447386,0.07741618627599542,0.0901431990685306,0.04309674691077792,83.93935361098501
73,7,active,10000,3,0.7259553009447386,0.07741618627599542,8.24154089052731e-05,3.109433399046026e-05,15.800659323271242
73,7,uniform,10000,3,0.7259553009447386,0.07741618627599542,0.05218286102829826,0.029775934229264743,83.33991704031692
73,8,active,10000,3,0.7259553009447386,0.07741618627599542,0.00012681905155671053,8.084526837519668e-05,15.801014552412454
73,8,uniform,10000,3,0.7259553009447386,0.07741618627599542,0.08029785972106213,0.047785772476539326,84.15035976144426
73,9,active,10000,3,0.7259553009447386,0.07741618627599542,8.38255905439636e-05,8.706413517328872e-05,15.800670604724353
73,9,uniform,10000,3,0.7259553009447386,0.07741618627599542,0.05307574396676009,0.04055944925715636,83.82517521657203
73,10,active,10000,3,0.7259553009447386,0.07741618627599542,0.000118863981462769,9.328300197138078e-05,15.800950911851704
73,10,uniform,10000,3,0.7259553009447386,0.07741618627599542,0.075260957972976,0.04358803738782719,83.96146168245222
73,11,active,10000,3,0.7259553009447386,0.07741618627599542,3.575015560714628e-05,3.109433399046026e-05,15.800286001244858
73,11,uniform,10000,3,0.7259553009447386,0.07741618627599542,0.022635881160697268,0.010988737632228655,82.4944931934503
73,12,active,10000,3,0.7259553009447386,0.07741618627599542,8.83947987285888e-05,7.462640157710462e-05,15.80070715838983
73,12,uniform,10000,3,0.7259553009447386,0.07741618627599542,0.05596882377885723,0.03368760144526464,83.51594206503691
73,13,active,10000,3,0.7259553009447386,0.07741618627599542,4.4107501324448795e-05,2.4875467192368208e-05,15.800352860010596
73,13,uniform,10000,3,0.7259553009447386,0.07741618627599542,0.02792749126030012,0.015068314251777041,82.67807414132997
73,14,active,10000,3,0.7259553009447386,0.07741618627599542,0.00012332520141777187,0.00010572073556756488,15.800986601611342
73,14,uniform,10000,3,0.7259553009447386,0.07741618627599542,0.07808566301325692,0.056243431321944516,84.5309544094875
73,15,active,10000,3,0.7259553009447386,0.07741618627599542,7.338894553609449e-05,8.706413517328872e-05,15.800587111564289
73,15,uniform,10000,3,0.7259553009447386,0.07741618627599542,0.04646758654474537,0.04692756885840262,84.11174059862812
73,16,active,10000,3,0.7259553009447386,0.07741618627599542,0.00011834416252130137,8.084526837519668e-05,15.80094675330017
73,16,uniform,10000,3,0.7259553009447386,0.07741618627599542,0.0749318248661437,0.03526097474518193,83.58674386353319
73,17,active,10000,3,0.7259553009447386,0.07741618627599542,0.00011268817769433115,7.462640157710462e-05,15.800901505421555
73,17,uniform,10000,3,0.7259553009447386,0.07741618627599542,0.07135063205129548,0.05029819466296851,84.26341875983358
73,18,active,10000,3,0.7259553009447386,0.07741618627599542,0.00024202585053072212,0.0002052226043370377,15.801936206804246
73,18,uniform,10000,3,0.7259553009447386,0.07741618627599542,0.15324320404727065,0.10002425358051256,86.50109141112307
73,19,active,10000,3,0.7259553009447386,0.07741618627599542,0.00011180048446353397,7.462640157710462e-05,15.80089440387571
73,19,uniform,10000,3,0.7259553009447386,0.07741618627599542,0.0707885724424109,0.038090559138313815,83.71407516122412
73,20,active,10000,3,0.7259553009447386,0.07741618627599542,7.957835630893056e-05,9.950186876947283e-05,15.800636626850473
73,20,uniform,10000,3,0.7259553009447386,0.07741618627599542,0.05038652799628056,0.0419338188195347,83.88702184687907
73,21,active,10000,3,0.7259553009447386,0.07741618627599542,9.289555082295925e-05,0.00011193960236565693,15.800743164406585
73,21,uniform,10000,3,0.7259553009447386,0.07741618627599542,0.05881855933416231,0.05338897146162026,84.40250371577291
73,22,active,10000,3,0.7259553009447386,0.07741618627599542,0.0001242003047309606,0.00011193960236565693,15.800993602437849
73,22,uniform,10000,3,0.7259553009447386,0.07741618627599542,0.07863975107982467,0.06901698372522559,85.10576426763515
73,23,active,10000,3,0.7259553009447386,0.07741618627599542,6.993175767502219e-05,8.084526837519668e-05,15.800559454061402
73,23,uniform,10000,3,0.7259553009447386,0.07741618627599542,0.04427860324539591,0.030466228443852963,83.37098027997338
73,24,active,10000,3,0.7259553009447386,0.07741618627599542,0.00013553545094900643,7.462640157710462e-05,15.801084283607592
73,24,uniform,10000,3,0.7259553009447386,0.07741618627599542,0.08581681138551216,0.03398610705157306,83.52937481732079
73,25,active,10000,3,0.7259553009447386,0.07741618627599542,0.000134078402742481,8.706413517328872e-05,15.80107262722194
73,25,uniform,10000,3,0.7259553009447386,0.07741618627599542,0.08489425400114867,0.047350451800672884,84.13077033103028
73,26,active,10000,3,0.7259553009447386,0.07741618627599542,0.00016319751040454883,0.0001430339363561172,15.801305580083238
73,26,uniform,10000,3,0.7259553009447386,0.07741618627599542,0.10333156285616815,0.07452689970833515,85.35371048687509
73,27,active,10000,3,0.7259553009447386,0.07741618627599542,9.330470802745156e-05,8.084526837519668e-05,15.80074643766422
73,27,uniform,10000,3,0.7259553009447386,0.07741618627599542,0.05907762488789974,0.038762196752507756,83.74429885386284
73,28,active,10000,3,0.7259553009447386,0.07741618627599542,9.712991909067992e-05,0.00011193960236565693,15.800777039352726
73,28,uniform,10000,3,0.7259553009447386,0.07741618627599542,0.06149962897631923,0.04826462521999241,84.17190813489965
73,29,active,10000,3,0.7259553009447386,0.07741618627599542,0.00023083480045953814,0.00011815846916374898,15.801846678403678
73,29,uniform,10000,3,0.7259553009447386,0.07741618627599542,0.14615738091802039,0.06675953507751818,85.00417907848832
74,0,active,10000,5,0.5943731356034125,0.053756640584036605,0.00010843074773067563,0.00011193960236565693,23.000867445981847
74,0,uniform,10000,5,0.5943731356034125,0.053756640584036605,0.06865496046410026,0.08466365258922519,121.80986436651513
74,1,active,10000,5,0.5943731356034125,0.053756640584036605,0.00012830779815865487,0.00012437733596184103,23.00102646238527
74,1,uniform,10000,5,0.5943731356034125,0.053756640584036605,0.08124048753867977,0.05983793633124172,120.69270713490587
74,2,active,10000,5,0.5943731356034125,0.053756640584036605,0.00010702081549370315,0.0001430339363561172,23.00085616652395
74,2,uniform,10000,5,0.5943731356034125,0.053756640584036605,0.06776223543907839,0.08519225626706302,121.83365153201784
74,3,active,10000,5,0.5943731356034125,0.053756640584036605,0.00020571129669180732,0.00026119240551986616,23.001645690373536
74,3,uniform,10000,5,0.5943731356034125,0.053756640584036605,0.13024996356646923,0.16137959341048874,125.26208170347199
74,4,active,10000,5,0.5943731356034125,0.053756640584036605,0.00013588606482096803,0.0001927848707408536,23.001087088518567
74,4,uniform,10000,5,0.5943731356034125,0.053756640584036605,0.08603880913084158,0.08737507851319333,121.9318785330937
74,5,active,10000,5,0.5943731356034125,0.053756640584036605,0.00015786838729047944,0.00014925280315420924,23.001262947098322
74,5,uniform,10000,5,0.5943731356034125,0.053756640584036605,0.0999573286618502,0.10762992767457914,122.84334674535606
74,6,active,10000,5,0.5943731356034125,0.053756640584036605,0.00017792437193520777,0.00013681506955802515,23.001423394975482
74,6,uniform,10000,5,0.5943731356034125,0.053756640584036605,0.11265615128988161,0.08521091286745729,121.83449107903557
74,7,active,10000,5,0.5943731356034125,0.053756640584036605,0.00012620440504413147,0.00018656600394276155,23.001009635240354
74,7,uniform,10000,5,0.5943731356034125,0.053756640584036605,0.07990868476002093,0.10221329469344097,122.59959826120485
74,8,active,10000,5,0.5943731356034125,0.053756640584036605,0.00015571988477608434,0.0001927848707408536,23.00124575907821
74,8,uniform,10000,5,0.5943731356034125,0.053756640584036605,0.09859696402111966,0.09606905429692601,122.32310744336166
74,9,active,10000,5,0.5943731356034125,0.053756640584036605,8.801315763708704e-05,0.00011193960236565693,23.000704105261097
74,9,uniform,10000,5,0.5943731356034125,0.053756640584036605,0.0557271805679068,0.05578945404568379,120.51052543205577
74,10,active,10000,5,0.5943731356034125,0.053756640584036605,0.0001514664028422416,0.00016169053675039335,23.00121173122274
74,10,uniform,10000,5,0.5943731356034125,0.053756640584036605,0.09590379220301605,0.09132405892998179,122.10958265184918
74,11,active,10000,5,0.5943731356034125,0.053756640584036605,0.00010339604846257983,0.00013059620275993308,23.0008271683877
74,11,uniform,10000,5,0.5943731356034125,0.053756640584036605,0.0654671462469496,0.07277939813807129,121.2750729162132
74,12,active,10000,5,0.5943731356034125,0.053756640584036605,0.00011060113554976422,0.00013681506955802515,23.000884809084397
74,12,uniform,10000,5,0.5943731356034125,0.053756640584036605,0.07002918219579524,0.06388019975000156,120.87460898875007
74,13,active,10000,5,0.5943731356034125,0.053756640584036605,0.00016407720357343794,0.00022387920473131387,23.00131261762859
74,13,uniform,10000,5,0.5943731356034125,0.053756640584036605,0.10388855707594116,0.14187722713167206,124.38447522092524
74,14,active,10000,5,0.5943731356034125,0.053756640584036605,7.486618859837112e-05,8.706413517328872e-05,23.000598929508786
74,14,uniform,10000,5,0.5943731356034125,0.053756640584036605,0.047402930680606845,0.04919123637290813,120.21360563678087
74,15,active,10000,5,0.5943731356034125,0.053756640584036605,9.956129046856735e-05,0.00011193960236565693,23.000796490323747
74,15,uniform,10000,5,0.5943731356034125,0.053756640584036605,0.06303909734031544,0.05725710661003352,120.57656979745151
74,16,active,10000,5,0.5943731356034125,0.053756640584036605,0.0001809027700922436,0.00022387920473131387,23.00144722216074
74,16,uniform,10000,5,0.5943731356034125,0.053756640584036605,0.11454197991319316,0.11817712576414326,123.31797065938645
74,17,active,10000,5,0.5943731356034125,0.053756640584036605,0.00020132409456128514,0.00013681506955802515,23.00161059275649
74,17,uniform,10000,5,0.5943731356034125,0.053756640584036605,0.12747212429923038,0.11089483274357746,122.99026747346099
74,18,active,10000,5,0.5943731356034125,0.053756640584036605,0.00016996890830269992,0.00016169053675039335,23.00135975126642
74,18,uniform,10000,5,0.5943731356034125,0.053756640584036605,0.1076190003654805,0.08628055795672912,121.8826251080528
74,19,active,10000,5,0.5943731356034125,0.053756640584036605,0.00015619805450385257,0.00015547166995230128,23.00124958443603
74,19,uniform,10000,5,0.5943731356034125,0.053756640584036605,0.09889972614758648,0.09651681270638864,122.34325657178749
74,20,active,10000,5,0.5943731356034125,0.053756640584036605,0.00014661255603555523,0.00017412827034657744,23.001172900448285
74,20,uniform,10000,5,0.5943731356034125,0.053756640584036605,0.09283048811185367,0.11878657471035628,123.34539586196604
74,21,active,10000,5,0.5943731356034125,0.053756640584036605,0.0001391850929003055,0.00019900373753894567,23.001113480743204
74,21,uniform,10000,5,0.5943731356034125,0.053756640584036605,0.08812765059962202,0.10229413996181616,122.60323629828173
74,22,active,10000,5,0.5943731356034125,0.053756640584036605,8.612227175373854e-05,0.00015547166995230128,23.00068897817403
74,22,uniform,10000,5,0.5943731356034125,0.053756640584036605,0.05452993072613187,0.07953308748079925,121.57898893663597
74,23,active,10000,5,0.5943731356034125,0.053756640584036605,0.00021312520803433432,0.0002736301391160503,23.001705001664273
74,23,uniform,10000,5,0.5943731356034125,0.053756640584036605,0.13494422050702748,0.1560935566321105,125.02421004844497
74,24,active,10000,5,0.5943731356034125,0.053756640584036605,0.0001270695435577271,0.00012437733596184103,23.00101655634846
74,24,uniform,10000,5,0.5943731356034125,0.053756640584036605,0.08045646342694177,0.06868116491812862,121.09065242131578
74,25,active,10000,5,0.5943731356034125,0.053756640584036605,9.577484689329493e-05,9.950186876947283e-05,23.000766198775146
74,25,uniform,10000,5,0.5943731356034125,0.053756640584036605,0.06064163961363367,0.05275464704821487,120.37395911716968
74,26,active,10000,5,0.5943731356034125,0.053756640584036605,0.00024600142580957773,0.00015547166995230128,23.001968011406476
74,26,uniform,10000,5,0.5943731356034125,0.053756640584036605,0.15576041405735286,0.08828303306571476,121.97273648795716
74,27,active,10000,5,0.5943731356034125,0.053756640584036605,0.00023995011746238623,0.00015547166995230128,23.0019196009397
74,27,uniform,10000,5,0.5943731356034125,0.053756640584036605,0.15192891474534145,0.12622433940087438,123.68009527303934
74,28,active,10000,5,0.5943731356034125,0.053756640584036605,0.00010166073878098425,0.0001430339363561172,23.000813285910247
74,28,uniform,10000,5,0.5943731356034125,0.053756640584036605,0.06436840239361682,0.07315874901275489,121.29214370557398
74,29,active,10000,5,0.5943731356034125,0.053756640584036605,0.00011935688924162233,0.00012437733596184103,23.000954855113932
74,29,uniform,10000,5,0.5943731356034125,0.053756640584036605,0.07557305177275368,0.09045341757824889,122.0704037910212
