seed,family,grid_size,states,actions,regime,C_V,C_D,DCR,C_B,C_R,F,C_top,L,kappa,L_table,L_Gamma,L_Pi_struct,table_to_boundary_ratio,table_to_struct_policy_ratio
0,inventory_threshold,40,1600,4,polynomial_beta_1.00,1600.0,20.46153846153846,78.19548872180452,3.0,4.0,1.0,8.0,8.307692307692307,4.153846153846153,3200.0,1736.3047027435055,1744.3047027435055,1.8429944899324033,1.834541863567142
0,inventory_threshold,60,3600,4,polynomial_beta_1.00,3600.0,20.305084745762713,177.29549248747912,3.0,4.0,1.0,8.0,8.203389830508474,4.101694915254237,7200.0,2870.935048274523,2878.935048274523,2.507893727629719,2.5009247792218474
0,inventory_threshold,80,6400,4,polynomial_beta_1.00,6400.0,20.303797468354432,315.21197007481294,3.0,4.0,1.0,8.0,8.20253164556962,4.10126582278481,12800.0,4108.609405487011,4116.609405487011,3.1154093117018413,3.1093549907695723
0,inventory_threshold,120,14400,4,polynomial_beta_1.00,14400.0,20.252100840336134,711.0373443983402,3.0,4.0,1.0,8.0,8.168067226890756,4.084033613445378,28800.0,6725.49765893148,6733.49765893148,4.282210991740294,4.277123340467633
0,inventory_threshold,160,25600,4,polynomial_beta_1.00,25600.0,20.226415094339625,1265.6716417910445,3.0,4.0,1.0,8.0,8.150943396226415,4.0754716981132075,51200.0,9501.218810974022,9509.218810974022,5.38878232557526,5.384248802952471
0,inventory_threshold,240,57600,4,polynomial_beta_1.00,57600.0,20.20083682008368,2851.367025683513,3.0,4.0,1.0,8.0,8.13389121338912,4.06694560669456,115200.0,15382.99531786296,15390.99531786296,7.488788601932945,7.48489604608596
0,inventory_threshold,320,102400,4,polynomial_beta_1.00,102400.0,20.188087774294672,5072.298136645963,3.0,4.0,1.0,8.0,8.12539184952978,4.06269592476489,204800.0,21582.43762194804,21590.43762194804,9.489196891815904,9.485680817873181
0,machine_replacement,40,1600,4,polynomial_beta_1.00,1600.0,18.46153846153846,86.66666666666667,3.0,4.0,1.0,8.0,6.9743589743589745,3.4871794871794872,3200.0,1459.5644418093627,1467.5644418093627,2.192434885597165,2.180483465553795
0,machine_replacement,60,3600,4,polynomial_beta_1.00,3600.0,18.271186440677965,197.03153988868274,3.0,4.0,1.0,8.0,6.8474576271186445,3.4237288135593222,7200.0,2398.3838006258416,2406.3838006258416,3.0020216106034447,2.992041418383658
0,machine_replacement,80,6400,4,polynomial_beta_1.00,6400.0,18.329113924050635,349.171270718232,3.0,4.0,1.0,8.0,6.886075949367089,3.4430379746835444,12800.0,3451.1288836187255,3459.1288836187255,3.7089313183164565,3.7003535949806636
0,machine_replacement,120,14400,4,polynomial_beta_1.00,14400.0,18.285714285714285,787.5,3.0,4.0,1.0,8.0,6.857142857142857,3.4285714285714284,28800.0,5648.022726016551,5656.022726016551,5.099129624131686,5.091917305693606
0,machine_replacement,160,25600,4,polynomial_beta_1.00,25600.0,18.22641509433962,1404.5548654244308,3.0,4.0,1.0,8.0,6.817610062893082,3.408805031446541,51200.0,7948.970054857901,7956.970054857901,6.4410860333672835,6.434610115032581
0,machine_replacement,240,57600,4,polynomial_beta_1.00,57600.0,18.21757322175732,3161.782269177768,3.0,4.0,1.0,8.0,6.8117154811715475,3.4058577405857737,115200.0,12884.41788965067,12892.41788965067,8.941032570243914,8.935484482897214
0,machine_replacement,320,102400,4,polynomial_beta_1.00,102400.0,18.213166144200628,5622.3063683304645,3.0,4.0,1.0,8.0,6.808777429467084,3.404388714733542,204800.0,18087.22782209535,18095.22782209535,11.322907081969545,11.317901162312365
0,admission_control,40,1600,4,polynomial_beta_1.00,1600.0,18.769230769230766,85.24590163934427,3.0,4.0,1.0,8.0,7.179487179487179,3.5897435897435894,3200.0,1502.1398665684615,1510.1398665684615,2.1302943029600745,2.1190090208474937
0,admission_control,60,3600,4,polynomial_beta_1.00,3600.0,18.677966101694913,192.7404718693285,3.0,4.0,1.0,8.0,7.11864406779661,3.559322033898305,7200.0,2492.894050155578,2500.894050155578,2.8882093884217253,2.878970422418373
0,admission_control,80,6400,4,polynomial_beta_1.00,6400.0,18.594936708860757,344.17971409121856,3.0,4.0,1.0,8.0,7.063291139240506,3.531645569620253,12800.0,3539.6358769471485,3547.6358769471485,3.6161911690870574,3.6080365753361363
0,admission_control,120,14400,4,polynomial_beta_1.00,14400.0,18.588235294117645,774.6835443037976,3.0,4.0,1.0,8.0,7.0588235294117645,3.5294117647058822,28800.0,5813.788100311156,5821.788100311156,4.953740917812023,4.946933743339221
0,admission_control,160,25600,4,polynomial_beta_1.00,25600.0,18.566037735849058,1378.861788617886,3.0,4.0,1.0,8.0,7.044025157232705,3.5220125786163523,51200.0,8212.559466273846,8220.559466273846,6.234353639722278,6.228286555198117
0,admission_control,240,57600,4,polynomial_beta_1.00,57600.0,18.543933054393307,3106.1371841155233,3.0,4.0,1.0,8.0,7.02928870292887,3.514644351464435,115200.0,13295.576200622312,13303.576200622312,8.664536102963929,8.659325752921323
0,admission_control,320,102400,4,polynomial_beta_1.00,102400.0,18.523510971786834,5528.109663225588,3.0,4.0,1.0,8.0,7.015673981191222,3.507836990595611,204800.0,18636.475076357914,18644.475076357914,10.989202580471222,10.984487316550746
0,resource_allocation,40,1600,4,polynomial_beta_1.00,1600.0,20.769230769230766,77.03703703703705,3.0,4.0,1.0,8.0,8.512820512820513,4.256410256410256,3200.0,1778.8801275026044,1786.8801275026044,1.7988845625548284,1.7908308177742247
0,resource_allocation,60,3600,4,polynomial_beta_1.00,3600.0,20.711864406779664,173.81342062193124,3.0,4.0,1.0,8.0,8.474576271186441,4.237288135593221,7200.0,2965.4452978042596,2973.4452978042596,2.4279658793002126,2.4214334816641285
0,resource_allocation,80,6400,4,polynomial_beta_1.00,6400.0,20.683544303797472,309.4247246022031,3.0,4.0,1.0,8.0,8.455696202531646,4.227848101265823,12800.0,4235.0479673847585,4243.0479673847585,3.0223978803962166,3.016699339340582
0,resource_allocation,120,14400,4,polynomial_beta_1.00,14400.0,20.655462184873947,697.1521562245729,3.0,4.0,1.0,8.0,8.436974789915967,4.218487394957983,28800.0,6946.518157990953,6954.518157990953,4.145961954604526,4.1411927247480005
0,resource_allocation,160,25600,4,polynomial_beta_1.00,25600.0,20.641509433962263,1240.2193784277881,3.0,4.0,1.0,8.0,8.427672955974844,4.213836477987422,51200.0,9823.383647149067,9831.383647149067,5.212053385989788,5.207812230463321
0,resource_allocation,240,57600,4,polynomial_beta_1.00,57600.0,20.602510460251047,2795.7757920389927,3.0,4.0,1.0,8.0,8.401673640167363,4.200836820083682,115200.0,15889.036315981906,15897.036315981906,7.250282377674892,7.246633756770435
0,resource_allocation,320,102400,4,polynomial_beta_1.00,102400.0,20.60188087774295,4970.419963481436,3.0,4.0,1.0,8.0,8.401253918495298,4.200626959247649,204800.0,22314.76729429813,22322.76729429813,9.17777888063975,9.174489761953113
0,random_structured,40,1600,4,polynomial_beta_1.00,1600.0,18.615384615384613,85.9504132231405,3.0,4.0,1.0,8.0,7.076923076923077,3.5384615384615383,3200.0,1480.852154188912,1488.852154188912,2.1609179491336152,2.149306760242609
0,random_structured,60,3600,4,polynomial_beta_1.00,3600.0,18.47457627118644,194.86238532110093,3.0,4.0,1.0,8.0,6.983050847457627,3.4915254237288136,7200.0,2445.6389253907096,2453.6389253907096,2.944015948245404,2.934417091892808
0,random_structured,80,6400,4,polynomial_beta_1.00,6400.0,18.481012658227847,346.3013698630137,3.0,4.0,1.0,8.0,6.987341772151899,3.4936708860759493,12800.0,3501.704308377824,3509.704308377824,3.655362895540898,3.6470308821873734
0,random_structured,120,14400,4,polynomial_beta_1.00,14400.0,18.386554621848738,783.180987202925,3.0,4.0,1.0,8.0,6.924369747899159,3.4621848739495795,28800.0,5703.277850781419,5711.277850781419,5.049727674771105,5.042654332788165
0,random_structured,160,25600,4,polynomial_beta_1.00,25600.0,18.37735849056604,1393.018480492813,3.0,4.0,1.0,8.0,6.918238993710692,3.459119496855346,51200.0,8066.120904376099,8074.120904376099,6.34753689003379,6.341247623905417
0,random_structured,240,57600,4,polynomial_beta_1.00,57600.0,18.368200836820083,3135.854214123007,3.0,4.0,1.0,8.0,6.912133891213388,3.456066945606694,115200.0,13074.183263945273,13082.183263945273,8.81125785636549,8.80586960721558
0,random_structured,320,102400,4,polynomial_beta_1.00,102400.0,18.363636363636363,5576.237623762377,3.0,4.0,1.0,8.0,6.909090909090909,3.4545454545454546,204800.0,18353.529521131746,18361.529521131746,11.158616644509653,11.153754907198863
1,inventory_threshold,40,1600,4,polynomial_beta_1.00,1600.0,20.46153846153846,78.19548872180452,3.0,4.0,1.0,8.0,8.307692307692307,4.153846153846153,3200.0,1736.3047027435055,1744.3047027435055,1.8429944899324033,1.834541863567142
1,inventory_threshold,60,3600,4,polynomial_beta_1.00,3600.0,20.305084745762713,177.29549248747912,3.0,4.0,1.0,8.0,8.203389830508474,4.101694915254237,7200.0,2870.935048274523,2878.935048274523,2.507893727629719,2.5009247792218474
1,inventory_threshold,80,6400,4,polynomial_beta_1.00,6400.0,20.303797468354432,315.21197007481294,3.0,4.0,1.0,8.0,8.20253164556962,4.10126582278481,12800.0,4108.609405487011,4116.609405487011,3.1154093117018413,3.1093549907695723
1,inventory_threshold,120,14400,4,polynomial_beta_1.00,14400.0,20.252100840336134,711.0373443983402,3.0,4.0,1.0,8.0,8.168067226890756,4.084033613445378,28800.0,6725.49765893148,6733.49765893148,4.282210991740294,4.277123340467633
1,inventory_threshold,160,25600,4,polynomial_beta_1.00,25600.0,20.226415094339625,1265.6716417910445,3.0,4.0,1.0,8.0,8.150943396226415,4.0754716981132075,51200.0,9501.218810974022,9509.218810974022,5.38878232557526,5.384248802952471
1,inventory_threshold,240,57600,4,polynomial_beta_1.00,57600.0,20.20083682008368,2851.367025683513,3.0,4.0,1.0,8.0,8.13389121338912,4.06694560669456,115200.0,15382.99531786296,15390.99531786296,7.488788601932945,7.48489604608596
1,inventory_threshold,320,102400,4,polynomial_beta_1.00,102400.0,20.188087774294672,5072.298136645963,3.0,4.0,1.0,8.0,8.12539184952978,4.06269592476489,204800.0,21582.43762194804,21590.43762194804,9.489196891815904,9.485680817873181
1,machine_replacement,40,1600,4,polynomial_beta_1.00,1600.0,18.46153846153846,86.66666666666667,3.0,4.0,1.0,8.0,6.9743589743589745,3.4871794871794872,3200.0,1459.5644418093627,1467.5644418093627,2.192434885597165,2.180483465553795
1,machine_replacement,60,3600,4,polynomial_beta_1.00,3600.0,18.271186440677965,197.03153988868274,3.0,4.0,1.0,8.0,6.8474576271186445,3.4237288135593222,7200.0,2398.3838006258416,2406.3838006258416,3.0020216106034447,2.992041418383658
1,machine_replacement,80,6400,4,polynomial_beta_1.00,6400.0,18.329113924050635,349.171270718232,3.0,4.0,1.0,8.0,6.886075949367089,3.4430379746835444,12800.0,3451.1288836187255,3459.1288836187255,3.7089313183164565,3.7003535949806636
1,machine_replacement,120,14400,4,polynomial_beta_1.00,14400.0,18.285714285714285,787.5,3.0,4.0,1.0,8.0,6.857142857142857,3.4285714285714284,28800.0,5648.022726016551,5656.022726016551,5.099129624131686,5.091917305693606
1,machine_replacement,160,25600,4,polynomial_beta_1.00,25600.0,18.22641509433962,1404.5548654244308,3.0,4.0,1.0,8.0,6.817610062893082,3.408805031446541,51200.0,7948.970054857901,7956.970054857901,6.4410860333672835,6.434610115032581
1,machine_replacement,240,57600,4,polynomial_beta_1.00,57600.0,18.21757322175732,3161.782269177768,3.0,4.0,1.0,8.0,6.8117154811715475,3.4058577405857737,115200.0,12884.41788965067,12892.41788965067,8.941032570243914,8.935484482897214
1,machine_replacement,320,102400,4,polynomial_beta_1.00,102400.0,18.213166144200628,5622.3063683304645,3.0,4.0,1.0,8.0,6.808777429467084,3.404388714733542,204800.0,18087.22782209535,18095.22782209535,11.322907081969545,11.317901162312365
1,admission_control,40,1600,4,polynomial_beta_1.00,1600.0,18.769230769230766,85.24590163934427,3.0,4.0,1.0,8.0,7.179487179487179,3.5897435897435894,3200.0,1502.1398665684615,1510.1398665684615,2.1302943029600745,2.1190090208474937
1,admission_control,60,3600,4,polynomial_beta_1.00,3600.0,18.677966101694913,192.7404718693285,3.0,4.0,1.0,8.0,7.11864406779661,3.559322033898305,7200.0,2492.894050155578,2500.894050155578,2.8882093884217253,2.878970422418373
1,admission_control,80,6400,4,polynomial_beta_1.00,6400.0,18.594936708860757,344.17971409121856,3.0,4.0,1.0,8.0,7.063291139240506,3.531645569620253,12800.0,3539.6358769471485,3547.6358769471485,3.6161911690870574,3.6080365753361363
1,admission_control,120,14400,4,polynomial_beta_1.00,14400.0,18.588235294117645,774.6835443037976,3.0,4.0,1.0,8.0,7.0588235294117645,3.5294117647058822,28800.0,5813.788100311156,5821.788100311156,4.953740917812023,4.946933743339221
1,admission_control,160,25600,4,polynomial_beta_1.00,25600.0,18.566037735849058,1378.861788617886,3.0,4.0,1.0,8.0,7.044025157232705,3.5220125786163523,51200.0,8212.559466273846,8220.559466273846,6.234353639722278,6.228286555198117
1,admission_control,240,57600,4,polynomial_beta_1.00,57600.0,18.543933054393307,3106.1371841155233,3.0,4.0,1.0,8.0,7.02928870292887,3.514644351464435,115200.0,13295.576200622312,13303.576200622312,8.664536102963929,8.659325752921323
1,admission_control,320,102400,4,polynomial_beta_1.00,102400.0,18.523510971786834,5528.109663225588,3.0,4.0,1.0,8.0,7.015673981191222,3.507836990595611,204800.0,18636.475076357914,18644.475076357914,10.989202580471222,10.984487316550746
1,resource_allocation,40,1600,4,polynomial_beta_1.00,1600.0,20.769230769230766,77.03703703703705,3.0,4.0,1.0,8.0,8.512820512820513,4.256410256410256,3200.0,1778.8801275026044,1786.8801275026044,1.7988845625548284,1.7908308177742247
1,resource_allocation,60,3600,4,polynomial_beta_1.00,3600.0,20.711864406779664,173.81342062193124,3.0,4.0,1.0,8.0,8.474576271186441,4.237288135593221,7200.0,2965.4452978042596,2973.4452978042596,2.4279658793002126,2.4214334816641285
1,resource_allocation,80,6400,4,polynomial_beta_1.00,6400.0,20.683544303797472,309.4247246022031,3.0,4.0,1.0,8.0,8.455696202531646,4.227848101265823,12800.0,4235.0479673847585,4243.0479673847585,3.0223978803962166,3.016699339340582
1,resource_allocation,120,14400,4,polynomial_beta_1.00,14400.0,20.655462184873947,697.1521562245729,3.0,4.0,1.0,8.0,8.436974789915967,4.218487394957983,28800.0,6946.518157990953,6954.518157990953,4.145961954604526,4.1411927247480005
1,resource_allocation,160,25600,4,polynomial_beta_1.00,25600.0,20.641509433962263,1240.2193784277881,3.0,4.0,1.0,8.0,8.427672955974844,4.213836477987422,51200.0,9823.383647149067,9831.383647149067,5.212053385989788,5.207812230463321
1,resource_allocation,240,57600,4,polynomial_beta_1.00,57600.0,20.602510460251047,2795.7757920389927,3.0,4.0,1.0,8.0,8.401673640167363,4.200836820083682,115200.0,15889.036315981906,15897.036315981906,7.250282377674892,7.246633756770435
1,resource_allocation,320,102400,4,polynomial_beta_1.00,102400.0,20.60188087774295,4970.419963481436,3.0,4.0,1.0,8.0,8.401253918495298,4.200626959247649,204800.0,22314.76729429813,22322.76729429813,9.17777888063975,9.174489761953113
1,random_structured,40,1600,4,polynomial_beta_1.00,1600.0,19.384615384615383,82.53968253968254,3.0,4.0,1.0,8.0,7.589743589743589,3.7948717948717947,3200.0,1587.2907160866594,1595.2907160866594,2.0160138074072207,2.005903982096621
1,random_structured,60,3600,4,polynomial_beta_1.00,3600.0,19.28813559322034,186.6432337434095,3.0,4.0,1.0,8.0,7.52542372881356,3.76271186440678,7200.0,2634.659424450182,2642.659424450182,2.7328010342371076,2.7245281527331104
1,random_structured,80,6400,4,polynomial_beta_1.00,6400.0,19.31645569620253,331.32372214941023,3.0,4.0,1.0,8.0,7.544303797468355,3.7721518987341773,12800.0,3779.869144552868,3787.869144552868,3.386360614744019,3.379208602917816
1,random_structured,120,14400,4,polynomial_beta_1.00,14400.0,19.243697478991596,748.2969432314411,3.0,4.0,1.0,8.0,7.495798319327731,3.7478991596638656,28800.0,6172.946411282799,6180.946411282799,4.665519199609426,4.6594806173093515
1,random_structured,160,25600,4,polynomial_beta_1.00,25600.0,19.245283018867923,1330.1960784313726,3.0,4.0,1.0,8.0,7.49685534591195,3.748427672955975,51200.0,8739.738289105737,8747.738289105737,5.858298990923086,5.852941447021053
1,random_structured,240,57600,4,polynomial_beta_1.00,57600.0,19.22175732217573,2996.60426643448,3.0,4.0,1.0,8.0,7.481171548117154,3.740585774058577,115200.0,14149.520384948031,14157.520384948031,8.141618716811589,8.1370181265978
1,random_structured,320,102400,4,polynomial_beta_1.00,102400.0,19.228840125391848,5325.334202804043,3.0,4.0,1.0,8.0,7.485893416927899,3.7429467084639496,204800.0,19884.76429059102,19892.76429059102,10.299342602562621,10.295200657299665
2,inventory_threshold,40,1600,4,polynomial_beta_1.00,1600.0,20.46153846153846,78.19548872180452,3.0,4.0,1.0,8.0,8.307692307692307,4.153846153846153,3200.0,1736.3047027435055,1744.3047027435055,1.8429944899324033,1.834541863567142
2,inventory_threshold,60,3600,4,polynomial_beta_1.00,3600.0,20.305084745762713,177.29549248747912,3.0,4.0,1.0,8.0,8.203389830508474,4.101694915254237,7200.0,2870.935048274523,2878.935048274523,2.507893727629719,2.5009247792218474
2,inventory_threshold,80,6400,4,polynomial_beta_1.00,6400.0,20.303797468354432,315.21197007481294,3.0,4.0,1.0,8.0,8.20253164556962,4.10126582278481,12800.0,4108.609405487011,4116.609405487011,3.1154093117018413,3.1093549907695723
2,inventory_threshold,120,14400,4,polynomial_beta_1.00,14400.0,20.252100840336134,711.0373443983402,3.0,4.0,1.0,8.0,8.168067226890756,4.084033613445378,28800.0,6725.49765893148,6733.49765893148,4.282210991740294,4.277123340467633
2,inventory_threshold,160,25600,4,polynomial_beta_1.00,25600.0,20.226415094339625,1265.6716417910445,3.0,4.0,1.0,8.0,8.150943396226415,4.0754716981132075,51200.0,9501.218810974022,9509.218810974022,5.38878232557526,5.384248802952471
2,inventory_threshold,240,57600,4,polynomial_beta_1.00,57600.0,20.20083682008368,2851.367025683513,3.0,4.0,1.0,8.0,8.13389121338912,4.06694560669456,115200.0,15382.99531786296,15390.99531786296,7.488788601932945,7.48489604608596
2,inventory_threshold,320,102400,4,polynomial_beta_1.00,102400.0,20.188087774294672,5072.298136645963,3.0,4.0,1.0,8.0,8.12539184952978,4.06269592476489,204800.0,21582.43762194804,21590.43762194804,9.489196891815904,9.485680817873181
2,machine_replacement,40,1600,4,polynomial_beta_1.00,1600.0,18.46153846153846,86.66666666666667,3.0,4.0,1.0,8.0,6.9743589743589745,3.4871794871794872,3200.0,1459.5644418093627,1467.5644418093627,2.192434885597165,2.180483465553795
2,machine_replacement,60,3600,4,polynomial_beta_1.00,3600.0,18.271186440677965,197.03153988868274,3.0,4.0,1.0,8.0,6.8474576271186445,3.4237288135593222,7200.0,2398.3838006258416,2406.3838006258416,3.0020216106034447,2.992041418383658
2,machine_replacement,80,6400,4,polynomial_beta_1.00,6400.0,18.329113924050635,349.171270718232,3.0,4.0,1.0,8.0,6.886075949367089,3.4430379746835444,12800.0,3451.1288836187255,3459.1288836187255,3.7089313183164565,3.7003535949806636
2,machine_replacement,120,14400,4,polynomial_beta_1.00,14400.0,18.285714285714285,787.5,3.0,4.0,1.0,8.0,6.857142857142857,3.4285714285714284,28800.0,5648.022726016551,5656.022726016551,5.099129624131686,5.091917305693606
2,machine_replacement,160,25600,4,polynomial_beta_1.00,25600.0,18.22641509433962,1404.5548654244308,3.0,4.0,1.0,8.0,6.817610062893082,3.408805031446541,51200.0,7948.970054857901,7956.970054857901,6.4410860333672835,6.434610115032581
2,machine_replacement,240,57600,4,polynomial_beta_1.00,57600.0,18.21757322175732,3161.782269177768,3.0,4.0,1.0,8.0,6.8117154811715475,3.4058577405857737,115200.0,12884.41788965067,12892.41788965067,8.941032570243914,8.935484482897214
2,machine_replacement,320,102400,4,polynomial_beta_1.00,102400.0,18.213166144200628,5622.3063683304645,3.0,4.0,1.0,8.0,6.808777429467084,3.404388714733542,204800.0,18087.22782209535,18095.22782209535,11.322907081969545,11.317901162312365
2,admission_control,40,1600,4,polynomial_beta_1.00,1600.0,18.769230769230766,85.24590163934427,3.0,4.0,1.0,8.0,7.179487179487179,3.5897435897435894,3200.0,1502.1398665684615,1510.1398665684615,2.1302943029600745,2.1190090208474937
2,admission_control,60,3600,4,polynomial_beta_1.00,3600.0,18.677966101694913,192.7404718693285,3.0,4.0,1.0,8.0,7.11864406779661,3.559322033898305,7200.0,2492.894050155578,2500.894050155578,2.8882093884217253,2.878970422418373
2,admission_control,80,6400,4,polynomial_beta_1.00,6400.0,18.594936708860757,344.17971409121856,3.0,4.0,1.0,8.0,7.063291139240506,3.531645569620253,12800.0,3539.6358769471485,3547.6358769471485,3.6161911690870574,3.6080365753361363
2,admission_control,120,14400,4,polynomial_beta_1.00,14400.0,18.588235294117645,774.6835443037976,3.0,4.0,1.0,8.0,7.0588235294117645,3.5294117647058822,28800.0,5813.788100311156,5821.788100311156,4.953740917812023,4.946933743339221
2,admission_control,160,25600,4,polynomial_beta_1.00,25600.0,18.566037735849058,1378.861788617886,3.0,4.0,1.0,8.0,7.044025157232705,3.5220125786163523,51200.0,8212.559466273846,8220.559466273846,6.234353639722278,6.228286555198117
2,admission_control,240,57600,4,polynomial_beta_1.00,57600.0,18.543933054393307,3106.1371841155233,3.0,4.0,1.0,8.0,7.02928870292887,3.514644351464435,115200.0,13295.576200622312,13303.576200622312,8.664536102963929,8.659325752921323
2,admission_control,320,102400,4,polynomial_beta_1.00,102400.0,18.523510971786834,5528.109663225588,3.0,4.0,1.0,8.0,7.015673981191222,3.507836990595611,204800.0,18636.475076357914,18644.475076357914,10.989202580471222,10.984487316550746
2,resource_allocation,40,1600,4,polynomial_beta_1.00,1600.0,20.769230769230766,77.03703703703705,3.0,4.0,1.0,8.0,8.512820512820513,4.256410256410256,3200.0,1778.8801275026044,1786.8801275026044,1.7988845625548284,1.7908308177742247
2,resource_allocation,60,3600,4,polynomial_beta_1.00,3600.0,20.711864406779664,173.81342062193124,3.0,4.0,1.0,8.0,8.474576271186441,4.237288135593221,7200.0,2965.4452978042596,2973.4452978042596,2.4279658793002126,2.4214334816641285
2,resource_allocation,80,6400,4,polynomial_beta_1.00,6400.0,20.683544303797472,309.4247246022031,3.0,4.0,1.0,8.0,8.455696202531646,4.227848101265823,12800.0,4235.0479673847585,4243.0479673847585,3.0223978803962166,3.016699339340582
2,resource_allocation,120,14400,4,polynomial_beta_1.00,14400.0,20.655462184873947,697.1521562245729,3.0,4.0,1.0,8.0,8.436974789915967,4.218487394957983,28800.0,6946.518157990953,6954.518157990953,4.145961954604526,4.1411927247480005
2,resource_allocation,160,25600,4,polynomial_beta_1.00,25600.0,20.641509433962263,1240.2193784277881,3.0,4.0,1.0,8.0,8.427672955974844,4.213836477987422,51200.0,9823.383647149067,9831.383647149067,5.212053385989788,5.207812230463321
2,resource_allocation,240,57600,4,polynomial_beta_1.00,57600.0,20.602510460251047,2795.7757920389927,3.0,4.0,1.0,8.0,8.401673640167363,4.200836820083682,115200.0,15889.036315981906,15897.036315981906,7.250282377674892,7.246633756770435
2,resource_allocation,320,102400,4,polynomial_beta_1.00,102400.0,20.60188087774295,4970.419963481436,3.0,4.0,1.0,8.0,8.401253918495298,4.200626959247649,204800.0,22314.76729429813,22322.76729429813,9.17777888063975,9.174489761953113
2,random_structured,40,1600,4,polynomial_beta_1.00,1600.0,18.615384615384613,85.9504132231405,3.0,4.0,1.0,8.0,7.076923076923077,3.5384615384615383,3200.0,1480.852154188912,1488.852154188912,2.1609179491336152,2.149306760242609
2,random_structured,60,3600,4,polynomial_beta_1.00,3600.0,18.576271186440678,193.7956204379562,3.0,4.0,1.0,8.0,7.0508474576271185,3.5254237288135593,7200.0,2469.2664877731436,2477.2664877731436,2.9158456714379053,2.9064293387637115
2,random_structured,80,6400,4,polynomial_beta_1.00,6400.0,18.556962025316455,344.8840381991815,3.0,4.0,1.0,8.0,7.037974683544304,3.518987341772152,12800.0,3526.9920207573737,3534.9920207573737,3.629154793849342,3.6209416951548294
2,random_structured,120,14400,4,polynomial_beta_1.00,14400.0,18.48739495798319,778.909090909091,3.0,4.0,1.0,8.0,6.991596638655462,3.495798319327731,28800.0,5758.532975546287,5766.532975546287,5.001273783149235,4.994335439011628
2,random_structured,160,25600,4,polynomial_beta_1.00,25600.0,18.528301886792452,1381.6700610997964,3.0,4.0,1.0,8.0,7.018867924528302,3.509433962264151,51200.0,8183.271753894297,8191.271753894297,6.256666225905877,6.250555657082001
2,random_structured,240,57600,4,polynomial_beta_1.00,57600.0,18.493723849372383,3114.5701357466064,3.0,4.0,1.0,8.0,6.995815899581589,3.4979079497907946,115200.0,13232.321075857444,13240.321075857444,8.705955617278969,8.700695348699437
2,random_structured,320,102400,4,polynomial_beta_1.00,102400.0,18.4576802507837,5547.826086956522,3.0,4.0,1.0,8.0,6.971786833855799,3.4858934169278997,204800.0,18519.968083029493,18527.968083029493,11.058334392469366,11.053559628461608
3,inventory_threshold,40,1600,4,polynomial_beta_1.00,1600.0,20.46153846153846,78.19548872180452,3.0,4.0,1.0,8.0,8.307692307692307,4.153846153846153,3200.0,1736.3047027435055,1744.3047027435055,1.8429944899324033,1.834541863567142
3,inventory_threshold,60,3600,4,polynomial_beta_1.00,3600.0,20.305084745762713,177.29549248747912,3.0,4.0,1.0,8.0,8.203389830508474,4.101694915254237,7200.0,2870.935048274523,2878.935048274523,2.507893727629719,2.5009247792218474
3,inventory_threshold,80,6400,4,polynomial_beta_1.00,6400.0,20.303797468354432,315.21197007481294,3.0,4.0,1.0,8.0,8.20253164556962,4.10126582278481,12800.0,4108.609405487011,4116.609405487011,3.1154093117018413,3.1093549907695723
3,inventory_threshold,120,14400,4,polynomial_beta_1.00,14400.0,20.252100840336134,711.0373443983402,3.0,4.0,1.0,8.0,8.168067226890756,4.084033613445378,28800.0,6725.49765893148,6733.49765893148,4.282210991740294,4.277123340467633
3,inventory_threshold,160,25600,4,polynomial_beta_1.00,25600.0,20.226415094339625,1265.6716417910445,3.0,4.0,1.0,8.0,8.150943396226415,4.0754716981132075,51200.0,9501.218810974022,9509.218810974022,5.38878232557526,5.384248802952471
3,inventory_threshold,240,57600,4,polynomial_beta_1.00,57600.0,20.20083682008368,2851.367025683513,3.0,4.0,1.0,8.0,8.13389121338912,4.06694560669456,115200.0,15382.99531786296,15390.99531786296,7.488788601932945,7.48489604608596
3,inventory_threshold,320,102400,4,polynomial_beta_1.00,102400.0,20.188087774294672,5072.298136645963,3.0,4.0,1.0,8.0,8.12539184952978,4.06269592476489,204800.0,21582.43762194804,21590.43762194804,9.489196891815904,9.485680817873181
3,machine_replacement,40,1600,4,polynomial_beta_1.00,1600.0,18.46153846153846,86.66666666666667,3.0,4.0,1.0,8.0,6.9743589743589745,3.4871794871794872,3200.0,1459.5644418093627,1467.5644418093627,2.192434885597165,2.180483465553795
3,machine_replacement,60,3600,4,polynomial_beta_1.00,3600.0,18.271186440677965,197.03153988868274,3.0,4.0,1.0,8.0,6.8474576271186445,3.4237288135593222,7200.0,2398.3838006258416,2406.3838006258416,3.0020216106034447,2.992041418383658
3,machine_replacement,80,6400,4,polynomial_beta_1.00,6400.0,18.329113924050635,349.171270718232,3.0,4.0,1.0,8.0,6.886075949367089,3.4430379746835444,12800.0,3451.1288836187255,3459.1288836187255,3.7089313183164565,3.7003535949806636
3,machine_replacement,120,14400,4,polynomial_beta_1.00,14400.0,18.285714285714285,787.5,3.0,4.0,1.0,8.0,6.857142857142857,3.4285714285714284,28800.0,5648.022726016551,5656.022726016551,5.099129624131686,5.091917305693606
3,machine_replacement,160,25600,4,polynomial_beta_1.00,25600.0,18.22641509433962,1404.5548654244308,3.0,4.0,1.0,8.0,6.817610062893082,3.408805031446541,51200.0,7948.970054857901,7956.970054857901,6.4410860333672835,6.434610115032581
3,machine_replacement,240,57600,4,polynomial_beta_1.00,57600.0,18.21757322175732,3161.782269177768,3.0,4.0,1.0,8.0,6.8117154811715475,3.4058577405857737,115200.0,12884.41788965067,12892.41788965067,8.941032570243914,8.935484482897214
3,machine_replacement,320,102400,4,polynomial_beta_1.00,102400.0,18.213166144200628,5622.3063683304645,3.0,4.0,1.0,8.0,6.808777429467084,3.404388714733542,204800.0,18087.22782209535,18095.22782209535,11.322907081969545,11.317901162312365
3,admission_control,40,1600,4,polynomial_beta_1.00,1600.0,18.769230769230766,85.24590163934427,3.0,4.0,1.0,8.0,7.179487179487179,3.5897435897435894,3200.0,1502.1398665684615,1510.1398665684615,2.1302943029600745,2.1190090208474937
3,admission_control,60,3600,4,polynomial_beta_1.00,3600.0,18.677966101694913,192.7404718693285,3.0,4.0,1.0,8.0,7.11864406779661,3.559322033898305,7200.0,2492.894050155578,2500.894050155578,2.8882093884217253,2.878970422418373
3,admission_control,80,6400,4,polynomial_beta_1.00,6400.0,18.594936708860757,344.17971409121856,3.0,4.0,1.0,8.0,7.063291139240506,3.531645569620253,12800.0,3539.6358769471485,3547.6358769471485,3.6161911690870574,3.6080365753361363
3,admission_control,120,14400,4,polynomial_beta_1.00,14400.0,18.588235294117645,774.6835443037976,3.0,4.0,1.0,8.0,7.0588235294117645,3.5294117647058822,28800.0,5813.788100311156,5821.788100311156,4.953740917812023,4.946933743339221
3,admission_control,160,25600,4,polynomial_beta_1.00,25600.0,18.566037735849058,1378.861788617886,3.0,4.0,1.0,8.0,7.044025157232705,3.5220125786163523,51200.0,8212.559466273846,8220.559466273846,6.234353639722278,6.228286555198117
3,admission_control,240,57600,4,polynomial_beta_1.00,57600.0,18.543933054393307,3106.1371841155233,3.0,4.0,1.0,8.0,7.02928870292887,3.514644351464435,115200.0,13295.576200622312,13303.576200622312,8.664536102963929,8.659325752921323
3,admission_control,320,102400,4,polynomial_beta_1.00,102400.0,18.523510971786834,5528.109663225588,3.0,4.0,1.0,8.0,7.015673981191222,3.507836990595611,204800.0,18636.475076357914,18644.475076357914,10.989202580471222,10.984487316550746
3,resource_allocation,40,1600,4,polynomial_beta_1.00,1600.0,20.769230769230766,77.03703703703705,3.0,4.0,1.0,8.0,8.512820512820513,4.256410256410256,3200.0,1778.8801275026044,1786.8801275026044,1.7988845625548284,1.7908308177742247
3,resource_allocation,60,3600,4,polynomial_beta_1.00,3600.0,20.711864406779664,173.81342062193124,3.0,4.0,1.0,8.0,8.474576271186441,4.237288135593221,7200.0,2965.4452978042596,2973.4452978042596,2.4279658793002126,2.4214334816641285
3,resource_allocation,80,6400,4,polynomial_beta_1.00,6400.0,20.683544303797472,309.4247246022031,3.0,4.0,1.0,8.0,8.455696202531646,4.227848101265823,12800.0,4235.0479673847585,4243.0479673847585,3.0223978803962166,3.016699339340582
3,resource_allocation,120,14400,4,polynomial_beta_1.00,14400.0,20.655462184873947,697.1521562245729,3.0,4.0,1.0,8.0,8.436974789915967,4.218487394957983,28800.0,6946.518157990953,6954.518157990953,4.145961954604526,4.1411927247480005
3,resource_allocation,160,25600,4,polynomial_beta_1.00,25600.0,20.641509433962263,1240.2193784277881,3.0,4.0,1.0,8.0,8.427672955974844,4.213836477987422,51200.0,9823.383647149067,9831.383647149067,5.212053385989788,5.207812230463321
3,resource_allocation,240,57600,4,polynomial_beta_1.00,57600.0,20.602510460251047,2795.7757920389927,3.0,4.0,1.0,8.0,8.401673640167363,4.200836820083682,115200.0,15889.036315981906,15897.036315981906,7.250282377674892,7.246633756770435
3,resource_allocation,320,102400,4,polynomial_beta_1.00,102400.0,20.60188087774295,4970.419963481436,3.0,4.0,1.0,8.0,8.401253918495298,4.200626959247649,204800.0,22314.76729429813,22322.76729429813,9.17777888063975,9.174489761953113
3,random_structured,40,1600,4,polynomial_beta_1.00,1600.0,18.615384615384613,85.9504132231405,3.0,4.0,1.0,8.0,7.076923076923077,3.5384615384615383,3200.0,1480.852154188912,1488.852154188912,2.1609179491336152,2.149306760242609
3,random_structured,60,3600,4,polynomial_beta_1.00,3600.0,18.576271186440678,193.7956204379562,3.0,4.0,1.0,8.0,7.0508474576271185,3.5254237288135593,7200.0,2469.2664877731436,2477.2664877731436,2.9158456714379053,2.9064293387637115
3,random_structured,80,6400,4,polynomial_beta_1.00,6400.0,18.481012658227847,346.3013698630137,3.0,4.0,1.0,8.0,6.987341772151899,3.4936708860759493,12800.0,3501.704308377824,3509.704308377824,3.655362895540898,3.6470308821873734
3,random_structured,120,14400,4,polynomial_beta_1.00,14400.0,18.53781512605042,776.7905711695377,3.0,4.0,1.0,8.0,7.025210084033613,3.5126050420168067,28800.0,5786.160537928722,5794.160537928722,4.977393871326903,4.970521581422273
3,random_structured,160,25600,4,polynomial_beta_1.00,25600.0,18.49056603773585,1384.4897959183672,3.0,4.0,1.0,8.0,6.9937106918239,3.49685534591195,51200.0,8153.984041514747,8161.984041514747,6.2791390980560085,6.272984575757393
3,random_structured,240,57600,4,polynomial_beta_1.00,57600.0,18.468619246861923,3118.8038060715908,3.0,4.0,1.0,8.0,6.979079497907949,3.4895397489539746,115200.0,13200.69351347501,13208.69351347501,8.726814230055876,8.721528732760536
3,random_structured,320,102400,4,polynomial_beta_1.00,102400.0,18.438871473354233,5553.485209112547,3.0,4.0,1.0,8.0,6.959247648902821,3.4796238244514104,204800.0,18486.68037064994,18494.68037064994,11.078246385713856,11.073454414762773
4,inventory_threshold,40,1600,4,polynomial_beta_1.00,1600.0,20.46153846153846,78.19548872180452,3.0,4.0,1.0,8.0,8.307692307692307,4.153846153846153,3200.0,1736.3047027435055,1744.3047027435055,1.8429944899324033,1.834541863567142
4,inventory_threshold,60,3600,4,polynomial_beta_1.00,3600.0,20.305084745762713,177.29549248747912,3.0,4.0,1.0,8.0,8.203389830508474,4.101694915254237,7200.0,2870.935048274523,2878.935048274523,2.507893727629719,2.5009247792218474
4,inventory_threshold,80,6400,4,polynomial_beta_1.00,6400.0,20.303797468354432,315.21197007481294,3.0,4.0,1.0,8.0,8.20253164556962,4.10126582278481,12800.0,4108.609405487011,4116.609405487011,3.1154093117018413,3.1093549907695723
4,inventory_threshold,120,14400,4,polynomial_beta_1.00,14400.0,20.252100840336134,711.0373443983402,3.0,4.0,1.0,8.0,8.168067226890756,4.084033613445378,28800.0,6725.49765893148,6733.49765893148,4.282210991740294,4.277123340467633
4,inventory_threshold,160,25600,4,polynomial_beta_1.00,25600.0,20.226415094339625,1265.6716417910445,3.0,4.0,1.0,8.0,8.150943396226415,4.0754716981132075,51200.0,9501.218810974022,9509.218810974022,5.38878232557526,5.384248802952471
4,inventory_threshold,240,57600,4,polynomial_beta_1.00,57600.0,20.20083682008368,2851.367025683513,3.0,4.0,1.0,8.0,8.13389121338912,4.06694560669456,115200.0,15382.99531786296,15390.99531786296,7.488788601932945,7.48489604608596
4,inventory_threshold,320,102400,4,polynomial_beta_1.00,102400.0,20.188087774294672,5072.298136645963,3.0,4.0,1.0,8.0,8.12539184952978,4.06269592476489,204800.0,21582.43762194804,21590.43762194804,9.489196891815904,9.485680817873181
4,machine_replacement,40,1600,4,polynomial_beta_1.00,1600.0,18.46153846153846,86.66666666666667,3.0,4.0,1.0,8.0,6.9743589743589745,3.4871794871794872,3200.0,1459.5644418093627,1467.5644418093627,2.192434885597165,2.180483465553795
4,machine_replacement,60,3600,4,polynomial_beta_1.00,3600.0,18.271186440677965,197.03153988868274,3.0,4.0,1.0,8.0,6.8474576271186445,3.4237288135593222,7200.0,2398.3838006258416,2406.3838006258416,3.0020216106034447,2.992041418383658
4,machine_replacement,80,6400,4,polynomial_beta_1.00,6400.0,18.329113924050635,349.171270718232,3.0,4.0,1.0,8.0,6.886075949367089,3.4430379746835444,12800.0,3451.1288836187255,3459.1288836187255,3.7089313183164565,3.7003535949806636
4,machine_replacement,120,14400,4,polynomial_beta_1.00,14400.0,18.285714285714285,787.5,3.0,4.0,1.0,8.0,6.857142857142857,3.4285714285714284,28800.0,5648.022726016551,5656.022726016551,5.099129624131686,5.091917305693606
4,machine_replacement,160,25600,4,polynomial_beta_1.00,25600.0,18.22641509433962,1404.5548654244308,3.0,4.0,1.0,8.0,6.817610062893082,3.408805031446541,51200.0,7948.970054857901,7956.970054857901,6.4410860333672835,6.434610115032581
4,machine_replacement,240,57600,4,polynomial_beta_1.00,57600.0,18.21757322175732,3161.782269177768,3.0,4.0,1.0,8.0,6.8117154811715475,3.4058577405857737,115200.0,12884.41788965067,12892.41788965067,8.941032570243914,8.935484482897214
4,machine_replacement,320,102400,4,polynomial_beta_1.00,102400.0,18.213166144200628,5622.3063683304645,3.0,4.0,1.0,8.0,6.808777429467084,3.404388714733542,204800.0,18087.22782209535,18095.22782209535,11.322907081969545,11.317901162312365
4,admission_control,40,1600,4,polynomial_beta_1.00,1600.0,18.769230769230766,85.24590163934427,3.0,4.0,1.0,8.0,7.179487179487179,3.5897435897435894,3200.0,1502.1398665684615,1510.1398665684615,2.1302943029600745,2.1190090208474937
4,admission_control,60,3600,4,polynomial_beta_1.00,3600.0,18.677966101694913,192.7404718693285,3.0,4.0,1.0,8.0,7.11864406779661,3.559322033898305,7200.0,2492.894050155578,2500.894050155578,2.8882093884217253,2.878970422418373
4,admission_control,80,6400,4,polynomial_beta_1.00,6400.0,18.594936708860757,344.17971409121856,3.0,4.0,1.0,8.0,7.063291139240506,3.531645569620253,12800.0,3539.6358769471485,3547.6358769471485,3.6161911690870574,3.6080365753361363
4,admission_control,120,14400,4,polynomial_beta_1.00,14400.0,18.588235294117645,774.6835443037976,3.0,4.0,1.0,8.0,7.0588235294117645,3.5294117647058822,28800.0,5813.788100311156,5821.788100311156,4.953740917812023,4.946933743339221
4,admission_control,160,25600,4,polynomial_beta_1.00,25600.0,18.566037735849058,1378.861788617886,3.0,4.0,1.0,8.0,7.044025157232705,3.5220125786163523,51200.0,8212.559466273846,8220.559466273846,6.234353639722278,6.228286555198117
4,admission_control,240,57600,4,polynomial_beta_1.00,57600.0,18.543933054393307,3106.1371841155233,3.0,4.0,1.0,8.0,7.02928870292887,3.514644351464435,115200.0,13295.576200622312,13303.576200622312,8.664536102963929,8.659325752921323
4,admission_control,320,102400,4,polynomial_beta_1.00,102400.0,18.523510971786834,5528.109663225588,3.0,4.0,1.0,8.0,7.015673981191222,3.507836990595611,204800.0,18636.475076357914,18644.475076357914,10.989202580471222,10.984487316550746
4,resource_allocation,40,1600,4,polynomial_beta_1.00,1600.0,20.769230769230766,77.03703703703705,3.0,4.0,1.0,8.0,8.512820512820513,4.256410256410256,3200.0,1778.8801275026044,1786.8801275026044,1.7988845625548284,1.7908308177742247
4,resource_allocation,60,3600,4,polynomial_beta_1.00,3600.0,20.711864406779664,173.81342062193124,3.0,4.0,1.0,8.0,8.474576271186441,4.237288135593221,7200.0,2965.4452978042596,2973.4452978042596,2.4279658793002126,2.4214334816641285
4,resource_allocation,80,6400,4,polynomial_beta_1.00,6400.0,20.683544303797472,309.4247246022031,3.0,4.0,1.0,8.0,8.455696202531646,4.227848101265823,12800.0,4235.0479673847585,4243.0479673847585,3.0223978803962166,3.016699339340582
4,resource_allocation,120,14400,4,polynomial_beta_1.00,14400.0,20.655462184873947,697.1521562245729,3.0,4.0,1.0,8.0,8.436974789915967,4.218487394957983,28800.0,6946.518157990953,6954.518157990953,4.145961954604526,4.1411927247480005
4,resource_allocation,160,25600,4,polynomial_beta_1.00,25600.0,20.641509433962263,1240.2193784277881,3.0,4.0,1.0,8.0,8.427672955974844,4.213836477987422,51200.0,9823.383647149067,9831.383647149067,5.212053385989788,5.207812230463321
4,resource_allocation,240,57600,4,polynomial_beta_1.00,57600.0,20.602510460251047,2795.7757920389927,3.0,4.0,1.0,8.0,8.401673640167363,4.200836820083682,115200.0,15889.036315981906,15897.036315981906,7.250282377674892,7.246633756770435
4,resource_allocation,320,102400,4,polynomial_beta_1.00,102400.0,20.60188087774295,4970.419963481436,3.0,4.0,1.0,8.0,8.401253918495298,4.200626959247649,204800.0,22314.76729429813,22322.76729429813,9.17777888063975,9.174489761953113
4,random_structured,40,1600,4,polynomial_beta_1.00,1600.0,19.23076923076923,83.2,3.0,4.0,1.0,8.0,7.487179487179487,3.7435897435897436,3200.0,1566.0030037071099,1574.0030037071099,2.0434188136451987,2.0330329691006455
4,random_structured,60,3600,4,polynomial_beta_1.00,3600.0,19.1864406779661,187.6325088339223,3.0,4.0,1.0,8.0,7.4576271186440675,3.7288135593220337,7200.0,2611.031862067748,2619.031862067748,2.7575305014846205,2.749107448549915
4,random_structured,80,6400,4,polynomial_beta_1.00,6400.0,19.08860759493671,335.27851458885937,3.0,4.0,1.0,8.0,7.3924050632911396,3.6962025316455698,12800.0,3704.0060074142198,3712.0060074142198,3.4557179373841587,3.448270281468771
4,random_structured,120,14400,4,polynomial_beta_1.00,14400.0,19.142857142857142,752.2388059701493,3.0,4.0,1.0,8.0,7.428571428571428,3.714285714285714,28800.0,6117.69128651793,6125.69128651793,4.707658273549857,4.701510189288528
4,random_structured,160,25600,4,polynomial_beta_1.00,25600.0,19.132075471698112,1338.0670611439843,3.0,4.0,1.0,8.0,7.421383647798742,3.710691823899371,51200.0,8651.875151967088,8659.875151967088,5.917792282099584,5.912325420577217
4,random_structured,240,57600,4,polynomial_beta_1.00,57600.0,19.09623430962343,3016.301489921122,3.0,4.0,1.0,8.0,7.397489539748953,3.6987447698744766,115200.0,13991.38257303586,13999.38257303586,8.233639484779225,8.228934340424852
4,random_structured,320,102400,4,polynomial_beta_1.00,102400.0,19.078369905956112,5367.334866907657,3.0,4.0,1.0,8.0,7.385579937304075,3.6927899686520376,204800.0,19618.462591554624,19626.462591554624,10.439146240142309,10.434891109115433
5,inventory_threshold,40,1600,4,polynomial_beta_1.00,1600.0,20.46153846153846,78.19548872180452,3.0,4.0,1.0,8.0,8.307692307692307,4.153846153846153,3200.0,1736.3047027435055,1744.3047027435055,1.8429944899324033,1.834541863567142
5,inventory_threshold,60,3600,4,polynomial_beta_1.00,3600.0,20.305084745762713,177.29549248747912,3.0,4.0,1.0,8.0,8.203389830508474,4.101694915254237,7200.0,2870.935048274523,2878.935048274523,2.507893727629719,2.5009247792218474
5,inventory_threshold,80,6400,4,polynomial_beta_1.00,6400.0,20.303797468354432,315.21197007481294,3.0,4.0,1.0,8.0,8.20253164556962,4.10126582278481,12800.0,4108.609405487011,4116.609405487011,3.1154093117018413,3.1093549907695723
5,inventory_threshold,120,14400,4,polynomial_beta_1.00,14400.0,20.252100840336134,711.0373443983402,3.0,4.0,1.0,8.0,8.168067226890756,4.084033613445378,28800.0,6725.49765893148,6733.49765893148,4.282210991740294,4.277123340467633
5,inventory_threshold,160,25600,4,polynomial_beta_1.00,25600.0,20.226415094339625,1265.6716417910445,3.0,4.0,1.0,8.0,8.150943396226415,4.0754716981132075,51200.0,9501.218810974022,9509.218810974022,5.38878232557526,5.384248802952471
5,inventory_threshold,240,57600,4,polynomial_beta_1.00,57600.0,20.20083682008368,2851.367025683513,3.0,4.0,1.0,8.0,8.13389121338912,4.06694560669456,115200.0,15382.99531786296,15390.99531786296,7.488788601932945,7.48489604608596
5,inventory_threshold,320,102400,4,polynomial_beta_1.00,102400.0,20.188087774294672,5072.298136645963,3.0,4.0,1.0,8.0,8.12539184952978,4.06269592476489,204800.0,21582.43762194804,21590.43762194804,9.489196891815904,9.485680817873181
5,machine_replacement,40,1600,4,polynomial_beta_1.00,1600.0,18.46153846153846,86.66666666666667,3.0,4.0,1.0,8.0,6.9743589743589745,3.4871794871794872,3200.0,1459.5644418093627,1467.5644418093627,2.192434885597165,2.180483465553795
5,machine_replacement,60,3600,4,polynomial_beta_1.00,3600.0,18.271186440677965,197.03153988868274,3.0,4.0,1.0,8.0,6.8474576271186445,3.4237288135593222,7200.0,2398.3838006258416,2406.3838006258416,3.0020216106034447,2.992041418383658
5,machine_replacement,80,6400,4,polynomial_beta_1.00,6400.0,18.329113924050635,349.171270718232,3.0,4.0,1.0,8.0,6.886075949367089,3.4430379746835444,12800.0,3451.1288836187255,3459.1288836187255,3.7089313183164565,3.7003535949806636
5,machine_replacement,120,14400,4,polynomial_beta_1.00,14400.0,18.285714285714285,787.5,3.0,4.0,1.0,8.0,6.857142857142857,3.4285714285714284,28800.0,5648.022726016551,5656.022726016551,5.099129624131686,5.091917305693606
5,machine_replacement,160,25600,4,polynomial_beta_1.00,25600.0,18.22641509433962,1404.5548654244308,3.0,4.0,1.0,8.0,6.817610062893082,3.408805031446541,51200.0,7948.970054857901,7956.970054857901,6.4410860333672835,6.434610115032581
5,machine_replacement,240,57600,4,polynomial_beta_1.00,57600.0,18.21757322175732,3161.782269177768,3.0,4.0,1.0,8.0,6.8117154811715475,3.4058577405857737,115200.0,12884.41788965067,12892.41788965067,8.941032570243914,8.935484482897214
5,machine_replacement,320,102400,4,polynomial_beta_1.00,102400.0,18.213166144200628,5622.3063683304645,3.0,4.0,1.0,8.0,6.808777429467084,3.404388714733542,204800.0,18087.22782209535,18095.22782209535,11.322907081969545,11.317901162312365
5,admission_control,40,1600,4,polynomial_beta_1.00,1600.0,18.769230769230766,85.24590163934427,3.0,4.0,1.0,8.0,7.179487179487179,3.5897435897435894,3200.0,1502.1398665684615,1510.1398665684615,2.1302943029600745,2.1190090208474937
5,admission_control,60,3600,4,polynomial_beta_1.00,3600.0,18.677966101694913,192.7404718693285,3.0,4.0,1.0,8.0,7.11864406779661,3.559322033898305,7200.0,2492.894050155578,2500.894050155578,2.8882093884217253,2.878970422418373
5,admission_control,80,6400,4,polynomial_beta_1.00,6400.0,18.594936708860757,344.17971409121856,3.0,4.0,1.0,8.0,7.063291139240506,3.531645569620253,12800.0,3539.6358769471485,3547.6358769471485,3.6161911690870574,3.6080365753361363
5,admission_control,120,14400,4,polynomial_beta_1.00,14400.0,18.588235294117645,774.6835443037976,3.0,4.0,1.0,8.0,7.0588235294117645,3.5294117647058822,28800.0,5813.788100311156,5821.788100311156,4.953740917812023,4.946933743339221
5,admission_control,160,25600,4,polynomial_beta_1.00,25600.0,18.566037735849058,1378.861788617886,3.0,4.0,1.0,8.0,7.044025157232705,3.5220125786163523,51200.0,8212.559466273846,8220.559466273846,6.234353639722278,6.228286555198117
5,admission_control,240,57600,4,polynomial_beta_1.00,57600.0,18.543933054393307,3106.1371841155233,3.0,4.0,1.0,8.0,7.02928870292887,3.514644351464435,115200.0,13295.576200622312,13303.576200622312,8.664536102963929,8.659325752921323
5,admission_control,320,102400,4,polynomial_beta_1.00,102400.0,18.523510971786834,5528.109663225588,3.0,4.0,1.0,8.0,7.015673981191222,3.507836990595611,204800.0,18636.475076357914,18644.475076357914,10.989202580471222,10.984487316550746
5,resource_allocation,40,1600,4,polynomial_beta_1.00,1600.0,20.769230769230766,77.03703703703705,3.0,4.0,1.0,8.0,8.512820512820513,4.256410256410256,3200.0,1778.8801275026044,1786.8801275026044,1.7988845625548284,1.7908308177742247
5,resource_allocation,60,3600,4,polynomial_beta_1.00,3600.0,20.711864406779664,173.81342062193124,3.0,4.0,1.0,8.0,8.474576271186441,4.237288135593221,7200.0,2965.4452978042596,2973.4452978042596,2.4279658793002126,2.4214334816641285
5,resource_allocation,80,6400,4,polynomial_beta_1.00,6400.0,20.683544303797472,309.4247246022031,3.0,4.0,1.0,8.0,8.455696202531646,4.227848101265823,12800.0,4235.0479673847585,4243.0479673847585,3.0223978803962166,3.016699339340582
5,resource_allocation,120,14400,4,polynomial_beta_1.00,14400.0,20.655462184873947,697.1521562245729,3.0,4.0,1.0,8.0,8.436974789915967,4.218487394957983,28800.0,6946.518157990953,6954.518157990953,4.145961954604526,4.1411927247480005
5,resource_allocation,160,25600,4,polynomial_beta_1.00,25600.0,20.641509433962263,1240.2193784277881,3.0,4.0,1.0,8.0,8.427672955974844,4.213836477987422,51200.0,9823.383647149067,9831.383647149067,5.212053385989788,5.207812230463321
5,resource_allocation,240,57600,4,polynomial_beta_1.00,57600.0,20.602510460251047,2795.7757920389927,3.0,4.0,1.0,8.0,8.401673640167363,4.200836820083682,115200.0,15889.036315981906,15897.036315981906,7.250282377674892,7.246633756770435
5,resource_allocation,320,102400,4,polynomial_beta_1.00,102400.0,20.60188087774295,4970.419963481436,3.0,4.0,1.0,8.0,8.401253918495298,4.200626959247649,204800.0,22314.76729429813,22322.76729429813,9.17777888063975,9.174489761953113
5,random_structured,40,1600,4,polynomial_beta_1.00,1600.0,18.153846153846153,88.13559322033899,3.0,4.0,1.0,8.0,6.769230769230769,3.3846153846153846,3200.0,1416.9890170502638,1424.9890170502638,2.2583096703610432,2.245631342916607
5,random_structured,60,3600,4,polynomial_beta_1.00,3600.0,18.06779661016949,199.24953095684802,3.0,4.0,1.0,8.0,6.711864406779661,3.3559322033898304,7200.0,2351.1286758609735,2359.1286758609735,3.0623589741907216,3.051974262223035
5,random_structured,80,6400,4,polynomial_beta_1.00,6400.0,18.10126582278481,353.56643356643355,3.0,4.0,1.0,8.0,6.734177215189873,3.3670886075949364,12800.0,3375.265746480077,3383.265746480077,3.7922939885099667,3.7833268088139453
5,random_structured,120,14400,4,polynomial_beta_1.00,14400.0,17.983193277310924,800.7476635514018,3.0,4.0,1.0,8.0,6.655462184873949,3.3277310924369745,28800.0,5482.257351721947,5490.257351721947,5.2533104800259105,5.245655741614236
5,random_structured,160,25600,4,polynomial_beta_1.00,25600.0,18.0,1422.2222222222222,3.0,4.0,1.0,8.0,6.666666666666667,3.3333333333333335,51200.0,7773.243780580605,7781.243780580605,6.586696808340125,6.579924937935779
5,random_structured,240,57600,4,polynomial_beta_1.00,57600.0,17.99163179916318,3201.4883720930234,3.0,4.0,1.0,8.0,6.661087866108786,3.330543933054393,115200.0,12599.769828208762,12607.769828208762,9.143024163988029,9.137222646803899
5,random_structured,320,102400,4,polynomial_beta_1.00,102400.0,17.968652037617556,5698.813677599442,3.0,4.0,1.0,8.0,6.64576802507837,3.322884012539185,204800.0,17654.487561161208,17662.487561161208,11.600449987036013,11.595195710163917
6,inventory_threshold,40,1600,4,polynomial_beta_1.00,1600.0,20.46153846153846,78.19548872180452,3.0,4.0,1.0,8.0,8.307692307692307,4.153846153846153,3200.0,1736.3047027435055,1744.3047027435055,1.8429944899324033,1.834541863567142
6,inventory_threshold,60,3600,4,polynomial_beta_1.00,3600.0,20.305084745762713,177.29549248747912,3.0,4.0,1.0,8.0,8.203389830508474,4.101694915254237,7200.0,2870.935048274523,2878.935048274523,2.507893727629719,2.5009247792218474
6,inventory_threshold,80,6400,4,polynomial_beta_1.00,6400.0,20.303797468354432,315.21197007481294,3.0,4.0,1.0,8.0,8.20253164556962,4.10126582278481,12800.0,4108.609405487011,4116.609405487011,3.1154093117018413,3.1093549907695723
6,inventory_threshold,120,14400,4,polynomial_beta_1.00,14400.0,20.252100840336134,711.0373443983402,3.0,4.0,1.0,8.0,8.168067226890756,4.084033613445378,28800.0,6725.49765893148,6733.49765893148,4.282210991740294,4.277123340467633
6,inventory_threshold,160,25600,4,polynomial_beta_1.00,25600.0,20.226415094339625,1265.6716417910445,3.0,4.0,1.0,8.0,8.150943396226415,4.0754716981132075,51200.0,9501.218810974022,9509.218810974022,5.38878232557526,5.384248802952471
6,inventory_threshold,240,57600,4,polynomial_beta_1.00,57600.0,20.20083682008368,2851.367025683513,3.0,4.0,1.0,8.0,8.13389121338912,4.06694560669456,115200.0,15382.99531786296,15390.99531786296,7.488788601932945,7.48489604608596
6,inventory_threshold,320,102400,4,polynomial_beta_1.00,102400.0,20.188087774294672,5072.298136645963,3.0,4.0,1.0,8.0,8.12539184952978,4.06269592476489,204800.0,21582.43762194804,21590.43762194804,9.489196891815904,9.485680817873181
6,machine_replacement,40,1600,4,polynomial_beta_1.00,1600.0,18.46153846153846,86.66666666666667,3.0,4.0,1.0,8.0,6.9743589743589745,3.4871794871794872,3200.0,1459.5644418093627,1467.5644418093627,2.192434885597165,2.180483465553795
6,machine_replacement,60,3600,4,polynomial_beta_1.00,3600.0,18.271186440677965,197.03153988868274,3.0,4.0,1.0,8.0,6.8474576271186445,3.4237288135593222,7200.0,2398.3838006258416,2406.3838006258416,3.0020216106034447,2.992041418383658
6,machine_replacement,80,6400,4,polynomial_beta_1.00,6400.0,18.329113924050635,349.171270718232,3.0,4.0,1.0,8.0,6.886075949367089,3.4430379746835444,12800.0,3451.1288836187255,3459.1288836187255,3.7089313183164565,3.7003535949806636
6,machine_replacement,120,14400,4,polynomial_beta_1.00,14400.0,18.285714285714285,787.5,3.0,4.0,1.0,8.0,6.857142857142857,3.4285714285714284,28800.0,5648.022726016551,5656.022726016551,5.099129624131686,5.091917305693606
6,machine_replacement,160,25600,4,polynomial_beta_1.00,25600.0,18.22641509433962,1404.5548654244308,3.0,4.0,1.0,8.0,6.817610062893082,3.408805031446541,51200.0,7948.970054857901,7956.970054857901,6.4410860333672835,6.434610115032581
6,machine_replacement,240,57600,4,polynomial_beta_1.00,57600.0,18.21757322175732,3161.782269177768,3.0,4.0,1.0,8.0,6.8117154811715475,3.4058577405857737,115200.0,12884.41788965067,12892.41788965067,8.941032570243914,8.935484482897214
6,machine_replacement,320,102400,4,polynomial_beta_1.00,102400.0,18.213166144200628,5622.3063683304645,3.0,4.0,1.0,8.0,6.808777429467084,3.404388714733542,204800.0,18087.22782209535,18095.22782209535,11.322907081969545,11.317901162312365
6,admission_control,40,1600,4,polynomial_beta_1.00,1600.0,18.769230769230766,85.24590163934427,3.0,4.0,1.0,8.0,7.179487179487179,3.5897435897435894,3200.0,1502.1398665684615,1510.1398665684615,2.1302943029600745,2.1190090208474937
6,admission_control,60,3600,4,polynomial_beta_1.00,3600.0,18.677966101694913,192.7404718693285,3.0,4.0,1.0,8.0,7.11864406779661,3.559322033898305,7200.0,2492.894050155578,2500.894050155578,2.8882093884217253,2.878970422418373
6,admission_control,80,6400,4,polynomial_beta_1.00,6400.0,18.594936708860757,344.17971409121856,3.0,4.0,1.0,8.0,7.063291139240506,3.531645569620253,12800.0,3539.6358769471485,3547.6358769471485,3.6161911690870574,3.6080365753361363
6,admission_control,120,14400,4,polynomial_beta_1.00,14400.0,18.588235294117645,774.6835443037976,3.0,4.0,1.0,8.0,7.0588235294117645,3.5294117647058822,28800.0,5813.788100311156,5821.788100311156,4.953740917812023,4.946933743339221
6,admission_control,160,25600,4,polynomial_beta_1.00,25600.0,18.566037735849058,1378.861788617886,3.0,4.0,1.0,8.0,7.044025157232705,3.5220125786163523,51200.0,8212.559466273846,8220.559466273846,6.234353639722278,6.228286555198117
6,admission_control,240,57600,4,polynomial_beta_1.00,57600.0,18.543933054393307,3106.1371841155233,3.0,4.0,1.0,8.0,7.02928870292887,3.514644351464435,115200.0,13295.576200622312,13303.576200622312,8.664536102963929,8.659325752921323
6,admission_control,320,102400,4,polynomial_beta_1.00,102400.0,18.523510971786834,5528.109663225588,3.0,4.0,1.0,8.0,7.015673981191222,3.507836990595611,204800.0,18636.475076357914,18644.475076357914,10.989202580471222,10.984487316550746
6,resource_allocation,40,1600,4,polynomial_beta_1.00,1600.0,20.769230769230766,77.03703703703705,3.0,4.0,1.0,8.0,8.512820512820513,4.256410256410256,3200.0,1778.8801275026044,1786.8801275026044,1.7988845625548284,1.7908308177742247
6,resource_allocation,60,3600,4,polynomial_beta_1.00,3600.0,20.711864406779664,173.81342062193124,3.0,4.0,1.0,8.0,8.474576271186441,4.237288135593221,7200.0,2965.4452978042596,2973.4452978042596,2.4279658793002126,2.4214334816641285
6,resource_allocation,80,6400,4,polynomial_beta_1.00,6400.0,20.683544303797472,309.4247246022031,3.0,4.0,1.0,8.0,8.455696202531646,4.227848101265823,12800.0,4235.0479673847585,4243.0479673847585,3.0223978803962166,3.016699339340582
6,resource_allocation,120,14400,4,polynomial_beta_1.00,14400.0,20.655462184873947,697.1521562245729,3.0,4.0,1.0,8.0,8.436974789915967,4.218487394957983,28800.0,6946.518157990953,6954.518157990953,4.145961954604526,4.1411927247480005
6,resource_allocation,160,25600,4,polynomial_beta_1.00,25600.0,20.641509433962263,1240.2193784277881,3.0,4.0,1.0,8.0,8.427672955974844,4.213836477987422,51200.0,9823.383647149067,9831.383647149067,5.212053385989788,5.207812230463321
6,resource_allocation,240,57600,4,polynomial_beta_1.00,57600.0,20.602510460251047,2795.7757920389927,3.0,4.0,1.0,8.0,8.401673640167363,4.200836820083682,115200.0,15889.036315981906,15897.036315981906,7.250282377674892,7.246633756770435
6,resource_allocation,320,102400,4,polynomial_beta_1.00,102400.0,20.60188087774295,4970.419963481436,3.0,4.0,1.0,8.0,8.401253918495298,4.200626959247649,204800.0,22314.76729429813,22322.76729429813,9.17777888063975,9.174489761953113
6,random_structured,40,1600,4,polynomial_beta_1.00,1600.0,18.307692307692307,87.39495798319328,3.0,4.0,1.0,8.0,6.871794871794871,3.4358974358974357,3200.0,1438.2767294298133,1446.2767294298133,2.2248847767067743,2.2125779492155577
6,random_structured,60,3600,4,polynomial_beta_1.00,3600.0,18.271186440677965,197.03153988868274,3.0,4.0,1.0,8.0,6.8474576271186445,3.4237288135593222,7200.0,2398.3838006258416,2406.3838006258416,3.0020216106034447,2.992041418383658
6,random_structured,80,6400,4,polynomial_beta_1.00,6400.0,18.329113924050635,349.171270718232,3.0,4.0,1.0,8.0,6.886075949367089,3.4430379746835444,12800.0,3451.1288836187255,3459.1288836187255,3.7089313183164565,3.7003535949806636
6,random_structured,120,14400,4,polynomial_beta_1.00,14400.0,18.18487394957983,791.8669131238447,3.0,4.0,1.0,8.0,6.7899159663865545,3.3949579831932772,28800.0,5592.767601251683,5600.767601251683,5.149507730940662,5.142152299546165
6,random_structured,160,25600,4,polynomial_beta_1.00,25600.0,18.150943396226417,1410.3950103950103,3.0,4.0,1.0,8.0,6.767295597484277,3.3836477987421385,51200.0,7890.394630098802,7898.394630098802,6.488902317343142,6.482329941440206
6,random_structured,240,57600,4,polynomial_beta_1.00,57600.0,18.14225941422594,3174.907749077491,3.0,4.0,1.0,8.0,6.761506276150627,3.3807531380753133,115200.0,12789.535202503366,12797.535202503366,9.007364081335126,9.001733394526266
6,random_structured,320,102400,4,polynomial_beta_1.00,102400.0,18.137931034482758,5645.627376425856,3.0,4.0,1.0,8.0,6.758620689655172,3.379310344827586,204800.0,17954.076972577153,17962.076972577153,11.40687991439544,11.401799486366182
7,inventory_threshold,40,1600,4,polynomial_beta_1.00,1600.0,20.46153846153846,78.19548872180452,3.0,4.0,1.0,8.0,8.307692307692307,4.153846153846153,3200.0,1736.3047027435055,1744.3047027435055,1.8429944899324033,1.834541863567142
7,inventory_threshold,60,3600,4,polynomial_beta_1.00,3600.0,20.305084745762713,177.29549248747912,3.0,4.0,1.0,8.0,8.203389830508474,4.101694915254237,7200.0,2870.935048274523,2878.935048274523,2.507893727629719,2.5009247792218474
7,inventory_threshold,80,6400,4,polynomial_beta_1.00,6400.0,20.303797468354432,315.21197007481294,3.0,4.0,1.0,8.0,8.20253164556962,4.10126582278481,12800.0,4108.609405487011,4116.609405487011,3.1154093117018413,3.1093549907695723
7,inventory_threshold,120,14400,4,polynomial_beta_1.00,14400.0,20.252100840336134,711.0373443983402,3.0,4.0,1.0,8.0,8.168067226890756,4.084033613445378,28800.0,6725.49765893148,6733.49765893148,4.282210991740294,4.277123340467633
7,inventory_threshold,160,25600,4,polynomial_beta_1.00,25600.0,20.226415094339625,1265.6716417910445,3.0,4.0,1.0,8.0,8.150943396226415,4.0754716981132075,51200.0,9501.218810974022,9509.218810974022,5.38878232557526,5.384248802952471
7,inventory_threshold,240,57600,4,polynomial_beta_1.00,57600.0,20.20083682008368,2851.367025683513,3.0,4.0,1.0,8.0,8.13389121338912,4.06694560669456,115200.0,15382.99531786296,15390.99531786296,7.488788601932945,7.48489604608596
7,inventory_threshold,320,102400,4,polynomial_beta_1.00,102400.0,20.188087774294672,5072.298136645963,3.0,4.0,1.0,8.0,8.12539184952978,4.06269592476489,204800.0,21582.43762194804,21590.43762194804,9.489196891815904,9.485680817873181
7,machine_replacement,40,1600,4,polynomial_beta_1.00,1600.0,18.46153846153846,86.66666666666667,3.0,4.0,1.0,8.0,6.9743589743589745,3.4871794871794872,3200.0,1459.5644418093627,1467.5644418093627,2.192434885597165,2.180483465553795
7,machine_replacement,60,3600,4,polynomial_beta_1.00,3600.0,18.271186440677965,197.03153988868274,3.0,4.0,1.0,8.0,6.8474576271186445,3.4237288135593222,7200.0,2398.3838006258416,2406.3838006258416,3.0020216106034447,2.992041418383658
7,machine_replacement,80,6400,4,polynomial_beta_1.00,6400.0,18.329113924050635,349.171270718232,3.0,4.0,1.0,8.0,6.886075949367089,3.4430379746835444,12800.0,3451.1288836187255,3459.1288836187255,3.7089313183164565,3.7003535949806636
7,machine_replacement,120,14400,4,polynomial_beta_1.00,14400.0,18.285714285714285,787.5,3.0,4.0,1.0,8.0,6.857142857142857,3.4285714285714284,28800.0,5648.022726016551,5656.022726016551,5.099129624131686,5.091917305693606
7,machine_replacement,160,25600,4,polynomial_beta_1.00,25600.0,18.22641509433962,1404.5548654244308,3.0,4.0,1.0,8.0,6.817610062893082,3.408805031446541,51200.0,7948.970054857901,7956.970054857901,6.4410860333672835,6.434610115032581
7,machine_replacement,240,57600,4,polynomial_beta_1.00,57600.0,18.21757322175732,3161.782269177768,3.0,4.0,1.0,8.0,6.8117154811715475,3.4058577405857737,115200.0,12884.41788965067,12892.41788965067,8.941032570243914,8.935484482897214
7,machine_replacement,320,102400,4,polynomial_beta_1.00,102400.0,18.213166144200628,5622.3063683304645,3.0,4.0,1.0,8.0,6.808777429467084,3.404388714733542,204800.0,18087.22782209535,18095.22782209535,11.322907081969545,11.317901162312365
7,admission_control,40,1600,4,polynomial_beta_1.00,1600.0,18.769230769230766,85.24590163934427,3.0,4.0,1.0,8.0,7.179487179487179,3.5897435897435894,3200.0,1502.1398665684615,1510.1398665684615,2.1302943029600745,2.1190090208474937
7,admission_control,60,3600,4,polynomial_beta_1.00,3600.0,18.677966101694913,192.7404718693285,3.0,4.0,1.0,8.0,7.11864406779661,3.559322033898305,7200.0,2492.894050155578,2500.894050155578,2.8882093884217253,2.878970422418373
7,admission_control,80,6400,4,polynomial_beta_1.00,6400.0,18.594936708860757,344.17971409121856,3.0,4.0,1.0,8.0,7.063291139240506,3.531645569620253,12800.0,3539.6358769471485,3547.6358769471485,3.6161911690870574,3.6080365753361363
7,admission_control,120,14400,4,polynomial_beta_1.00,14400.0,18.588235294117645,774.6835443037976,3.0,4.0,1.0,8.0,7.0588235294117645,3.5294117647058822,28800.0,5813.788100311156,5821.788100311156,4.953740917812023,4.946933743339221
7,admission_control,160,25600,4,polynomial_beta_1.00,25600.0,18.566037735849058,1378.861788617886,3.0,4.0,1.0,8.0,7.044025157232705,3.5220125786163523,51200.0,8212.559466273846,8220.559466273846,6.234353639722278,6.228286555198117
7,admission_control,240,57600,4,polynomial_beta_1.00,57600.0,18.543933054393307,3106.1371841155233,3.0,4.0,1.0,8.0,7.02928870292887,3.514644351464435,115200.0,13295.576200622312,13303.576200622312,8.664536102963929,8.659325752921323
7,admission_control,320,102400,4,polynomial_beta_1.00,102400.0,18.523510971786834,5528.109663225588,3.0,4.0,1.0,8.0,7.015673981191222,3.507836990595611,204800.0,18636.475076357914,18644.475076357914,10.989202580471222,10.984487316550746
7,resource_allocation,40,1600,4,polynomial_beta_1.00,1600.0,20.769230769230766,77.03703703703705,3.0,4.0,1.0,8.0,8.512820512820513,4.256410256410256,3200.0,1778.8801275026044,1786.8801275026044,1.7988845625548284,1.7908308177742247
7,resource_allocation,60,3600,4,polynomial_beta_1.00,3600.0,20.711864406779664,173.81342062193124,3.0,4.0,1.0,8.0,8.474576271186441,4.237288135593221,7200.0,2965.4452978042596,2973.4452978042596,2.4279658793002126,2.4214334816641285
7,resource_allocation,80,6400,4,polynomial_beta_1.00,6400.0,20.683544303797472,309.4247246022031,3.0,4.0,1.0,8.0,8.455696202531646,4.227848101265823,12800.0,4235.0479673847585,4243.0479673847585,3.0223978803962166,3.016699339340582
7,resource_allocation,120,14400,4,polynomial_beta_1.00,14400.0,20.655462184873947,697.1521562245729,3.0,4.0,1.0,8.0,8.436974789915967,4.218487394957983,28800.0,6946.518157990953,6954.518157990953,4.145961954604526,4.1411927247480005
7,resource_allocation,160,25600,4,polynomial_beta_1.00,25600.0,20.641509433962263,1240.2193784277881,3.0,4.0,1.0,8.0,8.427672955974844,4.213836477987422,51200.0,9823.383647149067,9831.383647149067,5.212053385989788,5.207812230463321
7,resource_allocation,240,57600,4,polynomial_beta_1.00,57600.0,20.602510460251047,2795.7757920389927,3.0,4.0,1.0,8.0,8.401673640167363,4.200836820083682,115200.0,15889.036315981906,15897.036315981906,7.250282377674892,7.246633756770435
7,resource_allocation,320,102400,4,polynomial_beta_1.00,102400.0,20.60188087774295,4970.419963481436,3.0,4.0,1.0,8.0,8.401253918495298,4.200626959247649,204800.0,22314.76729429813,22322.76729429813,9.17777888063975,9.174489761953113
7,random_structured,40,1600,4,polynomial_beta_1.00,1600.0,18.0,88.88888888888889,3.0,4.0,1.0,8.0,6.666666666666666,3.333333333333333,3200.0,1395.7013046707143,1403.7013046707143,2.2927541797741395,2.279687273462119
7,random_structured,60,3600,4,polynomial_beta_1.00,3600.0,18.06779661016949,199.24953095684802,3.0,4.0,1.0,8.0,6.711864406779661,3.3559322033898304,7200.0,2351.1286758609735,2359.1286758609735,3.0623589741907216,3.051974262223035
7,random_structured,80,6400,4,polynomial_beta_1.00,6400.0,18.025316455696203,355.0561797752809,3.0,4.0,1.0,8.0,6.6835443037974684,3.3417721518987342,12800.0,3349.9780341005276,3357.9780341005276,3.820920576106647,3.811817668256018
7,random_structured,120,14400,4,polynomial_beta_1.00,14400.0,17.983193277310924,800.7476635514018,3.0,4.0,1.0,8.0,6.655462184873949,3.3277310924369745,28800.0,5482.257351721947,5490.257351721947,5.2533104800259105,5.245655741614236
7,random_structured,160,25600,4,polynomial_beta_1.00,25600.0,18.0,1422.2222222222222,3.0,4.0,1.0,8.0,6.666666666666667,3.3333333333333335,51200.0,7773.243780580605,7781.243780580605,6.586696808340125,6.579924937935779
7,random_structured,240,57600,4,polynomial_beta_1.00,57600.0,17.96652719665272,3205.961807172799,3.0,4.0,1.0,8.0,6.644351464435146,3.322175732217573,115200.0,12568.142265826327,12576.142265826327,9.166032462350223,9.160201718856007
7,random_structured,320,102400,4,polynomial_beta_1.00,102400.0,17.93103448275862,5710.769230769231,3.0,4.0,1.0,8.0,6.620689655172414,3.310344827586207,204800.0,17587.91213640211,17595.91213640211,11.64436110504104,11.639066983990755
8,inventory_threshold,40,1600,4,polynomial_beta_1.00,1600.0,20.46153846153846,78.19548872180452,3.0,4.0,1.0,8.0,8.307692307692307,4.153846153846153,3200.0,1736.3047027435055,1744.3047027435055,1.8429944899324033,1.834541863567142
8,inventory_threshold,60,3600,4,polynomial_beta_1.00,3600.0,20.305084745762713,177.29549248747912,3.0,4.0,1.0,8.0,8.203389830508474,4.101694915254237,7200.0,2870.935048274523,2878.935048274523,2.507893727629719,2.5009247792218474
8,inventory_threshold,80,6400,4,polynomial_beta_1.00,6400.0,20.303797468354432,315.21197007481294,3.0,4.0,1.0,8.0,8.20253164556962,4.10126582278481,12800.0,4108.609405487011,4116.609405487011,3.1154093117018413,3.1093549907695723
8,inventory_threshold,120,14400,4,polynomial_beta_1.00,14400.0,20.252100840336134,711.0373443983402,3.0,4.0,1.0,8.0,8.168067226890756,4.084033613445378,28800.0,6725.49765893148,6733.49765893148,4.282210991740294,4.277123340467633
8,inventory_threshold,160,25600,4,polynomial_beta_1.00,25600.0,20.226415094339625,1265.6716417910445,3.0,4.0,1.0,8.0,8.150943396226415,4.0754716981132075,51200.0,9501.218810974022,9509.218810974022,5.38878232557526,5.384248802952471
8,inventory_threshold,240,57600,4,polynomial_beta_1.00,57600.0,20.20083682008368,2851.367025683513,3.0,4.0,1.0,8.0,8.13389121338912,4.06694560669456,115200.0,15382.99531786296,15390.99531786296,7.488788601932945,7.48489604608596
8,inventory_threshold,320,102400,4,polynomial_beta_1.00,102400.0,20.188087774294672,5072.298136645963,3.0,4.0,1.0,8.0,8.12539184952978,4.06269592476489,204800.0,21582.43762194804,21590.43762194804,9.489196891815904,9.485680817873181
8,machine_replacement,40,1600,4,polynomial_beta_1.00,1600.0,18.46153846153846,86.66666666666667,3.0,4.0,1.0,8.0,6.9743589743589745,3.4871794871794872,3200.0,1459.5644418093627,1467.5644418093627,2.192434885597165,2.180483465553795
8,machine_replacement,60,3600,4,polynomial_beta_1.00,3600.0,18.271186440677965,197.03153988868274,3.0,4.0,1.0,8.0,6.8474576271186445,3.4237288135593222,7200.0,2398.3838006258416,2406.3838006258416,3.0020216106034447,2.992041418383658
8,machine_replacement,80,6400,4,polynomial_beta_1.00,6400.0,18.329113924050635,349.171270718232,3.0,4.0,1.0,8.0,6.886075949367089,3.4430379746835444,12800.0,3451.1288836187255,3459.1288836187255,3.7089313183164565,3.7003535949806636
8,machine_replacement,120,14400,4,polynomial_beta_1.00,14400.0,18.285714285714285,787.5,3.0,4.0,1.0,8.0,6.857142857142857,3.4285714285714284,28800.0,5648.022726016551,5656.022726016551,5.099129624131686,5.091917305693606
8,machine_replacement,160,25600,4,polynomial_beta_1.00,25600.0,18.22641509433962,1404.5548654244308,3.0,4.0,1.0,8.0,6.817610062893082,3.408805031446541,51200.0,7948.970054857901,7956.970054857901,6.4410860333672835,6.434610115032581
8,machine_replacement,240,57600,4,polynomial_beta_1.00,57600.0,18.21757322175732,3161.782269177768,3.0,4.0,1.0,8.0,6.8117154811715475,3.4058577405857737,115200.0,12884.41788965067,12892.41788965067,8.941032570243914,8.935484482897214
8,machine_replacement,320,102400,4,polynomial_beta_1.00,102400.0,18.213166144200628,5622.3063683304645,3.0,4.0,1.0,8.0,6.808777429467084,3.404388714733542,204800.0,18087.22782209535,18095.22782209535,11.322907081969545,11.317901162312365
8,admission_control,40,1600,4,polynomial_beta_1.00,1600.0,18.769230769230766,85.24590163934427,3.0,4.0,1.0,8.0,7.179487179487179,3.5897435897435894,3200.0,1502.1398665684615,1510.1398665684615,2.1302943029600745,2.1190090208474937
8,admission_control,60,3600,4,polynomial_beta_1.00,3600.0,18.677966101694913,192.7404718693285,3.0,4.0,1.0,8.0,7.11864406779661,3.559322033898305,7200.0,2492.894050155578,2500.894050155578,2.8882093884217253,2.878970422418373
8,admission_control,80,6400,4,polynomial_beta_1.00,6400.0,18.594936708860757,344.17971409121856,3.0,4.0,1.0,8.0,7.063291139240506,3.531645569620253,12800.0,3539.6358769471485,3547.6358769471485,3.6161911690870574,3.6080365753361363
8,admission_control,120,14400,4,polynomial_beta_1.00,14400.0,18.588235294117645,774.6835443037976,3.0,4.0,1.0,8.0,7.0588235294117645,3.5294117647058822,28800.0,5813.788100311156,5821.788100311156,4.953740917812023,4.946933743339221
8,admission_control,160,25600,4,polynomial_beta_1.00,25600.0,18.566037735849058,1378.861788617886,3.0,4.0,1.0,8.0,7.044025157232705,3.5220125786163523,51200.0,8212.559466273846,8220.559466273846,6.234353639722278,6.228286555198117
8,admission_control,240,57600,4,polynomial_beta_1.00,57600.0,18.543933054393307,3106.1371841155233,3.0,4.0,1.0,8.0,7.02928870292887,3.514644351464435,115200.0,13295.576200622312,13303.576200622312,8.664536102963929,8.659325752921323
8,admission_control,320,102400,4,polynomial_beta_1.00,102400.0,18.523510971786834,5528.109663225588,3.0,4.0,1.0,8.0,7.015673981191222,3.507836990595611,204800.0,18636.475076357914,18644.475076357914,10.989202580471222,10.984487316550746
8,resource_allocation,40,1600,4,polynomial_beta_1.00,1600.0,20.769230769230766,77.03703703703705,3.0,4.0,1.0,8.0,8.512820512820513,4.256410256410256,3200.0,1778.8801275026044,1786.8801275026044,1.7988845625548284,1.7908308177742247
8,resource_allocation,60,3600,4,polynomial_beta_1.00,3600.0,20.711864406779664,173.81342062193124,3.0,4.0,1.0,8.0,8.474576271186441,4.237288135593221,7200.0,2965.4452978042596,2973.4452978042596,2.4279658793002126,2.4214334816641285
8,resource_allocation,80,6400,4,polynomial_beta_1.00,6400.0,20.683544303797472,309.4247246022031,3.0,4.0,1.0,8.0,8.455696202531646,4.227848101265823,12800.0,4235.0479673847585,4243.0479673847585,3.0223978803962166,3.016699339340582
8,resource_allocation,120,14400,4,polynomial_beta_1.00,14400.0,20.655462184873947,697.1521562245729,3.0,4.0,1.0,8.0,8.436974789915967,4.218487394957983,28800.0,6946.518157990953,6954.518157990953,4.145961954604526,4.1411927247480005
8,resource_allocation,160,25600,4,polynomial_beta_1.00,25600.0,20.641509433962263,1240.2193784277881,3.0,4.0,1.0,8.0,8.427672955974844,4.213836477987422,51200.0,9823.383647149067,9831.383647149067,5.212053385989788,5.207812230463321
8,resource_allocation,240,57600,4,polynomial_beta_1.00,57600.0,20.602510460251047,2795.7757920389927,3.0,4.0,1.0,8.0,8.401673640167363,4.200836820083682,115200.0,15889.036315981906,15897.036315981906,7.250282377674892,7.246633756770435
8,resource_allocation,320,102400,4,polynomial_beta_1.00,102400.0,20.60188087774295,4970.419963481436,3.0,4.0,1.0,8.0,8.401253918495298,4.200626959247649,204800.0,22314.76729429813,22322.76729429813,9.17777888063975,9.174489761953113
8,random_structured,40,1600,4,polynomial_beta_1.00,1600.0,19.076923076923077,83.87096774193549,3.0,4.0,1.0,8.0,7.384615384615384,3.692307692307692,3200.0,1544.7152913275604,1552.7152913275604,2.0715791563439847,2.060905832429861
8,random_structured,60,3600,4,polynomial_beta_1.00,3600.0,19.084745762711865,188.6323268206039,3.0,4.0,1.0,8.0,7.389830508474576,3.694915254237288,7200.0,2587.404299685314,2595.404299685314,2.782711615991239,2.774134265275349
8,random_structured,80,6400,4,polynomial_beta_1.00,6400.0,19.0126582278481,336.6178428761651,3.0,4.0,1.0,8.0,7.341772151898734,3.670886075949367,12800.0,3678.7182950346705,3686.7182950346705,3.4794727330104966,3.4719224458346165
8,random_structured,120,14400,4,polynomial_beta_1.00,14400.0,18.991596638655462,758.2300884955753,3.0,4.0,1.0,8.0,7.3277310924369745,3.6638655462184873,28800.0,6034.808599370628,6042.808599370628,4.772313740489394,4.7659957330105716
8,random_structured,160,25600,4,polynomial_beta_1.00,25600.0,18.9811320754717,1348.7077534791251,3.0,4.0,1.0,8.0,7.320754716981132,3.660377358490566,51200.0,8534.72430244889,8542.72430244889,5.999022134236844,5.993404233509304
8,random_structured,240,57600,4,polynomial_beta_1.00,57600.0,18.92050209205021,3044.316674038036,3.0,4.0,1.0,8.0,7.2803347280334725,3.6401673640167362,115200.0,13769.989636358823,13777.989636358823,8.36601936836767,8.361161754396882
8,random_structured,320,102400,4,polynomial_beta_1.00,102400.0,18.946708463949843,5404.63269358041,3.0,4.0,1.0,8.0,7.297805642633229,3.6489028213166144,204800.0,19385.448604897778,19393.448604897778,10.564625259600998,10.560267241396053
9,inventory_threshold,40,1600,4,polynomial_beta_1.00,1600.0,20.46153846153846,78.19548872180452,3.0,4.0,1.0,8.0,8.307692307692307,4.153846153846153,3200.0,1736.3047027435055,1744.3047027435055,1.8429944899324033,1.834541863567142
9,inventory_threshold,60,3600,4,polynomial_beta_1.00,3600.0,20.305084745762713,177.29549248747912,3.0,4.0,1.0,8.0,8.203389830508474,4.101694915254237,7200.0,2870.935048274523,2878.935048274523,2.507893727629719,2.5009247792218474
9,inventory_threshold,80,6400,4,polynomial_beta_1.00,6400.0,20.303797468354432,315.21197007481294,3.0,4.0,1.0,8.0,8.20253164556962,4.10126582278481,12800.0,4108.609405487011,4116.609405487011,3.1154093117018413,3.1093549907695723
9,inventory_threshold,120,14400,4,polynomial_beta_1.00,14400.0,20.252100840336134,711.0373443983402,3.0,4.0,1.0,8.0,8.168067226890756,4.084033613445378,28800.0,6725.49765893148,6733.49765893148,4.282210991740294,4.277123340467633
9,inventory_threshold,160,25600,4,polynomial_beta_1.00,25600.0,20.226415094339625,1265.6716417910445,3.0,4.0,1.0,8.0,8.150943396226415,4.0754716981132075,51200.0,9501.218810974022,9509.218810974022,5.38878232557526,5.384248802952471
9,inventory_threshold,240,57600,4,polynomial_beta_1.00,57600.0,20.20083682008368,2851.367025683513,3.0,4.0,1.0,8.0,8.13389121338912,4.06694560669456,115200.0,15382.99531786296,15390.99531786296,7.488788601932945,7.48489604608596
9,inventory_threshold,320,102400,4,polynomial_beta_1.00,102400.0,20.188087774294672,5072.298136645963,3.0,4.0,1.0,8.0,8.12539184952978,4.06269592476489,204800.0,21582.43762194804,21590.43762194804,9.489196891815904,9.485680817873181
9,machine_replacement,40,1600,4,polynomial_beta_1.00,1600.0,18.46153846153846,86.66666666666667,3.0,4.0,1.0,8.0,6.9743589743589745,3.4871794871794872,3200.0,1459.5644418093627,1467.5644418093627,2.192434885597165,2.180483465553795
9,machine_replacement,60,3600,4,polynomial_beta_1.00,3600.0,18.271186440677965,197.03153988868274,3.0,4.0,1.0,8.0,6.8474576271186445,3.4237288135593222,7200.0,2398.3838006258416,2406.3838006258416,3.0020216106034447,2.992041418383658
9,machine_replacement,80,6400,4,polynomial_beta_1.00,6400.0,18.329113924050635,349.171270718232,3.0,4.0,1.0,8.0,6.886075949367089,3.4430379746835444,12800.0,3451.1288836187255,3459.1288836187255,3.7089313183164565,3.7003535949806636
9,machine_replacement,120,14400,4,polynomial_beta_1.00,14400.0,18.285714285714285,787.5,3.0,4.0,1.0,8.0,6.857142857142857,3.4285714285714284,28800.0,5648.022726016551,5656.022726016551,5.099129624131686,5.091917305693606
9,machine_replacement,160,25600,4,polynomial_beta_1.00,25600.0,18.22641509433962,1404.5548654244308,3.0,4.0,1.0,8.0,6.817610062893082,3.408805031446541,51200.0,7948.970054857901,7956.970054857901,6.4410860333672835,6.434610115032581
9,machine_replacement,240,57600,4,polynomial_beta_1.00,57600.0,18.21757322175732,3161.782269177768,3.0,4.0,1.0,8.0,6.8117154811715475,3.4058577405857737,115200.0,12884.41788965067,12892.41788965067,8.941032570243914,8.935484482897214
9,machine_replacement,320,102400,4,polynomial_beta_1.00,102400.0,18.213166144200628,5622.3063683304645,3.0,4.0,1.0,8.0,6.808777429467084,3.404388714733542,204800.0,18087.22782209535,18095.22782209535,11.322907081969545,11.317901162312365
9,admission_control,40,1600,4,polynomial_beta_1.00,1600.0,18.769230769230766,85.24590163934427,3.0,4.0,1.0,8.0,7.179487179487179,3.5897435897435894,3200.0,1502.1398665684615,1510.1398665684615,2.1302943029600745,2.1190090208474937
9,admission_control,60,3600,4,polynomial_beta_1.00,3600.0,18.677966101694913,192.7404718693285,3.0,4.0,1.0,8.0,7.11864406779661,3.559322033898305,7200.0,2492.894050155578,2500.894050155578,2.8882093884217253,2.878970422418373
9,admission_control,80,6400,4,polynomial_beta_1.00,6400.0,18.594936708860757,344.17971409121856,3.0,4.0,1.0,8.0,7.063291139240506,3.531645569620253,12800.0,3539.6358769471485,3547.6358769471485,3.6161911690870574,3.6080365753361363
9,admission_control,120,14400,4,polynomial_beta_1.00,14400.0,18.588235294117645,774.6835443037976,3.0,4.0,1.0,8.0,7.0588235294117645,3.5294117647058822,28800.0,5813.788100311156,5821.788100311156,4.953740917812023,4.946933743339221
9,admission_control,160,25600,4,polynomial_beta_1.00,25600.0,18.566037735849058,1378.861788617886,3.0,4.0,1.0,8.0,7.044025157232705,3.5220125786163523,51200.0,8212.559466273846,8220.559466273846,6.234353639722278,6.228286555198117
9,admission_control,240,57600,4,polynomial_beta_1.00,57600.0,18.543933054393307,3106.1371841155233,3.0,4.0,1.0,8.0,7.02928870292887,3.514644351464435,115200.0,13295.576200622312,13303.576200622312,8.664536102963929,8.659325752921323
9,admission_control,320,102400,4,polynomial_beta_1.00,102400.0,18.523510971786834,5528.109663225588,3.0,4.0,1.0,8.0,7.015673981191222,3.507836990595611,204800.0,18636.475076357914,18644.475076357914,10.989202580471222,10.984487316550746
9,resource_allocation,40,1600,4,polynomial_beta_1.00,1600.0,20.769230769230766,77.03703703703705,3.0,4.0,1.0,8.0,8.512820512820513,4.256410256410256,3200.0,1778.8801275026044,1786.8801275026044,1.7988845625548284,1.7908308177742247
9,resource_allocation,60,3600,4,polynomial_beta_1.00,3600.0,20.711864406779664,173.81342062193124,3.0,4.0,1.0,8.0,8.474576271186441,4.237288135593221,7200.0,2965.4452978042596,2973.4452978042596,2.4279658793002126,2.4214334816641285
9,resource_allocation,80,6400,4,polynomial_beta_1.00,6400.0,20.683544303797472,309.4247246022031,3.0,4.0,1.0,8.0,8.455696202531646,4.227848101265823,12800.0,4235.0479673847585,4243.0479673847585,3.0223978803962166,3.016699339340582
9,resource_allocation,120,14400,4,polynomial_beta_1.00,14400.0,20.655462184873947,697.1521562245729,3.0,4.0,1.0,8.0,8.436974789915967,4.218487394957983,28800.0,6946.518157990953,6954.518157990953,4.145961954604526,4.1411927247480005
9,resource_allocation,160,25600,4,polynomial_beta_1.00,25600.0,20.641509433962263,1240.2193784277881,3.0,4.0,1.0,8.0,8.427672955974844,4.213836477987422,51200.0,9823.383647149067,9831.383647149067,5.212053385989788,5.207812230463321
9,resource_allocation,240,57600,4,polynomial_beta_1.00,57600.0,20.602510460251047,2795.7757920389927,3.0,4.0,1.0,8.0,8.401673640167363,4.200836820083682,115200.0,15889.036315981906,15897.036315981906,7.250282377674892,7.246633756770435
9,resource_allocation,320,102400,4,polynomial_beta_1.00,102400.0,20.60188087774295,4970.419963481436,3.0,4.0,1.0,8.0,8.401253918495298,4.200626959247649,204800.0,22314.76729429813,22322.76729429813,9.17777888063975,9.174489761953113
9,random_structured,40,1600,4,polynomial_beta_1.00,1600.0,18.615384615384613,85.9504132231405,3.0,4.0,1.0,8.0,7.076923076923077,3.5384615384615383,3200.0,1480.852154188912,1488.852154188912,2.1609179491336152,2.149306760242609
9,random_structured,60,3600,4,polynomial_beta_1.00,3600.0,18.372881355932204,195.9409594095941,3.0,4.0,1.0,8.0,6.915254237288136,3.457627118644068,7200.0,2422.0113630082756,2430.0113630082756,2.972735846729138,2.9629491078126615
9,random_structured,80,6400,4,polynomial_beta_1.00,6400.0,18.481012658227847,346.3013698630137,3.0,4.0,1.0,8.0,6.987341772151899,3.4936708860759493,12800.0,3501.704308377824,3509.704308377824,3.655362895540898,3.6470308821873734
9,random_structured,120,14400,4,polynomial_beta_1.00,14400.0,18.436974789915965,781.0391978122152,3.0,4.0,1.0,8.0,6.95798319327731,3.478991596638655,28800.0,5730.905413163853,5738.905413163853,5.025383935642452,5.018378580336731
9,random_structured,160,25600,4,polynomial_beta_1.00,25600.0,18.339622641509436,1395.8847736625512,3.0,4.0,1.0,8.0,6.8930817610062896,3.4465408805031448,51200.0,8036.833191996549,8044.833191996549,6.370668493031227,6.364333327748377
9,random_structured,240,57600,4,polynomial_beta_1.00,57600.0,18.368200836820083,3135.854214123007,3.0,4.0,1.0,8.0,6.912133891213388,3.456066945606694,115200.0,13074.183263945273,13082.183263945273,8.81125785636549,8.80586960721558
9,random_structured,320,102400,4,polynomial_beta_1.00,102400.0,18.344827586206897,5581.954887218045,3.0,4.0,1.0,8.0,6.896551724137931,3.4482758620689653,204800.0,18320.241808752195,18328.241808752195,11.178891749243187,11.174012332279622
10,inventory_threshold,40,1600,4,polynomial_beta_1.00,1600.0,20.46153846153846,78.19548872180452,3.0,4.0,1.0,8.0,8.307692307692307,4.153846153846153,3200.0,1736.3047027435055,1744.3047027435055,1.8429944899324033,1.834541863567142
10,inventory_threshold,60,3600,4,polynomial_beta_1.00,3600.0,20.305084745762713,177.29549248747912,3.0,4.0,1.0,8.0,8.203389830508474,4.101694915254237,7200.0,2870.935048274523,2878.935048274523,2.507893727629719,2.5009247792218474
10,inventory_threshold,80,6400,4,polynomial_beta_1.00,6400.0,20.303797468354432,315.21197007481294,3.0,4.0,1.0,8.0,8.20253164556962,4.10126582278481,12800.0,4108.609405487011,4116.609405487011,3.1154093117018413,3.1093549907695723
10,inventory_threshold,120,14400,4,polynomial_beta_1.00,14400.0,20.252100840336134,711.0373443983402,3.0,4.0,1.0,8.0,8.168067226890756,4.084033613445378,28800.0,6725.49765893148,6733.49765893148,4.282210991740294,4.277123340467633
10,inventory_threshold,160,25600,4,polynomial_beta_1.00,25600.0,20.226415094339625,1265.6716417910445,3.0,4.0,1.0,8.0,8.150943396226415,4.0754716981132075,51200.0,9501.218810974022,9509.218810974022,5.38878232557526,5.384248802952471
10,inventory_threshold,240,57600,4,polynomial_beta_1.00,57600.0,20.20083682008368,2851.367025683513,3.0,4.0,1.0,8.0,8.13389121338912,4.06694560669456,115200.0,15382.99531786296,15390.99531786296,7.488788601932945,7.48489604608596
10,inventory_threshold,320,102400,4,polynomial_beta_1.00,102400.0,20.188087774294672,5072.298136645963,3.0,4.0,1.0,8.0,8.12539184952978,4.06269592476489,204800.0,21582.43762194804,21590.43762194804,9.489196891815904,9.485680817873181
10,machine_replacement,40,1600,4,polynomial_beta_1.00,1600.0,18.46153846153846,86.66666666666667,3.0,4.0,1.0,8.0,6.9743589743589745,3.4871794871794872,3200.0,1459.5644418093627,1467.5644418093627,2.192434885597165,2.180483465553795
10,machine_replacement,60,3600,4,polynomial_beta_1.00,3600.0,18.271186440677965,197.03153988868274,3.0,4.0,1.0,8.0,6.8474576271186445,3.4237288135593222,7200.0,2398.3838006258416,2406.3838006258416,3.0020216106034447,2.992041418383658
10,machine_replacement,80,6400,4,polynomial_beta_1.00,6400.0,18.329113924050635,349.171270718232,3.0,4.0,1.0,8.0,6.886075949367089,3.4430379746835444,12800.0,3451.1288836187255,3459.1288836187255,3.7089313183164565,3.7003535949806636
10,machine_replacement,120,14400,4,polynomial_beta_1.00,14400.0,18.285714285714285,787.5,3.0,4.0,1.0,8.0,6.857142857142857,3.4285714285714284,28800.0,5648.022726016551,5656.022726016551,5.099129624131686,5.091917305693606
10,machine_replacement,160,25600,4,polynomial_beta_1.00,25600.0,18.22641509433962,1404.5548654244308,3.0,4.0,1.0,8.0,6.817610062893082,3.408805031446541,51200.0,7948.970054857901,7956.970054857901,6.4410860333672835,6.434610115032581
10,machine_replacement,240,57600,4,polynomial_beta_1.00,57600.0,18.21757322175732,3161.782269177768,3.0,4.0,1.0,8.0,6.8117154811715475,3.4058577405857737,115200.0,12884.41788965067,12892.41788965067,8.941032570243914,8.935484482897214
10,machine_replacement,320,102400,4,polynomial_beta_1.00,102400.0,18.213166144200628,5622.3063683304645,3.0,4.0,1.0,8.0,6.808777429467084,3.404388714733542,204800.0,18087.22782209535,18095.22782209535,11.322907081969545,11.317901162312365
10,admission_control,40,1600,4,polynomial_beta_1.00,1600.0,18.769230769230766,85.24590163934427,3.0,4.0,1.0,8.0,7.179487179487179,3.5897435897435894,3200.0,1502.1398665684615,1510.1398665684615,2.1302943029600745,2.1190090208474937
10,admission_control,60,3600,4,polynomial_beta_1.00,3600.0,18.677966101694913,192.7404718693285,3.0,4.0,1.0,8.0,7.11864406779661,3.559322033898305,7200.0,2492.894050155578,2500.894050155578,2.8882093884217253,2.878970422418373
10,admission_control,80,6400,4,polynomial_beta_1.00,6400.0,18.594936708860757,344.17971409121856,3.0,4.0,1.0,8.0,7.063291139240506,3.531645569620253,12800.0,3539.6358769471485,3547.6358769471485,3.6161911690870574,3.6080365753361363
10,admission_control,120,14400,4,polynomial_beta_1.00,14400.0,18.588235294117645,774.6835443037976,3.0,4.0,1.0,8.0,7.0588235294117645,3.5294117647058822,28800.0,5813.788100311156,5821.788100311156,4.953740917812023,4.946933743339221
10,admission_control,160,25600,4,polynomial_beta_1.00,25600.0,18.566037735849058,1378.861788617886,3.0,4.0,1.0,8.0,7.044025157232705,3.5220125786163523,51200.0,8212.559466273846,8220.559466273846,6.234353639722278,6.228286555198117
10,admission_control,240,57600,4,polynomial_beta_1.00,57600.0,18.543933054393307,3106.1371841155233,3.0,4.0,1.0,8.0,7.02928870292887,3.514644351464435,115200.0,13295.576200622312,13303.576200622312,8.664536102963929,8.659325752921323
10,admission_control,320,102400,4,polynomial_beta_1.00,102400.0,18.523510971786834,5528.109663225588,3.0,4.0,1.0,8.0,7.015673981191222,3.507836990595611,204800.0,18636.475076357914,18644.475076357914,10.989202580471222,10.984487316550746
10,resource_allocation,40,1600,4,polynomial_beta_1.00,1600.0,20.769230769230766,77.03703703703705,3.0,4.0,1.0,8.0,8.512820512820513,4.256410256410256,3200.0,1778.8801275026044,1786.8801275026044,1.7988845625548284,1.7908308177742247
10,resource_allocation,60,3600,4,polynomial_beta_1.00,3600.0,20.711864406779664,173.81342062193124,3.0,4.0,1.0,8.0,8.474576271186441,4.237288135593221,7200.0,2965.4452978042596,2973.4452978042596,2.4279658793002126,2.4214334816641285
10,resource_allocation,80,6400,4,polynomial_beta_1.00,6400.0,20.683544303797472,309.4247246022031,3.0,4.0,1.0,8.0,8.455696202531646,4.227848101265823,12800.0,4235.0479673847585,4243.0479673847585,3.0223978803962166,3.016699339340582
10,resource_allocation,120,14400,4,polynomial_beta_1.00,14400.0,20.655462184873947,697.1521562245729,3.0,4.0,1.0,8.0,8.436974789915967,4.218487394957983,28800.0,6946.518157990953,6954.518157990953,4.145961954604526,4.1411927247480005
10,resource_allocation,160,25600,4,polynomial_beta_1.00,25600.0,20.641509433962263,1240.2193784277881,3.0,4.0,1.0,8.0,8.427672955974844,4.213836477987422,51200.0,9823.383647149067,9831.383647149067,5.212053385989788,5.207812230463321
10,resource_allocation,240,57600,4,polynomial_beta_1.00,57600.0,20.602510460251047,2795.7757920389927,3.0,4.0,1.0,8.0,8.401673640167363,4.200836820083682,115200.0,15889.036315981906,15897.036315981906,7.250282377674892,7.246633756770435
10,resource_allocation,320,102400,4,polynomial_beta_1.00,102400.0,20.60188087774295,4970.419963481436,3.0,4.0,1.0,8.0,8.401253918495298,4.200626959247649,204800.0,22314.76729429813,22322.76729429813,9.17777888063975,9.174489761953113
10,random_structured,40,1600,4,polynomial_beta_1.00,1600.0,18.153846153846153,88.13559322033899,3.0,4.0,1.0,8.0,6.769230769230769,3.3846153846153846,3200.0,1416.9890170502638,1424.9890170502638,2.2583096703610432,2.245631342916607
10,random_structured,60,3600,4,polynomial_beta_1.00,3600.0,18.06779661016949,199.24953095684802,3.0,4.0,1.0,8.0,6.711864406779661,3.3559322033898304,7200.0,2351.1286758609735,2359.1286758609735,3.0623589741907216,3.051974262223035
10,random_structured,80,6400,4,polynomial_beta_1.00,6400.0,18.025316455696203,355.0561797752809,3.0,4.0,1.0,8.0,6.6835443037974684,3.3417721518987342,12800.0,3349.9780341005276,3357.9780341005276,3.820920576106647,3.811817668256018
10,random_structured,120,14400,4,polynomial_beta_1.00,14400.0,18.03361344537815,798.5088536812675,3.0,4.0,1.0,8.0,6.6890756302521,3.34453781512605,28800.0,5509.884914104381,5517.884914104381,5.2269694283952886,5.219391206653063
10,random_structured,160,25600,4,polynomial_beta_1.00,25600.0,18.0,1422.2222222222222,3.0,4.0,1.0,8.0,6.666666666666667,3.3333333333333335,51200.0,7773.243780580605,7781.243780580605,6.586696808340125,6.579924937935779
10,random_structured,240,57600,4,polynomial_beta_1.00,57600.0,17.99163179916318,3201.4883720930234,3.0,4.0,1.0,8.0,6.661087866108786,3.330543933054393,115200.0,12599.769828208762,12607.769828208762,9.143024163988029,9.137222646803899
10,random_structured,320,102400,4,polynomial_beta_1.00,102400.0,17.968652037617556,5698.813677599442,3.0,4.0,1.0,8.0,6.64576802507837,3.322884012539185,204800.0,17654.487561161208,17662.487561161208,11.600449987036013,11.595195710163917
11,inventory_threshold,40,1600,4,polynomial_beta_1.00,1600.0,20.46153846153846,78.19548872180452,3.0,4.0,1.0,8.0,8.307692307692307,4.153846153846153,3200.0,1736.3047027435055,1744.3047027435055,1.8429944899324033,1.834541863567142
11,inventory_threshold,60,3600,4,polynomial_beta_1.00,3600.0,20.305084745762713,177.29549248747912,3.0,4.0,1.0,8.0,8.203389830508474,4.101694915254237,7200.0,2870.935048274523,2878.935048274523,2.507893727629719,2.5009247792218474
11,inventory_threshold,80,6400,4,polynomial_beta_1.00,6400.0,20.303797468354432,315.21197007481294,3.0,4.0,1.0,8.0,8.20253164556962,4.10126582278481,12800.0,4108.609405487011,4116.609405487011,3.1154093117018413,3.1093549907695723
11,inventory_threshold,120,14400,4,polynomial_beta_1.00,14400.0,20.252100840336134,711.0373443983402,3.0,4.0,1.0,8.0,8.168067226890756,4.084033613445378,28800.0,6725.49765893148,6733.49765893148,4.282210991740294,4.277123340467633
11,inventory_threshold,160,25600,4,polynomial_beta_1.00,25600.0,20.226415094339625,1265.6716417910445,3.0,4.0,1.0,8.0,8.150943396226415,4.0754716981132075,51200.0,9501.218810974022,9509.218810974022,5.38878232557526,5.384248802952471
11,inventory_threshold,240,57600,4,polynomial_beta_1.00,57600.0,20.20083682008368,2851.367025683513,3.0,4.0,1.0,8.0,8.13389121338912,4.06694560669456,115200.0,15382.99531786296,15390.99531786296,7.488788601932945,7.48489604608596
11,inventory_threshold,320,102400,4,polynomial_beta_1.00,102400.0,20.188087774294672,5072.298136645963,3.0,4.0,1.0,8.0,8.12539184952978,4.06269592476489,204800.0,21582.43762194804,21590.43762194804,9.489196891815904,9.485680817873181
11,machine_replacement,40,1600,4,polynomial_beta_1.00,1600.0,18.46153846153846,86.66666666666667,3.0,4.0,1.0,8.0,6.9743589743589745,3.4871794871794872,3200.0,1459.5644418093627,1467.5644418093627,2.192434885597165,2.180483465553795
11,machine_replacement,60,3600,4,polynomial_beta_1.00,3600.0,18.271186440677965,197.03153988868274,3.0,4.0,1.0,8.0,6.8474576271186445,3.4237288135593222,7200.0,2398.3838006258416,2406.3838006258416,3.0020216106034447,2.992041418383658
11,machine_replacement,80,6400,4,polynomial_beta_1.00,6400.0,18.329113924050635,349.171270718232,3.0,4.0,1.0,8.0,6.886075949367089,3.4430379746835444,12800.0,3451.1288836187255,3459.1288836187255,3.7089313183164565,3.7003535949806636
11,machine_replacement,120,14400,4,polynomial_beta_1.00,14400.0,18.285714285714285,787.5,3.0,4.0,1.0,8.0,6.857142857142857,3.4285714285714284,28800.0,5648.022726016551,5656.022726016551,5.099129624131686,5.091917305693606
11,machine_replacement,160,25600,4,polynomial_beta_1.00,25600.0,18.22641509433962,1404.5548654244308,3.0,4.0,1.0,8.0,6.817610062893082,3.408805031446541,51200.0,7948.970054857901,7956.970054857901,6.4410860333672835,6.434610115032581
11,machine_replacement,240,57600,4,polynomial_beta_1.00,57600.0,18.21757322175732,3161.782269177768,3.0,4.0,1.0,8.0,6.8117154811715475,3.4058577405857737,115200.0,12884.41788965067,12892.41788965067,8.941032570243914,8.935484482897214
11,machine_replacement,320,102400,4,polynomial_beta_1.00,102400.0,18.213166144200628,5622.3063683304645,3.0,4.0,1.0,8.0,6.808777429467084,3.404388714733542,204800.0,18087.22782209535,18095.22782209535,11.322907081969545,11.317901162312365
11,admission_control,40,1600,4,polynomial_beta_1.00,1600.0,18.769230769230766,85.24590163934427,3.0,4.0,1.0,8.0,7.179487179487179,3.5897435897435894,3200.0,1502.1398665684615,1510.1398665684615,2.1302943029600745,2.1190090208474937
11,admission_control,60,3600,4,polynomial_beta_1.00,3600.0,18.677966101694913,192.7404718693285,3.0,4.0,1.0,8.0,7.11864406779661,3.559322033898305,7200.0,2492.894050155578,2500.894050155578,2.8882093884217253,2.878970422418373
11,admission_control,80,6400,4,polynomial_beta_1.00,6400.0,18.594936708860757,344.17971409121856,3.0,4.0,1.0,8.0,7.063291139240506,3.531645569620253,12800.0,3539.6358769471485,3547.6358769471485,3.6161911690870574,3.6080365753361363
11,admission_control,120,14400,4,polynomial_beta_1.00,14400.0,18.588235294117645,774.6835443037976,3.0,4.0,1.0,8.0,7.0588235294117645,3.5294117647058822,28800.0,5813.788100311156,5821.788100311156,4.953740917812023,4.946933743339221
11,admission_control,160,25600,4,polynomial_beta_1.00,25600.0,18.566037735849058,1378.861788617886,3.0,4.0,1.0,8.0,7.044025157232705,3.5220125786163523,51200.0,8212.559466273846,8220.559466273846,6.234353639722278,6.228286555198117
11,admission_control,240,57600,4,polynomial_beta_1.00,57600.0,18.543933054393307,3106.1371841155233,3.0,4.0,1.0,8.0,7.02928870292887,3.514644351464435,115200.0,13295.576200622312,13303.576200622312,8.664536102963929,8.659325752921323
11,admission_control,320,102400,4,polynomial_beta_1.00,102400.0,18.523510971786834,5528.109663225588,3.0,4.0,1.0,8.0,7.015673981191222,3.507836990595611,204800.0,18636.475076357914,18644.475076357914,10.989202580471222,10.984487316550746
11,resource_allocation,40,1600,4,polynomial_beta_1.00,1600.0,20.769230769230766,77.03703703703705,3.0,4.0,1.0,8.0,8.512820512820513,4.256410256410256,3200.0,1778.8801275026044,1786.8801275026044,1.7988845625548284,1.7908308177742247
11,resource_allocation,60,3600,4,polynomial_beta_1.00,3600.0,20.711864406779664,173.81342062193124,3.0,4.0,1.0,8.0,8.474576271186441,4.237288135593221,7200.0,2965.4452978042596,2973.4452978042596,2.4279658793002126,2.4214334816641285
11,resource_allocation,80,6400,4,polynomial_beta_1.00,6400.0,20.683544303797472,309.4247246022031,3.0,4.0,1.0,8.0,8.455696202531646,4.227848101265823,12800.0,4235.0479673847585,4243.0479673847585,3.0223978803962166,3.016699339340582
11,resource_allocation,120,14400,4,polynomial_beta_1.00,14400.0,20.655462184873947,697.1521562245729,3.0,4.0,1.0,8.0,8.436974789915967,4.218487394957983,28800.0,6946.518157990953,6954.518157990953,4.145961954604526,4.1411927247480005
11,resource_allocation,160,25600,4,polynomial_beta_1.00,25600.0,20.641509433962263,1240.2193784277881,3.0,4.0,1.0,8.0,8.427672955974844,4.213836477987422,51200.0,9823.383647149067,9831.383647149067,5.212053385989788,5.207812230463321
11,resource_allocation,240,57600,4,polynomial_beta_1.00,57600.0,20.602510460251047,2795.7757920389927,3.0,4.0,1.0,8.0,8.401673640167363,4.200836820083682,115200.0,15889.036315981906,15897.036315981906,7.250282377674892,7.246633756770435
11,resource_allocation,320,102400,4,polynomial_beta_1.00,102400.0,20.60188087774295,4970.419963481436,3.0,4.0,1.0,8.0,8.401253918495298,4.200626959247649,204800.0,22314.76729429813,22322.76729429813,9.17777888063975,9.174489761953113
11,random_structured,40,1600,4,polynomial_beta_1.00,1600.0,19.076923076923077,83.87096774193549,3.0,4.0,1.0,8.0,7.384615384615384,3.692307692307692,3200.0,1544.7152913275604,1552.7152913275604,2.0715791563439847,2.060905832429861
11,random_structured,60,3600,4,polynomial_beta_1.00,3600.0,19.084745762711865,188.6323268206039,3.0,4.0,1.0,8.0,7.389830508474576,3.694915254237288,7200.0,2587.404299685314,2595.404299685314,2.782711615991239,2.774134265275349
11,random_structured,80,6400,4,polynomial_beta_1.00,6400.0,19.0126582278481,336.6178428761651,3.0,4.0,1.0,8.0,7.341772151898734,3.670886075949367,12800.0,3678.7182950346705,3686.7182950346705,3.4794727330104966,3.4719224458346165
11,random_structured,120,14400,4,polynomial_beta_1.00,14400.0,18.991596638655462,758.2300884955753,3.0,4.0,1.0,8.0,7.3277310924369745,3.6638655462184873,28800.0,6034.808599370628,6042.808599370628,4.772313740489394,4.7659957330105716
11,random_structured,160,25600,4,polynomial_beta_1.00,25600.0,18.9811320754717,1348.7077534791251,3.0,4.0,1.0,8.0,7.320754716981132,3.660377358490566,51200.0,8534.72430244889,8542.72430244889,5.999022134236844,5.993404233509304
11,random_structured,240,57600,4,polynomial_beta_1.00,57600.0,18.92050209205021,3044.316674038036,3.0,4.0,1.0,8.0,7.2803347280334725,3.6401673640167362,115200.0,13769.989636358823,13777.989636358823,8.36601936836767,8.361161754396882
11,random_structured,320,102400,4,polynomial_beta_1.00,102400.0,18.946708463949843,5404.63269358041,3.0,4.0,1.0,8.0,7.297805642633229,3.6489028213166144,204800.0,19385.448604897778,19393.448604897778,10.564625259600998,10.560267241396053
12,inventory_threshold,40,1600,4,polynomial_beta_1.00,1600.0,20.46153846153846,78.19548872180452,3.0,4.0,1.0,8.0,8.307692307692307,4.153846153846153,3200.0,1736.3047027435055,1744.3047027435055,1.8429944899324033,1.834541863567142
12,inventory_threshold,60,3600,4,polynomial_beta_1.00,3600.0,20.305084745762713,177.29549248747912,3.0,4.0,1.0,8.0,8.203389830508474,4.101694915254237,7200.0,2870.935048274523,2878.935048274523,2.507893727629719,2.5009247792218474
12,inventory_threshold,80,6400,4,polynomial_beta_1.00,6400.0,20.303797468354432,315.21197007481294,3.0,4.0,1.0,8.0,8.20253164556962,4.10126582278481,12800.0,4108.609405487011,4116.609405487011,3.1154093117018413,3.1093549907695723
12,inventory_threshold,120,14400,4,polynomial_beta_1.00,14400.0,20.252100840336134,711.0373443983402,3.0,4.0,1.0,8.0,8.168067226890756,4.084033613445378,28800.0,6725.49765893148,6733.49765893148,4.282210991740294,4.277123340467633
12,inventory_threshold,160,25600,4,polynomial_beta_1.00,25600.0,20.226415094339625,1265.6716417910445,3.0,4.0,1.0,8.0,8.150943396226415,4.0754716981132075,51200.0,9501.218810974022,9509.218810974022,5.38878232557526,5.384248802952471
12,inventory_threshold,240,57600,4,polynomial_beta_1.00,57600.0,20.20083682008368,2851.367025683513,3.0,4.0,1.0,8.0,8.13389121338912,4.06694560669456,115200.0,15382.99531786296,15390.99531786296,7.488788601932945,7.48489604608596
12,inventory_threshold,320,102400,4,polynomial_beta_1.00,102400.0,20.188087774294672,5072.298136645963,3.0,4.0,1.0,8.0,8.12539184952978,4.06269592476489,204800.0,21582.43762194804,21590.43762194804,9.489196891815904,9.485680817873181
12,machine_replacement,40,1600,4,polynomial_beta_1.00,1600.0,18.46153846153846,86.66666666666667,3.0,4.0,1.0,8.0,6.9743589743589745,3.4871794871794872,3200.0,1459.5644418093627,1467.5644418093627,2.192434885597165,2.180483465553795
12,machine_replacement,60,3600,4,polynomial_beta_1.00,3600.0,18.271186440677965,197.03153988868274,3.0,4.0,1.0,8.0,6.8474576271186445,3.4237288135593222,7200.0,2398.3838006258416,2406.3838006258416,3.0020216106034447,2.992041418383658
12,machine_replacement,80,6400,4,polynomial_beta_1.00,6400.0,18.329113924050635,349.171270718232,3.0,4.0,1.0,8.0,6.886075949367089,3.4430379746835444,12800.0,3451.1288836187255,3459.1288836187255,3.7089313183164565,3.7003535949806636
12,machine_replacement,120,14400,4,polynomial_beta_1.00,14400.0,18.285714285714285,787.5,3.0,4.0,1.0,8.0,6.857142857142857,3.4285714285714284,28800.0,5648.022726016551,5656.022726016551,5.099129624131686,5.091917305693606
12,machine_replacement,160,25600,4,polynomial_beta_1.00,25600.0,18.22641509433962,1404.5548654244308,3.0,4.0,1.0,8.0,6.817610062893082,3.408805031446541,51200.0,7948.970054857901,7956.970054857901,6.4410860333672835,6.434610115032581
12,machine_replacement,240,57600,4,polynomial_beta_1.00,57600.0,18.21757322175732,3161.782269177768,3.0,4.0,1.0,8.0,6.8117154811715475,3.4058577405857737,115200.0,12884.41788965067,12892.41788965067,8.941032570243914,8.935484482897214
12,machine_replacement,320,102400,4,polynomial_beta_1.00,102400.0,18.213166144200628,5622.3063683304645,3.0,4.0,1.0,8.0,6.808777429467084,3.404388714733542,204800.0,18087.22782209535,18095.22782209535,11.322907081969545,11.317901162312365
12,admission_control,40,1600,4,polynomial_beta_1.00,1600.0,18.769230769230766,85.24590163934427,3.0,4.0,1.0,8.0,7.179487179487179,3.5897435897435894,3200.0,1502.1398665684615,1510.1398665684615,2.1302943029600745,2.1190090208474937
12,admission_control,60,3600,4,polynomial_beta_1.00,3600.0,18.677966101694913,192.7404718693285,3.0,4.0,1.0,8.0,7.11864406779661,3.559322033898305,7200.0,2492.894050155578,2500.894050155578,2.8882093884217253,2.878970422418373
12,admission_control,80,6400,4,polynomial_beta_1.00,6400.0,18.594936708860757,344.17971409121856,3.0,4.0,1.0,8.0,7.063291139240506,3.531645569620253,12800.0,3539.6358769471485,3547.6358769471485,3.6161911690870574,3.6080365753361363
12,admission_control,120,14400,4,polynomial_beta_1.00,14400.0,18.588235294117645,774.6835443037976,3.0,4.0,1.0,8.0,7.0588235294117645,3.5294117647058822,28800.0,5813.788100311156,5821.788100311156,4.953740917812023,4.946933743339221
12,admission_control,160,25600,4,polynomial_beta_1.00,25600.0,18.566037735849058,1378.861788617886,3.0,4.0,1.0,8.0,7.044025157232705,3.5220125786163523,51200.0,8212.559466273846,8220.559466273846,6.234353639722278,6.228286555198117
12,admission_control,240,57600,4,polynomial_beta_1.00,57600.0,18.543933054393307,3106.1371841155233,3.0,4.0,1.0,8.0,7.02928870292887,3.514644351464435,115200.0,13295.576200622312,13303.576200622312,8.664536102963929,8.659325752921323
12,admission_control,320,102400,4,polynomial_beta_1.00,102400.0,18.523510971786834,5528.109663225588,3.0,4.0,1.0,8.0,7.015673981191222,3.507836990595611,204800.0,18636.475076357914,18644.475076357914,10.989202580471222,10.984487316550746
12,resource_allocation,40,1600,4,polynomial_beta_1.00,1600.0,20.769230769230766,77.03703703703705,3.0,4.0,1.0,8.0,8.512820512820513,4.256410256410256,3200.0,1778.8801275026044,1786.8801275026044,1.7988845625548284,1.7908308177742247
12,resource_allocation,60,3600,4,polynomial_beta_1.00,3600.0,20.711864406779664,173.81342062193124,3.0,4.0,1.0,8.0,8.474576271186441,4.237288135593221,7200.0,2965.4452978042596,2973.4452978042596,2.4279658793002126,2.4214334816641285
12,resource_allocation,80,6400,4,polynomial_beta_1.00,6400.0,20.683544303797472,309.4247246022031,3.0,4.0,1.0,8.0,8.455696202531646,4.227848101265823,12800.0,4235.0479673847585,4243.0479673847585,3.0223978803962166,3.016699339340582
12,resource_allocation,120,14400,4,polynomial_beta_1.00,14400.0,20.655462184873947,697.1521562245729,3.0,4.0,1.0,8.0,8.436974789915967,4.218487394957983,28800.0,6946.518157990953,6954.518157990953,4.145961954604526,4.1411927247480005
12,resource_allocation,160,25600,4,polynomial_beta_1.00,25600.0,20.641509433962263,1240.2193784277881,3.0,4.0,1.0,8.0,8.427672955974844,4.213836477987422,51200.0,9823.383647149067,9831.383647149067,5.212053385989788,5.207812230463321
12,resource_allocation,240,57600,4,polynomial_beta_1.00,57600.0,20.602510460251047,2795.7757920389927,3.0,4.0,1.0,8.0,8.401673640167363,4.200836820083682,115200.0,15889.036315981906,15897.036315981906,7.250282377674892,7.246633756770435
12,resource_allocation,320,102400,4,polynomial_beta_1.00,102400.0,20.60188087774295,4970.419963481436,3.0,4.0,1.0,8.0,8.401253918495298,4.200626959247649,204800.0,22314.76729429813,22322.76729429813,9.17777888063975,9.174489761953113
12,random_structured,40,1600,4,polynomial_beta_1.00,1600.0,18.769230769230766,85.24590163934427,3.0,4.0,1.0,8.0,7.179487179487179,3.5897435897435894,3200.0,1502.1398665684615,1510.1398665684615,2.1302943029600745,2.1190090208474937
12,random_structured,60,3600,4,polynomial_beta_1.00,3600.0,18.677966101694913,192.7404718693285,3.0,4.0,1.0,8.0,7.11864406779661,3.559322033898305,7200.0,2492.894050155578,2500.894050155578,2.8882093884217253,2.878970422418373
12,random_structured,80,6400,4,polynomial_beta_1.00,6400.0,18.632911392405063,343.47826086956525,3.0,4.0,1.0,8.0,7.0886075949367084,3.5443037974683542,12800.0,3552.279733136923,3560.279733136923,3.6033198288403554,3.595223117123458
12,random_structured,120,14400,4,polynomial_beta_1.00,14400.0,18.63865546218487,772.5879170423806,3.0,4.0,1.0,8.0,7.092436974789916,3.546218487394958,28800.0,5841.41566269359,5849.41566269359,4.930311702338225,4.923568722202574
12,random_structured,160,25600,4,polynomial_beta_1.00,25600.0,18.60377358490566,1376.0649087221095,3.0,4.0,1.0,8.0,7.069182389937107,3.5345911949685536,51200.0,8241.847178653396,8249.847178653396,6.212199630758668,6.206175568013038
12,random_structured,240,57600,4,polynomial_beta_1.00,57600.0,18.569037656903767,3101.937809824245,3.0,4.0,1.0,8.0,7.04602510460251,3.523012552301255,115200.0,13327.203763004745,13335.203763004745,8.643973788394083,8.638788131576524
12,random_structured,320,102400,4,polynomial_beta_1.00,102400.0,18.570532915360502,5514.112086428089,3.0,4.0,1.0,8.0,7.047021943573667,3.5235109717868336,204800.0,18719.694357306787,18727.694357306787,10.940349563990674,10.935676121823045
13,inventory_threshold,40,1600,4,polynomial_beta_1.00,1600.0,20.46153846153846,78.19548872180452,3.0,4.0,1.0,8.0,8.307692307692307,4.153846153846153,3200.0,1736.3047027435055,1744.3047027435055,1.8429944899324033,1.834541863567142
13,inventory_threshold,60,3600,4,polynomial_beta_1.00,3600.0,20.305084745762713,177.29549248747912,3.0,4.0,1.0,8.0,8.203389830508474,4.101694915254237,7200.0,2870.935048274523,2878.935048274523,2.507893727629719,2.5009247792218474
13,inventory_threshold,80,6400,4,polynomial_beta_1.00,6400.0,20.303797468354432,315.21197007481294,3.0,4.0,1.0,8.0,8.20253164556962,4.10126582278481,12800.0,4108.609405487011,4116.609405487011,3.1154093117018413,3.1093549907695723
13,inventory_threshold,120,14400,4,polynomial_beta_1.00,14400.0,20.252100840336134,711.0373443983402,3.0,4.0,1.0,8.0,8.168067226890756,4.084033613445378,28800.0,6725.49765893148,6733.49765893148,4.282210991740294,4.277123340467633
13,inventory_threshold,160,25600,4,polynomial_beta_1.00,25600.0,20.226415094339625,1265.6716417910445,3.0,4.0,1.0,8.0,8.150943396226415,4.0754716981132075,51200.0,9501.218810974022,9509.218810974022,5.38878232557526,5.384248802952471
13,inventory_threshold,240,57600,4,polynomial_beta_1.00,57600.0,20.20083682008368,2851.367025683513,3.0,4.0,1.0,8.0,8.13389121338912,4.06694560669456,115200.0,15382.99531786296,15390.99531786296,7.488788601932945,7.48489604608596
13,inventory_threshold,320,102400,4,polynomial_beta_1.00,102400.0,20.188087774294672,5072.298136645963,3.0,4.0,1.0,8.0,8.12539184952978,4.06269592476489,204800.0,21582.43762194804,21590.43762194804,9.489196891815904,9.485680817873181
13,machine_replacement,40,1600,4,polynomial_beta_1.00,1600.0,18.46153846153846,86.66666666666667,3.0,4.0,1.0,8.0,6.9743589743589745,3.4871794871794872,3200.0,1459.5644418093627,1467.5644418093627,2.192434885597165,2.180483465553795
13,machine_replacement,60,3600,4,polynomial_beta_1.00,3600.0,18.271186440677965,197.03153988868274,3.0,4.0,1.0,8.0,6.8474576271186445,3.4237288135593222,7200.0,2398.3838006258416,2406.3838006258416,3.0020216106034447,2.992041418383658
13,machine_replacement,80,6400,4,polynomial_beta_1.00,6400.0,18.329113924050635,349.171270718232,3.0,4.0,1.0,8.0,6.886075949367089,3.4430379746835444,12800.0,3451.1288836187255,3459.1288836187255,3.7089313183164565,3.7003535949806636
13,machine_replacement,120,14400,4,polynomial_beta_1.00,14400.0,18.285714285714285,787.5,3.0,4.0,1.0,8.0,6.857142857142857,3.4285714285714284,28800.0,5648.022726016551,5656.022726016551,5.099129624131686,5.091917305693606
13,machine_replacement,160,25600,4,polynomial_beta_1.00,25600.0,18.22641509433962,1404.5548654244308,3.0,4.0,1.0,8.0,6.817610062893082,3.408805031446541,51200.0,7948.970054857901,7956.970054857901,6.4410860333672835,6.434610115032581
13,machine_replacement,240,57600,4,polynomial_beta_1.00,57600.0,18.21757322175732,3161.782269177768,3.0,4.0,1.0,8.0,6.8117154811715475,3.4058577405857737,115200.0,12884.41788965067,12892.41788965067,8.941032570243914,8.935484482897214
13,machine_replacement,320,102400,4,polynomial_beta_1.00,102400.0,18.213166144200628,5622.3063683304645,3.0,4.0,1.0,8.0,6.808777429467084,3.404388714733542,204800.0,18087.22782209535,18095.22782209535,11.322907081969545,11.317901162312365
13,admission_control,40,1600,4,polynomial_beta_1.00,1600.0,18.769230769230766,85.24590163934427,3.0,4.0,1.0,8.0,7.179487179487179,3.5897435897435894,3200.0,1502.1398665684615,1510.1398665684615,2.1302943029600745,2.1190090208474937
13,admission_control,60,3600,4,polynomial_beta_1.00,3600.0,18.677966101694913,192.7404718693285,3.0,4.0,1.0,8.0,7.11864406779661,3.559322033898305,7200.0,2492.894050155578,2500.894050155578,2.8882093884217253,2.878970422418373
13,admission_control,80,6400,4,polynomial_beta_1.00,6400.0,18.594936708860757,344.17971409121856,3.0,4.0,1.0,8.0,7.063291139240506,3.531645569620253,12800.0,3539.6358769471485,3547.6358769471485,3.6161911690870574,3.6080365753361363
13,admission_control,120,14400,4,polynomial_beta_1.00,14400.0,18.588235294117645,774.6835443037976,3.0,4.0,1.0,8.0,7.0588235294117645,3.5294117647058822,28800.0,5813.788100311156,5821.788100311156,4.953740917812023,4.946933743339221
13,admission_control,160,25600,4,polynomial_beta_1.00,25600.0,18.566037735849058,1378.861788617886,3.0,4.0,1.0,8.0,7.044025157232705,3.5220125786163523,51200.0,8212.559466273846,8220.559466273846,6.234353639722278,6.228286555198117
13,admission_control,240,57600,4,polynomial_beta_1.00,57600.0,18.543933054393307,3106.1371841155233,3.0,4.0,1.0,8.0,7.02928870292887,3.514644351464435,115200.0,13295.576200622312,13303.576200622312,8.664536102963929,8.659325752921323
13,admission_control,320,102400,4,polynomial_beta_1.00,102400.0,18.523510971786834,5528.109663225588,3.0,4.0,1.0,8.0,7.015673981191222,3.507836990595611,204800.0,18636.475076357914,18644.475076357914,10.989202580471222,10.984487316550746
13,resource_allocation,40,1600,4,polynomial_beta_1.00,1600.0,20.769230769230766,77.03703703703705,3.0,4.0,1.0,8.0,8.512820512820513,4.256410256410256,3200.0,1778.8801275026044,1786.8801275026044,1.7988845625548284,1.7908308177742247
13,resource_allocation,60,3600,4,polynomial_beta_1.00,3600.0,20.711864406779664,173.81342062193124,3.0,4.0,1.0,8.0,8.474576271186441,4.237288135593221,7200.0,2965.4452978042596,2973.4452978042596,2.4279658793002126,2.4214334816641285
13,resource_allocation,80,6400,4,polynomial_beta_1.00,6400.0,20.683544303797472,309.4247246022031,3.0,4.0,1.0,8.0,8.455696202531646,4.227848101265823,12800.0,4235.0479673847585,4243.0479673847585,3.0223978803962166,3.016699339340582
13,resource_allocation,120,14400,4,polynomial_beta_1.00,14400.0,20.655462184873947,697.1521562245729,3.0,4.0,1.0,8.0,8.436974789915967,4.218487394957983,28800.0,6946.518157990953,6954.518157990953,4.145961954604526,4.1411927247480005
13,resource_allocation,160,25600,4,polynomial_beta_1.00,25600.0,20.641509433962263,1240.2193784277881,3.0,4.0,1.0,8.0,8.427672955974844,4.213836477987422,51200.0,9823.383647149067,9831.383647149067,5.212053385989788,5.207812230463321
13,resource_allocation,240,57600,4,polynomial_beta_1.00,57600.0,20.602510460251047,2795.7757920389927,3.0,4.0,1.0,8.0,8.401673640167363,4.200836820083682,115200.0,15889.036315981906,15897.036315981906,7.250282377674892,7.246633756770435
13,resource_allocation,320,102400,4,polynomial_beta_1.00,102400.0,20.60188087774295,4970.419963481436,3.0,4.0,1.0,8.0,8.401253918495298,4.200626959247649,204800.0,22314.76729429813,22322.76729429813,9.17777888063975,9.174489761953113
13,random_structured,40,1600,4,polynomial_beta_1.00,1600.0,18.923076923076923,84.55284552845528,3.0,4.0,1.0,8.0,7.282051282051282,3.641025641025641,3200.0,1523.427578948011,1531.427578948011,2.1005264997301225,2.0895535929934
13,random_structured,60,3600,4,polynomial_beta_1.00,3600.0,18.779661016949152,191.69675090252707,3.0,4.0,1.0,8.0,7.186440677966102,3.593220338983051,7200.0,2516.521612538012,2524.521612538012,2.8610920582313275,2.852025494351591
13,random_structured,80,6400,4,polynomial_beta_1.00,6400.0,18.70886075949367,342.08389715832203,3.0,4.0,1.0,8.0,7.139240506329114,3.569620253164557,12800.0,3577.5674455164726,3585.5674455164726,3.577850088065115,3.5698673067789026
13,random_structured,120,14400,4,polynomial_beta_1.00,14400.0,18.6890756302521,770.5035971223023,3.0,4.0,1.0,8.0,7.126050420168067,3.5630252100840334,28800.0,5869.043225076024,5877.043225076024,4.907103065274654,4.9004233756724584
13,random_structured,160,25600,4,polynomial_beta_1.00,25600.0,18.67924528301887,1370.5050505050503,3.0,4.0,1.0,8.0,7.119496855345912,3.559748427672956,51200.0,8300.422603412495,8308.422603412495,6.168360630090148,6.162421249368173
13,random_structured,240,57600,4,polynomial_beta_1.00,57600.0,18.644351464435147,3089.4075403949732,3.0,4.0,1.0,8.0,7.09623430962343,3.548117154811715,115200.0,13422.086450152048,13430.086450152048,8.582868276689947,8.577755655377466
13,random_structured,320,102400,4,polynomial_beta_1.00,102400.0,18.664576802507835,5486.32851864293,3.0,4.0,1.0,8.0,7.109717868338557,3.5548589341692787,204800.0,18886.132919204538,18894.132919204538,10.843935117694064,10.839343666934587
14,inventory_threshold,40,1600,4,polynomial_beta_1.00,1600.0,20.46153846153846,78.19548872180452,3.0,4.0,1.0,8.0,8.307692307692307,4.153846153846153,3200.0,1736.3047027435055,1744.3047027435055,1.8429944899324033,1.834541863567142
14,inventory_threshold,60,3600,4,polynomial_beta_1.00,3600.0,20.305084745762713,177.29549248747912,3.0,4.0,1.0,8.0,8.203389830508474,4.101694915254237,7200.0,2870.935048274523,2878.935048274523,2.507893727629719,2.5009247792218474
14,inventory_threshold,80,6400,4,polynomial_beta_1.00,6400.0,20.303797468354432,315.21197007481294,3.0,4.0,1.0,8.0,8.20253164556962,4.10126582278481,12800.0,4108.609405487011,4116.609405487011,3.1154093117018413,3.1093549907695723
14,inventory_threshold,120,14400,4,polynomial_beta_1.00,14400.0,20.252100840336134,711.0373443983402,3.0,4.0,1.0,8.0,8.168067226890756,4.084033613445378,28800.0,6725.49765893148,6733.49765893148,4.282210991740294,4.277123340467633
14,inventory_threshold,160,25600,4,polynomial_beta_1.00,25600.0,20.226415094339625,1265.6716417910445,3.0,4.0,1.0,8.0,8.150943396226415,4.0754716981132075,51200.0,9501.218810974022,9509.218810974022,5.38878232557526,5.384248802952471
14,inventory_threshold,240,57600,4,polynomial_beta_1.00,57600.0,20.20083682008368,2851.367025683513,3.0,4.0,1.0,8.0,8.13389121338912,4.06694560669456,115200.0,15382.99531786296,15390.99531786296,7.488788601932945,7.48489604608596
14,inventory_threshold,320,102400,4,polynomial_beta_1.00,102400.0,20.188087774294672,5072.298136645963,3.0,4.0,1.0,8.0,8.12539184952978,4.06269592476489,204800.0,21582.43762194804,21590.43762194804,9.489196891815904,9.485680817873181
14,machine_replacement,40,1600,4,polynomial_beta_1.00,1600.0,18.46153846153846,86.66666666666667,3.0,4.0,1.0,8.0,6.9743589743589745,3.4871794871794872,3200.0,1459.5644418093627,1467.5644418093627,2.192434885597165,2.180483465553795
14,machine_replacement,60,3600,4,polynomial_beta_1.00,3600.0,18.271186440677965,197.03153988868274,3.0,4.0,1.0,8.0,6.8474576271186445,3.4237288135593222,7200.0,2398.3838006258416,2406.3838006258416,3.0020216106034447,2.992041418383658
14,machine_replacement,80,6400,4,polynomial_beta_1.00,6400.0,18.329113924050635,349.171270718232,3.0,4.0,1.0,8.0,6.886075949367089,3.4430379746835444,12800.0,3451.1288836187255,3459.1288836187255,3.7089313183164565,3.7003535949806636
14,machine_replacement,120,14400,4,polynomial_beta_1.00,14400.0,18.285714285714285,787.5,3.0,4.0,1.0,8.0,6.857142857142857,3.4285714285714284,28800.0,5648.022726016551,5656.022726016551,5.099129624131686,5.091917305693606
14,machine_replacement,160,25600,4,polynomial_beta_1.00,25600.0,18.22641509433962,1404.5548654244308,3.0,4.0,1.0,8.0,6.817610062893082,3.408805031446541,51200.0,7948.970054857901,7956.970054857901,6.4410860333672835,6.434610115032581
14,machine_replacement,240,57600,4,polynomial_beta_1.00,57600.0,18.21757322175732,3161.782269177768,3.0,4.0,1.0,8.0,6.8117154811715475,3.4058577405857737,115200.0,12884.41788965067,12892.41788965067,8.941032570243914,8.935484482897214
14,machine_replacement,320,102400,4,polynomial_beta_1.00,102400.0,18.213166144200628,5622.3063683304645,3.0,4.0,1.0,8.0,6.808777429467084,3.404388714733542,204800.0,18087.22782209535,18095.22782209535,11.322907081969545,11.317901162312365
14,admission_control,40,1600,4,polynomial_beta_1.00,1600.0,18.769230769230766,85.24590163934427,3.0,4.0,1.0,8.0,7.179487179487179,3.5897435897435894,3200.0,1502.1398665684615,1510.1398665684615,2.1302943029600745,2.1190090208474937
14,admission_control,60,3600,4,polynomial_beta_1.00,3600.0,18.677966101694913,192.7404718693285,3.0,4.0,1.0,8.0,7.11864406779661,3.559322033898305,7200.0,2492.894050155578,2500.894050155578,2.8882093884217253,2.878970422418373
14,admission_control,80,6400,4,polynomial_beta_1.00,6400.0,18.594936708860757,344.17971409121856,3.0,4.0,1.0,8.0,7.063291139240506,3.531645569620253,12800.0,3539.6358769471485,3547.6358769471485,3.6161911690870574,3.6080365753361363
14,admission_control,120,14400,4,polynomial_beta_1.00,14400.0,18.588235294117645,774.6835443037976,3.0,4.0,1.0,8.0,7.0588235294117645,3.5294117647058822,28800.0,5813.788100311156,5821.788100311156,4.953740917812023,4.946933743339221
14,admission_control,160,25600,4,polynomial_beta_1.00,25600.0,18.566037735849058,1378.861788617886,3.0,4.0,1.0,8.0,7.044025157232705,3.5220125786163523,51200.0,8212.559466273846,8220.559466273846,6.234353639722278,6.228286555198117
14,admission_control,240,57600,4,polynomial_beta_1.00,57600.0,18.543933054393307,3106.1371841155233,3.0,4.0,1.0,8.0,7.02928870292887,3.514644351464435,115200.0,13295.576200622312,13303.576200622312,8.664536102963929,8.659325752921323
14,admission_control,320,102400,4,polynomial_beta_1.00,102400.0,18.523510971786834,5528.109663225588,3.0,4.0,1.0,8.0,7.015673981191222,3.507836990595611,204800.0,18636.475076357914,18644.475076357914,10.989202580471222,10.984487316550746
14,resource_allocation,40,1600,4,polynomial_beta_1.00,1600.0,20.769230769230766,77.03703703703705,3.0,4.0,1.0,8.0,8.512820512820513,4.256410256410256,3200.0,1778.8801275026044,1786.8801275026044,1.7988845625548284,1.7908308177742247
14,resource_allocation,60,3600,4,polynomial_beta_1.00,3600.0,20.711864406779664,173.81342062193124,3.0,4.0,1.0,8.0,8.474576271186441,4.237288135593221,7200.0,2965.4452978042596,2973.4452978042596,2.4279658793002126,2.4214334816641285
14,resource_allocation,80,6400,4,polynomial_beta_1.00,6400.0,20.683544303797472,309.4247246022031,3.0,4.0,1.0,8.0,8.455696202531646,4.227848101265823,12800.0,4235.0479673847585,4243.0479673847585,3.0223978803962166,3.016699339340582
14,resource_allocation,120,14400,4,polynomial_beta_1.00,14400.0,20.655462184873947,697.1521562245729,3.0,4.0,1.0,8.0,8.436974789915967,4.218487394957983,28800.0,6946.518157990953,6954.518157990953,4.145961954604526,4.1411927247480005
14,resource_allocation,160,25600,4,polynomial_beta_1.00,25600.0,20.641509433962263,1240.2193784277881,3.0,4.0,1.0,8.0,8.427672955974844,4.213836477987422,51200.0,9823.383647149067,9831.383647149067,5.212053385989788,5.207812230463321
14,resource_allocation,240,57600,4,polynomial_beta_1.00,57600.0,20.602510460251047,2795.7757920389927,3.0,4.0,1.0,8.0,8.401673640167363,4.200836820083682,115200.0,15889.036315981906,15897.036315981906,7.250282377674892,7.246633756770435
14,resource_allocation,320,102400,4,polynomial_beta_1.00,102400.0,20.60188087774295,4970.419963481436,3.0,4.0,1.0,8.0,8.401253918495298,4.200626959247649,204800.0,22314.76729429813,22322.76729429813,9.17777888063975,9.174489761953113
14,random_structured,40,1600,4,polynomial_beta_1.00,1600.0,18.769230769230766,85.24590163934427,3.0,4.0,1.0,8.0,7.179487179487179,3.5897435897435894,3200.0,1502.1398665684615,1510.1398665684615,2.1302943029600745,2.1190090208474937
14,random_structured,60,3600,4,polynomial_beta_1.00,3600.0,18.576271186440678,193.7956204379562,3.0,4.0,1.0,8.0,7.0508474576271185,3.5254237288135593,7200.0,2469.2664877731436,2477.2664877731436,2.9158456714379053,2.9064293387637115
14,random_structured,80,6400,4,polynomial_beta_1.00,6400.0,18.632911392405063,343.47826086956525,3.0,4.0,1.0,8.0,7.0886075949367084,3.5443037974683542,12800.0,3552.279733136923,3560.279733136923,3.6033198288403554,3.595223117123458
14,random_structured,120,14400,4,polynomial_beta_1.00,14400.0,18.588235294117645,774.6835443037976,3.0,4.0,1.0,8.0,7.0588235294117645,3.5294117647058822,28800.0,5813.788100311156,5821.788100311156,4.953740917812023,4.946933743339221
14,random_structured,160,25600,4,polynomial_beta_1.00,25600.0,18.528301886792452,1381.6700610997964,3.0,4.0,1.0,8.0,7.018867924528302,3.509433962264151,51200.0,8183.271753894297,8191.271753894297,6.256666225905877,6.250555657082001
14,random_structured,240,57600,4,polynomial_beta_1.00,57600.0,18.543933054393307,3106.1371841155233,3.0,4.0,1.0,8.0,7.02928870292887,3.514644351464435,115200.0,13295.576200622312,13303.576200622312,8.664536102963929,8.659325752921323
14,random_structured,320,102400,4,polynomial_beta_1.00,102400.0,18.551724137931036,5519.702602230483,3.0,4.0,1.0,8.0,7.0344827586206895,3.5172413793103448,204800.0,18686.40664492724,18694.40664492724,10.959838554920704,10.955148451078164
15,inventory_threshold,40,1600,4,polynomial_beta_1.00,1600.0,20.46153846153846,78.19548872180452,3.0,4.0,1.0,8.0,8.307692307692307,4.153846153846153,3200.0,1736.3047027435055,1744.3047027435055,1.8429944899324033,1.834541863567142
15,inventory_threshold,60,3600,4,polynomial_beta_1.00,3600.0,20.305084745762713,177.29549248747912,3.0,4.0,1.0,8.0,8.203389830508474,4.101694915254237,7200.0,2870.935048274523,2878.935048274523,2.507893727629719,2.5009247792218474
15,inventory_threshold,80,6400,4,polynomial_beta_1.00,6400.0,20.303797468354432,315.21197007481294,3.0,4.0,1.0,8.0,8.20253164556962,4.10126582278481,12800.0,4108.609405487011,4116.609405487011,3.1154093117018413,3.1093549907695723
15,inventory_threshold,120,14400,4,polynomial_beta_1.00,14400.0,20.252100840336134,711.0373443983402,3.0,4.0,1.0,8.0,8.168067226890756,4.084033613445378,28800.0,6725.49765893148,6733.49765893148,4.282210991740294,4.277123340467633
15,inventory_threshold,160,25600,4,polynomial_beta_1.00,25600.0,20.226415094339625,1265.6716417910445,3.0,4.0,1.0,8.0,8.150943396226415,4.0754716981132075,51200.0,9501.218810974022,9509.218810974022,5.38878232557526,5.384248802952471
15,inventory_threshold,240,57600,4,polynomial_beta_1.00,57600.0,20.20083682008368,2851.367025683513,3.0,4.0,1.0,8.0,8.13389121338912,4.06694560669456,115200.0,15382.99531786296,15390.99531786296,7.488788601932945,7.48489604608596
15,inventory_threshold,320,102400,4,polynomial_beta_1.00,102400.0,20.188087774294672,5072.298136645963,3.0,4.0,1.0,8.0,8.12539184952978,4.06269592476489,204800.0,21582.43762194804,21590.43762194804,9.489196891815904,9.485680817873181
15,machine_replacement,40,1600,4,polynomial_beta_1.00,1600.0,18.46153846153846,86.66666666666667,3.0,4.0,1.0,8.0,6.9743589743589745,3.4871794871794872,3200.0,1459.5644418093627,1467.5644418093627,2.192434885597165,2.180483465553795
15,machine_replacement,60,3600,4,polynomial_beta_1.00,3600.0,18.271186440677965,197.03153988868274,3.0,4.0,1.0,8.0,6.8474576271186445,3.4237288135593222,7200.0,2398.3838006258416,2406.3838006258416,3.0020216106034447,2.992041418383658
15,machine_replacement,80,6400,4,polynomial_beta_1.00,6400.0,18.329113924050635,349.171270718232,3.0,4.0,1.0,8.0,6.886075949367089,3.4430379746835444,12800.0,3451.1288836187255,3459.1288836187255,3.7089313183164565,3.7003535949806636
15,machine_replacement,120,14400,4,polynomial_beta_1.00,14400.0,18.285714285714285,787.5,3.0,4.0,1.0,8.0,6.857142857142857,3.4285714285714284,28800.0,5648.022726016551,5656.022726016551,5.099129624131686,5.091917305693606
15,machine_replacement,160,25600,4,polynomial_beta_1.00,25600.0,18.22641509433962,1404.5548654244308,3.0,4.0,1.0,8.0,6.817610062893082,3.408805031446541,51200.0,7948.970054857901,7956.970054857901,6.4410860333672835,6.434610115032581
15,machine_replacement,240,57600,4,polynomial_beta_1.00,57600.0,18.21757322175732,3161.782269177768,3.0,4.0,1.0,8.0,6.8117154811715475,3.4058577405857737,115200.0,12884.41788965067,12892.41788965067,8.941032570243914,8.935484482897214
15,machine_replacement,320,102400,4,polynomial_beta_1.00,102400.0,18.213166144200628,5622.3063683304645,3.0,4.0,1.0,8.0,6.808777429467084,3.404388714733542,204800.0,18087.22782209535,18095.22782209535,11.322907081969545,11.317901162312365
15,admission_control,40,1600,4,polynomial_beta_1.00,1600.0,18.769230769230766,85.24590163934427,3.0,4.0,1.0,8.0,7.179487179487179,3.5897435897435894,3200.0,1502.1398665684615,1510.1398665684615,2.1302943029600745,2.1190090208474937
15,admission_control,60,3600,4,polynomial_beta_1.00,3600.0,18.677966101694913,192.7404718693285,3.0,4.0,1.0,8.0,7.11864406779661,3.559322033898305,7200.0,2492.894050155578,2500.894050155578,2.8882093884217253,2.878970422418373
15,admission_control,80,6400,4,polynomial_beta_1.00,6400.0,18.594936708860757,344.17971409121856,3.0,4.0,1.0,8.0,7.063291139240506,3.531645569620253,12800.0,3539.6358769471485,3547.6358769471485,3.6161911690870574,3.6080365753361363
15,admission_control,120,14400,4,polynomial_beta_1.00,14400.0,18.588235294117645,774.6835443037976,3.0,4.0,1.0,8.0,7.0588235294117645,3.5294117647058822,28800.0,5813.788100311156,5821.788100311156,4.953740917812023,4.946933743339221
15,admission_control,160,25600,4,polynomial_beta_1.00,25600.0,18.566037735849058,1378.861788617886,3.0,4.0,1.0,8.0,7.044025157232705,3.5220125786163523,51200.0,8212.559466273846,8220.559466273846,6.234353639722278,6.228286555198117
15,admission_control,240,57600,4,polynomial_beta_1.00,57600.0,18.543933054393307,3106.1371841155233,3.0,4.0,1.0,8.0,7.02928870292887,3.514644351464435,115200.0,13295.576200622312,13303.576200622312,8.664536102963929,8.659325752921323
15,admission_control,320,102400,4,polynomial_beta_1.00,102400.0,18.523510971786834,5528.109663225588,3.0,4.0,1.0,8.0,7.015673981191222,3.507836990595611,204800.0,18636.475076357914,18644.475076357914,10.989202580471222,10.984487316550746
15,resource_allocation,40,1600,4,polynomial_beta_1.00,1600.0,20.769230769230766,77.03703703703705,3.0,4.0,1.0,8.0,8.512820512820513,4.256410256410256,3200.0,1778.8801275026044,1786.8801275026044,1.7988845625548284,1.7908308177742247
15,resource_allocation,60,3600,4,polynomial_beta_1.00,3600.0,20.711864406779664,173.81342062193124,3.0,4.0,1.0,8.0,8.474576271186441,4.237288135593221,7200.0,2965.4452978042596,2973.4452978042596,2.4279658793002126,2.4214334816641285
15,resource_allocation,80,6400,4,polynomial_beta_1.00,6400.0,20.683544303797472,309.4247246022031,3.0,4.0,1.0,8.0,8.455696202531646,4.227848101265823,12800.0,4235.0479673847585,4243.0479673847585,3.0223978803962166,3.016699339340582
15,resource_allocation,120,14400,4,polynomial_beta_1.00,14400.0,20.655462184873947,697.1521562245729,3.0,4.0,1.0,8.0,8.436974789915967,4.218487394957983,28800.0,6946.518157990953,6954.518157990953,4.145961954604526,4.1411927247480005
15,resource_allocation,160,25600,4,polynomial_beta_1.00,25600.0,20.641509433962263,1240.2193784277881,3.0,4.0,1.0,8.0,8.427672955974844,4.213836477987422,51200.0,9823.383647149067,9831.383647149067,5.212053385989788,5.207812230463321
15,resource_allocation,240,57600,4,polynomial_beta_1.00,57600.0,20.602510460251047,2795.7757920389927,3.0,4.0,1.0,8.0,8.401673640167363,4.200836820083682,115200.0,15889.036315981906,15897.036315981906,7.250282377674892,7.246633756770435
15,resource_allocation,320,102400,4,polynomial_beta_1.00,102400.0,20.60188087774295,4970.419963481436,3.0,4.0,1.0,8.0,8.401253918495298,4.200626959247649,204800.0,22314.76729429813,22322.76729429813,9.17777888063975,9.174489761953113
15,random_structured,40,1600,4,polynomial_beta_1.00,1600.0,18.307692307692307,87.39495798319328,3.0,4.0,1.0,8.0,6.871794871794871,3.4358974358974357,3200.0,1438.2767294298133,1446.2767294298133,2.2248847767067743,2.2125779492155577
15,random_structured,60,3600,4,polynomial_beta_1.00,3600.0,18.16949152542373,198.13432835820893,3.0,4.0,1.0,8.0,6.779661016949152,3.389830508474576,7200.0,2374.7562382434076,2382.7562382434076,3.031890130047956,3.0217106913579688
15,random_structured,80,6400,4,polynomial_beta_1.00,6400.0,18.10126582278481,353.56643356643355,3.0,4.0,1.0,8.0,6.734177215189873,3.3670886075949364,12800.0,3375.265746480077,3383.265746480077,3.7922939885099667,3.7833268088139453
15,random_structured,120,14400,4,polynomial_beta_1.00,14400.0,18.03361344537815,798.5088536812675,3.0,4.0,1.0,8.0,6.6890756302521,3.34453781512605,28800.0,5509.884914104381,5517.884914104381,5.2269694283952886,5.219391206653063
15,random_structured,160,25600,4,polynomial_beta_1.00,25600.0,18.0,1422.2222222222222,3.0,4.0,1.0,8.0,6.666666666666667,3.3333333333333335,51200.0,7773.243780580605,7781.243780580605,6.586696808340125,6.579924937935779
15,random_structured,240,57600,4,polynomial_beta_1.00,57600.0,17.99163179916318,3201.4883720930234,3.0,4.0,1.0,8.0,6.661087866108786,3.330543933054393,115200.0,12599.769828208762,12607.769828208762,9.143024163988029,9.137222646803899
15,random_structured,320,102400,4,polynomial_beta_1.00,102400.0,18.00626959247649,5686.908077994429,3.0,4.0,1.0,8.0,6.670846394984326,3.335423197492163,204800.0,17721.062985920307,17729.062985920307,11.556868804242566,11.551653923427523
16,inventory_threshold,40,1600,4,polynomial_beta_1.00,1600.0,20.46153846153846,78.19548872180452,3.0,4.0,1.0,8.0,8.307692307692307,4.153846153846153,3200.0,1736.3047027435055,1744.3047027435055,1.8429944899324033,1.834541863567142
16,inventory_threshold,60,3600,4,polynomial_beta_1.00,3600.0,20.305084745762713,177.29549248747912,3.0,4.0,1.0,8.0,8.203389830508474,4.101694915254237,7200.0,2870.935048274523,2878.935048274523,2.507893727629719,2.5009247792218474
16,inventory_threshold,80,6400,4,polynomial_beta_1.00,6400.0,20.303797468354432,315.21197007481294,3.0,4.0,1.0,8.0,8.20253164556962,4.10126582278481,12800.0,4108.609405487011,4116.609405487011,3.1154093117018413,3.1093549907695723
16,inventory_threshold,120,14400,4,polynomial_beta_1.00,14400.0,20.252100840336134,711.0373443983402,3.0,4.0,1.0,8.0,8.168067226890756,4.084033613445378,28800.0,6725.49765893148,6733.49765893148,4.282210991740294,4.277123340467633
16,inventory_threshold,160,25600,4,polynomial_beta_1.00,25600.0,20.226415094339625,1265.6716417910445,3.0,4.0,1.0,8.0,8.150943396226415,4.0754716981132075,51200.0,9501.218810974022,9509.218810974022,5.38878232557526,5.384248802952471
16,inventory_threshold,240,57600,4,polynomial_beta_1.00,57600.0,20.20083682008368,2851.367025683513,3.0,4.0,1.0,8.0,8.13389121338912,4.06694560669456,115200.0,15382.99531786296,15390.99531786296,7.488788601932945,7.48489604608596
16,inventory_threshold,320,102400,4,polynomial_beta_1.00,102400.0,20.188087774294672,5072.298136645963,3.0,4.0,1.0,8.0,8.12539184952978,4.06269592476489,204800.0,21582.43762194804,21590.43762194804,9.489196891815904,9.485680817873181
16,machine_replacement,40,1600,4,polynomial_beta_1.00,1600.0,18.46153846153846,86.66666666666667,3.0,4.0,1.0,8.0,6.9743589743589745,3.4871794871794872,3200.0,1459.5644418093627,1467.5644418093627,2.192434885597165,2.180483465553795
16,machine_replacement,60,3600,4,polynomial_beta_1.00,3600.0,18.271186440677965,197.03153988868274,3.0,4.0,1.0,8.0,6.8474576271186445,3.4237288135593222,7200.0,2398.3838006258416,2406.3838006258416,3.0020216106034447,2.992041418383658
16,machine_replacement,80,6400,4,polynomial_beta_1.00,6400.0,18.329113924050635,349.171270718232,3.0,4.0,1.0,8.0,6.886075949367089,3.4430379746835444,12800.0,3451.1288836187255,3459.1288836187255,3.7089313183164565,3.7003535949806636
16,machine_replacement,120,14400,4,polynomial_beta_1.00,14400.0,18.285714285714285,787.5,3.0,4.0,1.0,8.0,6.857142857142857,3.4285714285714284,28800.0,5648.022726016551,5656.022726016551,5.099129624131686,5.091917305693606
16,machine_replacement,160,25600,4,polynomial_beta_1.00,25600.0,18.22641509433962,1404.5548654244308,3.0,4.0,1.0,8.0,6.817610062893082,3.408805031446541,51200.0,7948.970054857901,7956.970054857901,6.4410860333672835,6.434610115032581
16,machine_replacement,240,57600,4,polynomial_beta_1.00,57600.0,18.21757322175732,3161.782269177768,3.0,4.0,1.0,8.0,6.8117154811715475,3.4058577405857737,115200.0,12884.41788965067,12892.41788965067,8.941032570243914,8.935484482897214
16,machine_replacement,320,102400,4,polynomial_beta_1.00,102400.0,18.213166144200628,5622.3063683304645,3.0,4.0,1.0,8.0,6.808777429467084,3.404388714733542,204800.0,18087.22782209535,18095.22782209535,11.322907081969545,11.317901162312365
16,admission_control,40,1600,4,polynomial_beta_1.00,1600.0,18.769230769230766,85.24590163934427,3.0,4.0,1.0,8.0,7.179487179487179,3.5897435897435894,3200.0,1502.1398665684615,1510.1398665684615,2.1302943029600745,2.1190090208474937
16,admission_control,60,3600,4,polynomial_beta_1.00,3600.0,18.677966101694913,192.7404718693285,3.0,4.0,1.0,8.0,7.11864406779661,3.559322033898305,7200.0,2492.894050155578,2500.894050155578,2.8882093884217253,2.878970422418373
16,admission_control,80,6400,4,polynomial_beta_1.00,6400.0,18.594936708860757,344.17971409121856,3.0,4.0,1.0,8.0,7.063291139240506,3.531645569620253,12800.0,3539.6358769471485,3547.6358769471485,3.6161911690870574,3.6080365753361363
16,admission_control,120,14400,4,polynomial_beta_1.00,14400.0,18.588235294117645,774.6835443037976,3.0,4.0,1.0,8.0,7.0588235294117645,3.5294117647058822,28800.0,5813.788100311156,5821.788100311156,4.953740917812023,4.946933743339221
16,admission_control,160,25600,4,polynomial_beta_1.00,25600.0,18.566037735849058,1378.861788617886,3.0,4.0,1.0,8.0,7.044025157232705,3.5220125786163523,51200.0,8212.559466273846,8220.559466273846,6.234353639722278,6.228286555198117
16,admission_control,240,57600,4,polynomial_beta_1.00,57600.0,18.543933054393307,3106.1371841155233,3.0,4.0,1.0,8.0,7.02928870292887,3.514644351464435,115200.0,13295.576200622312,13303.576200622312,8.664536102963929,8.659325752921323
16,admission_control,320,102400,4,polynomial_beta_1.00,102400.0,18.523510971786834,5528.109663225588,3.0,4.0,1.0,8.0,7.015673981191222,3.507836990595611,204800.0,18636.475076357914,18644.475076357914,10.989202580471222,10.984487316550746
16,resource_allocation,40,1600,4,polynomial_beta_1.00,1600.0,20.769230769230766,77.03703703703705,3.0,4.0,1.0,8.0,8.512820512820513,4.256410256410256,3200.0,1778.8801275026044,1786.8801275026044,1.7988845625548284,1.7908308177742247
16,resource_allocation,60,3600,4,polynomial_beta_1.00,3600.0,20.711864406779664,173.81342062193124,3.0,4.0,1.0,8.0,8.474576271186441,4.237288135593221,7200.0,2965.4452978042596,2973.4452978042596,2.4279658793002126,2.4214334816641285
16,resource_allocation,80,6400,4,polynomial_beta_1.00,6400.0,20.683544303797472,309.4247246022031,3.0,4.0,1.0,8.0,8.455696202531646,4.227848101265823,12800.0,4235.0479673847585,4243.0479673847585,3.0223978803962166,3.016699339340582
16,resource_allocation,120,14400,4,polynomial_beta_1.00,14400.0,20.655462184873947,697.1521562245729,3.0,4.0,1.0,8.0,8.436974789915967,4.218487394957983,28800.0,6946.518157990953,6954.518157990953,4.145961954604526,4.1411927247480005
16,resource_allocation,160,25600,4,polynomial_beta_1.00,25600.0,20.641509433962263,1240.2193784277881,3.0,4.0,1.0,8.0,8.427672955974844,4.213836477987422,51200.0,9823.383647149067,9831.383647149067,5.212053385989788,5.207812230463321
16,resource_allocation,240,57600,4,polynomial_beta_1.00,57600.0,20.602510460251047,2795.7757920389927,3.0,4.0,1.0,8.0,8.401673640167363,4.200836820083682,115200.0,15889.036315981906,15897.036315981906,7.250282377674892,7.246633756770435
16,resource_allocation,320,102400,4,polynomial_beta_1.00,102400.0,20.60188087774295,4970.419963481436,3.0,4.0,1.0,8.0,8.401253918495298,4.200626959247649,204800.0,22314.76729429813,22322.76729429813,9.17777888063975,9.174489761953113
16,random_structured,40,1600,4,polynomial_beta_1.00,1600.0,18.923076923076923,84.55284552845528,3.0,4.0,1.0,8.0,7.282051282051282,3.641025641025641,3200.0,1523.427578948011,1531.427578948011,2.1005264997301225,2.0895535929934
16,random_structured,60,3600,4,polynomial_beta_1.00,3600.0,18.677966101694913,192.7404718693285,3.0,4.0,1.0,8.0,7.11864406779661,3.559322033898305,7200.0,2492.894050155578,2500.894050155578,2.8882093884217253,2.878970422418373
16,random_structured,80,6400,4,polynomial_beta_1.00,6400.0,18.632911392405063,343.47826086956525,3.0,4.0,1.0,8.0,7.0886075949367084,3.5443037974683542,12800.0,3552.279733136923,3560.279733136923,3.6033198288403554,3.595223117123458
16,random_structured,120,14400,4,polynomial_beta_1.00,14400.0,18.63865546218487,772.5879170423806,3.0,4.0,1.0,8.0,7.092436974789916,3.546218487394958,28800.0,5841.41566269359,5849.41566269359,4.930311702338225,4.923568722202574
16,random_structured,160,25600,4,polynomial_beta_1.00,25600.0,18.641509433962263,1373.2793522267207,3.0,4.0,1.0,8.0,7.09433962264151,3.547169811320755,51200.0,8271.134891032945,8279.134891032945,6.190202514470884,6.184221017518902
16,random_structured,240,57600,4,polynomial_beta_1.00,57600.0,18.619246861924687,3093.5730337078653,3.0,4.0,1.0,8.0,7.07949790794979,3.539748953974895,115200.0,13390.458887769613,13398.458887769613,8.60314056191306,8.598003767818172
16,random_structured,320,102400,4,polynomial_beta_1.00,102400.0,18.608150470219435,5502.964959568733,3.0,4.0,1.0,8.0,7.072100313479623,3.5360501567398117,204800.0,18786.269782065887,18794.269782065887,10.901578779386536,10.89693839530956
17,inventory_threshold,40,1600,4,polynomial_beta_1.00,1600.0,20.46153846153846,78.19548872180452,3.0,4.0,1.0,8.0,8.307692307692307,4.153846153846153,3200.0,1736.3047027435055,1744.3047027435055,1.8429944899324033,1.834541863567142
17,inventory_threshold,60,3600,4,polynomial_beta_1.00,3600.0,20.305084745762713,177.29549248747912,3.0,4.0,1.0,8.0,8.203389830508474,4.101694915254237,7200.0,2870.935048274523,2878.935048274523,2.507893727629719,2.5009247792218474
17,inventory_threshold,80,6400,4,polynomial_beta_1.00,6400.0,20.303797468354432,315.21197007481294,3.0,4.0,1.0,8.0,8.20253164556962,4.10126582278481,12800.0,4108.609405487011,4116.609405487011,3.1154093117018413,3.1093549907695723
17,inventory_threshold,120,14400,4,polynomial_beta_1.00,14400.0,20.252100840336134,711.0373443983402,3.0,4.0,1.0,8.0,8.168067226890756,4.084033613445378,28800.0,6725.49765893148,6733.49765893148,4.282210991740294,4.277123340467633
17,inventory_threshold,160,25600,4,polynomial_beta_1.00,25600.0,20.226415094339625,1265.6716417910445,3.0,4.0,1.0,8.0,8.150943396226415,4.0754716981132075,51200.0,9501.218810974022,9509.218810974022,5.38878232557526,5.384248802952471
17,inventory_threshold,240,57600,4,polynomial_beta_1.00,57600.0,20.20083682008368,2851.367025683513,3.0,4.0,1.0,8.0,8.13389121338912,4.06694560669456,115200.0,15382.99531786296,15390.99531786296,7.488788601932945,7.48489604608596
17,inventory_threshold,320,102400,4,polynomial_beta_1.00,102400.0,20.188087774294672,5072.298136645963,3.0,4.0,1.0,8.0,8.12539184952978,4.06269592476489,204800.0,21582.43762194804,21590.43762194804,9.489196891815904,9.485680817873181
17,machine_replacement,40,1600,4,polynomial_beta_1.00,1600.0,18.46153846153846,86.66666666666667,3.0,4.0,1.0,8.0,6.9743589743589745,3.4871794871794872,3200.0,1459.5644418093627,1467.5644418093627,2.192434885597165,2.180483465553795
17,machine_replacement,60,3600,4,polynomial_beta_1.00,3600.0,18.271186440677965,197.03153988868274,3.0,4.0,1.0,8.0,6.8474576271186445,3.4237288135593222,7200.0,2398.3838006258416,2406.3838006258416,3.0020216106034447,2.992041418383658
17,machine_replacement,80,6400,4,polynomial_beta_1.00,6400.0,18.329113924050635,349.171270718232,3.0,4.0,1.0,8.0,6.886075949367089,3.4430379746835444,12800.0,3451.1288836187255,3459.1288836187255,3.7089313183164565,3.7003535949806636
17,machine_replacement,120,14400,4,polynomial_beta_1.00,14400.0,18.285714285714285,787.5,3.0,4.0,1.0,8.0,6.857142857142857,3.4285714285714284,28800.0,5648.022726016551,5656.022726016551,5.099129624131686,5.091917305693606
17,machine_replacement,160,25600,4,polynomial_beta_1.00,25600.0,18.22641509433962,1404.5548654244308,3.0,4.0,1.0,8.0,6.817610062893082,3.408805031446541,51200.0,7948.970054857901,7956.970054857901,6.4410860333672835,6.434610115032581
17,machine_replacement,240,57600,4,polynomial_beta_1.00,57600.0,18.21757322175732,3161.782269177768,3.0,4.0,1.0,8.0,6.8117154811715475,3.4058577405857737,115200.0,12884.41788965067,12892.41788965067,8.941032570243914,8.935484482897214
17,machine_replacement,320,102400,4,polynomial_beta_1.00,102400.0,18.213166144200628,5622.3063683304645,3.0,4.0,1.0,8.0,6.808777429467084,3.404388714733542,204800.0,18087.22782209535,18095.22782209535,11.322907081969545,11.317901162312365
17,admission_control,40,1600,4,polynomial_beta_1.00,1600.0,18.769230769230766,85.24590163934427,3.0,4.0,1.0,8.0,7.179487179487179,3.5897435897435894,3200.0,1502.1398665684615,1510.1398665684615,2.1302943029600745,2.1190090208474937
17,admission_control,60,3600,4,polynomial_beta_1.00,3600.0,18.677966101694913,192.7404718693285,3.0,4.0,1.0,8.0,7.11864406779661,3.559322033898305,7200.0,2492.894050155578,2500.894050155578,2.8882093884217253,2.878970422418373
17,admission_control,80,6400,4,polynomial_beta_1.00,6400.0,18.594936708860757,344.17971409121856,3.0,4.0,1.0,8.0,7.063291139240506,3.531645569620253,12800.0,3539.6358769471485,3547.6358769471485,3.6161911690870574,3.6080365753361363
17,admission_control,120,14400,4,polynomial_beta_1.00,14400.0,18.588235294117645,774.6835443037976,3.0,4.0,1.0,8.0,7.0588235294117645,3.5294117647058822,28800.0,5813.788100311156,5821.788100311156,4.953740917812023,4.946933743339221
17,admission_control,160,25600,4,polynomial_beta_1.00,25600.0,18.566037735849058,1378.861788617886,3.0,4.0,1.0,8.0,7.044025157232705,3.5220125786163523,51200.0,8212.559466273846,8220.559466273846,6.234353639722278,6.228286555198117
17,admission_control,240,57600,4,polynomial_beta_1.00,57600.0,18.543933054393307,3106.1371841155233,3.0,4.0,1.0,8.0,7.02928870292887,3.514644351464435,115200.0,13295.576200622312,13303.576200622312,8.664536102963929,8.659325752921323
17,admission_control,320,102400,4,polynomial_beta_1.00,102400.0,18.523510971786834,5528.109663225588,3.0,4.0,1.0,8.0,7.015673981191222,3.507836990595611,204800.0,18636.475076357914,18644.475076357914,10.989202580471222,10.984487316550746
17,resource_allocation,40,1600,4,polynomial_beta_1.00,1600.0,20.769230769230766,77.03703703703705,3.0,4.0,1.0,8.0,8.512820512820513,4.256410256410256,3200.0,1778.8801275026044,1786.8801275026044,1.7988845625548284,1.7908308177742247
17,resource_allocation,60,3600,4,polynomial_beta_1.00,3600.0,20.711864406779664,173.81342062193124,3.0,4.0,1.0,8.0,8.474576271186441,4.237288135593221,7200.0,2965.4452978042596,2973.4452978042596,2.4279658793002126,2.4214334816641285
17,resource_allocation,80,6400,4,polynomial_beta_1.00,6400.0,20.683544303797472,309.4247246022031,3.0,4.0,1.0,8.0,8.455696202531646,4.227848101265823,12800.0,4235.0479673847585,4243.0479673847585,3.0223978803962166,3.016699339340582
17,resource_allocation,120,14400,4,polynomial_beta_1.00,14400.0,20.655462184873947,697.1521562245729,3.0,4.0,1.0,8.0,8.436974789915967,4.218487394957983,28800.0,6946.518157990953,6954.518157990953,4.145961954604526,4.1411927247480005
17,resource_allocation,160,25600,4,polynomial_beta_1.00,25600.0,20.641509433962263,1240.2193784277881,3.0,4.0,1.0,8.0,8.427672955974844,4.213836477987422,51200.0,9823.383647149067,9831.383647149067,5.212053385989788,5.207812230463321
17,resource_allocation,240,57600,4,polynomial_beta_1.00,57600.0,20.602510460251047,2795.7757920389927,3.0,4.0,1.0,8.0,8.401673640167363,4.200836820083682,115200.0,15889.036315981906,15897.036315981906,7.250282377674892,7.246633756770435
17,resource_allocation,320,102400,4,polynomial_beta_1.00,102400.0,20.60188087774295,4970.419963481436,3.0,4.0,1.0,8.0,8.401253918495298,4.200626959247649,204800.0,22314.76729429813,22322.76729429813,9.17777888063975,9.174489761953113
17,random_structured,40,1600,4,polynomial_beta_1.00,1600.0,18.46153846153846,86.66666666666667,3.0,4.0,1.0,8.0,6.9743589743589745,3.4871794871794872,3200.0,1459.5644418093627,1467.5644418093627,2.192434885597165,2.180483465553795
17,random_structured,60,3600,4,polynomial_beta_1.00,3600.0,18.372881355932204,195.9409594095941,3.0,4.0,1.0,8.0,6.915254237288136,3.457627118644068,7200.0,2422.0113630082756,2430.0113630082756,2.972735846729138,2.9629491078126615
17,random_structured,80,6400,4,polynomial_beta_1.00,6400.0,18.40506329113924,347.7303988995874,3.0,4.0,1.0,8.0,6.936708860759493,3.4683544303797467,12800.0,3476.4165959982747,3484.4165959982747,3.6819522765868054,3.673498747164829
17,random_structured,120,14400,4,polynomial_beta_1.00,14400.0,18.386554621848738,783.180987202925,3.0,4.0,1.0,8.0,6.924369747899159,3.4621848739495795,28800.0,5703.277850781419,5711.277850781419,5.049727674771105,5.042654332788165
17,random_structured,160,25600,4,polynomial_beta_1.00,25600.0,18.339622641509436,1395.8847736625512,3.0,4.0,1.0,8.0,6.8930817610062896,3.4465408805031448,51200.0,8036.833191996549,8044.833191996549,6.370668493031227,6.364333327748377
17,random_structured,240,57600,4,polynomial_beta_1.00,57600.0,18.317991631799163,3144.449520328917,3.0,4.0,1.0,8.0,6.878661087866108,3.439330543933054,115200.0,13010.928139180405,13018.928139180405,8.854095477869327,8.848654725522765
17,random_structured,320,102400,4,polynomial_beta_1.00,102400.0,18.32601880877743,5587.683886418064,3.0,4.0,1.0,8.0,6.884012539184953,3.4420062695924765,204800.0,18286.954096372647,18294.954096372647,11.19924066745613,11.194343474226363
18,inventory_threshold,40,1600,4,polynomial_beta_1.00,1600.0,20.46153846153846,78.19548872180452,3.0,4.0,1.0,8.0,8.307692307692307,4.153846153846153,3200.0,1736.3047027435055,1744.3047027435055,1.8429944899324033,1.834541863567142
18,inventory_threshold,60,3600,4,polynomial_beta_1.00,3600.0,20.305084745762713,177.29549248747912,3.0,4.0,1.0,8.0,8.203389830508474,4.101694915254237,7200.0,2870.935048274523,2878.935048274523,2.507893727629719,2.5009247792218474
18,inventory_threshold,80,6400,4,polynomial_beta_1.00,6400.0,20.303797468354432,315.21197007481294,3.0,4.0,1.0,8.0,8.20253164556962,4.10126582278481,12800.0,4108.609405487011,4116.609405487011,3.1154093117018413,3.1093549907695723
18,inventory_threshold,120,14400,4,polynomial_beta_1.00,14400.0,20.252100840336134,711.0373443983402,3.0,4.0,1.0,8.0,8.168067226890756,4.084033613445378,28800.0,6725.49765893148,6733.49765893148,4.282210991740294,4.277123340467633
18,inventory_threshold,160,25600,4,polynomial_beta_1.00,25600.0,20.226415094339625,1265.6716417910445,3.0,4.0,1.0,8.0,8.150943396226415,4.0754716981132075,51200.0,9501.218810974022,9509.218810974022,5.38878232557526,5.384248802952471
18,inventory_threshold,240,57600,4,polynomial_beta_1.00,57600.0,20.20083682008368,2851.367025683513,3.0,4.0,1.0,8.0,8.13389121338912,4.06694560669456,115200.0,15382.99531786296,15390.99531786296,7.488788601932945,7.48489604608596
18,inventory_threshold,320,102400,4,polynomial_beta_1.00,102400.0,20.188087774294672,5072.298136645963,3.0,4.0,1.0,8.0,8.12539184952978,4.06269592476489,204800.0,21582.43762194804,21590.43762194804,9.489196891815904,9.485680817873181
18,machine_replacement,40,1600,4,polynomial_beta_1.00,1600.0,18.46153846153846,86.66666666666667,3.0,4.0,1.0,8.0,6.9743589743589745,3.4871794871794872,3200.0,1459.5644418093627,1467.5644418093627,2.192434885597165,2.180483465553795
18,machine_replacement,60,3600,4,polynomial_beta_1.00,3600.0,18.271186440677965,197.03153988868274,3.0,4.0,1.0,8.0,6.8474576271186445,3.4237288135593222,7200.0,2398.3838006258416,2406.3838006258416,3.0020216106034447,2.992041418383658
18,machine_replacement,80,6400,4,polynomial_beta_1.00,6400.0,18.329113924050635,349.171270718232,3.0,4.0,1.0,8.0,6.886075949367089,3.4430379746835444,12800.0,3451.1288836187255,3459.1288836187255,3.7089313183164565,3.7003535949806636
18,machine_replacement,120,14400,4,polynomial_beta_1.00,14400.0,18.285714285714285,787.5,3.0,4.0,1.0,8.0,6.857142857142857,3.4285714285714284,28800.0,5648.022726016551,5656.022726016551,5.099129624131686,5.091917305693606
18,machine_replacement,160,25600,4,polynomial_beta_1.00,25600.0,18.22641509433962,1404.5548654244308,3.0,4.0,1.0,8.0,6.817610062893082,3.408805031446541,51200.0,7948.970054857901,7956.970054857901,6.4410860333672835,6.434610115032581
18,machine_replacement,240,57600,4,polynomial_beta_1.00,57600.0,18.21757322175732,3161.782269177768,3.0,4.0,1.0,8.0,6.8117154811715475,3.4058577405857737,115200.0,12884.41788965067,12892.41788965067,8.941032570243914,8.935484482897214
18,machine_replacement,320,102400,4,polynomial_beta_1.00,102400.0,18.213166144200628,5622.3063683304645,3.0,4.0,1.0,8.0,6.808777429467084,3.404388714733542,204800.0,18087.22782209535,18095.22782209535,11.322907081969545,11.317901162312365
18,admission_control,40,1600,4,polynomial_beta_1.00,1600.0,18.769230769230766,85.24590163934427,3.0,4.0,1.0,8.0,7.179487179487179,3.5897435897435894,3200.0,1502.1398665684615,1510.1398665684615,2.1302943029600745,2.1190090208474937
18,admission_control,60,3600,4,polynomial_beta_1.00,3600.0,18.677966101694913,192.7404718693285,3.0,4.0,1.0,8.0,7.11864406779661,3.559322033898305,7200.0,2492.894050155578,2500.894050155578,2.8882093884217253,2.878970422418373
18,admission_control,80,6400,4,polynomial_beta_1.00,6400.0,18.594936708860757,344.17971409121856,3.0,4.0,1.0,8.0,7.063291139240506,3.531645569620253,12800.0,3539.6358769471485,3547.6358769471485,3.6161911690870574,3.6080365753361363
18,admission_control,120,14400,4,polynomial_beta_1.00,14400.0,18.588235294117645,774.6835443037976,3.0,4.0,1.0,8.0,7.0588235294117645,3.5294117647058822,28800.0,5813.788100311156,5821.788100311156,4.953740917812023,4.946933743339221
18,admission_control,160,25600,4,polynomial_beta_1.00,25600.0,18.566037735849058,1378.861788617886,3.0,4.0,1.0,8.0,7.044025157232705,3.5220125786163523,51200.0,8212.559466273846,8220.559466273846,6.234353639722278,6.228286555198117
18,admission_control,240,57600,4,polynomial_beta_1.00,57600.0,18.543933054393307,3106.1371841155233,3.0,4.0,1.0,8.0,7.02928870292887,3.514644351464435,115200.0,13295.576200622312,13303.576200622312,8.664536102963929,8.659325752921323
18,admission_control,320,102400,4,polynomial_beta_1.00,102400.0,18.523510971786834,5528.109663225588,3.0,4.0,1.0,8.0,7.015673981191222,3.507836990595611,204800.0,18636.475076357914,18644.475076357914,10.989202580471222,10.984487316550746
18,resource_allocation,40,1600,4,polynomial_beta_1.00,1600.0,20.769230769230766,77.03703703703705,3.0,4.0,1.0,8.0,8.512820512820513,4.256410256410256,3200.0,1778.8801275026044,1786.8801275026044,1.7988845625548284,1.7908308177742247
18,resource_allocation,60,3600,4,polynomial_beta_1.00,3600.0,20.711864406779664,173.81342062193124,3.0,4.0,1.0,8.0,8.474576271186441,4.237288135593221,7200.0,2965.4452978042596,2973.4452978042596,2.4279658793002126,2.4214334816641285
18,resource_allocation,80,6400,4,polynomial_beta_1.00,6400.0,20.683544303797472,309.4247246022031,3.0,4.0,1.0,8.0,8.455696202531646,4.227848101265823,12800.0,4235.0479673847585,4243.0479673847585,3.0223978803962166,3.016699339340582
18,resource_allocation,120,14400,4,polynomial_beta_1.00,14400.0,20.655462184873947,697.1521562245729,3.0,4.0,1.0,8.0,8.436974789915967,4.218487394957983,28800.0,6946.518157990953,6954.518157990953,4.145961954604526,4.1411927247480005
18,resource_allocation,160,25600,4,polynomial_beta_1.00,25600.0,20.641509433962263,1240.2193784277881,3.0,4.0,1.0,8.0,8.427672955974844,4.213836477987422,51200.0,9823.383647149067,9831.383647149067,5.212053385989788,5.207812230463321
18,resource_allocation,240,57600,4,polynomial_beta_1.00,57600.0,20.602510460251047,2795.7757920389927,3.0,4.0,1.0,8.0,8.401673640167363,4.200836820083682,115200.0,15889.036315981906,15897.036315981906,7.250282377674892,7.246633756770435
18,resource_allocation,320,102400,4,polynomial_beta_1.00,102400.0,20.60188087774295,4970.419963481436,3.0,4.0,1.0,8.0,8.401253918495298,4.200626959247649,204800.0,22314.76729429813,22322.76729429813,9.17777888063975,9.174489761953113
18,random_structured,40,1600,4,polynomial_beta_1.00,1600.0,19.076923076923077,83.87096774193549,3.0,4.0,1.0,8.0,7.384615384615384,3.692307692307692,3200.0,1544.7152913275604,1552.7152913275604,2.0715791563439847,2.060905832429861
18,random_structured,60,3600,4,polynomial_beta_1.00,3600.0,19.084745762711865,188.6323268206039,3.0,4.0,1.0,8.0,7.389830508474576,3.694915254237288,7200.0,2587.404299685314,2595.404299685314,2.782711615991239,2.774134265275349
18,random_structured,80,6400,4,polynomial_beta_1.00,6400.0,19.0126582278481,336.6178428761651,3.0,4.0,1.0,8.0,7.341772151898734,3.670886075949367,12800.0,3678.7182950346705,3686.7182950346705,3.4794727330104966,3.4719224458346165
18,random_structured,120,14400,4,polynomial_beta_1.00,14400.0,18.991596638655462,758.2300884955753,3.0,4.0,1.0,8.0,7.3277310924369745,3.6638655462184873,28800.0,6034.808599370628,6042.808599370628,4.772313740489394,4.7659957330105716
18,random_structured,160,25600,4,polynomial_beta_1.00,25600.0,18.9811320754717,1348.7077534791251,3.0,4.0,1.0,8.0,7.320754716981132,3.660377358490566,51200.0,8534.72430244889,8542.72430244889,5.999022134236844,5.993404233509304
18,random_structured,240,57600,4,polynomial_beta_1.00,57600.0,18.99581589958159,3032.246696035242,3.0,4.0,1.0,8.0,7.3305439330543924,3.6652719665271962,115200.0,13864.872323506124,13872.872323506124,8.30876746010081,8.30397608466458
18,random_structured,320,102400,4,polynomial_beta_1.00,102400.0,18.946708463949843,5404.63269358041,3.0,4.0,1.0,8.0,7.297805642633229,3.6489028213166144,204800.0,19385.448604897778,19393.448604897778,10.564625259600998,10.560267241396053
19,inventory_threshold,40,1600,4,polynomial_beta_1.00,1600.0,20.46153846153846,78.19548872180452,3.0,4.0,1.0,8.0,8.307692307692307,4.153846153846153,3200.0,1736.3047027435055,1744.3047027435055,1.8429944899324033,1.834541863567142
19,inventory_threshold,60,3600,4,polynomial_beta_1.00,3600.0,20.305084745762713,177.29549248747912,3.0,4.0,1.0,8.0,8.203389830508474,4.101694915254237,7200.0,2870.935048274523,2878.935048274523,2.507893727629719,2.5009247792218474
19,inventory_threshold,80,6400,4,polynomial_beta_1.00,6400.0,20.303797468354432,315.21197007481294,3.0,4.0,1.0,8.0,8.20253164556962,4.10126582278481,12800.0,4108.609405487011,4116.609405487011,3.1154093117018413,3.1093549907695723
19,inventory_threshold,120,14400,4,polynomial_beta_1.00,14400.0,20.252100840336134,711.0373443983402,3.0,4.0,1.0,8.0,8.168067226890756,4.084033613445378,28800.0,6725.49765893148,6733.49765893148,4.282210991740294,4.277123340467633
19,inventory_threshold,160,25600,4,polynomial_beta_1.00,25600.0,20.226415094339625,1265.6716417910445,3.0,4.0,1.0,8.0,8.150943396226415,4.0754716981132075,51200.0,9501.218810974022,9509.218810974022,5.38878232557526,5.384248802952471
19,inventory_threshold,240,57600,4,polynomial_beta_1.00,57600.0,20.20083682008368,2851.367025683513,3.0,4.0,1.0,8.0,8.13389121338912,4.06694560669456,115200.0,15382.99531786296,15390.99531786296,7.488788601932945,7.48489604608596
19,inventory_threshold,320,102400,4,polynomial_beta_1.00,102400.0,20.188087774294672,5072.298136645963,3.0,4.0,1.0,8.0,8.12539184952978,4.06269592476489,204800.0,21582.43762194804,21590.43762194804,9.489196891815904,9.485680817873181
19,machine_replacement,40,1600,4,polynomial_beta_1.00,1600.0,18.46153846153846,86.66666666666667,3.0,4.0,1.0,8.0,6.9743589743589745,3.4871794871794872,3200.0,1459.5644418093627,1467.5644418093627,2.192434885597165,2.180483465553795
19,machine_replacement,60,3600,4,polynomial_beta_1.00,3600.0,18.271186440677965,197.03153988868274,3.0,4.0,1.0,8.0,6.8474576271186445,3.4237288135593222,7200.0,2398.3838006258416,2406.3838006258416,3.0020216106034447,2.992041418383658
19,machine_replacement,80,6400,4,polynomial_beta_1.00,6400.0,18.329113924050635,349.171270718232,3.0,4.0,1.0,8.0,6.886075949367089,3.4430379746835444,12800.0,3451.1288836187255,3459.1288836187255,3.7089313183164565,3.7003535949806636
19,machine_replacement,120,14400,4,polynomial_beta_1.00,14400.0,18.285714285714285,787.5,3.0,4.0,1.0,8.0,6.857142857142857,3.4285714285714284,28800.0,5648.022726016551,5656.022726016551,5.099129624131686,5.091917305693606
19,machine_replacement,160,25600,4,polynomial_beta_1.00,25600.0,18.22641509433962,1404.5548654244308,3.0,4.0,1.0,8.0,6.817610062893082,3.408805031446541,51200.0,7948.970054857901,7956.970054857901,6.4410860333672835,6.434610115032581
19,machine_replacement,240,57600,4,polynomial_beta_1.00,57600.0,18.21757322175732,3161.782269177768,3.0,4.0,1.0,8.0,6.8117154811715475,3.4058577405857737,115200.0,12884.41788965067,12892.41788965067,8.941032570243914,8.935484482897214
19,machine_replacement,320,102400,4,polynomial_beta_1.00,102400.0,18.213166144200628,5622.3063683304645,3.0,4.0,1.0,8.0,6.808777429467084,3.404388714733542,204800.0,18087.22782209535,18095.22782209535,11.322907081969545,11.317901162312365
19,admission_control,40,1600,4,polynomial_beta_1.00,1600.0,18.769230769230766,85.24590163934427,3.0,4.0,1.0,8.0,7.179487179487179,3.5897435897435894,3200.0,1502.1398665684615,1510.1398665684615,2.1302943029600745,2.1190090208474937
19,admission_control,60,3600,4,polynomial_beta_1.00,3600.0,18.677966101694913,192.7404718693285,3.0,4.0,1.0,8.0,7.11864406779661,3.559322033898305,7200.0,2492.894050155578,2500.894050155578,2.8882093884217253,2.878970422418373
19,admission_control,80,6400,4,polynomial_beta_1.00,6400.0,18.594936708860757,344.17971409121856,3.0,4.0,1.0,8.0,7.063291139240506,3.531645569620253,12800.0,3539.6358769471485,3547.6358769471485,3.6161911690870574,3.6080365753361363
19,admission_control,120,14400,4,polynomial_beta_1.00,14400.0,18.588235294117645,774.6835443037976,3.0,4.0,1.0,8.0,7.0588235294117645,3.5294117647058822,28800.0,5813.788100311156,5821.788100311156,4.953740917812023,4.946933743339221
19,admission_control,160,25600,4,polynomial_beta_1.00,25600.0,18.566037735849058,1378.861788617886,3.0,4.0,1.0,8.0,7.044025157232705,3.5220125786163523,51200.0,8212.559466273846,8220.559466273846,6.234353639722278,6.228286555198117
19,admission_control,240,57600,4,polynomial_beta_1.00,57600.0,18.543933054393307,3106.1371841155233,3.0,4.0,1.0,8.0,7.02928870292887,3.514644351464435,115200.0,13295.576200622312,13303.576200622312,8.664536102963929,8.659325752921323
19,admission_control,320,102400,4,polynomial_beta_1.00,102400.0,18.523510971786834,5528.109663225588,3.0,4.0,1.0,8.0,7.015673981191222,3.507836990595611,204800.0,18636.475076357914,18644.475076357914,10.989202580471222,10.984487316550746
19,resource_allocation,40,1600,4,polynomial_beta_1.00,1600.0,20.769230769230766,77.03703703703705,3.0,4.0,1.0,8.0,8.512820512820513,4.256410256410256,3200.0,1778.8801275026044,1786.8801275026044,1.7988845625548284,1.7908308177742247
19,resource_allocation,60,3600,4,polynomial_beta_1.00,3600.0,20.711864406779664,173.81342062193124,3.0,4.0,1.0,8.0,8.474576271186441,4.237288135593221,7200.0,2965.4452978042596,2973.4452978042596,2.4279658793002126,2.4214334816641285
19,resource_allocation,80,6400,4,polynomial_beta_1.00,6400.0,20.683544303797472,309.4247246022031,3.0,4.0,1.0,8.0,8.455696202531646,4.227848101265823,12800.0,4235.0479673847585,4243.0479673847585,3.0223978803962166,3.016699339340582
19,resource_allocation,120,14400,4,polynomial_beta_1.00,14400.0,20.655462184873947,697.1521562245729,3.0,4.0,1.0,8.0,8.436974789915967,4.218487394957983,28800.0,6946.518157990953,6954.518157990953,4.145961954604526,4.1411927247480005
19,resource_allocation,160,25600,4,polynomial_beta_1.00,25600.0,20.641509433962263,1240.2193784277881,3.0,4.0,1.0,8.0,8.427672955974844,4.213836477987422,51200.0,9823.383647149067,9831.383647149067,5.212053385989788,5.207812230463321
19,resource_allocation,240,57600,4,polynomial_beta_1.00,57600.0,20.602510460251047,2795.7757920389927,3.0,4.0,1.0,8.0,8.401673640167363,4.200836820083682,115200.0,15889.036315981906,15897.036315981906,7.250282377674892,7.246633756770435
19,resource_allocation,320,102400,4,polynomial_beta_1.00,102400.0,20.60188087774295,4970.419963481436,3.0,4.0,1.0,8.0,8.401253918495298,4.200626959247649,204800.0,22314.76729429813,22322.76729429813,9.17777888063975,9.174489761953113
19,random_structured,40,1600,4,polynomial_beta_1.00,1600.0,18.153846153846153,88.13559322033899,3.0,4.0,1.0,8.0,6.769230769230769,3.3846153846153846,3200.0,1416.9890170502638,1424.9890170502638,2.2583096703610432,2.245631342916607
19,random_structured,60,3600,4,polynomial_beta_1.00,3600.0,18.16949152542373,198.13432835820893,3.0,4.0,1.0,8.0,6.779661016949152,3.389830508474576,7200.0,2374.7562382434076,2382.7562382434076,3.031890130047956,3.0217106913579688
19,random_structured,80,6400,4,polynomial_beta_1.00,6400.0,18.10126582278481,353.56643356643355,3.0,4.0,1.0,8.0,6.734177215189873,3.3670886075949364,12800.0,3375.265746480077,3383.265746480077,3.7922939885099667,3.7833268088139453
19,random_structured,120,14400,4,polynomial_beta_1.00,14400.0,18.084033613445378,796.2825278810409,3.0,4.0,1.0,8.0,6.722689075630252,3.361344537815126,28800.0,5537.512476486815,5545.512476486815,5.200891216460372,5.1933883698058745
19,random_structured,160,25600,4,polynomial_beta_1.00,25600.0,18.037735849056602,1419.2468619246863,3.0,4.0,1.0,8.0,6.6918238993710695,3.3459119496855347,51200.0,7802.531492960154,7810.531492960154,6.561972873316216,6.555251719572217
19,random_structured,240,57600,4,polynomial_beta_1.00,57600.0,18.01673640167364,3197.027403622852,3.0,4.0,1.0,8.0,6.677824267782426,3.338912133891213,115200.0,12631.397390591195,12639.397390591195,9.120131085877286,9.114358575809574
19,random_structured,320,102400,4,polynomial_beta_1.00,102400.0,18.00626959247649,5686.908077994429,3.0,4.0,1.0,8.0,6.670846394984326,3.335423197492163,204800.0,17721.062985920307,17729.062985920307,11.556868804242566,11.551653923427523
20,inventory_threshold,40,1600,4,polynomial_beta_1.00,1600.0,20.46153846153846,78.19548872180452,3.0,4.0,1.0,8.0,8.307692307692307,4.153846153846153,3200.0,1736.3047027435055,1744.3047027435055,1.8429944899324033,1.834541863567142
20,inventory_threshold,60,3600,4,polynomial_beta_1.00,3600.0,20.305084745762713,177.29549248747912,3.0,4.0,1.0,8.0,8.203389830508474,4.101694915254237,7200.0,2870.935048274523,2878.935048274523,2.507893727629719,2.5009247792218474
20,inventory_threshold,80,6400,4,polynomial_beta_1.00,6400.0,20.303797468354432,315.21197007481294,3.0,4.0,1.0,8.0,8.20253164556962,4.10126582278481,12800.0,4108.609405487011,4116.609405487011,3.1154093117018413,3.1093549907695723
20,inventory_threshold,120,14400,4,polynomial_beta_1.00,14400.0,20.252100840336134,711.0373443983402,3.0,4.0,1.0,8.0,8.168067226890756,4.084033613445378,28800.0,6725.49765893148,6733.49765893148,4.282210991740294,4.277123340467633
20,inventory_threshold,160,25600,4,polynomial_beta_1.00,25600.0,20.226415094339625,1265.6716417910445,3.0,4.0,1.0,8.0,8.150943396226415,4.0754716981132075,51200.0,9501.218810974022,9509.218810974022,5.38878232557526,5.384248802952471
20,inventory_threshold,240,57600,4,polynomial_beta_1.00,57600.0,20.20083682008368,2851.367025683513,3.0,4.0,1.0,8.0,8.13389121338912,4.06694560669456,115200.0,15382.99531786296,15390.99531786296,7.488788601932945,7.48489604608596
20,inventory_threshold,320,102400,4,polynomial_beta_1.00,102400.0,20.188087774294672,5072.298136645963,3.0,4.0,1.0,8.0,8.12539184952978,4.06269592476489,204800.0,21582.43762194804,21590.43762194804,9.489196891815904,9.485680817873181
20,machine_replacement,40,1600,4,polynomial_beta_1.00,1600.0,18.46153846153846,86.66666666666667,3.0,4.0,1.0,8.0,6.9743589743589745,3.4871794871794872,3200.0,1459.5644418093627,1467.5644418093627,2.192434885597165,2.180483465553795
20,machine_replacement,60,3600,4,polynomial_beta_1.00,3600.0,18.271186440677965,197.03153988868274,3.0,4.0,1.0,8.0,6.8474576271186445,3.4237288135593222,7200.0,2398.3838006258416,2406.3838006258416,3.0020216106034447,2.992041418383658
20,machine_replacement,80,6400,4,polynomial_beta_1.00,6400.0,18.329113924050635,349.171270718232,3.0,4.0,1.0,8.0,6.886075949367089,3.4430379746835444,12800.0,3451.1288836187255,3459.1288836187255,3.7089313183164565,3.7003535949806636
20,machine_replacement,120,14400,4,polynomial_beta_1.00,14400.0,18.285714285714285,787.5,3.0,4.0,1.0,8.0,6.857142857142857,3.4285714285714284,28800.0,5648.022726016551,5656.022726016551,5.099129624131686,5.091917305693606
20,machine_replacement,160,25600,4,polynomial_beta_1.00,25600.0,18.22641509433962,1404.5548654244308,3.0,4.0,1.0,8.0,6.817610062893082,3.408805031446541,51200.0,7948.970054857901,7956.970054857901,6.4410860333672835,6.434610115032581
20,machine_replacement,240,57600,4,polynomial_beta_1.00,57600.0,18.21757322175732,3161.782269177768,3.0,4.0,1.0,8.0,6.8117154811715475,3.4058577405857737,115200.0,12884.41788965067,12892.41788965067,8.941032570243914,8.935484482897214
20,machine_replacement,320,102400,4,polynomial_beta_1.00,102400.0,18.213166144200628,5622.3063683304645,3.0,4.0,1.0,8.0,6.808777429467084,3.404388714733542,204800.0,18087.22782209535,18095.22782209535,11.322907081969545,11.317901162312365
20,admission_control,40,1600,4,polynomial_beta_1.00,1600.0,18.769230769230766,85.24590163934427,3.0,4.0,1.0,8.0,7.179487179487179,3.5897435897435894,3200.0,1502.1398665684615,1510.1398665684615,2.1302943029600745,2.1190090208474937
20,admission_control,60,3600,4,polynomial_beta_1.00,3600.0,18.677966101694913,192.7404718693285,3.0,4.0,1.0,8.0,7.11864406779661,3.559322033898305,7200.0,2492.894050155578,2500.894050155578,2.8882093884217253,2.878970422418373
20,admission_control,80,6400,4,polynomial_beta_1.00,6400.0,18.594936708860757,344.17971409121856,3.0,4.0,1.0,8.0,7.063291139240506,3.531645569620253,12800.0,3539.6358769471485,3547.6358769471485,3.6161911690870574,3.6080365753361363
20,admission_control,120,14400,4,polynomial_beta_1.00,14400.0,18.588235294117645,774.6835443037976,3.0,4.0,1.0,8.0,7.0588235294117645,3.5294117647058822,28800.0,5813.788100311156,5821.788100311156,4.953740917812023,4.946933743339221
20,admission_control,160,25600,4,polynomial_beta_1.00,25600.0,18.566037735849058,1378.861788617886,3.0,4.0,1.0,8.0,7.044025157232705,3.5220125786163523,51200.0,8212.559466273846,8220.559466273846,6.234353639722278,6.228286555198117
20,admission_control,240,57600,4,polynomial_beta_1.00,57600.0,18.543933054393307,3106.1371841155233,3.0,4.0,1.0,8.0,7.02928870292887,3.514644351464435,115200.0,13295.576200622312,13303.576200622312,8.664536102963929,8.659325752921323
20,admission_control,320,102400,4,polynomial_beta_1.00,102400.0,18.523510971786834,5528.109663225588,3.0,4.0,1.0,8.0,7.015673981191222,3.507836990595611,204800.0,18636.475076357914,18644.475076357914,10.989202580471222,10.984487316550746
20,resource_allocation,40,1600,4,polynomial_beta_1.00,1600.0,20.769230769230766,77.03703703703705,3.0,4.0,1.0,8.0,8.512820512820513,4.256410256410256,3200.0,1778.8801275026044,1786.8801275026044,1.7988845625548284,1.7908308177742247
20,resource_allocation,60,3600,4,polynomial_beta_1.00,3600.0,20.711864406779664,173.81342062193124,3.0,4.0,1.0,8.0,8.474576271186441,4.237288135593221,7200.0,2965.4452978042596,2973.4452978042596,2.4279658793002126,2.4214334816641285
20,resource_allocation,80,6400,4,polynomial_beta_1.00,6400.0,20.683544303797472,309.4247246022031,3.0,4.0,1.0,8.0,8.455696202531646,4.227848101265823,12800.0,4235.0479673847585,4243.0479673847585,3.0223978803962166,3.016699339340582
20,resource_allocation,120,14400,4,polynomial_beta_1.00,14400.0,20.655462184873947,697.1521562245729,3.0,4.0,1.0,8.0,8.436974789915967,4.218487394957983,28800.0,6946.518157990953,6954.518157990953,4.145961954604526,4.1411927247480005
20,resource_allocation,160,25600,4,polynomial_beta_1.00,25600.0,20.641509433962263,1240.2193784277881,3.0,4.0,1.0,8.0,8.427672955974844,4.213836477987422,51200.0,9823.383647149067,9831.383647149067,5.212053385989788,5.207812230463321
20,resource_allocation,240,57600,4,polynomial_beta_1.00,57600.0,20.602510460251047,2795.7757920389927,3.0,4.0,1.0,8.0,8.401673640167363,4.200836820083682,115200.0,15889.036315981906,15897.036315981906,7.250282377674892,7.246633756770435
20,resource_allocation,320,102400,4,polynomial_beta_1.00,102400.0,20.60188087774295,4970.419963481436,3.0,4.0,1.0,8.0,8.401253918495298,4.200626959247649,204800.0,22314.76729429813,22322.76729429813,9.17777888063975,9.174489761953113
20,random_structured,40,1600,4,polynomial_beta_1.00,1600.0,19.076923076923077,83.87096774193549,3.0,4.0,1.0,8.0,7.384615384615384,3.692307692307692,3200.0,1544.7152913275604,1552.7152913275604,2.0715791563439847,2.060905832429861
20,random_structured,60,3600,4,polynomial_beta_1.00,3600.0,19.084745762711865,188.6323268206039,3.0,4.0,1.0,8.0,7.389830508474576,3.694915254237288,7200.0,2587.404299685314,2595.404299685314,2.782711615991239,2.774134265275349
20,random_structured,80,6400,4,polynomial_beta_1.00,6400.0,19.164556962025316,333.94980184940556,3.0,4.0,1.0,8.0,7.443037974683544,3.721518987341772,12800.0,3729.293719793769,3737.293719793769,3.432285296291396,3.424938193165703
20,random_structured,120,14400,4,polynomial_beta_1.00,14400.0,19.092436974789916,754.2253521126761,3.0,4.0,1.0,8.0,7.394957983193277,3.6974789915966384,28800.0,6090.063724135496,6098.063724135496,4.729014556262012,4.722810600685038
20,random_structured,160,25600,4,polynomial_beta_1.00,25600.0,19.056603773584907,1343.3663366336632,3.0,4.0,1.0,8.0,7.371069182389937,3.6855345911949686,51200.0,8593.299727207988,8601.299727207988,5.958130360319129,5.952588750981673
20,random_structured,240,57600,4,polynomial_beta_1.00,57600.0,19.02092050209205,3028.2446106467223,3.0,4.0,1.0,8.0,7.347280334728032,3.673640167364016,115200.0,13896.49988588856,13904.49988588856,8.289857226349625,8.285087629574834
20,random_structured,320,102400,4,polynomial_beta_1.00,102400.0,19.021943573667713,5383.256427158866,3.0,4.0,1.0,8.0,7.347962382445141,3.6739811912225706,204800.0,19518.599454415977,19526.599454415977,10.492556111840551,10.488257337284812
21,inventory_threshold,40,1600,4,polynomial_beta_1.00,1600.0,20.46153846153846,78.19548872180452,3.0,4.0,1.0,8.0,8.307692307692307,4.153846153846153,3200.0,1736.3047027435055,1744.3047027435055,1.8429944899324033,1.834541863567142
21,inventory_threshold,60,3600,4,polynomial_beta_1.00,3600.0,20.305084745762713,177.29549248747912,3.0,4.0,1.0,8.0,8.203389830508474,4.101694915254237,7200.0,2870.935048274523,2878.935048274523,2.507893727629719,2.5009247792218474
21,inventory_threshold,80,6400,4,polynomial_beta_1.00,6400.0,20.303797468354432,315.21197007481294,3.0,4.0,1.0,8.0,8.20253164556962,4.10126582278481,12800.0,4108.609405487011,4116.609405487011,3.1154093117018413,3.1093549907695723
21,inventory_threshold,120,14400,4,polynomial_beta_1.00,14400.0,20.252100840336134,711.0373443983402,3.0,4.0,1.0,8.0,8.168067226890756,4.084033613445378,28800.0,6725.49765893148,6733.49765893148,4.282210991740294,4.277123340467633
21,inventory_threshold,160,25600,4,polynomial_beta_1.00,25600.0,20.226415094339625,1265.6716417910445,3.0,4.0,1.0,8.0,8.150943396226415,4.0754716981132075,51200.0,9501.218810974022,9509.218810974022,5.38878232557526,5.384248802952471
21,inventory_threshold,240,57600,4,polynomial_beta_1.00,57600.0,20.20083682008368,2851.367025683513,3.0,4.0,1.0,8.0,8.13389121338912,4.06694560669456,115200.0,15382.99531786296,15390.99531786296,7.488788601932945,7.48489604608596
21,inventory_threshold,320,102400,4,polynomial_beta_1.00,102400.0,20.188087774294672,5072.298136645963,3.0,4.0,1.0,8.0,8.12539184952978,4.06269592476489,204800.0,21582.43762194804,21590.43762194804,9.489196891815904,9.485680817873181
21,machine_replacement,40,1600,4,polynomial_beta_1.00,1600.0,18.46153846153846,86.66666666666667,3.0,4.0,1.0,8.0,6.9743589743589745,3.4871794871794872,3200.0,1459.5644418093627,1467.5644418093627,2.192434885597165,2.180483465553795
21,machine_replacement,60,3600,4,polynomial_beta_1.00,3600.0,18.271186440677965,197.03153988868274,3.0,4.0,1.0,8.0,6.8474576271186445,3.4237288135593222,7200.0,2398.3838006258416,2406.3838006258416,3.0020216106034447,2.992041418383658
21,machine_replacement,80,6400,4,polynomial_beta_1.00,6400.0,18.329113924050635,349.171270718232,3.0,4.0,1.0,8.0,6.886075949367089,3.4430379746835444,12800.0,3451.1288836187255,3459.1288836187255,3.7089313183164565,3.7003535949806636
21,machine_replacement,120,14400,4,polynomial_beta_1.00,14400.0,18.285714285714285,787.5,3.0,4.0,1.0,8.0,6.857142857142857,3.4285714285714284,28800.0,5648.022726016551,5656.022726016551,5.099129624131686,5.091917305693606
21,machine_replacement,160,25600,4,polynomial_beta_1.00,25600.0,18.22641509433962,1404.5548654244308,3.0,4.0,1.0,8.0,6.817610062893082,3.408805031446541,51200.0,7948.970054857901,7956.970054857901,6.4410860333672835,6.434610115032581
21,machine_replacement,240,57600,4,polynomial_beta_1.00,57600.0,18.21757322175732,3161.782269177768,3.0,4.0,1.0,8.0,6.8117154811715475,3.4058577405857737,115200.0,12884.41788965067,12892.41788965067,8.941032570243914,8.935484482897214
21,machine_replacement,320,102400,4,polynomial_beta_1.00,102400.0,18.213166144200628,5622.3063683304645,3.0,4.0,1.0,8.0,6.808777429467084,3.404388714733542,204800.0,18087.22782209535,18095.22782209535,11.322907081969545,11.317901162312365
21,admission_control,40,1600,4,polynomial_beta_1.00,1600.0,18.769230769230766,85.24590163934427,3.0,4.0,1.0,8.0,7.179487179487179,3.5897435897435894,3200.0,1502.1398665684615,1510.1398665684615,2.1302943029600745,2.1190090208474937
21,admission_control,60,3600,4,polynomial_beta_1.00,3600.0,18.677966101694913,192.7404718693285,3.0,4.0,1.0,8.0,7.11864406779661,3.559322033898305,7200.0,2492.894050155578,2500.894050155578,2.8882093884217253,2.878970422418373
21,admission_control,80,6400,4,polynomial_beta_1.00,6400.0,18.594936708860757,344.17971409121856,3.0,4.0,1.0,8.0,7.063291139240506,3.531645569620253,12800.0,3539.6358769471485,3547.6358769471485,3.6161911690870574,3.6080365753361363
21,admission_control,120,14400,4,polynomial_beta_1.00,14400.0,18.588235294117645,774.6835443037976,3.0,4.0,1.0,8.0,7.0588235294117645,3.5294117647058822,28800.0,5813.788100311156,5821.788100311156,4.953740917812023,4.946933743339221
21,admission_control,160,25600,4,polynomial_beta_1.00,25600.0,18.566037735849058,1378.861788617886,3.0,4.0,1.0,8.0,7.044025157232705,3.5220125786163523,51200.0,8212.559466273846,8220.559466273846,6.234353639722278,6.228286555198117
21,admission_control,240,57600,4,polynomial_beta_1.00,57600.0,18.543933054393307,3106.1371841155233,3.0,4.0,1.0,8.0,7.02928870292887,3.514644351464435,115200.0,13295.576200622312,13303.576200622312,8.664536102963929,8.659325752921323
21,admission_control,320,102400,4,polynomial_beta_1.00,102400.0,18.523510971786834,5528.109663225588,3.0,4.0,1.0,8.0,7.015673981191222,3.507836990595611,204800.0,18636.475076357914,18644.475076357914,10.989202580471222,10.984487316550746
21,resource_allocation,40,1600,4,polynomial_beta_1.00,1600.0,20.769230769230766,77.03703703703705,3.0,4.0,1.0,8.0,8.512820512820513,4.256410256410256,3200.0,1778.8801275026044,1786.8801275026044,1.7988845625548284,1.7908308177742247
21,resource_allocation,60,3600,4,polynomial_beta_1.00,3600.0,20.711864406779664,173.81342062193124,3.0,4.0,1.0,8.0,8.474576271186441,4.237288135593221,7200.0,2965.4452978042596,2973.4452978042596,2.4279658793002126,2.4214334816641285
21,resource_allocation,80,6400,4,polynomial_beta_1.00,6400.0,20.683544303797472,309.4247246022031,3.0,4.0,1.0,8.0,8.455696202531646,4.227848101265823,12800.0,4235.0479673847585,4243.0479673847585,3.0223978803962166,3.016699339340582
21,resource_allocation,120,14400,4,polynomial_beta_1.00,14400.0,20.655462184873947,697.1521562245729,3.0,4.0,1.0,8.0,8.436974789915967,4.218487394957983,28800.0,6946.518157990953,6954.518157990953,4.145961954604526,4.1411927247480005
21,resource_allocation,160,25600,4,polynomial_beta_1.00,25600.0,20.641509433962263,1240.2193784277881,3.0,4.0,1.0,8.0,8.427672955974844,4.213836477987422,51200.0,9823.383647149067,9831.383647149067,5.212053385989788,5.207812230463321
21,resource_allocation,240,57600,4,polynomial_beta_1.00,57600.0,20.602510460251047,2795.7757920389927,3.0,4.0,1.0,8.0,8.401673640167363,4.200836820083682,115200.0,15889.036315981906,15897.036315981906,7.250282377674892,7.246633756770435
21,resource_allocation,320,102400,4,polynomial_beta_1.00,102400.0,20.60188087774295,4970.419963481436,3.0,4.0,1.0,8.0,8.401253918495298,4.200626959247649,204800.0,22314.76729429813,22322.76729429813,9.17777888063975,9.174489761953113
21,random_structured,40,1600,4,polynomial_beta_1.00,1600.0,19.076923076923077,83.87096774193549,3.0,4.0,1.0,8.0,7.384615384615384,3.692307692307692,3200.0,1544.7152913275604,1552.7152913275604,2.0715791563439847,2.060905832429861
21,random_structured,60,3600,4,polynomial_beta_1.00,3600.0,18.983050847457626,189.64285714285714,3.0,4.0,1.0,8.0,7.322033898305085,3.6610169491525424,7200.0,2563.77673730288,2571.77673730288,2.8083568647925543,2.7996209373722363
21,random_structured,80,6400,4,polynomial_beta_1.00,6400.0,18.78481012658228,340.7008086253369,3.0,4.0,1.0,8.0,7.189873417721519,3.5949367088607596,12800.0,3602.855157896022,3610.855157896022,3.5527378812183175,3.5448666424654713
21,random_structured,120,14400,4,polynomial_beta_1.00,14400.0,18.789915966386552,766.3685152057246,3.0,4.0,1.0,8.0,7.193277310924369,3.5966386554621845,28800.0,5924.298349840892,5932.298349840892,4.861335182549251,4.854779429758861
21,random_structured,160,25600,4,polynomial_beta_1.00,25600.0,18.754716981132077,1364.9899396378269,3.0,4.0,1.0,8.0,7.169811320754717,3.5849056603773586,51200.0,8358.998028171593,8366.998028171593,6.125136030352581,6.119279558523876
21,random_structured,240,57600,4,polynomial_beta_1.00,57600.0,18.719665271966527,3076.9780956638356,3.0,4.0,1.0,8.0,7.146443514644351,3.5732217573221754,115200.0,13516.96913729935,13524.96913729935,8.522620628178531,8.517579510203822
21,random_structured,320,102400,4,polynomial_beta_1.00,102400.0,18.721003134796238,5469.7923643670465,3.0,4.0,1.0,8.0,7.147335423197492,3.573667711598746,204800.0,18985.996056343185,18993.996056343185,10.786897847878606,10.78235456048784
22,inventory_threshold,40,1600,4,polynomial_beta_1.00,1600.0,20.46153846153846,78.19548872180452,3.0,4.0,1.0,8.0,8.307692307692307,4.153846153846153,3200.0,1736.3047027435055,1744.3047027435055,1.8429944899324033,1.834541863567142
22,inventory_threshold,60,3600,4,polynomial_beta_1.00,3600.0,20.305084745762713,177.29549248747912,3.0,4.0,1.0,8.0,8.203389830508474,4.101694915254237,7200.0,2870.935048274523,2878.935048274523,2.507893727629719,2.5009247792218474
22,inventory_threshold,80,6400,4,polynomial_beta_1.00,6400.0,20.303797468354432,315.21197007481294,3.0,4.0,1.0,8.0,8.20253164556962,4.10126582278481,12800.0,4108.609405487011,4116.609405487011,3.1154093117018413,3.1093549907695723
22,inventory_threshold,120,14400,4,polynomial_beta_1.00,14400.0,20.252100840336134,711.0373443983402,3.0,4.0,1.0,8.0,8.168067226890756,4.084033613445378,28800.0,6725.49765893148,6733.49765893148,4.282210991740294,4.277123340467633
22,inventory_threshold,160,25600,4,polynomial_beta_1.00,25600.0,20.226415094339625,1265.6716417910445,3.0,4.0,1.0,8.0,8.150943396226415,4.0754716981132075,51200.0,9501.218810974022,9509.218810974022,5.38878232557526,5.384248802952471
22,inventory_threshold,240,57600,4,polynomial_beta_1.00,57600.0,20.20083682008368,2851.367025683513,3.0,4.0,1.0,8.0,8.13389121338912,4.06694560669456,115200.0,15382.99531786296,15390.99531786296,7.488788601932945,7.48489604608596
22,inventory_threshold,320,102400,4,polynomial_beta_1.00,102400.0,20.188087774294672,5072.298136645963,3.0,4.0,1.0,8.0,8.12539184952978,4.06269592476489,204800.0,21582.43762194804,21590.43762194804,9.489196891815904,9.485680817873181
22,machine_replacement,40,1600,4,polynomial_beta_1.00,1600.0,18.46153846153846,86.66666666666667,3.0,4.0,1.0,8.0,6.9743589743589745,3.4871794871794872,3200.0,1459.5644418093627,1467.5644418093627,2.192434885597165,2.180483465553795
22,machine_replacement,60,3600,4,polynomial_beta_1.00,3600.0,18.271186440677965,197.03153988868274,3.0,4.0,1.0,8.0,6.8474576271186445,3.4237288135593222,7200.0,2398.3838006258416,2406.3838006258416,3.0020216106034447,2.992041418383658
22,machine_replacement,80,6400,4,polynomial_beta_1.00,6400.0,18.329113924050635,349.171270718232,3.0,4.0,1.0,8.0,6.886075949367089,3.4430379746835444,12800.0,3451.1288836187255,3459.1288836187255,3.7089313183164565,3.7003535949806636
22,machine_replacement,120,14400,4,polynomial_beta_1.00,14400.0,18.285714285714285,787.5,3.0,4.0,1.0,8.0,6.857142857142857,3.4285714285714284,28800.0,5648.022726016551,5656.022726016551,5.099129624131686,5.091917305693606
22,machine_replacement,160,25600,4,polynomial_beta_1.00,25600.0,18.22641509433962,1404.5548654244308,3.0,4.0,1.0,8.0,6.817610062893082,3.408805031446541,51200.0,7948.970054857901,7956.970054857901,6.4410860333672835,6.434610115032581
22,machine_replacement,240,57600,4,polynomial_beta_1.00,57600.0,18.21757322175732,3161.782269177768,3.0,4.0,1.0,8.0,6.8117154811715475,3.4058577405857737,115200.0,12884.41788965067,12892.41788965067,8.941032570243914,8.935484482897214
22,machine_replacement,320,102400,4,polynomial_beta_1.00,102400.0,18.213166144200628,5622.3063683304645,3.0,4.0,1.0,8.0,6.808777429467084,3.404388714733542,204800.0,18087.22782209535,18095.22782209535,11.322907081969545,11.317901162312365
22,admission_control,40,1600,4,polynomial_beta_1.00,1600.0,18.769230769230766,85.24590163934427,3.0,4.0,1.0,8.0,7.179487179487179,3.5897435897435894,3200.0,1502.1398665684615,1510.1398665684615,2.1302943029600745,2.1190090208474937
22,admission_control,60,3600,4,polynomial_beta_1.00,3600.0,18.677966101694913,192.7404718693285,3.0,4.0,1.0,8.0,7.11864406779661,3.559322033898305,7200.0,2492.894050155578,2500.894050155578,2.8882093884217253,2.878970422418373
22,admission_control,80,6400,4,polynomial_beta_1.00,6400.0,18.594936708860757,344.17971409121856,3.0,4.0,1.0,8.0,7.063291139240506,3.531645569620253,12800.0,3539.6358769471485,3547.6358769471485,3.6161911690870574,3.6080365753361363
22,admission_control,120,14400,4,polynomial_beta_1.00,14400.0,18.588235294117645,774.6835443037976,3.0,4.0,1.0,8.0,7.0588235294117645,3.5294117647058822,28800.0,5813.788100311156,5821.788100311156,4.953740917812023,4.946933743339221
22,admission_control,160,25600,4,polynomial_beta_1.00,25600.0,18.566037735849058,1378.861788617886,3.0,4.0,1.0,8.0,7.044025157232705,3.5220125786163523,51200.0,8212.559466273846,8220.559466273846,6.234353639722278,6.228286555198117
22,admission_control,240,57600,4,polynomial_beta_1.00,57600.0,18.543933054393307,3106.1371841155233,3.0,4.0,1.0,8.0,7.02928870292887,3.514644351464435,115200.0,13295.576200622312,13303.576200622312,8.664536102963929,8.659325752921323
22,admission_control,320,102400,4,polynomial_beta_1.00,102400.0,18.523510971786834,5528.109663225588,3.0,4.0,1.0,8.0,7.015673981191222,3.507836990595611,204800.0,18636.475076357914,18644.475076357914,10.989202580471222,10.984487316550746
22,resource_allocation,40,1600,4,polynomial_beta_1.00,1600.0,20.769230769230766,77.03703703703705,3.0,4.0,1.0,8.0,8.512820512820513,4.256410256410256,3200.0,1778.8801275026044,1786.8801275026044,1.7988845625548284,1.7908308177742247
22,resource_allocation,60,3600,4,polynomial_beta_1.00,3600.0,20.711864406779664,173.81342062193124,3.0,4.0,1.0,8.0,8.474576271186441,4.237288135593221,7200.0,2965.4452978042596,2973.4452978042596,2.4279658793002126,2.4214334816641285
22,resource_allocation,80,6400,4,polynomial_beta_1.00,6400.0,20.683544303797472,309.4247246022031,3.0,4.0,1.0,8.0,8.455696202531646,4.227848101265823,12800.0,4235.0479673847585,4243.0479673847585,3.0223978803962166,3.016699339340582
22,resource_allocation,120,14400,4,polynomial_beta_1.00,14400.0,20.655462184873947,697.1521562245729,3.0,4.0,1.0,8.0,8.436974789915967,4.218487394957983,28800.0,6946.518157990953,6954.518157990953,4.145961954604526,4.1411927247480005
22,resource_allocation,160,25600,4,polynomial_beta_1.00,25600.0,20.641509433962263,1240.2193784277881,3.0,4.0,1.0,8.0,8.427672955974844,4.213836477987422,51200.0,9823.383647149067,9831.383647149067,5.212053385989788,5.207812230463321
22,resource_allocation,240,57600,4,polynomial_beta_1.00,57600.0,20.602510460251047,2795.7757920389927,3.0,4.0,1.0,8.0,8.401673640167363,4.200836820083682,115200.0,15889.036315981906,15897.036315981906,7.250282377674892,7.246633756770435
22,resource_allocation,320,102400,4,polynomial_beta_1.00,102400.0,20.60188087774295,4970.419963481436,3.0,4.0,1.0,8.0,8.401253918495298,4.200626959247649,204800.0,22314.76729429813,22322.76729429813,9.17777888063975,9.174489761953113
22,random_structured,40,1600,4,polynomial_beta_1.00,1600.0,18.46153846153846,86.66666666666667,3.0,4.0,1.0,8.0,6.9743589743589745,3.4871794871794872,3200.0,1459.5644418093627,1467.5644418093627,2.192434885597165,2.180483465553795
22,random_structured,60,3600,4,polynomial_beta_1.00,3600.0,18.372881355932204,195.9409594095941,3.0,4.0,1.0,8.0,6.915254237288136,3.457627118644068,7200.0,2422.0113630082756,2430.0113630082756,2.972735846729138,2.9629491078126615
22,random_structured,80,6400,4,polynomial_beta_1.00,6400.0,18.40506329113924,347.7303988995874,3.0,4.0,1.0,8.0,6.936708860759493,3.4683544303797467,12800.0,3476.4165959982747,3484.4165959982747,3.6819522765868054,3.673498747164829
22,random_structured,120,14400,4,polynomial_beta_1.00,14400.0,18.386554621848738,783.180987202925,3.0,4.0,1.0,8.0,6.924369747899159,3.4621848739495795,28800.0,5703.277850781419,5711.277850781419,5.049727674771105,5.042654332788165
22,random_structured,160,25600,4,polynomial_beta_1.00,25600.0,18.37735849056604,1393.018480492813,3.0,4.0,1.0,8.0,6.918238993710692,3.459119496855346,51200.0,8066.120904376099,8074.120904376099,6.34753689003379,6.341247623905417
22,random_structured,240,57600,4,polynomial_beta_1.00,57600.0,18.317991631799163,3144.449520328917,3.0,4.0,1.0,8.0,6.878661087866108,3.439330543933054,115200.0,13010.928139180405,13018.928139180405,8.854095477869327,8.848654725522765
22,random_structured,320,102400,4,polynomial_beta_1.00,102400.0,18.30721003134796,5593.424657534248,3.0,4.0,1.0,8.0,6.871473354231974,3.435736677115987,204800.0,18253.666383993095,18261.666383993095,11.219663802971226,11.214748736156599
23,inventory_threshold,40,1600,4,polynomial_beta_1.00,1600.0,20.46153846153846,78.19548872180452,3.0,4.0,1.0,8.0,8.307692307692307,4.153846153846153,3200.0,1736.3047027435055,1744.3047027435055,1.8429944899324033,1.834541863567142
23,inventory_threshold,60,3600,4,polynomial_beta_1.00,3600.0,20.305084745762713,177.29549248747912,3.0,4.0,1.0,8.0,8.203389830508474,4.101694915254237,7200.0,2870.935048274523,2878.935048274523,2.507893727629719,2.5009247792218474
23,inventory_threshold,80,6400,4,polynomial_beta_1.00,6400.0,20.303797468354432,315.21197007481294,3.0,4.0,1.0,8.0,8.20253164556962,4.10126582278481,12800.0,4108.609405487011,4116.609405487011,3.1154093117018413,3.1093549907695723
23,inventory_threshold,120,14400,4,polynomial_beta_1.00,14400.0,20.252100840336134,711.0373443983402,3.0,4.0,1.0,8.0,8.168067226890756,4.084033613445378,28800.0,6725.49765893148,6733.49765893148,4.282210991740294,4.277123340467633
23,inventory_threshold,160,25600,4,polynomial_beta_1.00,25600.0,20.226415094339625,1265.6716417910445,3.0,4.0,1.0,8.0,8.150943396226415,4.0754716981132075,51200.0,9501.218810974022,9509.218810974022,5.38878232557526,5.384248802952471
23,inventory_threshold,240,57600,4,polynomial_beta_1.00,57600.0,20.20083682008368,2851.367025683513,3.0,4.0,1.0,8.0,8.13389121338912,4.06694560669456,115200.0,15382.99531786296,15390.99531786296,7.488788601932945,7.48489604608596
23,inventory_threshold,320,102400,4,polynomial_beta_1.00,102400.0,20.188087774294672,5072.298136645963,3.0,4.0,1.0,8.0,8.12539184952978,4.06269592476489,204800.0,21582.43762194804,21590.43762194804,9.489196891815904,9.485680817873181
23,machine_replacement,40,1600,4,polynomial_beta_1.00,1600.0,18.46153846153846,86.66666666666667,3.0,4.0,1.0,8.0,6.9743589743589745,3.4871794871794872,3200.0,1459.5644418093627,1467.5644418093627,2.192434885597165,2.180483465553795
23,machine_replacement,60,3600,4,polynomial_beta_1.00,3600.0,18.271186440677965,197.03153988868274,3.0,4.0,1.0,8.0,6.8474576271186445,3.4237288135593222,7200.0,2398.3838006258416,2406.3838006258416,3.0020216106034447,2.992041418383658
23,machine_replacement,80,6400,4,polynomial_beta_1.00,6400.0,18.329113924050635,349.171270718232,3.0,4.0,1.0,8.0,6.886075949367089,3.4430379746835444,12800.0,3451.1288836187255,3459.1288836187255,3.7089313183164565,3.7003535949806636
23,machine_replacement,120,14400,4,polynomial_beta_1.00,14400.0,18.285714285714285,787.5,3.0,4.0,1.0,8.0,6.857142857142857,3.4285714285714284,28800.0,5648.022726016551,5656.022726016551,5.099129624131686,5.091917305693606
23,machine_replacement,160,25600,4,polynomial_beta_1.00,25600.0,18.22641509433962,1404.5548654244308,3.0,4.0,1.0,8.0,6.817610062893082,3.408805031446541,51200.0,7948.970054857901,7956.970054857901,6.4410860333672835,6.434610115032581
23,machine_replacement,240,57600,4,polynomial_beta_1.00,57600.0,18.21757322175732,3161.782269177768,3.0,4.0,1.0,8.0,6.8117154811715475,3.4058577405857737,115200.0,12884.41788965067,12892.41788965067,8.941032570243914,8.935484482897214
23,machine_replacement,320,102400,4,polynomial_beta_1.00,102400.0,18.213166144200628,5622.3063683304645,3.0,4.0,1.0,8.0,6.808777429467084,3.404388714733542,204800.0,18087.22782209535,18095.22782209535,11.322907081969545,11.317901162312365
23,admission_control,40,1600,4,polynomial_beta_1.00,1600.0,18.769230769230766,85.24590163934427,3.0,4.0,1.0,8.0,7.179487179487179,3.5897435897435894,3200.0,1502.1398665684615,1510.1398665684615,2.1302943029600745,2.1190090208474937
23,admission_control,60,3600,4,polynomial_beta_1.00,3600.0,18.677966101694913,192.7404718693285,3.0,4.0,1.0,8.0,7.11864406779661,3.559322033898305,7200.0,2492.894050155578,2500.894050155578,2.8882093884217253,2.878970422418373
23,admission_control,80,6400,4,polynomial_beta_1.00,6400.0,18.594936708860757,344.17971409121856,3.0,4.0,1.0,8.0,7.063291139240506,3.531645569620253,12800.0,3539.6358769471485,3547.6358769471485,3.6161911690870574,3.6080365753361363
23,admission_control,120,14400,4,polynomial_beta_1.00,14400.0,18.588235294117645,774.6835443037976,3.0,4.0,1.0,8.0,7.0588235294117645,3.5294117647058822,28800.0,5813.788100311156,5821.788100311156,4.953740917812023,4.946933743339221
23,admission_control,160,25600,4,polynomial_beta_1.00,25600.0,18.566037735849058,1378.861788617886,3.0,4.0,1.0,8.0,7.044025157232705,3.5220125786163523,51200.0,8212.559466273846,8220.559466273846,6.234353639722278,6.228286555198117
23,admission_control,240,57600,4,polynomial_beta_1.00,57600.0,18.543933054393307,3106.1371841155233,3.0,4.0,1.0,8.0,7.02928870292887,3.514644351464435,115200.0,13295.576200622312,13303.576200622312,8.664536102963929,8.659325752921323
23,admission_control,320,102400,4,polynomial_beta_1.00,102400.0,18.523510971786834,5528.109663225588,3.0,4.0,1.0,8.0,7.015673981191222,3.507836990595611,204800.0,18636.475076357914,18644.475076357914,10.989202580471222,10.984487316550746
23,resource_allocation,40,1600,4,polynomial_beta_1.00,1600.0,20.769230769230766,77.03703703703705,3.0,4.0,1.0,8.0,8.512820512820513,4.256410256410256,3200.0,1778.8801275026044,1786.8801275026044,1.7988845625548284,1.7908308177742247
23,resource_allocation,60,3600,4,polynomial_beta_1.00,3600.0,20.711864406779664,173.81342062193124,3.0,4.0,1.0,8.0,8.474576271186441,4.237288135593221,7200.0,2965.4452978042596,2973.4452978042596,2.4279658793002126,2.4214334816641285
23,resource_allocation,80,6400,4,polynomial_beta_1.00,6400.0,20.683544303797472,309.4247246022031,3.0,4.0,1.0,8.0,8.455696202531646,4.227848101265823,12800.0,4235.0479673847585,4243.0479673847585,3.0223978803962166,3.016699339340582
23,resource_allocation,120,14400,4,polynomial_beta_1.00,14400.0,20.655462184873947,697.1521562245729,3.0,4.0,1.0,8.0,8.436974789915967,4.218487394957983,28800.0,6946.518157990953,6954.518157990953,4.145961954604526,4.1411927247480005
23,resource_allocation,160,25600,4,polynomial_beta_1.00,25600.0,20.641509433962263,1240.2193784277881,3.0,4.0,1.0,8.0,8.427672955974844,4.213836477987422,51200.0,9823.383647149067,9831.383647149067,5.212053385989788,5.207812230463321
23,resource_allocation,240,57600,4,polynomial_beta_1.00,57600.0,20.602510460251047,2795.7757920389927,3.0,4.0,1.0,8.0,8.401673640167363,4.200836820083682,115200.0,15889.036315981906,15897.036315981906,7.250282377674892,7.246633756770435
23,resource_allocation,320,102400,4,polynomial_beta_1.00,102400.0,20.60188087774295,4970.419963481436,3.0,4.0,1.0,8.0,8.401253918495298,4.200626959247649,204800.0,22314.76729429813,22322.76729429813,9.17777888063975,9.174489761953113
23,random_structured,40,1600,4,polynomial_beta_1.00,1600.0,19.384615384615383,82.53968253968254,3.0,4.0,1.0,8.0,7.589743589743589,3.7948717948717947,3200.0,1587.2907160866594,1595.2907160866594,2.0160138074072207,2.005903982096621
23,random_structured,60,3600,4,polynomial_beta_1.00,3600.0,19.28813559322034,186.6432337434095,3.0,4.0,1.0,8.0,7.52542372881356,3.76271186440678,7200.0,2634.659424450182,2642.659424450182,2.7328010342371076,2.7245281527331104
23,random_structured,80,6400,4,polynomial_beta_1.00,6400.0,19.240506329113924,332.63157894736844,3.0,4.0,1.0,8.0,7.493670886075949,3.7468354430379747,12800.0,3754.5814321733187,3762.5814321733187,3.409168300443757,3.4019197273842243
23,random_structured,120,14400,4,polynomial_beta_1.00,14400.0,19.19327731092437,750.2626970227672,3.0,4.0,1.0,8.0,7.462184873949579,3.7310924369747895,28800.0,6145.318848900364,6153.318848900364,4.6864940140825135,4.680401049776047
23,random_structured,160,25600,4,polynomial_beta_1.00,25600.0,19.169811320754718,1335.4330708661416,3.0,4.0,1.0,8.0,7.446540880503145,3.7232704402515724,51200.0,8681.162864346637,8689.162864346637,5.897827376361914,5.892397322886394
23,random_structured,240,57600,4,polynomial_beta_1.00,57600.0,19.19665271966527,3000.5231037489107,3.0,4.0,1.0,8.0,7.464435146443514,3.732217573221757,115200.0,14117.892822565598,14125.892822565598,8.15985795102991,8.155236730663297
23,random_structured,320,102400,4,polynomial_beta_1.00,102400.0,19.191222570532915,5335.772623325711,3.0,4.0,1.0,8.0,7.460815047021943,3.7304075235109715,204800.0,19818.188865831922,19826.188865831922,10.333941279220065,10.329771464698817
24,inventory_threshold,40,1600,4,polynomial_beta_1.00,1600.0,20.46153846153846,78.19548872180452,3.0,4.0,1.0,8.0,8.307692307692307,4.153846153846153,3200.0,1736.3047027435055,1744.3047027435055,1.8429944899324033,1.834541863567142
24,inventory_threshold,60,3600,4,polynomial_beta_1.00,3600.0,20.305084745762713,177.29549248747912,3.0,4.0,1.0,8.0,8.203389830508474,4.101694915254237,7200.0,2870.935048274523,2878.935048274523,2.507893727629719,2.5009247792218474
24,inventory_threshold,80,6400,4,polynomial_beta_1.00,6400.0,20.303797468354432,315.21197007481294,3.0,4.0,1.0,8.0,8.20253164556962,4.10126582278481,12800.0,4108.609405487011,4116.609405487011,3.1154093117018413,3.1093549907695723
24,inventory_threshold,120,14400,4,polynomial_beta_1.00,14400.0,20.252100840336134,711.0373443983402,3.0,4.0,1.0,8.0,8.168067226890756,4.084033613445378,28800.0,6725.49765893148,6733.49765893148,4.282210991740294,4.277123340467633
24,inventory_threshold,160,25600,4,polynomial_beta_1.00,25600.0,20.226415094339625,1265.6716417910445,3.0,4.0,1.0,8.0,8.150943396226415,4.0754716981132075,51200.0,9501.218810974022,9509.218810974022,5.38878232557526,5.384248802952471
24,inventory_threshold,240,57600,4,polynomial_beta_1.00,57600.0,20.20083682008368,2851.367025683513,3.0,4.0,1.0,8.0,8.13389121338912,4.06694560669456,115200.0,15382.99531786296,15390.99531786296,7.488788601932945,7.48489604608596
24,inventory_threshold,320,102400,4,polynomial_beta_1.00,102400.0,20.188087774294672,5072.298136645963,3.0,4.0,1.0,8.0,8.12539184952978,4.06269592476489,204800.0,21582.43762194804,21590.43762194804,9.489196891815904,9.485680817873181
24,machine_replacement,40,1600,4,polynomial_beta_1.00,1600.0,18.46153846153846,86.66666666666667,3.0,4.0,1.0,8.0,6.9743589743589745,3.4871794871794872,3200.0,1459.5644418093627,1467.5644418093627,2.192434885597165,2.180483465553795
24,machine_replacement,60,3600,4,polynomial_beta_1.00,3600.0,18.271186440677965,197.03153988868274,3.0,4.0,1.0,8.0,6.8474576271186445,3.4237288135593222,7200.0,2398.3838006258416,2406.3838006258416,3.0020216106034447,2.992041418383658
24,machine_replacement,80,6400,4,polynomial_beta_1.00,6400.0,18.329113924050635,349.171270718232,3.0,4.0,1.0,8.0,6.886075949367089,3.4430379746835444,12800.0,3451.1288836187255,3459.1288836187255,3.7089313183164565,3.7003535949806636
24,machine_replacement,120,14400,4,polynomial_beta_1.00,14400.0,18.285714285714285,787.5,3.0,4.0,1.0,8.0,6.857142857142857,3.4285714285714284,28800.0,5648.022726016551,5656.022726016551,5.099129624131686,5.091917305693606
24,machine_replacement,160,25600,4,polynomial_beta_1.00,25600.0,18.22641509433962,1404.5548654244308,3.0,4.0,1.0,8.0,6.817610062893082,3.408805031446541,51200.0,7948.970054857901,7956.970054857901,6.4410860333672835,6.434610115032581
24,machine_replacement,240,57600,4,polynomial_beta_1.00,57600.0,18.21757322175732,3161.782269177768,3.0,4.0,1.0,8.0,6.8117154811715475,3.4058577405857737,115200.0,12884.41788965067,12892.41788965067,8.941032570243914,8.935484482897214
24,machine_replacement,320,102400,4,polynomial_beta_1.00,102400.0,18.213166144200628,5622.3063683304645,3.0,4.0,1.0,8.0,6.808777429467084,3.404388714733542,204800.0,18087.22782209535,18095.22782209535,11.322907081969545,11.317901162312365
24,admission_control,40,1600,4,polynomial_beta_1.00,1600.0,18.769230769230766,85.24590163934427,3.0,4.0,1.0,8.0,7.179487179487179,3.5897435897435894,3200.0,1502.1398665684615,1510.1398665684615,2.1302943029600745,2.1190090208474937
24,admission_control,60,3600,4,polynomial_beta_1.00,3600.0,18.677966101694913,192.7404718693285,3.0,4.0,1.0,8.0,7.11864406779661,3.559322033898305,7200.0,2492.894050155578,2500.894050155578,2.8882093884217253,2.878970422418373
24,admission_control,80,6400,4,polynomial_beta_1.00,6400.0,18.594936708860757,344.17971409121856,3.0,4.0,1.0,8.0,7.063291139240506,3.531645569620253,12800.0,3539.6358769471485,3547.6358769471485,3.6161911690870574,3.6080365753361363
24,admission_control,120,14400,4,polynomial_beta_1.00,14400.0,18.588235294117645,774.6835443037976,3.0,4.0,1.0,8.0,7.0588235294117645,3.5294117647058822,28800.0,5813.788100311156,5821.788100311156,4.953740917812023,4.946933743339221
24,admission_control,160,25600,4,polynomial_beta_1.00,25600.0,18.566037735849058,1378.861788617886,3.0,4.0,1.0,8.0,7.044025157232705,3.5220125786163523,51200.0,8212.559466273846,8220.559466273846,6.234353639722278,6.228286555198117
24,admission_control,240,57600,4,polynomial_beta_1.00,57600.0,18.543933054393307,3106.1371841155233,3.0,4.0,1.0,8.0,7.02928870292887,3.514644351464435,115200.0,13295.576200622312,13303.576200622312,8.664536102963929,8.659325752921323
24,admission_control,320,102400,4,polynomial_beta_1.00,102400.0,18.523510971786834,5528.109663225588,3.0,4.0,1.0,8.0,7.015673981191222,3.507836990595611,204800.0,18636.475076357914,18644.475076357914,10.989202580471222,10.984487316550746
24,resource_allocation,40,1600,4,polynomial_beta_1.00,1600.0,20.769230769230766,77.03703703703705,3.0,4.0,1.0,8.0,8.512820512820513,4.256410256410256,3200.0,1778.8801275026044,1786.8801275026044,1.7988845625548284,1.7908308177742247
24,resource_allocation,60,3600,4,polynomial_beta_1.00,3600.0,20.711864406779664,173.81342062193124,3.0,4.0,1.0,8.0,8.474576271186441,4.237288135593221,7200.0,2965.4452978042596,2973.4452978042596,2.4279658793002126,2.4214334816641285
24,resource_allocation,80,6400,4,polynomial_beta_1.00,6400.0,20.683544303797472,309.4247246022031,3.0,4.0,1.0,8.0,8.455696202531646,4.227848101265823,12800.0,4235.0479673847585,4243.0479673847585,3.0223978803962166,3.016699339340582
24,resource_allocation,120,14400,4,polynomial_beta_1.00,14400.0,20.655462184873947,697.1521562245729,3.0,4.0,1.0,8.0,8.436974789915967,4.218487394957983,28800.0,6946.518157990953,6954.518157990953,4.145961954604526,4.1411927247480005
24,resource_allocation,160,25600,4,polynomial_beta_1.00,25600.0,20.641509433962263,1240.2193784277881,3.0,4.0,1.0,8.0,8.427672955974844,4.213836477987422,51200.0,9823.383647149067,9831.383647149067,5.212053385989788,5.207812230463321
24,resource_allocation,240,57600,4,polynomial_beta_1.00,57600.0,20.602510460251047,2795.7757920389927,3.0,4.0,1.0,8.0,8.401673640167363,4.200836820083682,115200.0,15889.036315981906,15897.036315981906,7.250282377674892,7.246633756770435
24,resource_allocation,320,102400,4,polynomial_beta_1.00,102400.0,20.60188087774295,4970.419963481436,3.0,4.0,1.0,8.0,8.401253918495298,4.200626959247649,204800.0,22314.76729429813,22322.76729429813,9.17777888063975,9.174489761953113
24,random_structured,40,1600,4,polynomial_beta_1.00,1600.0,19.076923076923077,83.87096774193549,3.0,4.0,1.0,8.0,7.384615384615384,3.692307692307692,3200.0,1544.7152913275604,1552.7152913275604,2.0715791563439847,2.060905832429861
24,random_structured,60,3600,4,polynomial_beta_1.00,3600.0,18.983050847457626,189.64285714285714,3.0,4.0,1.0,8.0,7.322033898305085,3.6610169491525424,7200.0,2563.77673730288,2571.77673730288,2.8083568647925543,2.7996209373722363
24,random_structured,80,6400,4,polynomial_beta_1.00,6400.0,18.860759493670884,339.32885906040275,3.0,4.0,1.0,8.0,7.240506329113924,3.620253164556962,12800.0,3628.1428702755716,3636.1428702755716,3.5279757323966106,3.520213714548001
24,random_structured,120,14400,4,polynomial_beta_1.00,14400.0,18.789915966386552,766.3685152057246,3.0,4.0,1.0,8.0,7.193277310924369,3.5966386554621845,28800.0,5924.298349840892,5932.298349840892,4.861335182549251,4.854779429758861
24,random_structured,160,25600,4,polynomial_beta_1.00,25600.0,18.79245283018868,1362.2489959839356,3.0,4.0,1.0,8.0,7.19496855345912,3.59748427672956,51200.0,8388.285740551142,8396.285740551142,6.103750108617064,6.097934441740327
24,random_structured,240,57600,4,polynomial_beta_1.00,57600.0,18.769874476987447,3068.747213553277,3.0,4.0,1.0,8.0,7.179916317991631,3.5899581589958154,115200.0,13580.224262064217,13588.224262064217,8.482923240215284,8.477928961006102
24,random_structured,320,102400,4,polynomial_beta_1.00,102400.0,18.758620689655174,5458.823529411764,3.0,4.0,1.0,8.0,7.172413793103448,3.586206896551724,204800.0,19052.571481102284,19060.571481102284,10.749205177009069,10.744693578733994
25,inventory_threshold,40,1600,4,polynomial_beta_1.00,1600.0,20.46153846153846,78.19548872180452,3.0,4.0,1.0,8.0,8.307692307692307,4.153846153846153,3200.0,1736.3047027435055,1744.3047027435055,1.8429944899324033,1.834541863567142
25,inventory_threshold,60,3600,4,polynomial_beta_1.00,3600.0,20.305084745762713,177.29549248747912,3.0,4.0,1.0,8.0,8.203389830508474,4.101694915254237,7200.0,2870.935048274523,2878.935048274523,2.507893727629719,2.5009247792218474
25,inventory_threshold,80,6400,4,polynomial_beta_1.00,6400.0,20.303797468354432,315.21197007481294,3.0,4.0,1.0,8.0,8.20253164556962,4.10126582278481,12800.0,4108.609405487011,4116.609405487011,3.1154093117018413,3.1093549907695723
25,inventory_threshold,120,14400,4,polynomial_beta_1.00,14400.0,20.252100840336134,711.0373443983402,3.0,4.0,1.0,8.0,8.168067226890756,4.084033613445378,28800.0,6725.49765893148,6733.49765893148,4.282210991740294,4.277123340467633
25,inventory_threshold,160,25600,4,polynomial_beta_1.00,25600.0,20.226415094339625,1265.6716417910445,3.0,4.0,1.0,8.0,8.150943396226415,4.0754716981132075,51200.0,9501.218810974022,9509.218810974022,5.38878232557526,5.384248802952471
25,inventory_threshold,240,57600,4,polynomial_beta_1.00,57600.0,20.20083682008368,2851.367025683513,3.0,4.0,1.0,8.0,8.13389121338912,4.06694560669456,115200.0,15382.99531786296,15390.99531786296,7.488788601932945,7.48489604608596
25,inventory_threshold,320,102400,4,polynomial_beta_1.00,102400.0,20.188087774294672,5072.298136645963,3.0,4.0,1.0,8.0,8.12539184952978,4.06269592476489,204800.0,21582.43762194804,21590.43762194804,9.489196891815904,9.485680817873181
25,machine_replacement,40,1600,4,polynomial_beta_1.00,1600.0,18.46153846153846,86.66666666666667,3.0,4.0,1.0,8.0,6.9743589743589745,3.4871794871794872,3200.0,1459.5644418093627,1467.5644418093627,2.192434885597165,2.180483465553795
25,machine_replacement,60,3600,4,polynomial_beta_1.00,3600.0,18.271186440677965,197.03153988868274,3.0,4.0,1.0,8.0,6.8474576271186445,3.4237288135593222,7200.0,2398.3838006258416,2406.3838006258416,3.0020216106034447,2.992041418383658
25,machine_replacement,80,6400,4,polynomial_beta_1.00,6400.0,18.329113924050635,349.171270718232,3.0,4.0,1.0,8.0,6.886075949367089,3.4430379746835444,12800.0,3451.1288836187255,3459.1288836187255,3.7089313183164565,3.7003535949806636
25,machine_replacement,120,14400,4,polynomial_beta_1.00,14400.0,18.285714285714285,787.5,3.0,4.0,1.0,8.0,6.857142857142857,3.4285714285714284,28800.0,5648.022726016551,5656.022726016551,5.099129624131686,5.091917305693606
25,machine_replacement,160,25600,4,polynomial_beta_1.00,25600.0,18.22641509433962,1404.5548654244308,3.0,4.0,1.0,8.0,6.817610062893082,3.408805031446541,51200.0,7948.970054857901,7956.970054857901,6.4410860333672835,6.434610115032581
25,machine_replacement,240,57600,4,polynomial_beta_1.00,57600.0,18.21757322175732,3161.782269177768,3.0,4.0,1.0,8.0,6.8117154811715475,3.4058577405857737,115200.0,12884.41788965067,12892.41788965067,8.941032570243914,8.935484482897214
25,machine_replacement,320,102400,4,polynomial_beta_1.00,102400.0,18.213166144200628,5622.3063683304645,3.0,4.0,1.0,8.0,6.808777429467084,3.404388714733542,204800.0,18087.22782209535,18095.22782209535,11.322907081969545,11.317901162312365
25,admission_control,40,1600,4,polynomial_beta_1.00,1600.0,18.769230769230766,85.24590163934427,3.0,4.0,1.0,8.0,7.179487179487179,3.5897435897435894,3200.0,1502.1398665684615,1510.1398665684615,2.1302943029600745,2.1190090208474937
25,admission_control,60,3600,4,polynomial_beta_1.00,3600.0,18.677966101694913,192.7404718693285,3.0,4.0,1.0,8.0,7.11864406779661,3.559322033898305,7200.0,2492.894050155578,2500.894050155578,2.8882093884217253,2.878970422418373
25,admission_control,80,6400,4,polynomial_beta_1.00,6400.0,18.594936708860757,344.17971409121856,3.0,4.0,1.0,8.0,7.063291139240506,3.531645569620253,12800.0,3539.6358769471485,3547.6358769471485,3.6161911690870574,3.6080365753361363
25,admission_control,120,14400,4,polynomial_beta_1.00,14400.0,18.588235294117645,774.6835443037976,3.0,4.0,1.0,8.0,7.0588235294117645,3.5294117647058822,28800.0,5813.788100311156,5821.788100311156,4.953740917812023,4.946933743339221
25,admission_control,160,25600,4,polynomial_beta_1.00,25600.0,18.566037735849058,1378.861788617886,3.0,4.0,1.0,8.0,7.044025157232705,3.5220125786163523,51200.0,8212.559466273846,8220.559466273846,6.234353639722278,6.228286555198117
25,admission_control,240,57600,4,polynomial_beta_1.00,57600.0,18.543933054393307,3106.1371841155233,3.0,4.0,1.0,8.0,7.02928870292887,3.514644351464435,115200.0,13295.576200622312,13303.576200622312,8.664536102963929,8.659325752921323
25,admission_control,320,102400,4,polynomial_beta_1.00,102400.0,18.523510971786834,5528.109663225588,3.0,4.0,1.0,8.0,7.015673981191222,3.507836990595611,204800.0,18636.475076357914,18644.475076357914,10.989202580471222,10.984487316550746
25,resource_allocation,40,1600,4,polynomial_beta_1.00,1600.0,20.769230769230766,77.03703703703705,3.0,4.0,1.0,8.0,8.512820512820513,4.256410256410256,3200.0,1778.8801275026044,1786.8801275026044,1.7988845625548284,1.7908308177742247
25,resource_allocation,60,3600,4,polynomial_beta_1.00,3600.0,20.711864406779664,173.81342062193124,3.0,4.0,1.0,8.0,8.474576271186441,4.237288135593221,7200.0,2965.4452978042596,2973.4452978042596,2.4279658793002126,2.4214334816641285
25,resource_allocation,80,6400,4,polynomial_beta_1.00,6400.0,20.683544303797472,309.4247246022031,3.0,4.0,1.0,8.0,8.455696202531646,4.227848101265823,12800.0,4235.0479673847585,4243.0479673847585,3.0223978803962166,3.016699339340582
25,resource_allocation,120,14400,4,polynomial_beta_1.00,14400.0,20.655462184873947,697.1521562245729,3.0,4.0,1.0,8.0,8.436974789915967,4.218487394957983,28800.0,6946.518157990953,6954.518157990953,4.145961954604526,4.1411927247480005
25,resource_allocation,160,25600,4,polynomial_beta_1.00,25600.0,20.641509433962263,1240.2193784277881,3.0,4.0,1.0,8.0,8.427672955974844,4.213836477987422,51200.0,9823.383647149067,9831.383647149067,5.212053385989788,5.207812230463321
25,resource_allocation,240,57600,4,polynomial_beta_1.00,57600.0,20.602510460251047,2795.7757920389927,3.0,4.0,1.0,8.0,8.401673640167363,4.200836820083682,115200.0,15889.036315981906,15897.036315981906,7.250282377674892,7.246633756770435
25,resource_allocation,320,102400,4,polynomial_beta_1.00,102400.0,20.60188087774295,4970.419963481436,3.0,4.0,1.0,8.0,8.401253918495298,4.200626959247649,204800.0,22314.76729429813,22322.76729429813,9.17777888063975,9.174489761953113
25,random_structured,40,1600,4,polynomial_beta_1.00,1600.0,19.076923076923077,83.87096774193549,3.0,4.0,1.0,8.0,7.384615384615384,3.692307692307692,3200.0,1544.7152913275604,1552.7152913275604,2.0715791563439847,2.060905832429861
25,random_structured,60,3600,4,polynomial_beta_1.00,3600.0,19.084745762711865,188.6323268206039,3.0,4.0,1.0,8.0,7.389830508474576,3.694915254237288,7200.0,2587.404299685314,2595.404299685314,2.782711615991239,2.774134265275349
25,random_structured,80,6400,4,polynomial_beta_1.00,6400.0,19.0126582278481,336.6178428761651,3.0,4.0,1.0,8.0,7.341772151898734,3.670886075949367,12800.0,3678.7182950346705,3686.7182950346705,3.4794727330104966,3.4719224458346165
25,random_structured,120,14400,4,polynomial_beta_1.00,14400.0,18.941176470588236,760.2484472049689,3.0,4.0,1.0,8.0,7.294117647058823,3.6470588235294117,28800.0,6007.181036988194,6015.181036988194,4.794262037829209,4.787885821375076
25,random_structured,160,25600,4,polynomial_beta_1.00,25600.0,18.943396226415096,1351.394422310757,3.0,4.0,1.0,8.0,7.29559748427673,3.647798742138365,51200.0,8505.436590069341,8513.436590069341,6.019679231960812,6.014022593381761
25,random_structured,240,57600,4,polynomial_beta_1.00,57600.0,18.92050209205021,3044.316674038036,3.0,4.0,1.0,8.0,7.2803347280334725,3.6401673640167362,115200.0,13769.989636358823,13777.989636358823,8.36601936836767,8.361161754396882
25,random_structured,320,102400,4,polynomial_beta_1.00,102400.0,18.90909090909091,5415.384615384615,3.0,4.0,1.0,8.0,7.2727272727272725,3.6363636363636362,204800.0,19318.87318013868,19326.87318013868,10.601032373386586,10.596644273035503
26,inventory_threshold,40,1600,4,polynomial_beta_1.00,1600.0,20.46153846153846,78.19548872180452,3.0,4.0,1.0,8.0,8.307692307692307,4.153846153846153,3200.0,1736.3047027435055,1744.3047027435055,1.8429944899324033,1.834541863567142
26,inventory_threshold,60,3600,4,polynomial_beta_1.00,3600.0,20.305084745762713,177.29549248747912,3.0,4.0,1.0,8.0,8.203389830508474,4.101694915254237,7200.0,2870.935048274523,2878.935048274523,2.507893727629719,2.5009247792218474
26,inventory_threshold,80,6400,4,polynomial_beta_1.00,6400.0,20.303797468354432,315.21197007481294,3.0,4.0,1.0,8.0,8.20253164556962,4.10126582278481,12800.0,4108.609405487011,4116.609405487011,3.1154093117018413,3.1093549907695723
26,inventory_threshold,120,14400,4,polynomial_beta_1.00,14400.0,20.252100840336134,711.0373443983402,3.0,4.0,1.0,8.0,8.168067226890756,4.084033613445378,28800.0,6725.49765893148,6733.49765893148,4.282210991740294,4.277123340467633
26,inventory_threshold,160,25600,4,polynomial_beta_1.00,25600.0,20.226415094339625,1265.6716417910445,3.0,4.0,1.0,8.0,8.150943396226415,4.0754716981132075,51200.0,9501.218810974022,9509.218810974022,5.38878232557526,5.384248802952471
26,inventory_threshold,240,57600,4,polynomial_beta_1.00,57600.0,20.20083682008368,2851.367025683513,3.0,4.0,1.0,8.0,8.13389121338912,4.06694560669456,115200.0,15382.99531786296,15390.99531786296,7.488788601932945,7.48489604608596
26,inventory_threshold,320,102400,4,polynomial_beta_1.00,102400.0,20.188087774294672,5072.298136645963,3.0,4.0,1.0,8.0,8.12539184952978,4.06269592476489,204800.0,21582.43762194804,21590.43762194804,9.489196891815904,9.485680817873181
26,machine_replacement,40,1600,4,polynomial_beta_1.00,1600.0,18.46153846153846,86.66666666666667,3.0,4.0,1.0,8.0,6.9743589743589745,3.4871794871794872,3200.0,1459.5644418093627,1467.5644418093627,2.192434885597165,2.180483465553795
26,machine_replacement,60,3600,4,polynomial_beta_1.00,3600.0,18.271186440677965,197.03153988868274,3.0,4.0,1.0,8.0,6.8474576271186445,3.4237288135593222,7200.0,2398.3838006258416,2406.3838006258416,3.0020216106034447,2.992041418383658
26,machine_replacement,80,6400,4,polynomial_beta_1.00,6400.0,18.329113924050635,349.171270718232,3.0,4.0,1.0,8.0,6.886075949367089,3.4430379746835444,12800.0,3451.1288836187255,3459.1288836187255,3.7089313183164565,3.7003535949806636
26,machine_replacement,120,14400,4,polynomial_beta_1.00,14400.0,18.285714285714285,787.5,3.0,4.0,1.0,8.0,6.857142857142857,3.4285714285714284,28800.0,5648.022726016551,5656.022726016551,5.099129624131686,5.091917305693606
26,machine_replacement,160,25600,4,polynomial_beta_1.00,25600.0,18.22641509433962,1404.5548654244308,3.0,4.0,1.0,8.0,6.817610062893082,3.408805031446541,51200.0,7948.970054857901,7956.970054857901,6.4410860333672835,6.434610115032581
26,machine_replacement,240,57600,4,polynomial_beta_1.00,57600.0,18.21757322175732,3161.782269177768,3.0,4.0,1.0,8.0,6.8117154811715475,3.4058577405857737,115200.0,12884.41788965067,12892.41788965067,8.941032570243914,8.935484482897214
26,machine_replacement,320,102400,4,polynomial_beta_1.00,102400.0,18.213166144200628,5622.3063683304645,3.0,4.0,1.0,8.0,6.808777429467084,3.404388714733542,204800.0,18087.22782209535,18095.22782209535,11.322907081969545,11.317901162312365
26,admission_control,40,1600,4,polynomial_beta_1.00,1600.0,18.769230769230766,85.24590163934427,3.0,4.0,1.0,8.0,7.179487179487179,3.5897435897435894,3200.0,1502.1398665684615,1510.1398665684615,2.1302943029600745,2.1190090208474937
26,admission_control,60,3600,4,polynomial_beta_1.00,3600.0,18.677966101694913,192.7404718693285,3.0,4.0,1.0,8.0,7.11864406779661,3.559322033898305,7200.0,2492.894050155578,2500.894050155578,2.8882093884217253,2.878970422418373
26,admission_control,80,6400,4,polynomial_beta_1.00,6400.0,18.594936708860757,344.17971409121856,3.0,4.0,1.0,8.0,7.063291139240506,3.531645569620253,12800.0,3539.6358769471485,3547.6358769471485,3.6161911690870574,3.6080365753361363
26,admission_control,120,14400,4,polynomial_beta_1.00,14400.0,18.588235294117645,774.6835443037976,3.0,4.0,1.0,8.0,7.0588235294117645,3.5294117647058822,28800.0,5813.788100311156,5821.788100311156,4.953740917812023,4.946933743339221
26,admission_control,160,25600,4,polynomial_beta_1.00,25600.0,18.566037735849058,1378.861788617886,3.0,4.0,1.0,8.0,7.044025157232705,3.5220125786163523,51200.0,8212.559466273846,8220.559466273846,6.234353639722278,6.228286555198117
26,admission_control,240,57600,4,polynomial_beta_1.00,57600.0,18.543933054393307,3106.1371841155233,3.0,4.0,1.0,8.0,7.02928870292887,3.514644351464435,115200.0,13295.576200622312,13303.576200622312,8.664536102963929,8.659325752921323
26,admission_control,320,102400,4,polynomial_beta_1.00,102400.0,18.523510971786834,5528.109663225588,3.0,4.0,1.0,8.0,7.015673981191222,3.507836990595611,204800.0,18636.475076357914,18644.475076357914,10.989202580471222,10.984487316550746
26,resource_allocation,40,1600,4,polynomial_beta_1.00,1600.0,20.769230769230766,77.03703703703705,3.0,4.0,1.0,8.0,8.512820512820513,4.256410256410256,3200.0,1778.8801275026044,1786.8801275026044,1.7988845625548284,1.7908308177742247
26,resource_allocation,60,3600,4,polynomial_beta_1.00,3600.0,20.711864406779664,173.81342062193124,3.0,4.0,1.0,8.0,8.474576271186441,4.237288135593221,7200.0,2965.4452978042596,2973.4452978042596,2.4279658793002126,2.4214334816641285
26,resource_allocation,80,6400,4,polynomial_beta_1.00,6400.0,20.683544303797472,309.4247246022031,3.0,4.0,1.0,8.0,8.455696202531646,4.227848101265823,12800.0,4235.0479673847585,4243.0479673847585,3.0223978803962166,3.016699339340582
26,resource_allocation,120,14400,4,polynomial_beta_1.00,14400.0,20.655462184873947,697.1521562245729,3.0,4.0,1.0,8.0,8.436974789915967,4.218487394957983,28800.0,6946.518157990953,6954.518157990953,4.145961954604526,4.1411927247480005
26,resource_allocation,160,25600,4,polynomial_beta_1.00,25600.0,20.641509433962263,1240.2193784277881,3.0,4.0,1.0,8.0,8.427672955974844,4.213836477987422,51200.0,9823.383647149067,9831.383647149067,5.212053385989788,5.207812230463321
26,resource_allocation,240,57600,4,polynomial_beta_1.00,57600.0,20.602510460251047,2795.7757920389927,3.0,4.0,1.0,8.0,8.401673640167363,4.200836820083682,115200.0,15889.036315981906,15897.036315981906,7.250282377674892,7.246633756770435
26,resource_allocation,320,102400,4,polynomial_beta_1.00,102400.0,20.60188087774295,4970.419963481436,3.0,4.0,1.0,8.0,8.401253918495298,4.200626959247649,204800.0,22314.76729429813,22322.76729429813,9.17777888063975,9.174489761953113
26,random_structured,40,1600,4,polynomial_beta_1.00,1600.0,18.153846153846153,88.13559322033899,3.0,4.0,1.0,8.0,6.769230769230769,3.3846153846153846,3200.0,1416.9890170502638,1424.9890170502638,2.2583096703610432,2.245631342916607
26,random_structured,60,3600,4,polynomial_beta_1.00,3600.0,18.06779661016949,199.24953095684802,3.0,4.0,1.0,8.0,6.711864406779661,3.3559322033898304,7200.0,2351.1286758609735,2359.1286758609735,3.0623589741907216,3.051974262223035
26,random_structured,80,6400,4,polynomial_beta_1.00,6400.0,17.949367088607595,356.558533145275,3.0,4.0,1.0,8.0,6.632911392405063,3.3164556962025316,12800.0,3324.690321720978,3332.690321720978,3.849982633382307,3.8407408922981388
26,random_structured,120,14400,4,polynomial_beta_1.00,14400.0,17.932773109243698,802.9990627928772,3.0,4.0,1.0,8.0,6.621848739495798,3.310924369747899,28800.0,5454.629789339513,5462.629789339513,5.279918365181538,5.272185945348899
26,random_structured,160,25600,4,polynomial_beta_1.00,25600.0,17.92452830188679,1428.2105263157896,3.0,4.0,1.0,8.0,6.616352201257862,3.308176100628931,51200.0,7714.668355821505,7722.668355821505,6.636707845174494,6.629832804020956
26,random_structured,240,57600,4,polynomial_beta_1.00,57600.0,17.94142259414226,3210.4477611940297,3.0,4.0,1.0,8.0,6.627615062761506,3.313807531380753,115200.0,12536.514703443894,12544.514703443894,9.189156853009036,9.183296661797025
26,random_structured,320,102400,4,polynomial_beta_1.00,102400.0,17.93103448275862,5710.769230769231,3.0,4.0,1.0,8.0,6.620689655172414,3.310344827586207,204800.0,17587.91213640211,17595.91213640211,11.64436110504104,11.639066983990755
27,inventory_threshold,40,1600,4,polynomial_beta_1.00,1600.0,20.46153846153846,78.19548872180452,3.0,4.0,1.0,8.0,8.307692307692307,4.153846153846153,3200.0,1736.3047027435055,1744.3047027435055,1.8429944899324033,1.834541863567142
27,inventory_threshold,60,3600,4,polynomial_beta_1.00,3600.0,20.305084745762713,177.29549248747912,3.0,4.0,1.0,8.0,8.203389830508474,4.101694915254237,7200.0,2870.935048274523,2878.935048274523,2.507893727629719,2.5009247792218474
27,inventory_threshold,80,6400,4,polynomial_beta_1.00,6400.0,20.303797468354432,315.21197007481294,3.0,4.0,1.0,8.0,8.20253164556962,4.10126582278481,12800.0,4108.609405487011,4116.609405487011,3.1154093117018413,3.1093549907695723
27,inventory_threshold,120,14400,4,polynomial_beta_1.00,14400.0,20.252100840336134,711.0373443983402,3.0,4.0,1.0,8.0,8.168067226890756,4.084033613445378,28800.0,6725.49765893148,6733.49765893148,4.282210991740294,4.277123340467633
27,inventory_threshold,160,25600,4,polynomial_beta_1.00,25600.0,20.226415094339625,1265.6716417910445,3.0,4.0,1.0,8.0,8.150943396226415,4.0754716981132075,51200.0,9501.218810974022,9509.218810974022,5.38878232557526,5.384248802952471
27,inventory_threshold,240,57600,4,polynomial_beta_1.00,57600.0,20.20083682008368,2851.367025683513,3.0,4.0,1.0,8.0,8.13389121338912,4.06694560669456,115200.0,15382.99531786296,15390.99531786296,7.488788601932945,7.48489604608596
27,inventory_threshold,320,102400,4,polynomial_beta_1.00,102400.0,20.188087774294672,5072.298136645963,3.0,4.0,1.0,8.0,8.12539184952978,4.06269592476489,204800.0,21582.43762194804,21590.43762194804,9.489196891815904,9.485680817873181
27,machine_replacement,40,1600,4,polynomial_beta_1.00,1600.0,18.46153846153846,86.66666666666667,3.0,4.0,1.0,8.0,6.9743589743589745,3.4871794871794872,3200.0,1459.5644418093627,1467.5644418093627,2.192434885597165,2.180483465553795
27,machine_replacement,60,3600,4,polynomial_beta_1.00,3600.0,18.271186440677965,197.03153988868274,3.0,4.0,1.0,8.0,6.8474576271186445,3.4237288135593222,7200.0,2398.3838006258416,2406.3838006258416,3.0020216106034447,2.992041418383658
27,machine_replacement,80,6400,4,polynomial_beta_1.00,6400.0,18.329113924050635,349.171270718232,3.0,4.0,1.0,8.0,6.886075949367089,3.4430379746835444,12800.0,3451.1288836187255,3459.1288836187255,3.7089313183164565,3.7003535949806636
27,machine_replacement,120,14400,4,polynomial_beta_1.00,14400.0,18.285714285714285,787.5,3.0,4.0,1.0,8.0,6.857142857142857,3.4285714285714284,28800.0,5648.022726016551,5656.022726016551,5.099129624131686,5.091917305693606
27,machine_replacement,160,25600,4,polynomial_beta_1.00,25600.0,18.22641509433962,1404.5548654244308,3.0,4.0,1.0,8.0,6.817610062893082,3.408805031446541,51200.0,7948.970054857901,7956.970054857901,6.4410860333672835,6.434610115032581
27,machine_replacement,240,57600,4,polynomial_beta_1.00,57600.0,18.21757322175732,3161.782269177768,3.0,4.0,1.0,8.0,6.8117154811715475,3.4058577405857737,115200.0,12884.41788965067,12892.41788965067,8.941032570243914,8.935484482897214
27,machine_replacement,320,102400,4,polynomial_beta_1.00,102400.0,18.213166144200628,5622.3063683304645,3.0,4.0,1.0,8.0,6.808777429467084,3.404388714733542,204800.0,18087.22782209535,18095.22782209535,11.322907081969545,11.317901162312365
27,admission_control,40,1600,4,polynomial_beta_1.00,1600.0,18.769230769230766,85.24590163934427,3.0,4.0,1.0,8.0,7.179487179487179,3.5897435897435894,3200.0,1502.1398665684615,1510.1398665684615,2.1302943029600745,2.1190090208474937
27,admission_control,60,3600,4,polynomial_beta_1.00,3600.0,18.677966101694913,192.7404718693285,3.0,4.0,1.0,8.0,7.11864406779661,3.559322033898305,7200.0,2492.894050155578,2500.894050155578,2.8882093884217253,2.878970422418373
27,admission_control,80,6400,4,polynomial_beta_1.00,6400.0,18.594936708860757,344.17971409121856,3.0,4.0,1.0,8.0,7.063291139240506,3.531645569620253,12800.0,3539.6358769471485,3547.6358769471485,3.6161911690870574,3.6080365753361363
27,admission_control,120,14400,4,polynomial_beta_1.00,14400.0,18.588235294117645,774.6835443037976,3.0,4.0,1.0,8.0,7.0588235294117645,3.5294117647058822,28800.0,5813.788100311156,5821.788100311156,4.953740917812023,4.946933743339221
27,admission_control,160,25600,4,polynomial_beta_1.00,25600.0,18.566037735849058,1378.861788617886,3.0,4.0,1.0,8.0,7.044025157232705,3.5220125786163523,51200.0,8212.559466273846,8220.559466273846,6.234353639722278,6.228286555198117
27,admission_control,240,57600,4,polynomial_beta_1.00,57600.0,18.543933054393307,3106.1371841155233,3.0,4.0,1.0,8.0,7.02928870292887,3.514644351464435,115200.0,13295.576200622312,13303.576200622312,8.664536102963929,8.659325752921323
27,admission_control,320,102400,4,polynomial_beta_1.00,102400.0,18.523510971786834,5528.109663225588,3.0,4.0,1.0,8.0,7.015673981191222,3.507836990595611,204800.0,18636.475076357914,18644.475076357914,10.989202580471222,10.984487316550746
27,resource_allocation,40,1600,4,polynomial_beta_1.00,1600.0,20.769230769230766,77.03703703703705,3.0,4.0,1.0,8.0,8.512820512820513,4.256410256410256,3200.0,1778.8801275026044,1786.8801275026044,1.7988845625548284,1.7908308177742247
27,resource_allocation,60,3600,4,polynomial_beta_1.00,3600.0,20.711864406779664,173.81342062193124,3.0,4.0,1.0,8.0,8.474576271186441,4.237288135593221,7200.0,2965.4452978042596,2973.4452978042596,2.4279658793002126,2.4214334816641285
27,resource_allocation,80,6400,4,polynomial_beta_1.00,6400.0,20.683544303797472,309.4247246022031,3.0,4.0,1.0,8.0,8.455696202531646,4.227848101265823,12800.0,4235.0479673847585,4243.0479673847585,3.0223978803962166,3.016699339340582
27,resource_allocation,120,14400,4,polynomial_beta_1.00,14400.0,20.655462184873947,697.1521562245729,3.0,4.0,1.0,8.0,8.436974789915967,4.218487394957983,28800.0,6946.518157990953,6954.518157990953,4.145961954604526,4.1411927247480005
27,resource_allocation,160,25600,4,polynomial_beta_1.00,25600.0,20.641509433962263,1240.2193784277881,3.0,4.0,1.0,8.0,8.427672955974844,4.213836477987422,51200.0,9823.383647149067,9831.383647149067,5.212053385989788,5.207812230463321
27,resource_allocation,240,57600,4,polynomial_beta_1.00,57600.0,20.602510460251047,2795.7757920389927,3.0,4.0,1.0,8.0,8.401673640167363,4.200836820083682,115200.0,15889.036315981906,15897.036315981906,7.250282377674892,7.246633756770435
27,resource_allocation,320,102400,4,polynomial_beta_1.00,102400.0,20.60188087774295,4970.419963481436,3.0,4.0,1.0,8.0,8.401253918495298,4.200626959247649,204800.0,22314.76729429813,22322.76729429813,9.17777888063975,9.174489761953113
27,random_structured,40,1600,4,polynomial_beta_1.00,1600.0,18.307692307692307,87.39495798319328,3.0,4.0,1.0,8.0,6.871794871794871,3.4358974358974357,3200.0,1438.2767294298133,1446.2767294298133,2.2248847767067743,2.2125779492155577
27,random_structured,60,3600,4,polynomial_beta_1.00,3600.0,18.372881355932204,195.9409594095941,3.0,4.0,1.0,8.0,6.915254237288136,3.457627118644068,7200.0,2422.0113630082756,2430.0113630082756,2.972735846729138,2.9629491078126615
27,random_structured,80,6400,4,polynomial_beta_1.00,6400.0,18.253164556962027,350.62413314840495,3.0,4.0,1.0,8.0,6.8354430379746836,3.4177215189873418,12800.0,3425.8411712391758,3433.8411712391758,3.7363086495250615,3.727603975166051
27,random_structured,120,14400,4,polynomial_beta_1.00,14400.0,18.18487394957983,791.8669131238447,3.0,4.0,1.0,8.0,6.7899159663865545,3.3949579831932772,28800.0,5592.767601251683,5600.767601251683,5.149507730940662,5.142152299546165
27,random_structured,160,25600,4,polynomial_beta_1.00,25600.0,18.22641509433962,1404.5548654244308,3.0,4.0,1.0,8.0,6.817610062893082,3.408805031446541,51200.0,7948.970054857901,7956.970054857901,6.4410860333672835,6.434610115032581
27,random_structured,240,57600,4,polynomial_beta_1.00,57600.0,18.19246861924686,3166.1453541858327,3.0,4.0,1.0,8.0,6.7949790794979075,3.3974895397489537,115200.0,12852.790327268234,12860.790327268234,8.963034256895476,8.95745883950428
27,random_structured,320,102400,4,polynomial_beta_1.00,102400.0,18.19435736677116,5628.118538938663,3.0,4.0,1.0,8.0,6.7962382445141065,3.3981191222570533,204800.0,18053.9401097158,18061.9401097158,11.34378416874143,11.338759776411553
28,inventory_threshold,40,1600,4,polynomial_beta_1.00,1600.0,20.46153846153846,78.19548872180452,3.0,4.0,1.0,8.0,8.307692307692307,4.153846153846153,3200.0,1736.3047027435055,1744.3047027435055,1.8429944899324033,1.834541863567142
28,inventory_threshold,60,3600,4,polynomial_beta_1.00,3600.0,20.305084745762713,177.29549248747912,3.0,4.0,1.0,8.0,8.203389830508474,4.101694915254237,7200.0,2870.935048274523,2878.935048274523,2.507893727629719,2.5009247792218474
28,inventory_threshold,80,6400,4,polynomial_beta_1.00,6400.0,20.303797468354432,315.21197007481294,3.0,4.0,1.0,8.0,8.20253164556962,4.10126582278481,12800.0,4108.609405487011,4116.609405487011,3.1154093117018413,3.1093549907695723
28,inventory_threshold,120,14400,4,polynomial_beta_1.00,14400.0,20.252100840336134,711.0373443983402,3.0,4.0,1.0,8.0,8.168067226890756,4.084033613445378,28800.0,6725.49765893148,6733.49765893148,4.282210991740294,4.277123340467633
28,inventory_threshold,160,25600,4,polynomial_beta_1.00,25600.0,20.226415094339625,1265.6716417910445,3.0,4.0,1.0,8.0,8.150943396226415,4.0754716981132075,51200.0,9501.218810974022,9509.218810974022,5.38878232557526,5.384248802952471
28,inventory_threshold,240,57600,4,polynomial_beta_1.00,57600.0,20.20083682008368,2851.367025683513,3.0,4.0,1.0,8.0,8.13389121338912,4.06694560669456,115200.0,15382.99531786296,15390.99531786296,7.488788601932945,7.48489604608596
28,inventory_threshold,320,102400,4,polynomial_beta_1.00,102400.0,20.188087774294672,5072.298136645963,3.0,4.0,1.0,8.0,8.12539184952978,4.06269592476489,204800.0,21582.43762194804,21590.43762194804,9.489196891815904,9.485680817873181
28,machine_replacement,40,1600,4,polynomial_beta_1.00,1600.0,18.46153846153846,86.66666666666667,3.0,4.0,1.0,8.0,6.9743589743589745,3.4871794871794872,3200.0,1459.5644418093627,1467.5644418093627,2.192434885597165,2.180483465553795
28,machine_replacement,60,3600,4,polynomial_beta_1.00,3600.0,18.271186440677965,197.03153988868274,3.0,4.0,1.0,8.0,6.8474576271186445,3.4237288135593222,7200.0,2398.3838006258416,2406.3838006258416,3.0020216106034447,2.992041418383658
28,machine_replacement,80,6400,4,polynomial_beta_1.00,6400.0,18.329113924050635,349.171270718232,3.0,4.0,1.0,8.0,6.886075949367089,3.4430379746835444,12800.0,3451.1288836187255,3459.1288836187255,3.7089313183164565,3.7003535949806636
28,machine_replacement,120,14400,4,polynomial_beta_1.00,14400.0,18.285714285714285,787.5,3.0,4.0,1.0,8.0,6.857142857142857,3.4285714285714284,28800.0,5648.022726016551,5656.022726016551,5.099129624131686,5.091917305693606
28,machine_replacement,160,25600,4,polynomial_beta_1.00,25600.0,18.22641509433962,1404.5548654244308,3.0,4.0,1.0,8.0,6.817610062893082,3.408805031446541,51200.0,7948.970054857901,7956.970054857901,6.4410860333672835,6.434610115032581
28,machine_replacement,240,57600,4,polynomial_beta_1.00,57600.0,18.21757322175732,3161.782269177768,3.0,4.0,1.0,8.0,6.8117154811715475,3.4058577405857737,115200.0,12884.41788965067,12892.41788965067,8.941032570243914,8.935484482897214
28,machine_replacement,320,102400,4,polynomial_beta_1.00,102400.0,18.213166144200628,5622.3063683304645,3.0,4.0,1.0,8.0,6.808777429467084,3.404388714733542,204800.0,18087.22782209535,18095.22782209535,11.322907081969545,11.317901162312365
28,admission_control,40,1600,4,polynomial_beta_1.00,1600.0,18.769230769230766,85.24590163934427,3.0,4.0,1.0,8.0,7.179487179487179,3.5897435897435894,3200.0,1502.1398665684615,1510.1398665684615,2.1302943029600745,2.1190090208474937
28,admission_control,60,3600,4,polynomial_beta_1.00,3600.0,18.677966101694913,192.7404718693285,3.0,4.0,1.0,8.0,7.11864406779661,3.559322033898305,7200.0,2492.894050155578,2500.894050155578,2.8882093884217253,2.878970422418373
28,admission_control,80,6400,4,polynomial_beta_1.00,6400.0,18.594936708860757,344.17971409121856,3.0,4.0,1.0,8.0,7.063291139240506,3.531645569620253,12800.0,3539.6358769471485,3547.6358769471485,3.6161911690870574,3.6080365753361363
28,admission_control,120,14400,4,polynomial_beta_1.00,14400.0,18.588235294117645,774.6835443037976,3.0,4.0,1.0,8.0,7.0588235294117645,3.5294117647058822,28800.0,5813.788100311156,5821.788100311156,4.953740917812023,4.946933743339221
28,admission_control,160,25600,4,polynomial_beta_1.00,25600.0,18.566037735849058,1378.861788617886,3.0,4.0,1.0,8.0,7.044025157232705,3.5220125786163523,51200.0,8212.559466273846,8220.559466273846,6.234353639722278,6.228286555198117
28,admission_control,240,57600,4,polynomial_beta_1.00,57600.0,18.543933054393307,3106.1371841155233,3.0,4.0,1.0,8.0,7.02928870292887,3.514644351464435,115200.0,13295.576200622312,13303.576200622312,8.664536102963929,8.659325752921323
28,admission_control,320,102400,4,polynomial_beta_1.00,102400.0,18.523510971786834,5528.109663225588,3.0,4.0,1.0,8.0,7.015673981191222,3.507836990595611,204800.0,18636.475076357914,18644.475076357914,10.989202580471222,10.984487316550746
28,resource_allocation,40,1600,4,polynomial_beta_1.00,1600.0,20.769230769230766,77.03703703703705,3.0,4.0,1.0,8.0,8.512820512820513,4.256410256410256,3200.0,1778.8801275026044,1786.8801275026044,1.7988845625548284,1.7908308177742247
28,resource_allocation,60,3600,4,polynomial_beta_1.00,3600.0,20.711864406779664,173.81342062193124,3.0,4.0,1.0,8.0,8.474576271186441,4.237288135593221,7200.0,2965.4452978042596,2973.4452978042596,2.4279658793002126,2.4214334816641285
28,resource_allocation,80,6400,4,polynomial_beta_1.00,6400.0,20.683544303797472,309.4247246022031,3.0,4.0,1.0,8.0,8.455696202531646,4.227848101265823,12800.0,4235.0479673847585,4243.0479673847585,3.0223978803962166,3.016699339340582
28,resource_allocation,120,14400,4,polynomial_beta_1.00,14400.0,20.655462184873947,697.1521562245729,3.0,4.0,1.0,8.0,8.436974789915967,4.218487394957983,28800.0,6946.518157990953,6954.518157990953,4.145961954604526,4.1411927247480005
28,resource_allocation,160,25600,4,polynomial_beta_1.00,25600.0,20.641509433962263,1240.2193784277881,3.0,4.0,1.0,8.0,8.427672955974844,4.213836477987422,51200.0,9823.383647149067,9831.383647149067,5.212053385989788,5.207812230463321
28,resource_allocation,240,57600,4,polynomial_beta_1.00,57600.0,20.602510460251047,2795.7757920389927,3.0,4.0,1.0,8.0,8.401673640167363,4.200836820083682,115200.0,15889.036315981906,15897.036315981906,7.250282377674892,7.246633756770435
28,resource_allocation,320,102400,4,polynomial_beta_1.00,102400.0,20.60188087774295,4970.419963481436,3.0,4.0,1.0,8.0,8.401253918495298,4.200626959247649,204800.0,22314.76729429813,22322.76729429813,9.17777888063975,9.174489761953113
28,random_structured,40,1600,4,polynomial_beta_1.00,1600.0,18.769230769230766,85.24590163934427,3.0,4.0,1.0,8.0,7.179487179487179,3.5897435897435894,3200.0,1502.1398665684615,1510.1398665684615,2.1302943029600745,2.1190090208474937
28,random_structured,60,3600,4,polynomial_beta_1.00,3600.0,18.677966101694913,192.7404718693285,3.0,4.0,1.0,8.0,7.11864406779661,3.559322033898305,7200.0,2492.894050155578,2500.894050155578,2.8882093884217253,2.878970422418373
28,random_structured,80,6400,4,polynomial_beta_1.00,6400.0,18.632911392405063,343.47826086956525,3.0,4.0,1.0,8.0,7.0886075949367084,3.5443037974683542,12800.0,3552.279733136923,3560.279733136923,3.6033198288403554,3.595223117123458
28,random_structured,120,14400,4,polynomial_beta_1.00,14400.0,18.6890756302521,770.5035971223023,3.0,4.0,1.0,8.0,7.126050420168067,3.5630252100840334,28800.0,5869.043225076024,5877.043225076024,4.907103065274654,4.9004233756724584
28,random_structured,160,25600,4,polynomial_beta_1.00,25600.0,18.60377358490566,1376.0649087221095,3.0,4.0,1.0,8.0,7.069182389937107,3.5345911949685536,51200.0,8241.847178653396,8249.847178653396,6.212199630758668,6.206175568013038
28,random_structured,240,57600,4,polynomial_beta_1.00,57600.0,18.594142259414227,3097.7497749774975,3.0,4.0,1.0,8.0,7.06276150627615,3.531380753138075,115200.0,13358.83132538718,13366.83132538718,8.623508838012905,8.618347699293881
28,random_structured,320,102400,4,polynomial_beta_1.00,102400.0,18.58934169278997,5508.532883642496,3.0,4.0,1.0,8.0,7.059561128526646,3.529780564263323,204800.0,18752.98206968634,18760.98206968634,10.920929761408633,10.91627289228703
29,inventory_threshold,40,1600,4,polynomial_beta_1.00,1600.0,20.46153846153846,78.19548872180452,3.0,4.0,1.0,8.0,8.307692307692307,4.153846153846153,3200.0,1736.3047027435055,1744.3047027435055,1.8429944899324033,1.834541863567142
29,inventory_threshold,60,3600,4,polynomial_beta_1.00,3600.0,20.305084745762713,177.29549248747912,3.0,4.0,1.0,8.0,8.203389830508474,4.101694915254237,7200.0,2870.935048274523,2878.935048274523,2.507893727629719,2.5009247792218474
29,inventory_threshold,80,6400,4,polynomial_beta_1.00,6400.0,20.303797468354432,315.21197007481294,3.0,4.0,1.0,8.0,8.20253164556962,4.10126582278481,12800.0,4108.609405487011,4116.609405487011,3.1154093117018413,3.1093549907695723
29,inventory_threshold,120,14400,4,polynomial_beta_1.00,14400.0,20.252100840336134,711.0373443983402,3.0,4.0,1.0,8.0,8.168067226890756,4.084033613445378,28800.0,6725.49765893148,6733.49765893148,4.282210991740294,4.277123340467633
29,inventory_threshold,160,25600,4,polynomial_beta_1.00,25600.0,20.226415094339625,1265.6716417910445,3.0,4.0,1.0,8.0,8.150943396226415,4.0754716981132075,51200.0,9501.218810974022,9509.218810974022,5.38878232557526,5.384248802952471
29,inventory_threshold,240,57600,4,polynomial_beta_1.00,57600.0,20.20083682008368,2851.367025683513,3.0,4.0,1.0,8.0,8.13389121338912,4.06694560669456,115200.0,15382.99531786296,15390.99531786296,7.488788601932945,7.48489604608596
29,inventory_threshold,320,102400,4,polynomial_beta_1.00,102400.0,20.188087774294672,5072.298136645963,3.0,4.0,1.0,8.0,8.12539184952978,4.06269592476489,204800.0,21582.43762194804,21590.43762194804,9.489196891815904,9.485680817873181
29,machine_replacement,40,1600,4,polynomial_beta_1.00,1600.0,18.46153846153846,86.66666666666667,3.0,4.0,1.0,8.0,6.9743589743589745,3.4871794871794872,3200.0,1459.5644418093627,1467.5644418093627,2.192434885597165,2.180483465553795
29,machine_replacement,60,3600,4,polynomial_beta_1.00,3600.0,18.271186440677965,197.03153988868274,3.0,4.0,1.0,8.0,6.8474576271186445,3.4237288135593222,7200.0,2398.3838006258416,2406.3838006258416,3.0020216106034447,2.992041418383658
29,machine_replacement,80,6400,4,polynomial_beta_1.00,6400.0,18.329113924050635,349.171270718232,3.0,4.0,1.0,8.0,6.886075949367089,3.4430379746835444,12800.0,3451.1288836187255,3459.1288836187255,3.7089313183164565,3.7003535949806636
29,machine_replacement,120,14400,4,polynomial_beta_1.00,14400.0,18.285714285714285,787.5,3.0,4.0,1.0,8.0,6.857142857142857,3.4285714285714284,28800.0,5648.022726016551,5656.022726016551,5.099129624131686,5.091917305693606
29,machine_replacement,160,25600,4,polynomial_beta_1.00,25600.0,18.22641509433962,1404.5548654244308,3.0,4.0,1.0,8.0,6.817610062893082,3.408805031446541,51200.0,7948.970054857901,7956.970054857901,6.4410860333672835,6.434610115032581
29,machine_replacement,240,57600,4,polynomial_beta_1.00,57600.0,18.21757322175732,3161.782269177768,3.0,4.0,1.0,8.0,6.8117154811715475,3.4058577405857737,115200.0,12884.41788965067,12892.41788965067,8.941032570243914,8.935484482897214
29,machine_replacement,320,102400,4,polynomial_beta_1.00,102400.0,18.213166144200628,5622.3063683304645,3.0,4.0,1.0,8.0,6.808777429467084,3.404388714733542,204800.0,18087.22782209535,18095.22782209535,11.322907081969545,11.317901162312365
29,admission_control,40,1600,4,polynomial_beta_1.00,1600.0,18.769230769230766,85.24590163934427,3.0,4.0,1.0,8.0,7.179487179487179,3.5897435897435894,3200.0,1502.1398665684615,1510.1398665684615,2.1302943029600745,2.1190090208474937
29,admission_control,60,3600,4,polynomial_beta_1.00,3600.0,18.677966101694913,192.7404718693285,3.0,4.0,1.0,8.0,7.11864406779661,3.559322033898305,7200.0,2492.894050155578,2500.894050155578,2.8882093884217253,2.878970422418373
29,admission_control,80,6400,4,polynomial_beta_1.00,6400.0,18.594936708860757,344.17971409121856,3.0,4.0,1.0,8.0,7.063291139240506,3.531645569620253,12800.0,3539.6358769471485,3547.6358769471485,3.6161911690870574,3.6080365753361363
29,admission_control,120,14400,4,polynomial_beta_1.00,14400.0,18.588235294117645,774.6835443037976,3.0,4.0,1.0,8.0,7.0588235294117645,3.5294117647058822,28800.0,5813.788100311156,5821.788100311156,4.953740917812023,4.946933743339221
29,admission_control,160,25600,4,polynomial_beta_1.00,25600.0,18.566037735849058,1378.861788617886,3.0,4.0,1.0,8.0,7.044025157232705,3.5220125786163523,51200.0,8212.559466273846,8220.559466273846,6.234353639722278,6.228286555198117
29,admission_control,240,57600,4,polynomial_beta_1.00,57600.0,18.543933054393307,3106.1371841155233,3.0,4.0,1.0,8.0,7.02928870292887,3.514644351464435,115200.0,13295.576200622312,13303.576200622312,8.664536102963929,8.659325752921323
29,admission_control,320,102400,4,polynomial_beta_1.00,102400.0,18.523510971786834,5528.109663225588,3.0,4.0,1.0,8.0,7.015673981191222,3.507836990595611,204800.0,18636.475076357914,18644.475076357914,10.989202580471222,10.984487316550746
29,resource_allocation,40,1600,4,polynomial_beta_1.00,1600.0,20.769230769230766,77.03703703703705,3.0,4.0,1.0,8.0,8.512820512820513,4.256410256410256,3200.0,1778.8801275026044,1786.8801275026044,1.7988845625548284,1.7908308177742247
29,resource_allocation,60,3600,4,polynomial_beta_1.00,3600.0,20.711864406779664,173.81342062193124,3.0,4.0,1.0,8.0,8.474576271186441,4.237288135593221,7200.0,2965.4452978042596,2973.4452978042596,2.4279658793002126,2.4214334816641285
29,resource_allocation,80,6400,4,polynomial_beta_1.00,6400.0,20.683544303797472,309.4247246022031,3.0,4.0,1.0,8.0,8.455696202531646,4.227848101265823,12800.0,4235.0479673847585,4243.0479673847585,3.0223978803962166,3.016699339340582
29,resource_allocation,120,14400,4,polynomial_beta_1.00,14400.0,20.655462184873947,697.1521562245729,3.0,4.0,1.0,8.0,8.436974789915967,4.218487394957983,28800.0,6946.518157990953,6954.518157990953,4.145961954604526,4.1411927247480005
29,resource_allocation,160,25600,4,polynomial_beta_1.00,25600.0,20.641509433962263,1240.2193784277881,3.0,4.0,1.0,8.0,8.427672955974844,4.213836477987422,51200.0,9823.383647149067,9831.383647149067,5.212053385989788,5.207812230463321
29,resource_allocation,240,57600,4,polynomial_beta_1.00,57600.0,20.602510460251047,2795.7757920389927,3.0,4.0,1.0,8.0,8.401673640167363,4.200836820083682,115200.0,15889.036315981906,15897.036315981906,7.250282377674892,7.246633756770435
29,resource_allocation,320,102400,4,polynomial_beta_1.00,102400.0,20.60188087774295,4970.419963481436,3.0,4.0,1.0,8.0,8.401253918495298,4.200626959247649,204800.0,22314.76729429813,22322.76729429813,9.17777888063975,9.174489761953113
29,random_structured,40,1600,4,polynomial_beta_1.00,1600.0,18.769230769230766,85.24590163934427,3.0,4.0,1.0,8.0,7.179487179487179,3.5897435897435894,3200.0,1502.1398665684615,1510.1398665684615,2.1302943029600745,2.1190090208474937
29,random_structured,60,3600,4,polynomial_beta_1.00,3600.0,18.677966101694913,192.7404718693285,3.0,4.0,1.0,8.0,7.11864406779661,3.559322033898305,7200.0,2492.894050155578,2500.894050155578,2.8882093884217253,2.878970422418373
29,random_structured,80,6400,4,polynomial_beta_1.00,6400.0,18.632911392405063,343.47826086956525,3.0,4.0,1.0,8.0,7.0886075949367084,3.5443037974683542,12800.0,3552.279733136923,3560.279733136923,3.6033198288403554,3.595223117123458
29,random_structured,120,14400,4,polynomial_beta_1.00,14400.0,18.6890756302521,770.5035971223023,3.0,4.0,1.0,8.0,7.126050420168067,3.5630252100840334,28800.0,5869.043225076024,5877.043225076024,4.907103065274654,4.9004233756724584
29,random_structured,160,25600,4,polynomial_beta_1.00,25600.0,18.60377358490566,1376.0649087221095,3.0,4.0,1.0,8.0,7.069182389937107,3.5345911949685536,51200.0,8241.847178653396,8249.847178653396,6.212199630758668,6.206175568013038
29,random_structured,240,57600,4,polynomial_beta_1.00,57600.0,18.594142259414227,3097.7497749774975,3.0,4.0,1.0,8.0,7.06276150627615,3.531380753138075,115200.0,13358.83132538718,13366.83132538718,8.623508838012905,8.618347699293881
29,random_structured,320,102400,4,polynomial_beta_1.00,102400.0,18.58934169278997,5508.532883642496,3.0,4.0,1.0,8.0,7.059561128526646,3.529780564263323,204800.0,18752.98206968634,18760.98206968634,10.920929761408633,10.91627289228703
