seed,family,structure,grid_size,states,actions,C_B,C_R,F,L,kappa,C_top,C_D,boundary_edges
0,inventory_threshold,structured,40,1600,4,3.0,4.0,1.0,8.307692307692307,4.153846153846153,8.0,20.46153846153846,162.0
0,machine_replacement,structured,40,1600,4,3.0,4.0,1.0,6.9743589743589745,3.4871794871794872,8.0,18.46153846153846,136.0
0,admission_control,structured,40,1600,4,3.0,4.0,1.0,7.179487179487179,3.5897435897435894,8.0,18.769230769230766,140.0
0,resource_allocation,structured,40,1600,4,3.0,4.0,1.0,8.512820512820513,4.256410256410256,8.0,20.769230769230766,166.0
0,random_structured,structured,40,1600,4,3.0,4.0,1.0,7.076923076923077,3.5384615384615383,8.0,18.615384615384613,138.0
0,oscillatory_fragmented,unstructured,40,1600,4,3.0,33.0,8.25,33.794871794871796,16.897435897435898,44.25,94.9423076923077,659.0
0,inventory_threshold,structured,60,3600,4,3.0,4.0,1.0,8.203389830508474,4.101694915254237,8.0,20.305084745762713,242.0
0,machine_replacement,structured,60,3600,4,3.0,4.0,1.0,6.8474576271186445,3.4237288135593222,8.0,18.271186440677965,202.0
0,admission_control,structured,60,3600,4,3.0,4.0,1.0,7.11864406779661,3.559322033898305,8.0,18.677966101694913,210.0
0,resource_allocation,structured,60,3600,4,3.0,4.0,1.0,8.474576271186441,4.237288135593221,8.0,20.711864406779664,250.0
0,random_structured,structured,60,3600,4,3.0,4.0,1.0,6.983050847457627,3.4915254237288136,8.0,18.47457627118644,206.0
0,oscillatory_fragmented,unstructured,60,3600,4,3.0,33.0,8.25,33.86440677966102,16.93220338983051,44.25,95.04661016949152,999.0
0,inventory_threshold,structured,80,6400,4,3.0,4.0,1.0,8.20253164556962,4.10126582278481,8.0,20.303797468354432,324.0
0,machine_replacement,structured,80,6400,4,3.0,4.0,1.0,6.886075949367089,3.4430379746835444,8.0,18.329113924050635,272.0
0,admission_control,structured,80,6400,4,3.0,4.0,1.0,7.063291139240506,3.531645569620253,8.0,18.594936708860757,279.0
0,resource_allocation,structured,80,6400,4,3.0,4.0,1.0,8.455696202531646,4.227848101265823,8.0,20.683544303797472,334.0
0,random_structured,structured,80,6400,4,3.0,4.0,1.0,6.987341772151899,3.4936708860759493,8.0,18.481012658227847,276.0
0,oscillatory_fragmented,unstructured,80,6400,4,3.0,33.0,8.25,34.10126582278481,17.050632911392405,44.25,95.40189873417722,1347.0
0,inventory_threshold,structured,120,14400,4,3.0,4.0,1.0,8.168067226890756,4.084033613445378,8.0,20.252100840336134,486.0
0,machine_replacement,structured,120,14400,4,3.0,4.0,1.0,6.857142857142857,3.4285714285714284,8.0,18.285714285714285,408.0
0,admission_control,structured,120,14400,4,3.0,4.0,1.0,7.0588235294117645,3.5294117647058822,8.0,18.588235294117645,420.0
0,resource_allocation,structured,120,14400,4,3.0,4.0,1.0,8.436974789915967,4.218487394957983,8.0,20.655462184873947,502.0
0,random_structured,structured,120,14400,4,3.0,4.0,1.0,6.924369747899159,3.4621848739495795,8.0,18.386554621848738,412.0
0,oscillatory_fragmented,unstructured,120,14400,4,3.0,33.0,8.25,33.94957983193277,16.974789915966387,44.25,95.17436974789915,2020.0
0,inventory_threshold,structured,160,25600,4,3.0,4.0,1.0,8.150943396226415,4.0754716981132075,8.0,20.226415094339625,648.0
0,machine_replacement,structured,160,25600,4,3.0,4.0,1.0,6.817610062893082,3.408805031446541,8.0,18.22641509433962,542.0
0,admission_control,structured,160,25600,4,3.0,4.0,1.0,7.044025157232705,3.5220125786163523,8.0,18.566037735849058,560.0
0,resource_allocation,structured,160,25600,4,3.0,4.0,1.0,8.427672955974844,4.213836477987422,8.0,20.641509433962263,670.0
0,random_structured,structured,160,25600,4,3.0,4.0,1.0,6.918238993710692,3.459119496855346,8.0,18.37735849056604,550.0
0,oscillatory_fragmented,unstructured,160,25600,4,3.0,33.0,8.25,34.0,17.0,44.25,95.25,2703.0
0,inventory_threshold,structured,240,57600,4,3.0,4.0,1.0,8.13389121338912,4.06694560669456,8.0,20.20083682008368,972.0
0,machine_replacement,structured,240,57600,4,3.0,4.0,1.0,6.8117154811715475,3.4058577405857737,8.0,18.21757322175732,814.0
0,admission_control,structured,240,57600,4,3.0,4.0,1.0,7.02928870292887,3.514644351464435,8.0,18.543933054393307,840.0
0,resource_allocation,structured,240,57600,4,3.0,4.0,1.0,8.401673640167363,4.200836820083682,8.0,20.602510460251047,1004.0
0,random_structured,structured,240,57600,4,3.0,4.0,1.0,6.912133891213388,3.456066945606694,8.0,18.368200836820083,826.0
0,oscillatory_fragmented,unstructured,240,57600,4,3.0,34.0,8.5,33.98326359832636,16.99163179916318,45.5,96.47489539748955,4061.0
0,inventory_threshold,structured,320,102400,4,3.0,4.0,1.0,8.12539184952978,4.06269592476489,8.0,20.188087774294672,1296.0
0,machine_replacement,structured,320,102400,4,3.0,4.0,1.0,6.808777429467084,3.404388714733542,8.0,18.213166144200628,1086.0
0,admission_control,structured,320,102400,4,3.0,4.0,1.0,7.015673981191222,3.507836990595611,8.0,18.523510971786834,1119.0
0,resource_allocation,structured,320,102400,4,3.0,4.0,1.0,8.401253918495298,4.200626959247649,8.0,20.60188087774295,1340.0
0,random_structured,structured,320,102400,4,3.0,4.0,1.0,6.909090909090909,3.4545454545454546,8.0,18.363636363636363,1102.0
0,oscillatory_fragmented,unstructured,320,102400,4,3.0,34.0,8.5,34.05015673981191,17.025078369905955,45.5,96.57523510971787,5431.0
1,inventory_threshold,structured,40,1600,4,3.0,4.0,1.0,8.307692307692307,4.153846153846153,8.0,20.46153846153846,162.0
1,machine_replacement,structured,40,1600,4,3.0,4.0,1.0,6.9743589743589745,3.4871794871794872,8.0,18.46153846153846,136.0
1,admission_control,structured,40,1600,4,3.0,4.0,1.0,7.179487179487179,3.5897435897435894,8.0,18.769230769230766,140.0
1,resource_allocation,structured,40,1600,4,3.0,4.0,1.0,8.512820512820513,4.256410256410256,8.0,20.769230769230766,166.0
1,random_structured,structured,40,1600,4,3.0,4.0,1.0,7.589743589743589,3.7948717948717947,8.0,19.384615384615383,148.0
1,oscillatory_fragmented,unstructured,40,1600,4,3.0,33.0,8.25,33.794871794871796,16.897435897435898,44.25,94.9423076923077,659.0
1,inventory_threshold,structured,60,3600,4,3.0,4.0,1.0,8.203389830508474,4.101694915254237,8.0,20.305084745762713,242.0
1,machine_replacement,structured,60,3600,4,3.0,4.0,1.0,6.8474576271186445,3.4237288135593222,8.0,18.271186440677965,202.0
1,admission_control,structured,60,3600,4,3.0,4.0,1.0,7.11864406779661,3.559322033898305,8.0,18.677966101694913,210.0
1,resource_allocation,structured,60,3600,4,3.0,4.0,1.0,8.474576271186441,4.237288135593221,8.0,20.711864406779664,250.0
1,random_structured,structured,60,3600,4,3.0,4.0,1.0,7.52542372881356,3.76271186440678,8.0,19.28813559322034,222.0
1,oscillatory_fragmented,unstructured,60,3600,4,3.0,33.0,8.25,33.86440677966102,16.93220338983051,44.25,95.04661016949152,999.0
1,inventory_threshold,structured,80,6400,4,3.0,4.0,1.0,8.20253164556962,4.10126582278481,8.0,20.303797468354432,324.0
1,machine_replacement,structured,80,6400,4,3.0,4.0,1.0,6.886075949367089,3.4430379746835444,8.0,18.329113924050635,272.0
1,admission_control,structured,80,6400,4,3.0,4.0,1.0,7.063291139240506,3.531645569620253,8.0,18.594936708860757,279.0
1,resource_allocation,structured,80,6400,4,3.0,4.0,1.0,8.455696202531646,4.227848101265823,8.0,20.683544303797472,334.0
1,random_structured,structured,80,6400,4,3.0,4.0,1.0,7.544303797468355,3.7721518987341773,8.0,19.31645569620253,298.0
1,oscillatory_fragmented,unstructured,80,6400,4,3.0,33.0,8.25,34.10126582278481,17.050632911392405,44.25,95.40189873417722,1347.0
1,inventory_threshold,structured,120,14400,4,3.0,4.0,1.0,8.168067226890756,4.084033613445378,8.0,20.252100840336134,486.0
1,machine_replacement,structured,120,14400,4,3.0,4.0,1.0,6.857142857142857,3.4285714285714284,8.0,18.285714285714285,408.0
1,admission_control,structured,120,14400,4,3.0,4.0,1.0,7.0588235294117645,3.5294117647058822,8.0,18.588235294117645,420.0
1,resource_allocation,structured,120,14400,4,3.0,4.0,1.0,8.436974789915967,4.218487394957983,8.0,20.655462184873947,502.0
1,random_structured,structured,120,14400,4,3.0,4.0,1.0,7.495798319327731,3.7478991596638656,8.0,19.243697478991596,446.0
1,oscillatory_fragmented,unstructured,120,14400,4,3.0,33.0,8.25,33.94957983193277,16.974789915966387,44.25,95.17436974789915,2020.0
1,inventory_threshold,structured,160,25600,4,3.0,4.0,1.0,8.150943396226415,4.0754716981132075,8.0,20.226415094339625,648.0
1,machine_replacement,structured,160,25600,4,3.0,4.0,1.0,6.817610062893082,3.408805031446541,8.0,18.22641509433962,542.0
1,admission_control,structured,160,25600,4,3.0,4.0,1.0,7.044025157232705,3.5220125786163523,8.0,18.566037735849058,560.0
1,resource_allocation,structured,160,25600,4,3.0,4.0,1.0,8.427672955974844,4.213836477987422,8.0,20.641509433962263,670.0
1,random_structured,structured,160,25600,4,3.0,4.0,1.0,7.49685534591195,3.748427672955975,8.0,19.245283018867923,596.0
1,oscillatory_fragmented,unstructured,160,25600,4,3.0,33.0,8.25,34.0,17.0,44.25,95.25,2703.0
1,inventory_threshold,structured,240,57600,4,3.0,4.0,1.0,8.13389121338912,4.06694560669456,8.0,20.20083682008368,972.0
1,machine_replacement,structured,240,57600,4,3.0,4.0,1.0,6.8117154811715475,3.4058577405857737,8.0,18.21757322175732,814.0
1,admission_control,structured,240,57600,4,3.0,4.0,1.0,7.02928870292887,3.514644351464435,8.0,18.543933054393307,840.0
1,resource_allocation,structured,240,57600,4,3.0,4.0,1.0,8.401673640167363,4.200836820083682,8.0,20.602510460251047,1004.0
1,random_structured,structured,240,57600,4,3.0,4.0,1.0,7.481171548117154,3.740585774058577,8.0,19.22175732217573,894.0
1,oscillatory_fragmented,unstructured,240,57600,4,3.0,34.0,8.5,33.98326359832636,16.99163179916318,45.5,96.47489539748955,4061.0
1,inventory_threshold,structured,320,102400,4,3.0,4.0,1.0,8.12539184952978,4.06269592476489,8.0,20.188087774294672,1296.0
1,machine_replacement,structured,320,102400,4,3.0,4.0,1.0,6.808777429467084,3.404388714733542,8.0,18.213166144200628,1086.0
1,admission_control,structured,320,102400,4,3.0,4.0,1.0,7.015673981191222,3.507836990595611,8.0,18.523510971786834,1119.0
1,resource_allocation,structured,320,102400,4,3.0,4.0,1.0,8.401253918495298,4.200626959247649,8.0,20.60188087774295,1340.0
1,random_structured,structured,320,102400,4,3.0,4.0,1.0,7.485893416927899,3.7429467084639496,8.0,19.228840125391848,1194.0
1,oscillatory_fragmented,unstructured,320,102400,4,3.0,34.0,8.5,34.05015673981191,17.025078369905955,45.5,96.57523510971787,5431.0
2,inventory_threshold,structured,40,1600,4,3.0,4.0,1.0,8.307692307692307,4.153846153846153,8.0,20.46153846153846,162.0
2,machine_replacement,structured,40,1600,4,3.0,4.0,1.0,6.9743589743589745,3.4871794871794872,8.0,18.46153846153846,136.0
2,admission_control,structured,40,1600,4,3.0,4.0,1.0,7.179487179487179,3.5897435897435894,8.0,18.769230769230766,140.0
2,resource_allocation,structured,40,1600,4,3.0,4.0,1.0,8.512820512820513,4.256410256410256,8.0,20.769230769230766,166.0
2,random_structured,structured,40,1600,4,3.0,4.0,1.0,7.076923076923077,3.5384615384615383,8.0,18.615384615384613,138.0
2,oscillatory_fragmented,unstructured,40,1600,4,3.0,33.0,8.25,33.794871794871796,16.897435897435898,44.25,94.9423076923077,659.0
2,inventory_threshold,structured,60,3600,4,3.0,4.0,1.0,8.203389830508474,4.101694915254237,8.0,20.305084745762713,242.0
2,machine_replacement,structured,60,3600,4,3.0,4.0,1.0,6.8474576271186445,3.4237288135593222,8.0,18.271186440677965,202.0
2,admission_control,structured,60,3600,4,3.0,4.0,1.0,7.11864406779661,3.559322033898305,8.0,18.677966101694913,210.0
2,resource_allocation,structured,60,3600,4,3.0,4.0,1.0,8.474576271186441,4.237288135593221,8.0,20.711864406779664,250.0
2,random_structured,structured,60,3600,4,3.0,4.0,1.0,7.0508474576271185,3.5254237288135593,8.0,18.576271186440678,208.0
2,oscillatory_fragmented,unstructured,60,3600,4,3.0,33.0,8.25,33.86440677966102,16.93220338983051,44.25,95.04661016949152,999.0
2,inventory_threshold,structured,80,6400,4,3.0,4.0,1.0,8.20253164556962,4.10126582278481,8.0,20.303797468354432,324.0
2,machine_replacement,structured,80,6400,4,3.0,4.0,1.0,6.886075949367089,3.4430379746835444,8.0,18.329113924050635,272.0
2,admission_control,structured,80,6400,4,3.0,4.0,1.0,7.063291139240506,3.531645569620253,8.0,18.594936708860757,279.0
2,resource_allocation,structured,80,6400,4,3.0,4.0,1.0,8.455696202531646,4.227848101265823,8.0,20.683544303797472,334.0
2,random_structured,structured,80,6400,4,3.0,4.0,1.0,7.037974683544304,3.518987341772152,8.0,18.556962025316455,278.0
2,oscillatory_fragmented,unstructured,80,6400,4,3.0,33.0,8.25,34.10126582278481,17.050632911392405,44.25,95.40189873417722,1347.0
2,inventory_threshold,structured,120,14400,4,3.0,4.0,1.0,8.168067226890756,4.084033613445378,8.0,20.252100840336134,486.0
2,machine_replacement,structured,120,14400,4,3.0,4.0,1.0,6.857142857142857,3.4285714285714284,8.0,18.285714285714285,408.0
2,admission_control,structured,120,14400,4,3.0,4.0,1.0,7.0588235294117645,3.5294117647058822,8.0,18.588235294117645,420.0
2,resource_allocation,structured,120,14400,4,3.0,4.0,1.0,8.436974789915967,4.218487394957983,8.0,20.655462184873947,502.0
2,random_structured,structured,120,14400,4,3.0,4.0,1.0,6.991596638655462,3.495798319327731,8.0,18.48739495798319,416.0
2,oscillatory_fragmented,unstructured,120,14400,4,3.0,33.0,8.25,33.94957983193277,16.974789915966387,44.25,95.17436974789915,2020.0
2,inventory_threshold,structured,160,25600,4,3.0,4.0,1.0,8.150943396226415,4.0754716981132075,8.0,20.226415094339625,648.0
2,machine_replacement,structured,160,25600,4,3.0,4.0,1.0,6.817610062893082,3.408805031446541,8.0,18.22641509433962,542.0
2,admission_control,structured,160,25600,4,3.0,4.0,1.0,7.044025157232705,3.5220125786163523,8.0,18.566037735849058,560.0
2,resource_allocation,structured,160,25600,4,3.0,4.0,1.0,8.427672955974844,4.213836477987422,8.0,20.641509433962263,670.0
2,random_structured,structured,160,25600,4,3.0,4.0,1.0,7.018867924528302,3.509433962264151,8.0,18.528301886792452,558.0
2,oscillatory_fragmented,unstructured,160,25600,4,3.0,33.0,8.25,34.0,17.0,44.25,95.25,2703.0
2,inventory_threshold,structured,240,57600,4,3.0,4.0,1.0,8.13389121338912,4.06694560669456,8.0,20.20083682008368,972.0
2,machine_replacement,structured,240,57600,4,3.0,4.0,1.0,6.8117154811715475,3.4058577405857737,8.0,18.21757322175732,814.0
2,admission_control,structured,240,57600,4,3.0,4.0,1.0,7.02928870292887,3.514644351464435,8.0,18.543933054393307,840.0
2,resource_allocation,structured,240,57600,4,3.0,4.0,1.0,8.401673640167363,4.200836820083682,8.0,20.602510460251047,1004.0
2,random_structured,structured,240,57600,4,3.0,4.0,1.0,6.995815899581589,3.4979079497907946,8.0,18.493723849372383,836.0
2,oscillatory_fragmented,unstructured,240,57600,4,3.0,34.0,8.5,33.98326359832636,16.99163179916318,45.5,96.47489539748955,4061.0
2,inventory_threshold,structured,320,102400,4,3.0,4.0,1.0,8.12539184952978,4.06269592476489,8.0,20.188087774294672,1296.0
2,machine_replacement,structured,320,102400,4,3.0,4.0,1.0,6.808777429467084,3.404388714733542,8.0,18.213166144200628,1086.0
2,admission_control,structured,320,102400,4,3.0,4.0,1.0,7.015673981191222,3.507836990595611,8.0,18.523510971786834,1119.0
2,resource_allocation,structured,320,102400,4,3.0,4.0,1.0,8.401253918495298,4.200626959247649,8.0,20.60188087774295,1340.0
2,random_structured,structured,320,102400,4,3.0,4.0,1.0,6.971786833855799,3.4858934169278997,8.0,18.4576802507837,1112.0
2,oscillatory_fragmented,unstructured,320,102400,4,3.0,34.0,8.5,34.05015673981191,17.025078369905955,45.5,96.57523510971787,5431.0
3,inventory_threshold,structured,40,1600,4,3.0,4.0,1.0,8.307692307692307,4.153846153846153,8.0,20.46153846153846,162.0
3,machine_replacement,structured,40,1600,4,3.0,4.0,1.0,6.9743589743589745,3.4871794871794872,8.0,18.46153846153846,136.0
3,admission_control,structured,40,1600,4,3.0,4.0,1.0,7.179487179487179,3.5897435897435894,8.0,18.769230769230766,140.0
3,resource_allocation,structured,40,1600,4,3.0,4.0,1.0,8.512820512820513,4.256410256410256,8.0,20.769230769230766,166.0
3,random_structured,structured,40,1600,4,3.0,4.0,1.0,7.076923076923077,3.5384615384615383,8.0,18.615384615384613,138.0
3,oscillatory_fragmented,unstructured,40,1600,4,3.0,33.0,8.25,33.794871794871796,16.897435897435898,44.25,94.9423076923077,659.0
3,inventory_threshold,structured,60,3600,4,3.0,4.0,1.0,8.203389830508474,4.101694915254237,8.0,20.305084745762713,242.0
3,machine_replacement,structured,60,3600,4,3.0,4.0,1.0,6.8474576271186445,3.4237288135593222,8.0,18.271186440677965,202.0
3,admission_control,structured,60,3600,4,3.0,4.0,1.0,7.11864406779661,3.559322033898305,8.0,18.677966101694913,210.0
3,resource_allocation,structured,60,3600,4,3.0,4.0,1.0,8.474576271186441,4.237288135593221,8.0,20.711864406779664,250.0
3,random_structured,structured,60,3600,4,3.0,4.0,1.0,7.0508474576271185,3.5254237288135593,8.0,18.576271186440678,208.0
3,oscillatory_fragmented,unstructured,60,3600,4,3.0,33.0,8.25,33.86440677966102,16.93220338983051,44.25,95.04661016949152,999.0
3,inventory_threshold,structured,80,6400,4,3.0,4.0,1.0,8.20253164556962,4.10126582278481,8.0,20.303797468354432,324.0
3,machine_replacement,structured,80,6400,4,3.0,4.0,1.0,6.886075949367089,3.4430379746835444,8.0,18.329113924050635,272.0
3,admission_control,structured,80,6400,4,3.0,4.0,1.0,7.063291139240506,3.531645569620253,8.0,18.594936708860757,279.0
3,resource_allocation,structured,80,6400,4,3.0,4.0,1.0,8.455696202531646,4.227848101265823,8.0,20.683544303797472,334.0
3,random_structured,structured,80,6400,4,3.0,4.0,1.0,6.987341772151899,3.4936708860759493,8.0,18.481012658227847,276.0
3,oscillatory_fragmented,unstructured,80,6400,4,3.0,33.0,8.25,34.10126582278481,17.050632911392405,44.25,95.40189873417722,1347.0
3,inventory_threshold,structured,120,14400,4,3.0,4.0,1.0,8.168067226890756,4.084033613445378,8.0,20.252100840336134,486.0
3,machine_replacement,structured,120,14400,4,3.0,4.0,1.0,6.857142857142857,3.4285714285714284,8.0,18.285714285714285,408.0
3,admission_control,structured,120,14400,4,3.0,4.0,1.0,7.0588235294117645,3.5294117647058822,8.0,18.588235294117645,420.0
3,resource_allocation,structured,120,14400,4,3.0,4.0,1.0,8.436974789915967,4.218487394957983,8.0,20.655462184873947,502.0
3,random_structured,structured,120,14400,4,3.0,4.0,1.0,7.025210084033613,3.5126050420168067,8.0,18.53781512605042,418.0
3,oscillatory_fragmented,unstructured,120,14400,4,3.0,33.0,8.25,33.94957983193277,16.974789915966387,44.25,95.17436974789915,2020.0
3,inventory_threshold,structured,160,25600,4,3.0,4.0,1.0,8.150943396226415,4.0754716981132075,8.0,20.226415094339625,648.0
3,machine_replacement,structured,160,25600,4,3.0,4.0,1.0,6.817610062893082,3.408805031446541,8.0,18.22641509433962,542.0
3,admission_control,structured,160,25600,4,3.0,4.0,1.0,7.044025157232705,3.5220125786163523,8.0,18.566037735849058,560.0
3,resource_allocation,structured,160,25600,4,3.0,4.0,1.0,8.427672955974844,4.213836477987422,8.0,20.641509433962263,670.0
3,random_structured,structured,160,25600,4,3.0,4.0,1.0,6.9937106918239,3.49685534591195,8.0,18.49056603773585,556.0
3,oscillatory_fragmented,unstructured,160,25600,4,3.0,33.0,8.25,34.0,17.0,44.25,95.25,2703.0
3,inventory_threshold,structured,240,57600,4,3.0,4.0,1.0,8.13389121338912,4.06694560669456,8.0,20.20083682008368,972.0
3,machine_replacement,structured,240,57600,4,3.0,4.0,1.0,6.8117154811715475,3.4058577405857737,8.0,18.21757322175732,814.0
3,admission_control,structured,240,57600,4,3.0,4.0,1.0,7.02928870292887,3.514644351464435,8.0,18.543933054393307,840.0
3,resource_allocation,structured,240,57600,4,3.0,4.0,1.0,8.401673640167363,4.200836820083682,8.0,20.602510460251047,1004.0
3,random_structured,structured,240,57600,4,3.0,4.0,1.0,6.979079497907949,3.4895397489539746,8.0,18.468619246861923,834.0
3,oscillatory_fragmented,unstructured,240,57600,4,3.0,34.0,8.5,33.98326359832636,16.99163179916318,45.5,96.47489539748955,4061.0
3,inventory_threshold,structured,320,102400,4,3.0,4.0,1.0,8.12539184952978,4.06269592476489,8.0,20.188087774294672,1296.0
3,machine_replacement,structured,320,102400,4,3.0,4.0,1.0,6.808777429467084,3.404388714733542,8.0,18.213166144200628,1086.0
3,admission_control,structured,320,102400,4,3.0,4.0,1.0,7.015673981191222,3.507836990595611,8.0,18.523510971786834,1119.0
3,resource_allocation,structured,320,102400,4,3.0,4.0,1.0,8.401253918495298,4.200626959247649,8.0,20.60188087774295,1340.0
3,random_structured,structured,320,102400,4,3.0,4.0,1.0,6.959247648902821,3.4796238244514104,8.0,18.438871473354233,1110.0
3,oscillatory_fragmented,unstructured,320,102400,4,3.0,34.0,8.5,34.05015673981191,17.025078369905955,45.5,96.57523510971787,5431.0
4,inventory_threshold,structured,40,1600,4,3.0,4.0,1.0,8.307692307692307,4.153846153846153,8.0,20.46153846153846,162.0
4,machine_replacement,structured,40,1600,4,3.0,4.0,1.0,6.9743589743589745,3.4871794871794872,8.0,18.46153846153846,136.0
4,admission_control,structured,40,1600,4,3.0,4.0,1.0,7.179487179487179,3.5897435897435894,8.0,18.769230769230766,140.0
4,resource_allocation,structured,40,1600,4,3.0,4.0,1.0,8.512820512820513,4.256410256410256,8.0,20.769230769230766,166.0
4,random_structured,structured,40,1600,4,3.0,4.0,1.0,7.487179487179487,3.7435897435897436,8.0,19.23076923076923,146.0
4,oscillatory_fragmented,unstructured,40,1600,4,3.0,33.0,8.25,33.794871794871796,16.897435897435898,44.25,94.9423076923077,659.0
4,inventory_threshold,structured,60,3600,4,3.0,4.0,1.0,8.203389830508474,4.101694915254237,8.0,20.305084745762713,242.0
4,machine_replacement,structured,60,3600,4,3.0,4.0,1.0,6.8474576271186445,3.4237288135593222,8.0,18.271186440677965,202.0
4,admission_control,structured,60,3600,4,3.0,4.0,1.0,7.11864406779661,3.559322033898305,8.0,18.677966101694913,210.0
4,resource_allocation,structured,60,3600,4,3.0,4.0,1.0,8.474576271186441,4.237288135593221,8.0,20.711864406779664,250.0
4,random_structured,structured,60,3600,4,3.0,4.0,1.0,7.4576271186440675,3.7288135593220337,8.0,19.1864406779661,220.0
4,oscillatory_fragmented,unstructured,60,3600,4,3.0,33.0,8.25,33.86440677966102,16.93220338983051,44.25,95.04661016949152,999.0
4,inventory_threshold,structured,80,6400,4,3.0,4.0,1.0,8.20253164556962,4.10126582278481,8.0,20.303797468354432,324.0
4,machine_replacement,structured,80,6400,4,3.0,4.0,1.0,6.886075949367089,3.4430379746835444,8.0,18.329113924050635,272.0
4,admission_control,structured,80,6400,4,3.0,4.0,1.0,7.063291139240506,3.531645569620253,8.0,18.594936708860757,279.0
4,resource_allocation,structured,80,6400,4,3.0,4.0,1.0,8.455696202531646,4.227848101265823,8.0,20.683544303797472,334.0
4,random_structured,structured,80,6400,4,3.0,4.0,1.0,7.3924050632911396,3.6962025316455698,8.0,19.08860759493671,292.0
4,oscillatory_fragmented,unstructured,80,6400,4,3.0,33.0,8.25,34.10126582278481,17.050632911392405,44.25,95.40189873417722,1347.0
4,inventory_threshold,structured,120,14400,4,3.0,4.0,1.0,8.168067226890756,4.084033613445378,8.0,20.252100840336134,486.0
4,machine_replacement,structured,120,14400,4,3.0,4.0,1.0,6.857142857142857,3.4285714285714284,8.0,18.285714285714285,408.0
4,admission_control,structured,120,14400,4,3.0,4.0,1.0,7.0588235294117645,3.5294117647058822,8.0,18.588235294117645,420.0
4,resource_allocation,structured,120,14400,4,3.0,4.0,1.0,8.436974789915967,4.218487394957983,8.0,20.655462184873947,502.0
4,random_structured,structured,120,14400,4,3.0,4.0,1.0,7.428571428571428,3.714285714285714,8.0,19.142857142857142,442.0
4,oscillatory_fragmented,unstructured,120,14400,4,3.0,33.0,8.25,33.94957983193277,16.974789915966387,44.25,95.17436974789915,2020.0
4,inventory_threshold,structured,160,25600,4,3.0,4.0,1.0,8.150943396226415,4.0754716981132075,8.0,20.226415094339625,648.0
4,machine_replacement,structured,160,25600,4,3.0,4.0,1.0,6.817610062893082,3.408805031446541,8.0,18.22641509433962,542.0
4,admission_control,structured,160,25600,4,3.0,4.0,1.0,7.044025157232705,3.5220125786163523,8.0,18.566037735849058,560.0
4,resource_allocation,structured,160,25600,4,3.0,4.0,1.0,8.427672955974844,4.213836477987422,8.0,20.641509433962263,670.0
4,random_structured,structured,160,25600,4,3.0,4.0,1.0,7.421383647798742,3.710691823899371,8.0,19.132075471698112,590.0
4,oscillatory_fragmented,unstructured,160,25600,4,3.0,33.0,8.25,34.0,17.0,44.25,95.25,2703.0
4,inventory_threshold,structured,240,57600,4,3.0,4.0,1.0,8.13389121338912,4.06694560669456,8.0,20.20083682008368,972.0
4,machine_replacement,structured,240,57600,4,3.0,4.0,1.0,6.8117154811715475,3.4058577405857737,8.0,18.21757322175732,814.0
4,admission_control,structured,240,57600,4,3.0,4.0,1.0,7.02928870292887,3.514644351464435,8.0,18.543933054393307,840.0
4,resource_allocation,structured,240,57600,4,3.0,4.0,1.0,8.401673640167363,4.200836820083682,8.0,20.602510460251047,1004.0
4,random_structured,structured,240,57600,4,3.0,4.0,1.0,7.397489539748953,3.6987447698744766,8.0,19.09623430962343,884.0
4,oscillatory_fragmented,unstructured,240,57600,4,3.0,34.0,8.5,33.98326359832636,16.99163179916318,45.5,96.47489539748955,4061.0
4,inventory_threshold,structured,320,102400,4,3.0,4.0,1.0,8.12539184952978,4.06269592476489,8.0,20.188087774294672,1296.0
4,machine_replacement,structured,320,102400,4,3.0,4.0,1.0,6.808777429467084,3.404388714733542,8.0,18.213166144200628,1086.0
4,admission_control,structured,320,102400,4,3.0,4.0,1.0,7.015673981191222,3.507836990595611,8.0,18.523510971786834,1119.0
4,resource_allocation,structured,320,102400,4,3.0,4.0,1.0,8.401253918495298,4.200626959247649,8.0,20.60188087774295,1340.0
4,random_structured,structured,320,102400,4,3.0,4.0,1.0,7.385579937304075,3.6927899686520376,8.0,19.078369905956112,1178.0
4,oscillatory_fragmented,unstructured,320,102400,4,3.0,34.0,8.5,34.05015673981191,17.025078369905955,45.5,96.57523510971787,5431.0
5,inventory_threshold,structured,40,1600,4,3.0,4.0,1.0,8.307692307692307,4.153846153846153,8.0,20.46153846153846,162.0
5,machine_replacement,structured,40,1600,4,3.0,4.0,1.0,6.9743589743589745,3.4871794871794872,8.0,18.46153846153846,136.0
5,admission_control,structured,40,1600,4,3.0,4.0,1.0,7.179487179487179,3.5897435897435894,8.0,18.769230769230766,140.0
5,resource_allocation,structured,40,1600,4,3.0,4.0,1.0,8.512820512820513,4.256410256410256,8.0,20.769230769230766,166.0
5,random_structured,structured,40,1600,4,3.0,4.0,1.0,6.769230769230769,3.3846153846153846,8.0,18.153846153846153,132.0
5,oscillatory_fragmented,unstructured,40,1600,4,3.0,33.0,8.25,33.794871794871796,16.897435897435898,44.25,94.9423076923077,659.0
5,inventory_threshold,structured,60,3600,4,3.0,4.0,1.0,8.203389830508474,4.101694915254237,8.0,20.305084745762713,242.0
5,machine_replacement,structured,60,3600,4,3.0,4.0,1.0,6.8474576271186445,3.4237288135593222,8.0,18.271186440677965,202.0
5,admission_control,structured,60,3600,4,3.0,4.0,1.0,7.11864406779661,3.559322033898305,8.0,18.677966101694913,210.0
5,resource_allocation,structured,60,3600,4,3.0,4.0,1.0,8.474576271186441,4.237288135593221,8.0,20.711864406779664,250.0
5,random_structured,structured,60,3600,4,3.0,4.0,1.0,6.711864406779661,3.3559322033898304,8.0,18.06779661016949,198.0
5,oscillatory_fragmented,unstructured,60,3600,4,3.0,33.0,8.25,33.86440677966102,16.93220338983051,44.25,95.04661016949152,999.0
5,inventory_threshold,structured,80,6400,4,3.0,4.0,1.0,8.20253164556962,4.10126582278481,8.0,20.303797468354432,324.0
5,machine_replacement,structured,80,6400,4,3.0,4.0,1.0,6.886075949367089,3.4430379746835444,8.0,18.329113924050635,272.0
5,admission_control,structured,80,6400,4,3.0,4.0,1.0,7.063291139240506,3.531645569620253,8.0,18.594936708860757,279.0
5,resource_allocation,structured,80,6400,4,3.0,4.0,1.0,8.455696202531646,4.227848101265823,8.0,20.683544303797472,334.0
5,random_structured,structured,80,6400,4,3.0,4.0,1.0,6.734177215189873,3.3670886075949364,8.0,18.10126582278481,266.0
5,oscillatory_fragmented,unstructured,80,6400,4,3.0,33.0,8.25,34.10126582278481,17.050632911392405,44.25,95.40189873417722,1347.0
5,inventory_threshold,structured,120,14400,4,3.0,4.0,1.0,8.168067226890756,4.084033613445378,8.0,20.252100840336134,486.0
5,machine_replacement,structured,120,14400,4,3.0,4.0,1.0,6.857142857142857,3.4285714285714284,8.0,18.285714285714285,408.0
5,admission_control,structured,120,14400,4,3.0,4.0,1.0,7.0588235294117645,3.5294117647058822,8.0,18.588235294117645,420.0
5,resource_allocation,structured,120,14400,4,3.0,4.0,1.0,8.436974789915967,4.218487394957983,8.0,20.655462184873947,502.0
5,random_structured,structured,120,14400,4,3.0,4.0,1.0,6.655462184873949,3.3277310924369745,8.0,17.983193277310924,396.0
5,oscillatory_fragmented,unstructured,120,14400,4,3.0,33.0,8.25,33.94957983193277,16.974789915966387,44.25,95.17436974789915,2020.0
5,inventory_threshold,structured,160,25600,4,3.0,4.0,1.0,8.150943396226415,4.0754716981132075,8.0,20.226415094339625,648.0
5,machine_replacement,structured,160,25600,4,3.0,4.0,1.0,6.817610062893082,3.408805031446541,8.0,18.22641509433962,542.0
5,admission_control,structured,160,25600,4,3.0,4.0,1.0,7.044025157232705,3.5220125786163523,8.0,18.566037735849058,560.0
5,resource_allocation,structured,160,25600,4,3.0,4.0,1.0,8.427672955974844,4.213836477987422,8.0,20.641509433962263,670.0
5,random_structured,structured,160,25600,4,3.0,4.0,1.0,6.666666666666667,3.3333333333333335,8.0,18.0,530.0
5,oscillatory_fragmented,unstructured,160,25600,4,3.0,33.0,8.25,34.0,17.0,44.25,95.25,2703.0
5,inventory_threshold,structured,240,57600,4,3.0,4.0,1.0,8.13389121338912,4.06694560669456,8.0,20.20083682008368,972.0
5,machine_replacement,structured,240,57600,4,3.0,4.0,1.0,6.8117154811715475,3.4058577405857737,8.0,18.21757322175732,814.0
5,admission_control,structured,240,57600,4,3.0,4.0,1.0,7.02928870292887,3.514644351464435,8.0,18.543933054393307,840.0
5,resource_allocation,structured,240,57600,4,3.0,4.0,1.0,8.401673640167363,4.200836820083682,8.0,20.602510460251047,1004.0
5,random_structured,structured,240,57600,4,3.0,4.0,1.0,6.661087866108786,3.330543933054393,8.0,17.99163179916318,796.0
5,oscillatory_fragmented,unstructured,240,57600,4,3.0,34.0,8.5,33.98326359832636,16.99163179916318,45.5,96.47489539748955,4061.0
5,inventory_threshold,structured,320,102400,4,3.0,4.0,1.0,8.12539184952978,4.06269592476489,8.0,20.188087774294672,1296.0
5,machine_replacement,structured,320,102400,4,3.0,4.0,1.0,6.808777429467084,3.404388714733542,8.0,18.213166144200628,1086.0
5,admission_control,structured,320,102400,4,3.0,4.0,1.0,7.015673981191222,3.507836990595611,8.0,18.523510971786834,1119.0
5,resource_allocation,structured,320,102400,4,3.0,4.0,1.0,8.401253918495298,4.200626959247649,8.0,20.60188087774295,1340.0
5,random_structured,structured,320,102400,4,3.0,4.0,1.0,6.64576802507837,3.322884012539185,8.0,17.968652037617556,1060.0
5,oscillatory_fragmented,unstructured,320,102400,4,3.0,34.0,8.5,34.05015673981191,17.025078369905955,45.5,96.57523510971787,5431.0
6,inventory_threshold,structured,40,1600,4,3.0,4.0,1.0,8.307692307692307,4.153846153846153,8.0,20.46153846153846,162.0
6,machine_replacement,structured,40,1600,4,3.0,4.0,1.0,6.9743589743589745,3.4871794871794872,8.0,18.46153846153846,136.0
6,admission_control,structured,40,1600,4,3.0,4.0,1.0,7.179487179487179,3.5897435897435894,8.0,18.769230769230766,140.0
6,resource_allocation,structured,40,1600,4,3.0,4.0,1.0,8.512820512820513,4.256410256410256,8.0,20.769230769230766,166.0
6,random_structured,structured,40,1600,4,3.0,4.0,1.0,6.871794871794871,3.4358974358974357,8.0,18.307692307692307,134.0
6,oscillatory_fragmented,unstructured,40,1600,4,3.0,33.0,8.25,33.794871794871796,16.897435897435898,44.25,94.9423076923077,659.0
6,inventory_threshold,structured,60,3600,4,3.0,4.0,1.0,8.203389830508474,4.101694915254237,8.0,20.305084745762713,242.0
6,machine_replacement,structured,60,3600,4,3.0,4.0,1.0,6.8474576271186445,3.4237288135593222,8.0,18.271186440677965,202.0
6,admission_control,structured,60,3600,4,3.0,4.0,1.0,7.11864406779661,3.559322033898305,8.0,18.677966101694913,210.0
6,resource_allocation,structured,60,3600,4,3.0,4.0,1.0,8.474576271186441,4.237288135593221,8.0,20.711864406779664,250.0
6,random_structured,structured,60,3600,4,3.0,4.0,1.0,6.8474576271186445,3.4237288135593222,8.0,18.271186440677965,202.0
6,oscillatory_fragmented,unstructured,60,3600,4,3.0,33.0,8.25,33.86440677966102,16.93220338983051,44.25,95.04661016949152,999.0
6,inventory_threshold,structured,80,6400,4,3.0,4.0,1.0,8.20253164556962,4.10126582278481,8.0,20.303797468354432,324.0
6,machine_replacement,structured,80,6400,4,3.0,4.0,1.0,6.886075949367089,3.4430379746835444,8.0,18.329113924050635,272.0
6,admission_control,structured,80,6400,4,3.0,4.0,1.0,7.063291139240506,3.531645569620253,8.0,18.594936708860757,279.0
6,resource_allocation,structured,80,6400,4,3.0,4.0,1.0,8.455696202531646,4.227848101265823,8.0,20.683544303797472,334.0
6,random_structured,structured,80,6400,4,3.0,4.0,1.0,6.886075949367089,3.4430379746835444,8.0,18.329113924050635,272.0
6,oscillatory_fragmented,unstructured,80,6400,4,3.0,33.0,8.25,34.10126582278481,17.050632911392405,44.25,95.40189873417722,1347.0
6,inventory_threshold,structured,120,14400,4,3.0,4.0,1.0,8.168067226890756,4.084033613445378,8.0,20.252100840336134,486.0
6,machine_replacement,structured,120,14400,4,3.0,4.0,1.0,6.857142857142857,3.4285714285714284,8.0,18.285714285714285,408.0
6,admission_control,structured,120,14400,4,3.0,4.0,1.0,7.0588235294117645,3.5294117647058822,8.0,18.588235294117645,420.0
6,resource_allocation,structured,120,14400,4,3.0,4.0,1.0,8.436974789915967,4.218487394957983,8.0,20.655462184873947,502.0
6,random_structured,structured,120,14400,4,3.0,4.0,1.0,6.7899159663865545,3.3949579831932772,8.0,18.18487394957983,404.0
6,oscillatory_fragmented,unstructured,120,14400,4,3.0,33.0,8.25,33.94957983193277,16.974789915966387,44.25,95.17436974789915,2020.0
6,inventory_threshold,structured,160,25600,4,3.0,4.0,1.0,8.150943396226415,4.0754716981132075,8.0,20.226415094339625,648.0
6,machine_replacement,structured,160,25600,4,3.0,4.0,1.0,6.817610062893082,3.408805031446541,8.0,18.22641509433962,542.0
6,admission_control,structured,160,25600,4,3.0,4.0,1.0,7.044025157232705,3.5220125786163523,8.0,18.566037735849058,560.0
6,resource_allocation,structured,160,25600,4,3.0,4.0,1.0,8.427672955974844,4.213836477987422,8.0,20.641509433962263,670.0
6,random_structured,structured,160,25600,4,3.0,4.0,1.0,6.767295597484277,3.3836477987421385,8.0,18.150943396226417,538.0
6,oscillatory_fragmented,unstructured,160,25600,4,3.0,33.0,8.25,34.0,17.0,44.25,95.25,2703.0
6,inventory_threshold,structured,240,57600,4,3.0,4.0,1.0,8.13389121338912,4.06694560669456,8.0,20.20083682008368,972.0
6,machine_replacement,structured,240,57600,4,3.0,4.0,1.0,6.8117154811715475,3.4058577405857737,8.0,18.21757322175732,814.0
6,admission_control,structured,240,57600,4,3.0,4.0,1.0,7.02928870292887,3.514644351464435,8.0,18.543933054393307,840.0
6,resource_allocation,structured,240,57600,4,3.0,4.0,1.0,8.401673640167363,4.200836820083682,8.0,20.602510460251047,1004.0
6,random_structured,structured,240,57600,4,3.0,4.0,1.0,6.761506276150627,3.3807531380753133,8.0,18.14225941422594,808.0
6,oscillatory_fragmented,unstructured,240,57600,4,3.0,34.0,8.5,33.98326359832636,16.99163179916318,45.5,96.47489539748955,4061.0
6,inventory_threshold,structured,320,102400,4,3.0,4.0,1.0,8.12539184952978,4.06269592476489,8.0,20.188087774294672,1296.0
6,machine_replacement,structured,320,102400,4,3.0,4.0,1.0,6.808777429467084,3.404388714733542,8.0,18.213166144200628,1086.0
6,admission_control,structured,320,102400,4,3.0,4.0,1.0,7.015673981191222,3.507836990595611,8.0,18.523510971786834,1119.0
6,resource_allocation,structured,320,102400,4,3.0,4.0,1.0,8.401253918495298,4.200626959247649,8.0,20.60188087774295,1340.0
6,random_structured,structured,320,102400,4,3.0,4.0,1.0,6.758620689655172,3.379310344827586,8.0,18.137931034482758,1078.0
6,oscillatory_fragmented,unstructured,320,102400,4,3.0,34.0,8.5,34.05015673981191,17.025078369905955,45.5,96.57523510971787,5431.0
7,inventory_threshold,structured,40,1600,4,3.0,4.0,1.0,8.307692307692307,4.153846153846153,8.0,20.46153846153846,162.0
7,machine_replacement,structured,40,1600,4,3.0,4.0,1.0,6.9743589743589745,3.4871794871794872,8.0,18.46153846153846,136.0
7,admission_control,structured,40,1600,4,3.0,4.0,1.0,7.179487179487179,3.5897435897435894,8.0,18.769230769230766,140.0
7,resource_allocation,structured,40,1600,4,3.0,4.0,1.0,8.512820512820513,4.256410256410256,8.0,20.769230769230766,166.0
7,random_structured,structured,40,1600,4,3.0,4.0,1.0,6.666666666666666,3.333333333333333,8.0,18.0,130.0
7,oscillatory_fragmented,unstructured,40,1600,4,3.0,33.0,8.25,33.794871794871796,16.897435897435898,44.25,94.9423076923077,659.0
7,inventory_threshold,structured,60,3600,4,3.0,4.0,1.0,8.203389830508474,4.101694915254237,8.0,20.305084745762713,242.0
7,machine_replacement,structured,60,3600,4,3.0,4.0,1.0,6.8474576271186445,3.4237288135593222,8.0,18.271186440677965,202.0
7,admission_control,structured,60,3600,4,3.0,4.0,1.0,7.11864406779661,3.559322033898305,8.0,18.677966101694913,210.0
7,resource_allocation,structured,60,3600,4,3.0,4.0,1.0,8.474576271186441,4.237288135593221,8.0,20.711864406779664,250.0
7,random_structured,structured,60,3600,4,3.0,4.0,1.0,6.711864406779661,3.3559322033898304,8.0,18.06779661016949,198.0
7,oscillatory_fragmented,unstructured,60,3600,4,3.0,33.0,8.25,33.86440677966102,16.93220338983051,44.25,95.04661016949152,999.0
7,inventory_threshold,structured,80,6400,4,3.0,4.0,1.0,8.20253164556962,4.10126582278481,8.0,20.303797468354432,324.0
7,machine_replacement,structured,80,6400,4,3.0,4.0,1.0,6.886075949367089,3.4430379746835444,8.0,18.329113924050635,272.0
7,admission_control,structured,80,6400,4,3.0,4.0,1.0,7.063291139240506,3.531645569620253,8.0,18.594936708860757,279.0
7,resource_allocation,structured,80,6400,4,3.0,4.0,1.0,8.455696202531646,4.227848101265823,8.0,20.683544303797472,334.0
7,random_structured,structured,80,6400,4,3.0,4.0,1.0,6.6835443037974684,3.3417721518987342,8.0,18.025316455696203,264.0
7,oscillatory_fragmented,unstructured,80,6400,4,3.0,33.0,8.25,34.10126582278481,17.050632911392405,44.25,95.40189873417722,1347.0
7,inventory_threshold,structured,120,14400,4,3.0,4.0,1.0,8.168067226890756,4.084033613445378,8.0,20.252100840336134,486.0
7,machine_replacement,structured,120,14400,4,3.0,4.0,1.0,6.857142857142857,3.4285714285714284,8.0,18.285714285714285,408.0
7,admission_control,structured,120,14400,4,3.0,4.0,1.0,7.0588235294117645,3.5294117647058822,8.0,18.588235294117645,420.0
7,resource_allocation,structured,120,14400,4,3.0,4.0,1.0,8.436974789915967,4.218487394957983,8.0,20.655462184873947,502.0
7,random_structured,structured,120,14400,4,3.0,4.0,1.0,6.655462184873949,3.3277310924369745,8.0,17.983193277310924,396.0
7,oscillatory_fragmented,unstructured,120,14400,4,3.0,33.0,8.25,33.94957983193277,16.974789915966387,44.25,95.17436974789915,2020.0
7,inventory_threshold,structured,160,25600,4,3.0,4.0,1.0,8.150943396226415,4.0754716981132075,8.0,20.226415094339625,648.0
7,machine_replacement,structured,160,25600,4,3.0,4.0,1.0,6.817610062893082,3.408805031446541,8.0,18.22641509433962,542.0
7,admission_control,structured,160,25600,4,3.0,4.0,1.0,7.044025157232705,3.5220125786163523,8.0,18.566037735849058,560.0
7,resource_allocation,structured,160,25600,4,3.0,4.0,1.0,8.427672955974844,4.213836477987422,8.0,20.641509433962263,670.0
7,random_structured,structured,160,25600,4,3.0,4.0,1.0,6.666666666666667,3.3333333333333335,8.0,18.0,530.0
7,oscillatory_fragmented,unstructured,160,25600,4,3.0,33.0,8.25,34.0,17.0,44.25,95.25,2703.0
7,inventory_threshold,structured,240,57600,4,3.0,4.0,1.0,8.13389121338912,4.06694560669456,8.0,20.20083682008368,972.0
7,machine_replacement,structured,240,57600,4,3.0,4.0,1.0,6.8117154811715475,3.4058577405857737,8.0,18.21757322175732,814.0
7,admission_control,structured,240,57600,4,3.0,4.0,1.0,7.02928870292887,3.514644351464435,8.0,18.543933054393307,840.0
7,resource_allocation,structured,240,57600,4,3.0,4.0,1.0,8.401673640167363,4.200836820083682,8.0,20.602510460251047,1004.0
7,random_structured,structured,240,57600,4,3.0,4.0,1.0,6.644351464435146,3.322175732217573,8.0,17.96652719665272,794.0
7,oscillatory_fragmented,unstructured,240,57600,4,3.0,34.0,8.5,33.98326359832636,16.99163179916318,45.5,96.47489539748955,4061.0
7,inventory_threshold,structured,320,102400,4,3.0,4.0,1.0,8.12539184952978,4.06269592476489,8.0,20.188087774294672,1296.0
7,machine_replacement,structured,320,102400,4,3.0,4.0,1.0,6.808777429467084,3.404388714733542,8.0,18.213166144200628,1086.0
7,admission_control,structured,320,102400,4,3.0,4.0,1.0,7.015673981191222,3.507836990595611,8.0,18.523510971786834,1119.0
7,resource_allocation,structured,320,102400,4,3.0,4.0,1.0,8.401253918495298,4.200626959247649,8.0,20.60188087774295,1340.0
7,random_structured,structured,320,102400,4,3.0,4.0,1.0,6.620689655172414,3.310344827586207,8.0,17.93103448275862,1056.0
7,oscillatory_fragmented,unstructured,320,102400,4,3.0,34.0,8.5,34.05015673981191,17.025078369905955,45.5,96.57523510971787,5431.0
8,inventory_threshold,structured,40,1600,4,3.0,4.0,1.0,8.307692307692307,4.153846153846153,8.0,20.46153846153846,162.0
8,machine_replacement,structured,40,1600,4,3.0,4.0,1.0,6.9743589743589745,3.4871794871794872,8.0,18.46153846153846,136.0
8,admission_control,structured,40,1600,4,3.0,4.0,1.0,7.179487179487179,3.5897435897435894,8.0,18.769230769230766,140.0
8,resource_allocation,structured,40,1600,4,3.0,4.0,1.0,8.512820512820513,4.256410256410256,8.0,20.769230769230766,166.0
8,random_structured,structured,40,1600,4,3.0,4.0,1.0,7.384615384615384,3.692307692307692,8.0,19.076923076923077,144.0
8,oscillatory_fragmented,unstructured,40,1600,4,3.0,33.0,8.25,33.794871794871796,16.897435897435898,44.25,94.9423076923077,659.0
8,inventory_threshold,structured,60,3600,4,3.0,4.0,1.0,8.203389830508474,4.101694915254237,8.0,20.305084745762713,242.0
8,machine_replacement,structured,60,3600,4,3.0,4.0,1.0,6.8474576271186445,3.4237288135593222,8.0,18.271186440677965,202.0
8,admission_control,structured,60,3600,4,3.0,4.0,1.0,7.11864406779661,3.559322033898305,8.0,18.677966101694913,210.0
8,resource_allocation,structured,60,3600,4,3.0,4.0,1.0,8.474576271186441,4.237288135593221,8.0,20.711864406779664,250.0
8,random_structured,structured,60,3600,4,3.0,4.0,1.0,7.389830508474576,3.694915254237288,8.0,19.084745762711865,218.0
8,oscillatory_fragmented,unstructured,60,3600,4,3.0,33.0,8.25,33.86440677966102,16.93220338983051,44.25,95.04661016949152,999.0
8,inventory_threshold,structured,80,6400,4,3.0,4.0,1.0,8.20253164556962,4.10126582278481,8.0,20.303797468354432,324.0
8,machine_replacement,structured,80,6400,4,3.0,4.0,1.0,6.886075949367089,3.4430379746835444,8.0,18.329113924050635,272.0
8,admission_control,structured,80,6400,4,3.0,4.0,1.0,7.063291139240506,3.531645569620253,8.0,18.594936708860757,279.0
8,resource_allocation,structured,80,6400,4,3.0,4.0,1.0,8.455696202531646,4.227848101265823,8.0,20.683544303797472,334.0
8,random_structured,structured,80,6400,4,3.0,4.0,1.0,7.341772151898734,3.670886075949367,8.0,19.0126582278481,290.0
8,oscillatory_fragmented,unstructured,80,6400,4,3.0,33.0,8.25,34.10126582278481,17.050632911392405,44.25,95.40189873417722,1347.0
8,inventory_threshold,structured,120,14400,4,3.0,4.0,1.0,8.168067226890756,4.084033613445378,8.0,20.252100840336134,486.0
8,machine_replacement,structured,120,14400,4,3.0,4.0,1.0,6.857142857142857,3.4285714285714284,8.0,18.285714285714285,408.0
8,admission_control,structured,120,14400,4,3.0,4.0,1.0,7.0588235294117645,3.5294117647058822,8.0,18.588235294117645,420.0
8,resource_allocation,structured,120,14400,4,3.0,4.0,1.0,8.436974789915967,4.218487394957983,8.0,20.655462184873947,502.0
8,random_structured,structured,120,14400,4,3.0,4.0,1.0,7.3277310924369745,3.6638655462184873,8.0,18.991596638655462,436.0
8,oscillatory_fragmented,unstructured,120,14400,4,3.0,33.0,8.25,33.94957983193277,16.974789915966387,44.25,95.17436974789915,2020.0
8,inventory_threshold,structured,160,25600,4,3.0,4.0,1.0,8.150943396226415,4.0754716981132075,8.0,20.226415094339625,648.0
8,machine_replacement,structured,160,25600,4,3.0,4.0,1.0,6.817610062893082,3.408805031446541,8.0,18.22641509433962,542.0
8,admission_control,structured,160,25600,4,3.0,4.0,1.0,7.044025157232705,3.5220125786163523,8.0,18.566037735849058,560.0
8,resource_allocation,structured,160,25600,4,3.0,4.0,1.0,8.427672955974844,4.213836477987422,8.0,20.641509433962263,670.0
8,random_structured,structured,160,25600,4,3.0,4.0,1.0,7.320754716981132,3.660377358490566,8.0,18.9811320754717,582.0
8,oscillatory_fragmented,unstructured,160,25600,4,3.0,33.0,8.25,34.0,17.0,44.25,95.25,2703.0
8,inventory_threshold,structured,240,57600,4,3.0,4.0,1.0,8.13389121338912,4.06694560669456,8.0,20.20083682008368,972.0
8,machine_replacement,structured,240,57600,4,3.0,4.0,1.0,6.8117154811715475,3.4058577405857737,8.0,18.21757322175732,814.0
8,admission_control,structured,240,57600,4,3.0,4.0,1.0,7.02928870292887,3.514644351464435,8.0,18.543933054393307,840.0
8,resource_allocation,structured,240,57600,4,3.0,4.0,1.0,8.401673640167363,4.200836820083682,8.0,20.602510460251047,1004.0
8,random_structured,structured,240,57600,4,3.0,4.0,1.0,7.2803347280334725,3.6401673640167362,8.0,18.92050209205021,870.0
8,oscillatory_fragmented,unstructured,240,57600,4,3.0,34.0,8.5,33.98326359832636,16.99163179916318,45.5,96.47489539748955,4061.0
8,inventory_threshold,structured,320,102400,4,3.0,4.0,1.0,8.12539184952978,4.06269592476489,8.0,20.188087774294672,1296.0
8,machine_replacement,structured,320,102400,4,3.0,4.0,1.0,6.808777429467084,3.404388714733542,8.0,18.213166144200628,1086.0
8,admission_control,structured,320,102400,4,3.0,4.0,1.0,7.015673981191222,3.507836990595611,8.0,18.523510971786834,1119.0
8,resource_allocation,structured,320,102400,4,3.0,4.0,1.0,8.401253918495298,4.200626959247649,8.0,20.60188087774295,1340.0
8,random_structured,structured,320,102400,4,3.0,4.0,1.0,7.297805642633229,3.6489028213166144,8.0,18.946708463949843,1164.0
8,oscillatory_fragmented,unstructured,320,102400,4,3.0,34.0,8.5,34.05015673981191,17.025078369905955,45.5,96.57523510971787,5431.0
9,inventory_threshold,structured,40,1600,4,3.0,4.0,1.0,8.307692307692307,4.153846153846153,8.0,20.46153846153846,162.0
9,machine_replacement,structured,40,1600,4,3.0,4.0,1.0,6.9743589743589745,3.4871794871794872,8.0,18.46153846153846,136.0
9,admission_control,structured,40,1600,4,3.0,4.0,1.0,7.179487179487179,3.5897435897435894,8.0,18.769230769230766,140.0
9,resource_allocation,structured,40,1600,4,3.0,4.0,1.0,8.512820512820513,4.256410256410256,8.0,20.769230769230766,166.0
9,random_structured,structured,40,1600,4,3.0,4.0,1.0,7.076923076923077,3.5384615384615383,8.0,18.615384615384613,138.0
9,oscillatory_fragmented,unstructured,40,1600,4,3.0,33.0,8.25,33.794871794871796,16.897435897435898,44.25,94.9423076923077,659.0
9,inventory_threshold,structured,60,3600,4,3.0,4.0,1.0,8.203389830508474,4.101694915254237,8.0,20.305084745762713,242.0
9,machine_replacement,structured,60,3600,4,3.0,4.0,1.0,6.8474576271186445,3.4237288135593222,8.0,18.271186440677965,202.0
9,admission_control,structured,60,3600,4,3.0,4.0,1.0,7.11864406779661,3.559322033898305,8.0,18.677966101694913,210.0
9,resource_allocation,structured,60,3600,4,3.0,4.0,1.0,8.474576271186441,4.237288135593221,8.0,20.711864406779664,250.0
9,random_structured,structured,60,3600,4,3.0,4.0,1.0,6.915254237288136,3.457627118644068,8.0,18.372881355932204,204.0
9,oscillatory_fragmented,unstructured,60,3600,4,3.0,33.0,8.25,33.86440677966102,16.93220338983051,44.25,95.04661016949152,999.0
9,inventory_threshold,structured,80,6400,4,3.0,4.0,1.0,8.20253164556962,4.10126582278481,8.0,20.303797468354432,324.0
9,machine_replacement,structured,80,6400,4,3.0,4.0,1.0,6.886075949367089,3.4430379746835444,8.0,18.329113924050635,272.0
9,admission_control,structured,80,6400,4,3.0,4.0,1.0,7.063291139240506,3.531645569620253,8.0,18.594936708860757,279.0
9,resource_allocation,structured,80,6400,4,3.0,4.0,1.0,8.455696202531646,4.227848101265823,8.0,20.683544303797472,334.0
9,random_structured,structured,80,6400,4,3.0,4.0,1.0,6.987341772151899,3.4936708860759493,8.0,18.481012658227847,276.0
9,oscillatory_fragmented,unstructured,80,6400,4,3.0,33.0,8.25,34.10126582278481,17.050632911392405,44.25,95.40189873417722,1347.0
9,inventory_threshold,structured,120,14400,4,3.0,4.0,1.0,8.168067226890756,4.084033613445378,8.0,20.252100840336134,486.0
9,machine_replacement,structured,120,14400,4,3.0,4.0,1.0,6.857142857142857,3.4285714285714284,8.0,18.285714285714285,408.0
9,admission_control,structured,120,14400,4,3.0,4.0,1.0,7.0588235294117645,3.5294117647058822,8.0,18.588235294117645,420.0
9,resource_allocation,structured,120,14400,4,3.0,4.0,1.0,8.436974789915967,4.218487394957983,8.0,20.655462184873947,502.0
9,random_structured,structured,120,14400,4,3.0,4.0,1.0,6.95798319327731,3.478991596638655,8.0,18.436974789915965,414.0
9,oscillatory_fragmented,unstructured,120,14400,4,3.0,33.0,8.25,33.94957983193277,16.974789915966387,44.25,95.17436974789915,2020.0
9,inventory_threshold,structured,160,25600,4,3.0,4.0,1.0,8.150943396226415,4.0754716981132075,8.0,20.226415094339625,648.0
9,machine_replacement,structured,160,25600,4,3.0,4.0,1.0,6.817610062893082,3.408805031446541,8.0,18.22641509433962,542.0
9,admission_control,structured,160,25600,4,3.0,4.0,1.0,7.044025157232705,3.5220125786163523,8.0,18.566037735849058,560.0
9,resource_allocation,structured,160,25600,4,3.0,4.0,1.0,8.427672955974844,4.213836477987422,8.0,20.641509433962263,670.0
9,random_structured,structured,160,25600,4,3.0,4.0,1.0,6.8930817610062896,3.4465408805031448,8.0,18.339622641509436,548.0
9,oscillatory_fragmented,unstructured,160,25600,4,3.0,33.0,8.25,34.0,17.0,44.25,95.25,2703.0
9,inventory_threshold,structured,240,57600,4,3.0,4.0,1.0,8.13389121338912,4.06694560669456,8.0,20.20083682008368,972.0
9,machine_replacement,structured,240,57600,4,3.0,4.0,1.0,6.8117154811715475,3.4058577405857737,8.0,18.21757322175732,814.0
9,admission_control,structured,240,57600,4,3.0,4.0,1.0,7.02928870292887,3.514644351464435,8.0,18.543933054393307,840.0
9,resource_allocation,structured,240,57600,4,3.0,4.0,1.0,8.401673640167363,4.200836820083682,8.0,20.602510460251047,1004.0
9,random_structured,structured,240,57600,4,3.0,4.0,1.0,6.912133891213388,3.456066945606694,8.0,18.368200836820083,826.0
9,oscillatory_fragmented,unstructured,240,57600,4,3.0,34.0,8.5,33.98326359832636,16.99163179916318,45.5,96.47489539748955,4061.0
9,inventory_threshold,structured,320,102400,4,3.0,4.0,1.0,8.12539184952978,4.06269592476489,8.0,20.188087774294672,1296.0
9,machine_replacement,structured,320,102400,4,3.0,4.0,1.0,6.808777429467084,3.404388714733542,8.0,18.213166144200628,1086.0
9,admission_control,structured,320,102400,4,3.0,4.0,1.0,7.015673981191222,3.507836990595611,8.0,18.523510971786834,1119.0
9,resource_allocation,structured,320,102400,4,3.0,4.0,1.0,8.401253918495298,4.200626959247649,8.0,20.60188087774295,1340.0
9,random_structured,structured,320,102400,4,3.0,4.0,1.0,6.896551724137931,3.4482758620689653,8.0,18.344827586206897,1100.0
9,oscillatory_fragmented,unstructured,320,102400,4,3.0,34.0,8.5,34.05015673981191,17.025078369905955,45.5,96.57523510971787,5431.0
10,inventory_threshold,structured,40,1600,4,3.0,4.0,1.0,8.307692307692307,4.153846153846153,8.0,20.46153846153846,162.0
10,machine_replacement,structured,40,1600,4,3.0,4.0,1.0,6.9743589743589745,3.4871794871794872,8.0,18.46153846153846,136.0
10,admission_control,structured,40,1600,4,3.0,4.0,1.0,7.179487179487179,3.5897435897435894,8.0,18.769230769230766,140.0
10,resource_allocation,structured,40,1600,4,3.0,4.0,1.0,8.512820512820513,4.256410256410256,8.0,20.769230769230766,166.0
10,random_structured,structured,40,1600,4,3.0,4.0,1.0,6.769230769230769,3.3846153846153846,8.0,18.153846153846153,132.0
10,oscillatory_fragmented,unstructured,40,1600,4,3.0,33.0,8.25,33.794871794871796,16.897435897435898,44.25,94.9423076923077,659.0
10,inventory_threshold,structured,60,3600,4,3.0,4.0,1.0,8.203389830508474,4.101694915254237,8.0,20.305084745762713,242.0
10,machine_replacement,structured,60,3600,4,3.0,4.0,1.0,6.8474576271186445,3.4237288135593222,8.0,18.271186440677965,202.0
10,admission_control,structured,60,3600,4,3.0,4.0,1.0,7.11864406779661,3.559322033898305,8.0,18.677966101694913,210.0
10,resource_allocation,structured,60,3600,4,3.0,4.0,1.0,8.474576271186441,4.237288135593221,8.0,20.711864406779664,250.0
10,random_structured,structured,60,3600,4,3.0,4.0,1.0,6.711864406779661,3.3559322033898304,8.0,18.06779661016949,198.0
10,oscillatory_fragmented,unstructured,60,3600,4,3.0,33.0,8.25,33.86440677966102,16.93220338983051,44.25,95.04661016949152,999.0
10,inventory_threshold,structured,80,6400,4,3.0,4.0,1.0,8.20253164556962,4.10126582278481,8.0,20.303797468354432,324.0
10,machine_replacement,structured,80,6400,4,3.0,4.0,1.0,6.886075949367089,3.4430379746835444,8.0,18.329113924050635,272.0
10,admission_control,structured,80,6400,4,3.0,4.0,1.0,7.063291139240506,3.531645569620253,8.0,18.594936708860757,279.0
10,resource_allocation,structured,80,6400,4,3.0,4.0,1.0,8.455696202531646,4.227848101265823,8.0,20.683544303797472,334.0
10,random_structured,structured,80,6400,4,3.0,4.0,1.0,6.6835443037974684,3.3417721518987342,8.0,18.025316455696203,264.0
10,oscillatory_fragmented,unstructured,80,6400,4,3.0,33.0,8.25,34.10126582278481,17.050632911392405,44.25,95.40189873417722,1347.0
10,inventory_threshold,structured,120,14400,4,3.0,4.0,1.0,8.168067226890756,4.084033613445378,8.0,20.252100840336134,486.0
10,machine_replacement,structured,120,14400,4,3.0,4.0,1.0,6.857142857142857,3.4285714285714284,8.0,18.285714285714285,408.0
10,admission_control,structured,120,14400,4,3.0,4.0,1.0,7.0588235294117645,3.5294117647058822,8.0,18.588235294117645,420.0
10,resource_allocation,structured,120,14400,4,3.0,4.0,1.0,8.436974789915967,4.218487394957983,8.0,20.655462184873947,502.0
10,random_structured,structured,120,14400,4,3.0,4.0,1.0,6.6890756302521,3.34453781512605,8.0,18.03361344537815,398.0
10,oscillatory_fragmented,unstructured,120,14400,4,3.0,33.0,8.25,33.94957983193277,16.974789915966387,44.25,95.17436974789915,2020.0
10,inventory_threshold,structured,160,25600,4,3.0,4.0,1.0,8.150943396226415,4.0754716981132075,8.0,20.226415094339625,648.0
10,machine_replacement,structured,160,25600,4,3.0,4.0,1.0,6.817610062893082,3.408805031446541,8.0,18.22641509433962,542.0
10,admission_control,structured,160,25600,4,3.0,4.0,1.0,7.044025157232705,3.5220125786163523,8.0,18.566037735849058,560.0
10,resource_allocation,structured,160,25600,4,3.0,4.0,1.0,8.427672955974844,4.213836477987422,8.0,20.641509433962263,670.0
10,random_structured,structured,160,25600,4,3.0,4.0,1.0,6.666666666666667,3.3333333333333335,8.0,18.0,530.0
10,oscillatory_fragmented,unstructured,160,25600,4,3.0,33.0,8.25,34.0,17.0,44.25,95.25,2703.0
10,inventory_threshold,structured,240,57600,4,3.0,4.0,1.0,8.13389121338912,4.06694560669456,8.0,20.20083682008368,972.0
10,machine_replacement,structured,240,57600,4,3.0,4.0,1.0,6.8117154811715475,3.4058577405857737,8.0,18.21757322175732,814.0
10,admission_control,structured,240,57600,4,3.0,4.0,1.0,7.02928870292887,3.514644351464435,8.0,18.543933054393307,840.0
10,resource_allocation,structured,240,57600,4,3.0,4.0,1.0,8.401673640167363,4.200836820083682,8.0,20.602510460251047,1004.0
10,random_structured,structured,240,57600,4,3.0,4.0,1.0,6.661087866108786,3.330543933054393,8.0,17.99163179916318,796.0
10,oscillatory_fragmented,unstructured,240,57600,4,3.0,34.0,8.5,33.98326359832636,16.99163179916318,45.5,96.47489539748955,4061.0
10,inventory_threshold,structured,320,102400,4,3.0,4.0,1.0,8.12539184952978,4.06269592476489,8.0,20.188087774294672,1296.0
10,machine_replacement,structured,320,102400,4,3.0,4.0,1.0,6.808777429467084,3.404388714733542,8.0,18.213166144200628,1086.0
10,admission_control,structured,320,102400,4,3.0,4.0,1.0,7.015673981191222,3.507836990595611,8.0,18.523510971786834,1119.0
10,resource_allocation,structured,320,102400,4,3.0,4.0,1.0,8.401253918495298,4.200626959247649,8.0,20.60188087774295,1340.0
10,random_structured,structured,320,102400,4,3.0,4.0,1.0,6.64576802507837,3.322884012539185,8.0,17.968652037617556,1060.0
10,oscillatory_fragmented,unstructured,320,102400,4,3.0,34.0,8.5,34.05015673981191,17.025078369905955,45.5,96.57523510971787,5431.0
11,inventory_threshold,structured,40,1600,4,3.0,4.0,1.0,8.307692307692307,4.153846153846153,8.0,20.46153846153846,162.0
11,machine_replacement,structured,40,1600,4,3.0,4.0,1.0,6.9743589743589745,3.4871794871794872,8.0,18.46153846153846,136.0
11,admission_control,structured,40,1600,4,3.0,4.0,1.0,7.179487179487179,3.5897435897435894,8.0,18.769230769230766,140.0
11,resource_allocation,structured,40,1600,4,3.0,4.0,1.0,8.512820512820513,4.256410256410256,8.0,20.769230769230766,166.0
11,random_structured,structured,40,1600,4,3.0,4.0,1.0,7.384615384615384,3.692307692307692,8.0,19.076923076923077,144.0
11,oscillatory_fragmented,unstructured,40,1600,4,3.0,33.0,8.25,33.794871794871796,16.897435897435898,44.25,94.9423076923077,659.0
11,inventory_threshold,structured,60,3600,4,3.0,4.0,1.0,8.203389830508474,4.101694915254237,8.0,20.305084745762713,242.0
11,machine_replacement,structured,60,3600,4,3.0,4.0,1.0,6.8474576271186445,3.4237288135593222,8.0,18.271186440677965,202.0
11,admission_control,structured,60,3600,4,3.0,4.0,1.0,7.11864406779661,3.559322033898305,8.0,18.677966101694913,210.0
11,resource_allocation,structured,60,3600,4,3.0,4.0,1.0,8.474576271186441,4.237288135593221,8.0,20.711864406779664,250.0
11,random_structured,structured,60,3600,4,3.0,4.0,1.0,7.389830508474576,3.694915254237288,8.0,19.084745762711865,218.0
11,oscillatory_fragmented,unstructured,60,3600,4,3.0,33.0,8.25,33.86440677966102,16.93220338983051,44.25,95.04661016949152,999.0
11,inventory_threshold,structured,80,6400,4,3.0,4.0,1.0,8.20253164556962,4.10126582278481,8.0,20.303797468354432,324.0
11,machine_replacement,structured,80,6400,4,3.0,4.0,1.0,6.886075949367089,3.4430379746835444,8.0,18.329113924050635,272.0
11,admission_control,structured,80,6400,4,3.0,4.0,1.0,7.063291139240506,3.531645569620253,8.0,18.594936708860757,279.0
11,resource_allocation,structured,80,6400,4,3.0,4.0,1.0,8.455696202531646,4.227848101265823,8.0,20.683544303797472,334.0
11,random_structured,structured,80,6400,4,3.0,4.0,1.0,7.341772151898734,3.670886075949367,8.0,19.0126582278481,290.0
11,oscillatory_fragmented,unstructured,80,6400,4,3.0,33.0,8.25,34.10126582278481,17.050632911392405,44.25,95.40189873417722,1347.0
11,inventory_threshold,structured,120,14400,4,3.0,4.0,1.0,8.168067226890756,4.084033613445378,8.0,20.252100840336134,486.0
11,machine_replacement,structured,120,14400,4,3.0,4.0,1.0,6.857142857142857,3.4285714285714284,8.0,18.285714285714285,408.0
11,admission_control,structured,120,14400,4,3.0,4.0,1.0,7.0588235294117645,3.5294117647058822,8.0,18.588235294117645,420.0
11,resource_allocation,structured,120,14400,4,3.0,4.0,1.0,8.436974789915967,4.218487394957983,8.0,20.655462184873947,502.0
11,random_structured,structured,120,14400,4,3.0,4.0,1.0,7.3277310924369745,3.6638655462184873,8.0,18.991596638655462,436.0
11,oscillatory_fragmented,unstructured,120,14400,4,3.0,33.0,8.25,33.94957983193277,16.974789915966387,44.25,95.17436974789915,2020.0
11,inventory_threshold,structured,160,25600,4,3.0,4.0,1.0,8.150943396226415,4.0754716981132075,8.0,20.226415094339625,648.0
11,machine_replacement,structured,160,25600,4,3.0,4.0,1.0,6.817610062893082,3.408805031446541,8.0,18.22641509433962,542.0
11,admission_control,structured,160,25600,4,3.0,4.0,1.0,7.044025157232705,3.5220125786163523,8.0,18.566037735849058,560.0
11,resource_allocation,structured,160,25600,4,3.0,4.0,1.0,8.427672955974844,4.213836477987422,8.0,20.641509433962263,670.0
11,random_structured,structured,160,25600,4,3.0,4.0,1.0,7.320754716981132,3.660377358490566,8.0,18.9811320754717,582.0
11,oscillatory_fragmented,unstructured,160,25600,4,3.0,33.0,8.25,34.0,17.0,44.25,95.25,2703.0
11,inventory_threshold,structured,240,57600,4,3.0,4.0,1.0,8.13389121338912,4.06694560669456,8.0,20.20083682008368,972.0
11,machine_replacement,structured,240,57600,4,3.0,4.0,1.0,6.8117154811715475,3.4058577405857737,8.0,18.21757322175732,814.0
11,admission_control,structured,240,57600,4,3.0,4.0,1.0,7.02928870292887,3.514644351464435,8.0,18.543933054393307,840.0
11,resource_allocation,structured,240,57600,4,3.0,4.0,1.0,8.401673640167363,4.200836820083682,8.0,20.602510460251047,1004.0
11,random_structured,structured,240,57600,4,3.0,4.0,1.0,7.2803347280334725,3.6401673640167362,8.0,18.92050209205021,870.0
11,oscillatory_fragmented,unstructured,240,57600,4,3.0,34.0,8.5,33.98326359832636,16.99163179916318,45.5,96.47489539748955,4061.0
11,inventory_threshold,structured,320,102400,4,3.0,4.0,1.0,8.12539184952978,4.06269592476489,8.0,20.188087774294672,1296.0
11,machine_replacement,structured,320,102400,4,3.0,4.0,1.0,6.808777429467084,3.404388714733542,8.0,18.213166144200628,1086.0
11,admission_control,structured,320,102400,4,3.0,4.0,1.0,7.015673981191222,3.507836990595611,8.0,18.523510971786834,1119.0
11,resource_allocation,structured,320,102400,4,3.0,4.0,1.0,8.401253918495298,4.200626959247649,8.0,20.60188087774295,1340.0
11,random_structured,structured,320,102400,4,3.0,4.0,1.0,7.297805642633229,3.6489028213166144,8.0,18.946708463949843,1164.0
11,oscillatory_fragmented,unstructured,320,102400,4,3.0,34.0,8.5,34.05015673981191,17.025078369905955,45.5,96.57523510971787,5431.0
12,inventory_threshold,structured,40,1600,4,3.0,4.0,1.0,8.307692307692307,4.153846153846153,8.0,20.46153846153846,162.0
12,machine_replacement,structured,40,1600,4,3.0,4.0,1.0,6.9743589743589745,3.4871794871794872,8.0,18.46153846153846,136.0
12,admission_control,structured,40,1600,4,3.0,4.0,1.0,7.179487179487179,3.5897435897435894,8.0,18.769230769230766,140.0
12,resource_allocation,structured,40,1600,4,3.0,4.0,1.0,8.512820512820513,4.256410256410256,8.0,20.769230769230766,166.0
12,random_structured,structured,40,1600,4,3.0,4.0,1.0,7.179487179487179,3.5897435897435894,8.0,18.769230769230766,140.0
12,oscillatory_fragmented,unstructured,40,1600,4,3.0,33.0,8.25,33.794871794871796,16.897435897435898,44.25,94.9423076923077,659.0
12,inventory_threshold,structured,60,3600,4,3.0,4.0,1.0,8.203389830508474,4.101694915254237,8.0,20.305084745762713,242.0
12,machine_replacement,structured,60,3600,4,3.0,4.0,1.0,6.8474576271186445,3.4237288135593222,8.0,18.271186440677965,202.0
12,admission_control,structured,60,3600,4,3.0,4.0,1.0,7.11864406779661,3.559322033898305,8.0,18.677966101694913,210.0
12,resource_allocation,structured,60,3600,4,3.0,4.0,1.0,8.474576271186441,4.237288135593221,8.0,20.711864406779664,250.0
12,random_structured,structured,60,3600,4,3.0,4.0,1.0,7.11864406779661,3.559322033898305,8.0,18.677966101694913,210.0
12,oscillatory_fragmented,unstructured,60,3600,4,3.0,33.0,8.25,33.86440677966102,16.93220338983051,44.25,95.04661016949152,999.0
12,inventory_threshold,structured,80,6400,4,3.0,4.0,1.0,8.20253164556962,4.10126582278481,8.0,20.303797468354432,324.0
12,machine_replacement,structured,80,6400,4,3.0,4.0,1.0,6.886075949367089,3.4430379746835444,8.0,18.329113924050635,272.0
12,admission_control,structured,80,6400,4,3.0,4.0,1.0,7.063291139240506,3.531645569620253,8.0,18.594936708860757,279.0
12,resource_allocation,structured,80,6400,4,3.0,4.0,1.0,8.455696202531646,4.227848101265823,8.0,20.683544303797472,334.0
12,random_structured,structured,80,6400,4,3.0,4.0,1.0,7.0886075949367084,3.5443037974683542,8.0,18.632911392405063,280.0
12,oscillatory_fragmented,unstructured,80,6400,4,3.0,33.0,8.25,34.10126582278481,17.050632911392405,44.25,95.40189873417722,1347.0
12,inventory_threshold,structured,120,14400,4,3.0,4.0,1.0,8.168067226890756,4.084033613445378,8.0,20.252100840336134,486.0
12,machine_replacement,structured,120,14400,4,3.0,4.0,1.0,6.857142857142857,3.4285714285714284,8.0,18.285714285714285,408.0
12,admission_control,structured,120,14400,4,3.0,4.0,1.0,7.0588235294117645,3.5294117647058822,8.0,18.588235294117645,420.0
12,resource_allocation,structured,120,14400,4,3.0,4.0,1.0,8.436974789915967,4.218487394957983,8.0,20.655462184873947,502.0
12,random_structured,structured,120,14400,4,3.0,4.0,1.0,7.092436974789916,3.546218487394958,8.0,18.63865546218487,422.0
12,oscillatory_fragmented,unstructured,120,14400,4,3.0,33.0,8.25,33.94957983193277,16.974789915966387,44.25,95.17436974789915,2020.0
12,inventory_threshold,structured,160,25600,4,3.0,4.0,1.0,8.150943396226415,4.0754716981132075,8.0,20.226415094339625,648.0
12,machine_replacement,structured,160,25600,4,3.0,4.0,1.0,6.817610062893082,3.408805031446541,8.0,18.22641509433962,542.0
12,admission_control,structured,160,25600,4,3.0,4.0,1.0,7.044025157232705,3.5220125786163523,8.0,18.566037735849058,560.0
12,resource_allocation,structured,160,25600,4,3.0,4.0,1.0,8.427672955974844,4.213836477987422,8.0,20.641509433962263,670.0
12,random_structured,structured,160,25600,4,3.0,4.0,1.0,7.069182389937107,3.5345911949685536,8.0,18.60377358490566,562.0
12,oscillatory_fragmented,unstructured,160,25600,4,3.0,33.0,8.25,34.0,17.0,44.25,95.25,2703.0
12,inventory_threshold,structured,240,57600,4,3.0,4.0,1.0,8.13389121338912,4.06694560669456,8.0,20.20083682008368,972.0
12,machine_replacement,structured,240,57600,4,3.0,4.0,1.0,6.8117154811715475,3.4058577405857737,8.0,18.21757322175732,814.0
12,admission_control,structured,240,57600,4,3.0,4.0,1.0,7.02928870292887,3.514644351464435,8.0,18.543933054393307,840.0
12,resource_allocation,structured,240,57600,4,3.0,4.0,1.0,8.401673640167363,4.200836820083682,8.0,20.602510460251047,1004.0
12,random_structured,structured,240,57600,4,3.0,4.0,1.0,7.04602510460251,3.523012552301255,8.0,18.569037656903767,842.0
12,oscillatory_fragmented,unstructured,240,57600,4,3.0,34.0,8.5,33.98326359832636,16.99163179916318,45.5,96.47489539748955,4061.0
12,inventory_threshold,structured,320,102400,4,3.0,4.0,1.0,8.12539184952978,4.06269592476489,8.0,20.188087774294672,1296.0
12,machine_replacement,structured,320,102400,4,3.0,4.0,1.0,6.808777429467084,3.404388714733542,8.0,18.213166144200628,1086.0
12,admission_control,structured,320,102400,4,3.0,4.0,1.0,7.015673981191222,3.507836990595611,8.0,18.523510971786834,1119.0
12,resource_allocation,structured,320,102400,4,3.0,4.0,1.0,8.401253918495298,4.200626959247649,8.0,20.60188087774295,1340.0
12,random_structured,structured,320,102400,4,3.0,4.0,1.0,7.047021943573667,3.5235109717868336,8.0,18.570532915360502,1124.0
12,oscillatory_fragmented,unstructured,320,102400,4,3.0,34.0,8.5,34.05015673981191,17.025078369905955,45.5,96.57523510971787,5431.0
13,inventory_threshold,structured,40,1600,4,3.0,4.0,1.0,8.307692307692307,4.153846153846153,8.0,20.46153846153846,162.0
13,machine_replacement,structured,40,1600,4,3.0,4.0,1.0,6.9743589743589745,3.4871794871794872,8.0,18.46153846153846,136.0
13,admission_control,structured,40,1600,4,3.0,4.0,1.0,7.179487179487179,3.5897435897435894,8.0,18.769230769230766,140.0
13,resource_allocation,structured,40,1600,4,3.0,4.0,1.0,8.512820512820513,4.256410256410256,8.0,20.769230769230766,166.0
13,random_structured,structured,40,1600,4,3.0,4.0,1.0,7.282051282051282,3.641025641025641,8.0,18.923076923076923,142.0
13,oscillatory_fragmented,unstructured,40,1600,4,3.0,33.0,8.25,33.794871794871796,16.897435897435898,44.25,94.9423076923077,659.0
13,inventory_threshold,structured,60,3600,4,3.0,4.0,1.0,8.203389830508474,4.101694915254237,8.0,20.305084745762713,242.0
13,machine_replacement,structured,60,3600,4,3.0,4.0,1.0,6.8474576271186445,3.4237288135593222,8.0,18.271186440677965,202.0
13,admission_control,structured,60,3600,4,3.0,4.0,1.0,7.11864406779661,3.559322033898305,8.0,18.677966101694913,210.0
13,resource_allocation,structured,60,3600,4,3.0,4.0,1.0,8.474576271186441,4.237288135593221,8.0,20.711864406779664,250.0
13,random_structured,structured,60,3600,4,3.0,4.0,1.0,7.186440677966102,3.593220338983051,8.0,18.779661016949152,212.0
13,oscillatory_fragmented,unstructured,60,3600,4,3.0,33.0,8.25,33.86440677966102,16.93220338983051,44.25,95.04661016949152,999.0
13,inventory_threshold,structured,80,6400,4,3.0,4.0,1.0,8.20253164556962,4.10126582278481,8.0,20.303797468354432,324.0
13,machine_replacement,structured,80,6400,4,3.0,4.0,1.0,6.886075949367089,3.4430379746835444,8.0,18.329113924050635,272.0
13,admission_control,structured,80,6400,4,3.0,4.0,1.0,7.063291139240506,3.531645569620253,8.0,18.594936708860757,279.0
13,resource_allocation,structured,80,6400,4,3.0,4.0,1.0,8.455696202531646,4.227848101265823,8.0,20.683544303797472,334.0
13,random_structured,structured,80,6400,4,3.0,4.0,1.0,7.139240506329114,3.569620253164557,8.0,18.70886075949367,282.0
13,oscillatory_fragmented,unstructured,80,6400,4,3.0,33.0,8.25,34.10126582278481,17.050632911392405,44.25,95.40189873417722,1347.0
13,inventory_threshold,structured,120,14400,4,3.0,4.0,1.0,8.168067226890756,4.084033613445378,8.0,20.252100840336134,486.0
13,machine_replacement,structured,120,14400,4,3.0,4.0,1.0,6.857142857142857,3.4285714285714284,8.0,18.285714285714285,408.0
13,admission_control,structured,120,14400,4,3.0,4.0,1.0,7.0588235294117645,3.5294117647058822,8.0,18.588235294117645,420.0
13,resource_allocation,structured,120,14400,4,3.0,4.0,1.0,8.436974789915967,4.218487394957983,8.0,20.655462184873947,502.0
13,random_structured,structured,120,14400,4,3.0,4.0,1.0,7.126050420168067,3.5630252100840334,8.0,18.6890756302521,424.0
13,oscillatory_fragmented,unstructured,120,14400,4,3.0,33.0,8.25,33.94957983193277,16.974789915966387,44.25,95.17436974789915,2020.0
13,inventory_threshold,structured,160,25600,4,3.0,4.0,1.0,8.150943396226415,4.0754716981132075,8.0,20.226415094339625,648.0
13,machine_replacement,structured,160,25600,4,3.0,4.0,1.0,6.817610062893082,3.408805031446541,8.0,18.22641509433962,542.0
13,admission_control,structured,160,25600,4,3.0,4.0,1.0,7.044025157232705,3.5220125786163523,8.0,18.566037735849058,560.0
13,resource_allocation,structured,160,25600,4,3.0,4.0,1.0,8.427672955974844,4.213836477987422,8.0,20.641509433962263,670.0
13,random_structured,structured,160,25600,4,3.0,4.0,1.0,7.119496855345912,3.559748427672956,8.0,18.67924528301887,566.0
13,oscillatory_fragmented,unstructured,160,25600,4,3.0,33.0,8.25,34.0,17.0,44.25,95.25,2703.0
13,inventory_threshold,structured,240,57600,4,3.0,4.0,1.0,8.13389121338912,4.06694560669456,8.0,20.20083682008368,972.0
13,machine_replacement,structured,240,57600,4,3.0,4.0,1.0,6.8117154811715475,3.4058577405857737,8.0,18.21757322175732,814.0
13,admission_control,structured,240,57600,4,3.0,4.0,1.0,7.02928870292887,3.514644351464435,8.0,18.543933054393307,840.0
13,resource_allocation,structured,240,57600,4,3.0,4.0,1.0,8.401673640167363,4.200836820083682,8.0,20.602510460251047,1004.0
13,random_structured,structured,240,57600,4,3.0,4.0,1.0,7.09623430962343,3.548117154811715,8.0,18.644351464435147,848.0
13,oscillatory_fragmented,unstructured,240,57600,4,3.0,34.0,8.5,33.98326359832636,16.99163179916318,45.5,96.47489539748955,4061.0
13,inventory_threshold,structured,320,102400,4,3.0,4.0,1.0,8.12539184952978,4.06269592476489,8.0,20.188087774294672,1296.0
13,machine_replacement,structured,320,102400,4,3.0,4.0,1.0,6.808777429467084,3.404388714733542,8.0,18.213166144200628,1086.0
13,admission_control,structured,320,102400,4,3.0,4.0,1.0,7.015673981191222,3.507836990595611,8.0,18.523510971786834,1119.0
13,resource_allocation,structured,320,102400,4,3.0,4.0,1.0,8.401253918495298,4.200626959247649,8.0,20.60188087774295,1340.0
13,random_structured,structured,320,102400,4,3.0,4.0,1.0,7.109717868338557,3.5548589341692787,8.0,18.664576802507835,1134.0
13,oscillatory_fragmented,unstructured,320,102400,4,3.0,34.0,8.5,34.05015673981191,17.025078369905955,45.5,96.57523510971787,5431.0
14,inventory_threshold,structured,40,1600,4,3.0,4.0,1.0,8.307692307692307,4.153846153846153,8.0,20.46153846153846,162.0
14,machine_replacement,structured,40,1600,4,3.0,4.0,1.0,6.9743589743589745,3.4871794871794872,8.0,18.46153846153846,136.0
14,admission_control,structured,40,1600,4,3.0,4.0,1.0,7.179487179487179,3.5897435897435894,8.0,18.769230769230766,140.0
14,resource_allocation,structured,40,1600,4,3.0,4.0,1.0,8.512820512820513,4.256410256410256,8.0,20.769230769230766,166.0
14,random_structured,structured,40,1600,4,3.0,4.0,1.0,7.179487179487179,3.5897435897435894,8.0,18.769230769230766,140.0
14,oscillatory_fragmented,unstructured,40,1600,4,3.0,33.0,8.25,33.794871794871796,16.897435897435898,44.25,94.9423076923077,659.0
14,inventory_threshold,structured,60,3600,4,3.0,4.0,1.0,8.203389830508474,4.101694915254237,8.0,20.305084745762713,242.0
14,machine_replacement,structured,60,3600,4,3.0,4.0,1.0,6.8474576271186445,3.4237288135593222,8.0,18.271186440677965,202.0
14,admission_control,structured,60,3600,4,3.0,4.0,1.0,7.11864406779661,3.559322033898305,8.0,18.677966101694913,210.0
14,resource_allocation,structured,60,3600,4,3.0,4.0,1.0,8.474576271186441,4.237288135593221,8.0,20.711864406779664,250.0
14,random_structured,structured,60,3600,4,3.0,4.0,1.0,7.0508474576271185,3.5254237288135593,8.0,18.576271186440678,208.0
14,oscillatory_fragmented,unstructured,60,3600,4,3.0,33.0,8.25,33.86440677966102,16.93220338983051,44.25,95.04661016949152,999.0
14,inventory_threshold,structured,80,6400,4,3.0,4.0,1.0,8.20253164556962,4.10126582278481,8.0,20.303797468354432,324.0
14,machine_replacement,structured,80,6400,4,3.0,4.0,1.0,6.886075949367089,3.4430379746835444,8.0,18.329113924050635,272.0
14,admission_control,structured,80,6400,4,3.0,4.0,1.0,7.063291139240506,3.531645569620253,8.0,18.594936708860757,279.0
14,resource_allocation,structured,80,6400,4,3.0,4.0,1.0,8.455696202531646,4.227848101265823,8.0,20.683544303797472,334.0
14,random_structured,structured,80,6400,4,3.0,4.0,1.0,7.0886075949367084,3.5443037974683542,8.0,18.632911392405063,280.0
14,oscillatory_fragmented,unstructured,80,6400,4,3.0,33.0,8.25,34.10126582278481,17.050632911392405,44.25,95.40189873417722,1347.0
14,inventory_threshold,structured,120,14400,4,3.0,4.0,1.0,8.168067226890756,4.084033613445378,8.0,20.252100840336134,486.0
14,machine_replacement,structured,120,14400,4,3.0,4.0,1.0,6.857142857142857,3.4285714285714284,8.0,18.285714285714285,408.0
14,admission_control,structured,120,14400,4,3.0,4.0,1.0,7.0588235294117645,3.5294117647058822,8.0,18.588235294117645,420.0
14,resource_allocation,structured,120,14400,4,3.0,4.0,1.0,8.436974789915967,4.218487394957983,8.0,20.655462184873947,502.0
14,random_structured,structured,120,14400,4,3.0,4.0,1.0,7.0588235294117645,3.5294117647058822,8.0,18.588235294117645,420.0
14,oscillatory_fragmented,unstructured,120,14400,4,3.0,33.0,8.25,33.94957983193277,16.974789915966387,44.25,95.17436974789915,2020.0
14,inventory_threshold,structured,160,25600,4,3.0,4.0,1.0,8.150943396226415,4.0754716981132075,8.0,20.226415094339625,648.0
14,machine_replacement,structured,160,25600,4,3.0,4.0,1.0,6.817610062893082,3.408805031446541,8.0,18.22641509433962,542.0
14,admission_control,structured,160,25600,4,3.0,4.0,1.0,7.044025157232705,3.5220125786163523,8.0,18.566037735849058,560.0
14,resource_allocation,structured,160,25600,4,3.0,4.0,1.0,8.427672955974844,4.213836477987422,8.0,20.641509433962263,670.0
14,random_structured,structured,160,25600,4,3.0,4.0,1.0,7.018867924528302,3.509433962264151,8.0,18.528301886792452,558.0
14,oscillatory_fragmented,unstructured,160,25600,4,3.0,33.0,8.25,34.0,17.0,44.25,95.25,2703.0
14,inventory_threshold,structured,240,57600,4,3.0,4.0,1.0,8.13389121338912,4.06694560669456,8.0,20.20083682008368,972.0
14,machine_replacement,structured,240,57600,4,3.0,4.0,1.0,6.8117154811715475,3.4058577405857737,8.0,18.21757322175732,814.0
14,admission_control,structured,240,57600,4,3.0,4.0,1.0,7.02928870292887,3.514644351464435,8.0,18.543933054393307,840.0
14,resource_allocation,structured,240,57600,4,3.0,4.0,1.0,8.401673640167363,4.200836820083682,8.0,20.602510460251047,1004.0
14,random_structured,structured,240,57600,4,3.0,4.0,1.0,7.02928870292887,3.514644351464435,8.0,18.543933054393307,840.0
14,oscillatory_fragmented,unstructured,240,57600,4,3.0,34.0,8.5,33.98326359832636,16.99163179916318,45.5,96.47489539748955,4061.0
14,inventory_threshold,structured,320,102400,4,3.0,4.0,1.0,8.12539184952978,4.06269592476489,8.0,20.188087774294672,1296.0
14,machine_replacement,structured,320,102400,4,3.0,4.0,1.0,6.808777429467084,3.404388714733542,8.0,18.213166144200628,1086.0
14,admission_control,structured,320,102400,4,3.0,4.0,1.0,7.015673981191222,3.507836990595611,8.0,18.523510971786834,1119.0
14,resource_allocation,structured,320,102400,4,3.0,4.0,1.0,8.401253918495298,4.200626959247649,8.0,20.60188087774295,1340.0
14,random_structured,structured,320,102400,4,3.0,4.0,1.0,7.0344827586206895,3.5172413793103448,8.0,18.551724137931036,1122.0
14,oscillatory_fragmented,unstructured,320,102400,4,3.0,34.0,8.5,34.05015673981191,17.025078369905955,45.5,96.57523510971787,5431.0
15,inventory_threshold,structured,40,1600,4,3.0,4.0,1.0,8.307692307692307,4.153846153846153,8.0,20.46153846153846,162.0
15,machine_replacement,structured,40,1600,4,3.0,4.0,1.0,6.9743589743589745,3.4871794871794872,8.0,18.46153846153846,136.0
15,admission_control,structured,40,1600,4,3.0,4.0,1.0,7.179487179487179,3.5897435897435894,8.0,18.769230769230766,140.0
15,resource_allocation,structured,40,1600,4,3.0,4.0,1.0,8.512820512820513,4.256410256410256,8.0,20.769230769230766,166.0
15,random_structured,structured,40,1600,4,3.0,4.0,1.0,6.871794871794871,3.4358974358974357,8.0,18.307692307692307,134.0
15,oscillatory_fragmented,unstructured,40,1600,4,3.0,33.0,8.25,33.794871794871796,16.897435897435898,44.25,94.9423076923077,659.0
15,inventory_threshold,structured,60,3600,4,3.0,4.0,1.0,8.203389830508474,4.101694915254237,8.0,20.305084745762713,242.0
15,machine_replacement,structured,60,3600,4,3.0,4.0,1.0,6.8474576271186445,3.4237288135593222,8.0,18.271186440677965,202.0
15,admission_control,structured,60,3600,4,3.0,4.0,1.0,7.11864406779661,3.559322033898305,8.0,18.677966101694913,210.0
15,resource_allocation,structured,60,3600,4,3.0,4.0,1.0,8.474576271186441,4.237288135593221,8.0,20.711864406779664,250.0
15,random_structured,structured,60,3600,4,3.0,4.0,1.0,6.779661016949152,3.389830508474576,8.0,18.16949152542373,200.0
15,oscillatory_fragmented,unstructured,60,3600,4,3.0,33.0,8.25,33.86440677966102,16.93220338983051,44.25,95.04661016949152,999.0
15,inventory_threshold,structured,80,6400,4,3.0,4.0,1.0,8.20253164556962,4.10126582278481,8.0,20.303797468354432,324.0
15,machine_replacement,structured,80,6400,4,3.0,4.0,1.0,6.886075949367089,3.4430379746835444,8.0,18.329113924050635,272.0
15,admission_control,structured,80,6400,4,3.0,4.0,1.0,7.063291139240506,3.531645569620253,8.0,18.594936708860757,279.0
15,resource_allocation,structured,80,6400,4,3.0,4.0,1.0,8.455696202531646,4.227848101265823,8.0,20.683544303797472,334.0
15,random_structured,structured,80,6400,4,3.0,4.0,1.0,6.734177215189873,3.3670886075949364,8.0,18.10126582278481,266.0
15,oscillatory_fragmented,unstructured,80,6400,4,3.0,33.0,8.25,34.10126582278481,17.050632911392405,44.25,95.40189873417722,1347.0
15,inventory_threshold,structured,120,14400,4,3.0,4.0,1.0,8.168067226890756,4.084033613445378,8.0,20.252100840336134,486.0
15,machine_replacement,structured,120,14400,4,3.0,4.0,1.0,6.857142857142857,3.4285714285714284,8.0,18.285714285714285,408.0
15,admission_control,structured,120,14400,4,3.0,4.0,1.0,7.0588235294117645,3.5294117647058822,8.0,18.588235294117645,420.0
15,resource_allocation,structured,120,14400,4,3.0,4.0,1.0,8.436974789915967,4.218487394957983,8.0,20.655462184873947,502.0
15,random_structured,structured,120,14400,4,3.0,4.0,1.0,6.6890756302521,3.34453781512605,8.0,18.03361344537815,398.0
15,oscillatory_fragmented,unstructured,120,14400,4,3.0,33.0,8.25,33.94957983193277,16.974789915966387,44.25,95.17436974789915,2020.0
15,inventory_threshold,structured,160,25600,4,3.0,4.0,1.0,8.150943396226415,4.0754716981132075,8.0,20.226415094339625,648.0
15,machine_replacement,structured,160,25600,4,3.0,4.0,1.0,6.817610062893082,3.408805031446541,8.0,18.22641509433962,542.0
15,admission_control,structured,160,25600,4,3.0,4.0,1.0,7.044025157232705,3.5220125786163523,8.0,18.566037735849058,560.0
15,resource_allocation,structured,160,25600,4,3.0,4.0,1.0,8.427672955974844,4.213836477987422,8.0,20.641509433962263,670.0
15,random_structured,structured,160,25600,4,3.0,4.0,1.0,6.666666666666667,3.3333333333333335,8.0,18.0,530.0
15,oscillatory_fragmented,unstructured,160,25600,4,3.0,33.0,8.25,34.0,17.0,44.25,95.25,2703.0
15,inventory_threshold,structured,240,57600,4,3.0,4.0,1.0,8.13389121338912,4.06694560669456,8.0,20.20083682008368,972.0
15,machine_replacement,structured,240,57600,4,3.0,4.0,1.0,6.8117154811715475,3.4058577405857737,8.0,18.21757322175732,814.0
15,admission_control,structured,240,57600,4,3.0,4.0,1.0,7.02928870292887,3.514644351464435,8.0,18.543933054393307,840.0
15,resource_allocation,structured,240,57600,4,3.0,4.0,1.0,8.401673640167363,4.200836820083682,8.0,20.602510460251047,1004.0
15,random_structured,structured,240,57600,4,3.0,4.0,1.0,6.661087866108786,3.330543933054393,8.0,17.99163179916318,796.0
15,oscillatory_fragmented,unstructured,240,57600,4,3.0,34.0,8.5,33.98326359832636,16.99163179916318,45.5,96.47489539748955,4061.0
15,inventory_threshold,structured,320,102400,4,3.0,4.0,1.0,8.12539184952978,4.06269592476489,8.0,20.188087774294672,1296.0
15,machine_replacement,structured,320,102400,4,3.0,4.0,1.0,6.808777429467084,3.404388714733542,8.0,18.213166144200628,1086.0
15,admission_control,structured,320,102400,4,3.0,4.0,1.0,7.015673981191222,3.507836990595611,8.0,18.523510971786834,1119.0
15,resource_allocation,structured,320,102400,4,3.0,4.0,1.0,8.401253918495298,4.200626959247649,8.0,20.60188087774295,1340.0
15,random_structured,structured,320,102400,4,3.0,4.0,1.0,6.670846394984326,3.335423197492163,8.0,18.00626959247649,1064.0
15,oscillatory_fragmented,unstructured,320,102400,4,3.0,34.0,8.5,34.05015673981191,17.025078369905955,45.5,96.57523510971787,5431.0
16,inventory_threshold,structured,40,1600,4,3.0,4.0,1.0,8.307692307692307,4.153846153846153,8.0,20.46153846153846,162.0
16,machine_replacement,structured,40,1600,4,3.0,4.0,1.0,6.9743589743589745,3.4871794871794872,8.0,18.46153846153846,136.0
16,admission_control,structured,40,1600,4,3.0,4.0,1.0,7.179487179487179,3.5897435897435894,8.0,18.769230769230766,140.0
16,resource_allocation,structured,40,1600,4,3.0,4.0,1.0,8.512820512820513,4.256410256410256,8.0,20.769230769230766,166.0
16,random_structured,structured,40,1600,4,3.0,4.0,1.0,7.282051282051282,3.641025641025641,8.0,18.923076923076923,142.0
16,oscillatory_fragmented,unstructured,40,1600,4,3.0,33.0,8.25,33.794871794871796,16.897435897435898,44.25,94.9423076923077,659.0
16,inventory_threshold,structured,60,3600,4,3.0,4.0,1.0,8.203389830508474,4.101694915254237,8.0,20.305084745762713,242.0
16,machine_replacement,structured,60,3600,4,3.0,4.0,1.0,6.8474576271186445,3.4237288135593222,8.0,18.271186440677965,202.0
16,admission_control,structured,60,3600,4,3.0,4.0,1.0,7.11864406779661,3.559322033898305,8.0,18.677966101694913,210.0
16,resource_allocation,structured,60,3600,4,3.0,4.0,1.0,8.474576271186441,4.237288135593221,8.0,20.711864406779664,250.0
16,random_structured,structured,60,3600,4,3.0,4.0,1.0,7.11864406779661,3.559322033898305,8.0,18.677966101694913,210.0
16,oscillatory_fragmented,unstructured,60,3600,4,3.0,33.0,8.25,33.86440677966102,16.93220338983051,44.25,95.04661016949152,999.0
16,inventory_threshold,structured,80,6400,4,3.0,4.0,1.0,8.20253164556962,4.10126582278481,8.0,20.303797468354432,324.0
16,machine_replacement,structured,80,6400,4,3.0,4.0,1.0,6.886075949367089,3.4430379746835444,8.0,18.329113924050635,272.0
16,admission_control,structured,80,6400,4,3.0,4.0,1.0,7.063291139240506,3.531645569620253,8.0,18.594936708860757,279.0
16,resource_allocation,structured,80,6400,4,3.0,4.0,1.0,8.455696202531646,4.227848101265823,8.0,20.683544303797472,334.0
16,random_structured,structured,80,6400,4,3.0,4.0,1.0,7.0886075949367084,3.5443037974683542,8.0,18.632911392405063,280.0
16,oscillatory_fragmented,unstructured,80,6400,4,3.0,33.0,8.25,34.10126582278481,17.050632911392405,44.25,95.40189873417722,1347.0
16,inventory_threshold,structured,120,14400,4,3.0,4.0,1.0,8.168067226890756,4.084033613445378,8.0,20.252100840336134,486.0
16,machine_replacement,structured,120,14400,4,3.0,4.0,1.0,6.857142857142857,3.4285714285714284,8.0,18.285714285714285,408.0
16,admission_control,structured,120,14400,4,3.0,4.0,1.0,7.0588235294117645,3.5294117647058822,8.0,18.588235294117645,420.0
16,resource_allocation,structured,120,14400,4,3.0,4.0,1.0,8.436974789915967,4.218487394957983,8.0,20.655462184873947,502.0
16,random_structured,structured,120,14400,4,3.0,4.0,1.0,7.092436974789916,3.546218487394958,8.0,18.63865546218487,422.0
16,oscillatory_fragmented,unstructured,120,14400,4,3.0,33.0,8.25,33.94957983193277,16.974789915966387,44.25,95.17436974789915,2020.0
16,inventory_threshold,structured,160,25600,4,3.0,4.0,1.0,8.150943396226415,4.0754716981132075,8.0,20.226415094339625,648.0
16,machine_replacement,structured,160,25600,4,3.0,4.0,1.0,6.817610062893082,3.408805031446541,8.0,18.22641509433962,542.0
16,admission_control,structured,160,25600,4,3.0,4.0,1.0,7.044025157232705,3.5220125786163523,8.0,18.566037735849058,560.0
16,resource_allocation,structured,160,25600,4,3.0,4.0,1.0,8.427672955974844,4.213836477987422,8.0,20.641509433962263,670.0
16,random_structured,structured,160,25600,4,3.0,4.0,1.0,7.09433962264151,3.547169811320755,8.0,18.641509433962263,564.0
16,oscillatory_fragmented,unstructured,160,25600,4,3.0,33.0,8.25,34.0,17.0,44.25,95.25,2703.0
16,inventory_threshold,structured,240,57600,4,3.0,4.0,1.0,8.13389121338912,4.06694560669456,8.0,20.20083682008368,972.0
16,machine_replacement,structured,240,57600,4,3.0,4.0,1.0,6.8117154811715475,3.4058577405857737,8.0,18.21757322175732,814.0
16,admission_control,structured,240,57600,4,3.0,4.0,1.0,7.02928870292887,3.514644351464435,8.0,18.543933054393307,840.0
16,resource_allocation,structured,240,57600,4,3.0,4.0,1.0,8.401673640167363,4.200836820083682,8.0,20.602510460251047,1004.0
16,random_structured,structured,240,57600,4,3.0,4.0,1.0,7.07949790794979,3.539748953974895,8.0,18.619246861924687,846.0
16,oscillatory_fragmented,unstructured,240,57600,4,3.0,34.0,8.5,33.98326359832636,16.99163179916318,45.5,96.47489539748955,4061.0
16,inventory_threshold,structured,320,102400,4,3.0,4.0,1.0,8.12539184952978,4.06269592476489,8.0,20.188087774294672,1296.0
16,machine_replacement,structured,320,102400,4,3.0,4.0,1.0,6.808777429467084,3.404388714733542,8.0,18.213166144200628,1086.0
16,admission_control,structured,320,102400,4,3.0,4.0,1.0,7.015673981191222,3.507836990595611,8.0,18.523510971786834,1119.0
16,resource_allocation,structured,320,102400,4,3.0,4.0,1.0,8.401253918495298,4.200626959247649,8.0,20.60188087774295,1340.0
16,random_structured,structured,320,102400,4,3.0,4.0,1.0,7.072100313479623,3.5360501567398117,8.0,18.608150470219435,1128.0
16,oscillatory_fragmented,unstructured,320,102400,4,3.0,34.0,8.5,34.05015673981191,17.025078369905955,45.5,96.57523510971787,5431.0
17,inventory_threshold,structured,40,1600,4,3.0,4.0,1.0,8.307692307692307,4.153846153846153,8.0,20.46153846153846,162.0
17,machine_replacement,structured,40,1600,4,3.0,4.0,1.0,6.9743589743589745,3.4871794871794872,8.0,18.46153846153846,136.0
17,admission_control,structured,40,1600,4,3.0,4.0,1.0,7.179487179487179,3.5897435897435894,8.0,18.769230769230766,140.0
17,resource_allocation,structured,40,1600,4,3.0,4.0,1.0,8.512820512820513,4.256410256410256,8.0,20.769230769230766,166.0
17,random_structured,structured,40,1600,4,3.0,4.0,1.0,6.9743589743589745,3.4871794871794872,8.0,18.46153846153846,136.0
17,oscillatory_fragmented,unstructured,40,1600,4,3.0,33.0,8.25,33.794871794871796,16.897435897435898,44.25,94.9423076923077,659.0
17,inventory_threshold,structured,60,3600,4,3.0,4.0,1.0,8.203389830508474,4.101694915254237,8.0,20.305084745762713,242.0
17,machine_replacement,structured,60,3600,4,3.0,4.0,1.0,6.8474576271186445,3.4237288135593222,8.0,18.271186440677965,202.0
17,admission_control,structured,60,3600,4,3.0,4.0,1.0,7.11864406779661,3.559322033898305,8.0,18.677966101694913,210.0
17,resource_allocation,structured,60,3600,4,3.0,4.0,1.0,8.474576271186441,4.237288135593221,8.0,20.711864406779664,250.0
17,random_structured,structured,60,3600,4,3.0,4.0,1.0,6.915254237288136,3.457627118644068,8.0,18.372881355932204,204.0
17,oscillatory_fragmented,unstructured,60,3600,4,3.0,33.0,8.25,33.86440677966102,16.93220338983051,44.25,95.04661016949152,999.0
17,inventory_threshold,structured,80,6400,4,3.0,4.0,1.0,8.20253164556962,4.10126582278481,8.0,20.303797468354432,324.0
17,machine_replacement,structured,80,6400,4,3.0,4.0,1.0,6.886075949367089,3.4430379746835444,8.0,18.329113924050635,272.0
17,admission_control,structured,80,6400,4,3.0,4.0,1.0,7.063291139240506,3.531645569620253,8.0,18.594936708860757,279.0
17,resource_allocation,structured,80,6400,4,3.0,4.0,1.0,8.455696202531646,4.227848101265823,8.0,20.683544303797472,334.0
17,random_structured,structured,80,6400,4,3.0,4.0,1.0,6.936708860759493,3.4683544303797467,8.0,18.40506329113924,274.0
17,oscillatory_fragmented,unstructured,80,6400,4,3.0,33.0,8.25,34.10126582278481,17.050632911392405,44.25,95.40189873417722,1347.0
17,inventory_threshold,structured,120,14400,4,3.0,4.0,1.0,8.168067226890756,4.084033613445378,8.0,20.252100840336134,486.0
17,machine_replacement,structured,120,14400,4,3.0,4.0,1.0,6.857142857142857,3.4285714285714284,8.0,18.285714285714285,408.0
17,admission_control,structured,120,14400,4,3.0,4.0,1.0,7.0588235294117645,3.5294117647058822,8.0,18.588235294117645,420.0
17,resource_allocation,structured,120,14400,4,3.0,4.0,1.0,8.436974789915967,4.218487394957983,8.0,20.655462184873947,502.0
17,random_structured,structured,120,14400,4,3.0,4.0,1.0,6.924369747899159,3.4621848739495795,8.0,18.386554621848738,412.0
17,oscillatory_fragmented,unstructured,120,14400,4,3.0,33.0,8.25,33.94957983193277,16.974789915966387,44.25,95.17436974789915,2020.0
17,inventory_threshold,structured,160,25600,4,3.0,4.0,1.0,8.150943396226415,4.0754716981132075,8.0,20.226415094339625,648.0
17,machine_replacement,structured,160,25600,4,3.0,4.0,1.0,6.817610062893082,3.408805031446541,8.0,18.22641509433962,542.0
17,admission_control,structured,160,25600,4,3.0,4.0,1.0,7.044025157232705,3.5220125786163523,8.0,18.566037735849058,560.0
17,resource_allocation,structured,160,25600,4,3.0,4.0,1.0,8.427672955974844,4.213836477987422,8.0,20.641509433962263,670.0
17,random_structured,structured,160,25600,4,3.0,4.0,1.0,6.8930817610062896,3.4465408805031448,8.0,18.339622641509436,548.0
17,oscillatory_fragmented,unstructured,160,25600,4,3.0,33.0,8.25,34.0,17.0,44.25,95.25,2703.0
17,inventory_threshold,structured,240,57600,4,3.0,4.0,1.0,8.13389121338912,4.06694560669456,8.0,20.20083682008368,972.0
17,machine_replacement,structured,240,57600,4,3.0,4.0,1.0,6.8117154811715475,3.4058577405857737,8.0,18.21757322175732,814.0
17,admission_control,structured,240,57600,4,3.0,4.0,1.0,7.02928870292887,3.514644351464435,8.0,18.543933054393307,840.0
17,resource_allocation,structured,240,57600,4,3.0,4.0,1.0,8.401673640167363,4.200836820083682,8.0,20.602510460251047,1004.0
17,random_structured,structured,240,57600,4,3.0,4.0,1.0,6.878661087866108,3.439330543933054,8.0,18.317991631799163,822.0
17,oscillatory_fragmented,unstructured,240,57600,4,3.0,34.0,8.5,33.98326359832636,16.99163179916318,45.5,96.47489539748955,4061.0
17,inventory_threshold,structured,320,102400,4,3.0,4.0,1.0,8.12539184952978,4.06269592476489,8.0,20.188087774294672,1296.0
17,machine_replacement,structured,320,102400,4,3.0,4.0,1.0,6.808777429467084,3.404388714733542,8.0,18.213166144200628,1086.0
17,admission_control,structured,320,102400,4,3.0,4.0,1.0,7.015673981191222,3.507836990595611,8.0,18.523510971786834,1119.0
17,resource_allocation,structured,320,102400,4,3.0,4.0,1.0,8.401253918495298,4.200626959247649,8.0,20.60188087774295,1340.0
17,random_structured,structured,320,102400,4,3.0,4.0,1.0,6.884012539184953,3.4420062695924765,8.0,18.32601880877743,1098.0
17,oscillatory_fragmented,unstructured,320,102400,4,3.0,34.0,8.5,34.05015673981191,17.025078369905955,45.5,96.57523510971787,5431.0
18,inventory_threshold,structured,40,1600,4,3.0,4.0,1.0,8.307692307692307,4.153846153846153,8.0,20.46153846153846,162.0
18,machine_replacement,structured,40,1600,4,3.0,4.0,1.0,6.9743589743589745,3.4871794871794872,8.0,18.46153846153846,136.0
18,admission_control,structured,40,1600,4,3.0,4.0,1.0,7.179487179487179,3.5897435897435894,8.0,18.769230769230766,140.0
18,resource_allocation,structured,40,1600,4,3.0,4.0,1.0,8.512820512820513,4.256410256410256,8.0,20.769230769230766,166.0
18,random_structured,structured,40,1600,4,3.0,4.0,1.0,7.384615384615384,3.692307692307692,8.0,19.076923076923077,144.0
18,oscillatory_fragmented,unstructured,40,1600,4,3.0,33.0,8.25,33.794871794871796,16.897435897435898,44.25,94.9423076923077,659.0
18,inventory_threshold,structured,60,3600,4,3.0,4.0,1.0,8.203389830508474,4.101694915254237,8.0,20.305084745762713,242.0
18,machine_replacement,structured,60,3600,4,3.0,4.0,1.0,6.8474576271186445,3.4237288135593222,8.0,18.271186440677965,202.0
18,admission_control,structured,60,3600,4,3.0,4.0,1.0,7.11864406779661,3.559322033898305,8.0,18.677966101694913,210.0
18,resource_allocation,structured,60,3600,4,3.0,4.0,1.0,8.474576271186441,4.237288135593221,8.0,20.711864406779664,250.0
18,random_structured,structured,60,3600,4,3.0,4.0,1.0,7.389830508474576,3.694915254237288,8.0,19.084745762711865,218.0
18,oscillatory_fragmented,unstructured,60,3600,4,3.0,33.0,8.25,33.86440677966102,16.93220338983051,44.25,95.04661016949152,999.0
18,inventory_threshold,structured,80,6400,4,3.0,4.0,1.0,8.20253164556962,4.10126582278481,8.0,20.303797468354432,324.0
18,machine_replacement,structured,80,6400,4,3.0,4.0,1.0,6.886075949367089,3.4430379746835444,8.0,18.329113924050635,272.0
18,admission_control,structured,80,6400,4,3.0,4.0,1.0,7.063291139240506,3.531645569620253,8.0,18.594936708860757,279.0
18,resource_allocation,structured,80,6400,4,3.0,4.0,1.0,8.455696202531646,4.227848101265823,8.0,20.683544303797472,334.0
18,random_structured,structured,80,6400,4,3.0,4.0,1.0,7.341772151898734,3.670886075949367,8.0,19.0126582278481,290.0
18,oscillatory_fragmented,unstructured,80,6400,4,3.0,33.0,8.25,34.10126582278481,17.050632911392405,44.25,95.40189873417722,1347.0
18,inventory_threshold,structured,120,14400,4,3.0,4.0,1.0,8.168067226890756,4.084033613445378,8.0,20.252100840336134,486.0
18,machine_replacement,structured,120,14400,4,3.0,4.0,1.0,6.857142857142857,3.4285714285714284,8.0,18.285714285714285,408.0
18,admission_control,structured,120,14400,4,3.0,4.0,1.0,7.0588235294117645,3.5294117647058822,8.0,18.588235294117645,420.0
18,resource_allocation,structured,120,14400,4,3.0,4.0,1.0,8.436974789915967,4.218487394957983,8.0,20.655462184873947,502.0
18,random_structured,structured,120,14400,4,3.0,4.0,1.0,7.3277310924369745,3.6638655462184873,8.0,18.991596638655462,436.0
18,oscillatory_fragmented,unstructured,120,14400,4,3.0,33.0,8.25,33.94957983193277,16.974789915966387,44.25,95.17436974789915,2020.0
18,inventory_threshold,structured,160,25600,4,3.0,4.0,1.0,8.150943396226415,4.0754716981132075,8.0,20.226415094339625,648.0
18,machine_replacement,structured,160,25600,4,3.0,4.0,1.0,6.817610062893082,3.408805031446541,8.0,18.22641509433962,542.0
18,admission_control,structured,160,25600,4,3.0,4.0,1.0,7.044025157232705,3.5220125786163523,8.0,18.566037735849058,560.0
18,resource_allocation,structured,160,25600,4,3.0,4.0,1.0,8.427672955974844,4.213836477987422,8.0,20.641509433962263,670.0
18,random_structured,structured,160,25600,4,3.0,4.0,1.0,7.320754716981132,3.660377358490566,8.0,18.9811320754717,582.0
18,oscillatory_fragmented,unstructured,160,25600,4,3.0,33.0,8.25,34.0,17.0,44.25,95.25,2703.0
18,inventory_threshold,structured,240,57600,4,3.0,4.0,1.0,8.13389121338912,4.06694560669456,8.0,20.20083682008368,972.0
18,machine_replacement,structured,240,57600,4,3.0,4.0,1.0,6.8117154811715475,3.4058577405857737,8.0,18.21757322175732,814.0
18,admission_control,structured,240,57600,4,3.0,4.0,1.0,7.02928870292887,3.514644351464435,8.0,18.543933054393307,840.0
18,resource_allocation,structured,240,57600,4,3.0,4.0,1.0,8.401673640167363,4.200836820083682,8.0,20.602510460251047,1004.0
18,random_structured,structured,240,57600,4,3.0,4.0,1.0,7.3305439330543924,3.6652719665271962,8.0,18.99581589958159,876.0
18,oscillatory_fragmented,unstructured,240,57600,4,3.0,34.0,8.5,33.98326359832636,16.99163179916318,45.5,96.47489539748955,4061.0
18,inventory_threshold,structured,320,102400,4,3.0,4.0,1.0,8.12539184952978,4.06269592476489,8.0,20.188087774294672,1296.0
18,machine_replacement,structured,320,102400,4,3.0,4.0,1.0,6.808777429467084,3.404388714733542,8.0,18.213166144200628,1086.0
18,admission_control,structured,320,102400,4,3.0,4.0,1.0,7.015673981191222,3.507836990595611,8.0,18.523510971786834,1119.0
18,resource_allocation,structured,320,102400,4,3.0,4.0,1.0,8.401253918495298,4.200626959247649,8.0,20.60188087774295,1340.0
18,random_structured,structured,320,102400,4,3.0,4.0,1.0,7.297805642633229,3.6489028213166144,8.0,18.946708463949843,1164.0
18,oscillatory_fragmented,unstructured,320,102400,4,3.0,34.0,8.5,34.05015673981191,17.025078369905955,45.5,96.57523510971787,5431.0
19,inventory_threshold,structured,40,1600,4,3.0,4.0,1.0,8.307692307692307,4.153846153846153,8.0,20.46153846153846,162.0
19,machine_replacement,structured,40,1600,4,3.0,4.0,1.0,6.9743589743589745,3.4871794871794872,8.0,18.46153846153846,136.0
19,admission_control,structured,40,1600,4,3.0,4.0,1.0,7.179487179487179,3.5897435897435894,8.0,18.769230769230766,140.0
19,resource_allocation,structured,40,1600,4,3.0,4.0,1.0,8.512820512820513,4.256410256410256,8.0,20.769230769230766,166.0
19,random_structured,structured,40,1600,4,3.0,4.0,1.0,6.769230769230769,3.3846153846153846,8.0,18.153846153846153,132.0
19,oscillatory_fragmented,unstructured,40,1600,4,3.0,33.0,8.25,33.794871794871796,16.897435897435898,44.25,94.9423076923077,659.0
19,inventory_threshold,structured,60,3600,4,3.0,4.0,1.0,8.203389830508474,4.101694915254237,8.0,20.305084745762713,242.0
19,machine_replacement,structured,60,3600,4,3.0,4.0,1.0,6.8474576271186445,3.4237288135593222,8.0,18.271186440677965,202.0
19,admission_control,structured,60,3600,4,3.0,4.0,1.0,7.11864406779661,3.559322033898305,8.0,18.677966101694913,210.0
19,resource_allocation,structured,60,3600,4,3.0,4.0,1.0,8.474576271186441,4.237288135593221,8.0,20.711864406779664,250.0
19,random_structured,structured,60,3600,4,3.0,4.0,1.0,6.779661016949152,3.389830508474576,8.0,18.16949152542373,200.0
19,oscillatory_fragmented,unstructured,60,3600,4,3.0,33.0,8.25,33.86440677966102,16.93220338983051,44.25,95.04661016949152,999.0
19,inventory_threshold,structured,80,6400,4,3.0,4.0,1.0,8.20253164556962,4.10126582278481,8.0,20.303797468354432,324.0
19,machine_replacement,structured,80,6400,4,3.0,4.0,1.0,6.886075949367089,3.4430379746835444,8.0,18.329113924050635,272.0
19,admission_control,structured,80,6400,4,3.0,4.0,1.0,7.063291139240506,3.531645569620253,8.0,18.594936708860757,279.0
19,resource_allocation,structured,80,6400,4,3.0,4.0,1.0,8.455696202531646,4.227848101265823,8.0,20.683544303797472,334.0
19,random_structured,structured,80,6400,4,3.0,4.0,1.0,6.734177215189873,3.3670886075949364,8.0,18.10126582278481,266.0
19,oscillatory_fragmented,unstructured,80,6400,4,3.0,33.0,8.25,34.10126582278481,17.050632911392405,44.25,95.40189873417722,1347.0
19,inventory_threshold,structured,120,14400,4,3.0,4.0,1.0,8.168067226890756,4.084033613445378,8.0,20.252100840336134,486.0
19,machine_replacement,structured,120,14400,4,3.0,4.0,1.0,6.857142857142857,3.4285714285714284,8.0,18.285714285714285,408.0
19,admission_control,structured,120,14400,4,3.0,4.0,1.0,7.0588235294117645,3.5294117647058822,8.0,18.588235294117645,420.0
19,resource_allocation,structured,120,14400,4,3.0,4.0,1.0,8.436974789915967,4.218487394957983,8.0,20.655462184873947,502.0
19,random_structured,structured,120,14400,4,3.0,4.0,1.0,6.722689075630252,3.361344537815126,8.0,18.084033613445378,400.0
19,oscillatory_fragmented,unstructured,120,14400,4,3.0,33.0,8.25,33.94957983193277,16.974789915966387,44.25,95.17436974789915,2020.0
19,inventory_threshold,structured,160,25600,4,3.0,4.0,1.0,8.150943396226415,4.0754716981132075,8.0,20.226415094339625,648.0
19,machine_replacement,structured,160,25600,4,3.0,4.0,1.0,6.817610062893082,3.408805031446541,8.0,18.22641509433962,542.0
19,admission_control,structured,160,25600,4,3.0,4.0,1.0,7.044025157232705,3.5220125786163523,8.0,18.566037735849058,560.0
19,resource_allocation,structured,160,25600,4,3.0,4.0,1.0,8.427672955974844,4.213836477987422,8.0,20.641509433962263,670.0
19,random_structured,structured,160,25600,4,3.0,4.0,1.0,6.6918238993710695,3.3459119496855347,8.0,18.037735849056602,532.0
19,oscillatory_fragmented,unstructured,160,25600,4,3.0,33.0,8.25,34.0,17.0,44.25,95.25,2703.0
19,inventory_threshold,structured,240,57600,4,3.0,4.0,1.0,8.13389121338912,4.06694560669456,8.0,20.20083682008368,972.0
19,machine_replacement,structured,240,57600,4,3.0,4.0,1.0,6.8117154811715475,3.4058577405857737,8.0,18.21757322175732,814.0
19,admission_control,structured,240,57600,4,3.0,4.0,1.0,7.02928870292887,3.514644351464435,8.0,18.543933054393307,840.0
19,resource_allocation,structured,240,57600,4,3.0,4.0,1.0,8.401673640167363,4.200836820083682,8.0,20.602510460251047,1004.0
19,random_structured,structured,240,57600,4,3.0,4.0,1.0,6.677824267782426,3.338912133891213,8.0,18.01673640167364,798.0
19,oscillatory_fragmented,unstructured,240,57600,4,3.0,34.0,8.5,33.98326359832636,16.99163179916318,45.5,96.47489539748955,4061.0
19,inventory_threshold,structured,320,102400,4,3.0,4.0,1.0,8.12539184952978,4.06269592476489,8.0,20.188087774294672,1296.0
19,machine_replacement,structured,320,102400,4,3.0,4.0,1.0,6.808777429467084,3.404388714733542,8.0,18.213166144200628,1086.0
19,admission_control,structured,320,102400,4,3.0,4.0,1.0,7.015673981191222,3.507836990595611,8.0,18.523510971786834,1119.0
19,resource_allocation,structured,320,102400,4,3.0,4.0,1.0,8.401253918495298,4.200626959247649,8.0,20.60188087774295,1340.0
19,random_structured,structured,320,102400,4,3.0,4.0,1.0,6.670846394984326,3.335423197492163,8.0,18.00626959247649,1064.0
19,oscillatory_fragmented,unstructured,320,102400,4,3.0,34.0,8.5,34.05015673981191,17.025078369905955,45.5,96.57523510971787,5431.0
20,inventory_threshold,structured,40,1600,4,3.0,4.0,1.0,8.307692307692307,4.153846153846153,8.0,20.46153846153846,162.0
20,machine_replacement,structured,40,1600,4,3.0,4.0,1.0,6.9743589743589745,3.4871794871794872,8.0,18.46153846153846,136.0
20,admission_control,structured,40,1600,4,3.0,4.0,1.0,7.179487179487179,3.5897435897435894,8.0,18.769230769230766,140.0
20,resource_allocation,structured,40,1600,4,3.0,4.0,1.0,8.512820512820513,4.256410256410256,8.0,20.769230769230766,166.0
20,random_structured,structured,40,1600,4,3.0,4.0,1.0,7.384615384615384,3.692307692307692,8.0,19.076923076923077,144.0
20,oscillatory_fragmented,unstructured,40,1600,4,3.0,33.0,8.25,33.794871794871796,16.897435897435898,44.25,94.9423076923077,659.0
20,inventory_threshold,structured,60,3600,4,3.0,4.0,1.0,8.203389830508474,4.101694915254237,8.0,20.305084745762713,242.0
20,machine_replacement,structured,60,3600,4,3.0,4.0,1.0,6.8474576271186445,3.4237288135593222,8.0,18.271186440677965,202.0
20,admission_control,structured,60,3600,4,3.0,4.0,1.0,7.11864406779661,3.559322033898305,8.0,18.677966101694913,210.0
20,resource_allocation,structured,60,3600,4,3.0,4.0,1.0,8.474576271186441,4.237288135593221,8.0,20.711864406779664,250.0
20,random_structured,structured,60,3600,4,3.0,4.0,1.0,7.389830508474576,3.694915254237288,8.0,19.084745762711865,218.0
20,oscillatory_fragmented,unstructured,60,3600,4,3.0,33.0,8.25,33.86440677966102,16.93220338983051,44.25,95.04661016949152,999.0
20,inventory_threshold,structured,80,6400,4,3.0,4.0,1.0,8.20253164556962,4.10126582278481,8.0,20.303797468354432,324.0
20,machine_replacement,structured,80,6400,4,3.0,4.0,1.0,6.886075949367089,3.4430379746835444,8.0,18.329113924050635,272.0
20,admission_control,structured,80,6400,4,3.0,4.0,1.0,7.063291139240506,3.531645569620253,8.0,18.594936708860757,279.0
20,resource_allocation,structured,80,6400,4,3.0,4.0,1.0,8.455696202531646,4.227848101265823,8.0,20.683544303797472,334.0
20,random_structured,structured,80,6400,4,3.0,4.0,1.0,7.443037974683544,3.721518987341772,8.0,19.164556962025316,294.0
20,oscillatory_fragmented,unstructured,80,6400,4,3.0,33.0,8.25,34.10126582278481,17.050632911392405,44.25,95.40189873417722,1347.0
20,inventory_threshold,structured,120,14400,4,3.0,4.0,1.0,8.168067226890756,4.084033613445378,8.0,20.252100840336134,486.0
20,machine_replacement,structured,120,14400,4,3.0,4.0,1.0,6.857142857142857,3.4285714285714284,8.0,18.285714285714285,408.0
20,admission_control,structured,120,14400,4,3.0,4.0,1.0,7.0588235294117645,3.5294117647058822,8.0,18.588235294117645,420.0
20,resource_allocation,structured,120,14400,4,3.0,4.0,1.0,8.436974789915967,4.218487394957983,8.0,20.655462184873947,502.0
20,random_structured,structured,120,14400,4,3.0,4.0,1.0,7.394957983193277,3.6974789915966384,8.0,19.092436974789916,440.0
20,oscillatory_fragmented,unstructured,120,14400,4,3.0,33.0,8.25,33.94957983193277,16.974789915966387,44.25,95.17436974789915,2020.0
20,inventory_threshold,structured,160,25600,4,3.0,4.0,1.0,8.150943396226415,4.0754716981132075,8.0,20.226415094339625,648.0
20,machine_replacement,structured,160,25600,4,3.0,4.0,1.0,6.817610062893082,3.408805031446541,8.0,18.22641509433962,542.0
20,admission_control,structured,160,25600,4,3.0,4.0,1.0,7.044025157232705,3.5220125786163523,8.0,18.566037735849058,560.0
20,resource_allocation,structured,160,25600,4,3.0,4.0,1.0,8.427672955974844,4.213836477987422,8.0,20.641509433962263,670.0
20,random_structured,structured,160,25600,4,3.0,4.0,1.0,7.371069182389937,3.6855345911949686,8.0,19.056603773584907,586.0
20,oscillatory_fragmented,unstructured,160,25600,4,3.0,33.0,8.25,34.0,17.0,44.25,95.25,2703.0
20,inventory_threshold,structured,240,57600,4,3.0,4.0,1.0,8.13389121338912,4.06694560669456,8.0,20.20083682008368,972.0
20,machine_replacement,structured,240,57600,4,3.0,4.0,1.0,6.8117154811715475,3.4058577405857737,8.0,18.21757322175732,814.0
20,admission_control,structured,240,57600,4,3.0,4.0,1.0,7.02928870292887,3.514644351464435,8.0,18.543933054393307,840.0
20,resource_allocation,structured,240,57600,4,3.0,4.0,1.0,8.401673640167363,4.200836820083682,8.0,20.602510460251047,1004.0
20,random_structured,structured,240,57600,4,3.0,4.0,1.0,7.347280334728032,3.673640167364016,8.0,19.02092050209205,878.0
20,oscillatory_fragmented,unstructured,240,57600,4,3.0,34.0,8.5,33.98326359832636,16.99163179916318,45.5,96.47489539748955,4061.0
20,inventory_threshold,structured,320,102400,4,3.0,4.0,1.0,8.12539184952978,4.06269592476489,8.0,20.188087774294672,1296.0
20,machine_replacement,structured,320,102400,4,3.0,4.0,1.0,6.808777429467084,3.404388714733542,8.0,18.213166144200628,1086.0
20,admission_control,structured,320,102400,4,3.0,4.0,1.0,7.015673981191222,3.507836990595611,8.0,18.523510971786834,1119.0
20,resource_allocation,structured,320,102400,4,3.0,4.0,1.0,8.401253918495298,4.200626959247649,8.0,20.60188087774295,1340.0
20,random_structured,structured,320,102400,4,3.0,4.0,1.0,7.347962382445141,3.6739811912225706,8.0,19.021943573667713,1172.0
20,oscillatory_fragmented,unstructured,320,102400,4,3.0,34.0,8.5,34.05015673981191,17.025078369905955,45.5,96.57523510971787,5431.0
21,inventory_threshold,structured,40,1600,4,3.0,4.0,1.0,8.307692307692307,4.153846153846153,8.0,20.46153846153846,162.0
21,machine_replacement,structured,40,1600,4,3.0,4.0,1.0,6.9743589743589745,3.4871794871794872,8.0,18.46153846153846,136.0
21,admission_control,structured,40,1600,4,3.0,4.0,1.0,7.179487179487179,3.5897435897435894,8.0,18.769230769230766,140.0
21,resource_allocation,structured,40,1600,4,3.0,4.0,1.0,8.512820512820513,4.256410256410256,8.0,20.769230769230766,166.0
21,random_structured,structured,40,1600,4,3.0,4.0,1.0,7.384615384615384,3.692307692307692,8.0,19.076923076923077,144.0
21,oscillatory_fragmented,unstructured,40,1600,4,3.0,33.0,8.25,33.794871794871796,16.897435897435898,44.25,94.9423076923077,659.0
21,inventory_threshold,structured,60,3600,4,3.0,4.0,1.0,8.203389830508474,4.101694915254237,8.0,20.305084745762713,242.0
21,machine_replacement,structured,60,3600,4,3.0,4.0,1.0,6.8474576271186445,3.4237288135593222,8.0,18.271186440677965,202.0
21,admission_control,structured,60,3600,4,3.0,4.0,1.0,7.11864406779661,3.559322033898305,8.0,18.677966101694913,210.0
21,resource_allocation,structured,60,3600,4,3.0,4.0,1.0,8.474576271186441,4.237288135593221,8.0,20.711864406779664,250.0
21,random_structured,structured,60,3600,4,3.0,4.0,1.0,7.322033898305085,3.6610169491525424,8.0,18.983050847457626,216.0
21,oscillatory_fragmented,unstructured,60,3600,4,3.0,33.0,8.25,33.86440677966102,16.93220338983051,44.25,95.04661016949152,999.0
21,inventory_threshold,structured,80,6400,4,3.0,4.0,1.0,8.20253164556962,4.10126582278481,8.0,20.303797468354432,324.0
21,machine_replacement,structured,80,6400,4,3.0,4.0,1.0,6.886075949367089,3.4430379746835444,8.0,18.329113924050635,272.0
21,admission_control,structured,80,6400,4,3.0,4.0,1.0,7.063291139240506,3.531645569620253,8.0,18.594936708860757,279.0
21,resource_allocation,structured,80,6400,4,3.0,4.0,1.0,8.455696202531646,4.227848101265823,8.0,20.683544303797472,334.0
21,random_structured,structured,80,6400,4,3.0,4.0,1.0,7.189873417721519,3.5949367088607596,8.0,18.78481012658228,284.0
21,oscillatory_fragmented,unstructured,80,6400,4,3.0,33.0,8.25,34.10126582278481,17.050632911392405,44.25,95.40189873417722,1347.0
21,inventory_threshold,structured,120,14400,4,3.0,4.0,1.0,8.168067226890756,4.084033613445378,8.0,20.252100840336134,486.0
21,machine_replacement,structured,120,14400,4,3.0,4.0,1.0,6.857142857142857,3.4285714285714284,8.0,18.285714285714285,408.0
21,admission_control,structured,120,14400,4,3.0,4.0,1.0,7.0588235294117645,3.5294117647058822,8.0,18.588235294117645,420.0
21,resource_allocation,structured,120,14400,4,3.0,4.0,1.0,8.436974789915967,4.218487394957983,8.0,20.655462184873947,502.0
21,random_structured,structured,120,14400,4,3.0,4.0,1.0,7.193277310924369,3.5966386554621845,8.0,18.789915966386552,428.0
21,oscillatory_fragmented,unstructured,120,14400,4,3.0,33.0,8.25,33.94957983193277,16.974789915966387,44.25,95.17436974789915,2020.0
21,inventory_threshold,structured,160,25600,4,3.0,4.0,1.0,8.150943396226415,4.0754716981132075,8.0,20.226415094339625,648.0
21,machine_replacement,structured,160,25600,4,3.0,4.0,1.0,6.817610062893082,3.408805031446541,8.0,18.22641509433962,542.0
21,admission_control,structured,160,25600,4,3.0,4.0,1.0,7.044025157232705,3.5220125786163523,8.0,18.566037735849058,560.0
21,resource_allocation,structured,160,25600,4,3.0,4.0,1.0,8.427672955974844,4.213836477987422,8.0,20.641509433962263,670.0
21,random_structured,structured,160,25600,4,3.0,4.0,1.0,7.169811320754717,3.5849056603773586,8.0,18.754716981132077,570.0
21,oscillatory_fragmented,unstructured,160,25600,4,3.0,33.0,8.25,34.0,17.0,44.25,95.25,2703.0
21,inventory_threshold,structured,240,57600,4,3.0,4.0,1.0,8.13389121338912,4.06694560669456,8.0,20.20083682008368,972.0
21,machine_replacement,structured,240,57600,4,3.0,4.0,1.0,6.8117154811715475,3.4058577405857737,8.0,18.21757322175732,814.0
21,admission_control,structured,240,57600,4,3.0,4.0,1.0,7.02928870292887,3.514644351464435,8.0,18.543933054393307,840.0
21,resource_allocation,structured,240,57600,4,3.0,4.0,1.0,8.401673640167363,4.200836820083682,8.0,20.602510460251047,1004.0
21,random_structured,structured,240,57600,4,3.0,4.0,1.0,7.146443514644351,3.5732217573221754,8.0,18.719665271966527,854.0
21,oscillatory_fragmented,unstructured,240,57600,4,3.0,34.0,8.5,33.98326359832636,16.99163179916318,45.5,96.47489539748955,4061.0
21,inventory_threshold,structured,320,102400,4,3.0,4.0,1.0,8.12539184952978,4.06269592476489,8.0,20.188087774294672,1296.0
21,machine_replacement,structured,320,102400,4,3.0,4.0,1.0,6.808777429467084,3.404388714733542,8.0,18.213166144200628,1086.0
21,admission_control,structured,320,102400,4,3.0,4.0,1.0,7.015673981191222,3.507836990595611,8.0,18.523510971786834,1119.0
21,resource_allocation,structured,320,102400,4,3.0,4.0,1.0,8.401253918495298,4.200626959247649,8.0,20.60188087774295,1340.0
21,random_structured,structured,320,102400,4,3.0,4.0,1.0,7.147335423197492,3.573667711598746,8.0,18.721003134796238,1140.0
21,oscillatory_fragmented,unstructured,320,102400,4,3.0,34.0,8.5,34.05015673981191,17.025078369905955,45.5,96.57523510971787,5431.0
22,inventory_threshold,structured,40,1600,4,3.0,4.0,1.0,8.307692307692307,4.153846153846153,8.0,20.46153846153846,162.0
22,machine_replacement,structured,40,1600,4,3.0,4.0,1.0,6.9743589743589745,3.4871794871794872,8.0,18.46153846153846,136.0
22,admission_control,structured,40,1600,4,3.0,4.0,1.0,7.179487179487179,3.5897435897435894,8.0,18.769230769230766,140.0
22,resource_allocation,structured,40,1600,4,3.0,4.0,1.0,8.512820512820513,4.256410256410256,8.0,20.769230769230766,166.0
22,random_structured,structured,40,1600,4,3.0,4.0,1.0,6.9743589743589745,3.4871794871794872,8.0,18.46153846153846,136.0
22,oscillatory_fragmented,unstructured,40,1600,4,3.0,33.0,8.25,33.794871794871796,16.897435897435898,44.25,94.9423076923077,659.0
22,inventory_threshold,structured,60,3600,4,3.0,4.0,1.0,8.203389830508474,4.101694915254237,8.0,20.305084745762713,242.0
22,machine_replacement,structured,60,3600,4,3.0,4.0,1.0,6.8474576271186445,3.4237288135593222,8.0,18.271186440677965,202.0
22,admission_control,structured,60,3600,4,3.0,4.0,1.0,7.11864406779661,3.559322033898305,8.0,18.677966101694913,210.0
22,resource_allocation,structured,60,3600,4,3.0,4.0,1.0,8.474576271186441,4.237288135593221,8.0,20.711864406779664,250.0
22,random_structured,structured,60,3600,4,3.0,4.0,1.0,6.915254237288136,3.457627118644068,8.0,18.372881355932204,204.0
22,oscillatory_fragmented,unstructured,60,3600,4,3.0,33.0,8.25,33.86440677966102,16.93220338983051,44.25,95.04661016949152,999.0
22,inventory_threshold,structured,80,6400,4,3.0,4.0,1.0,8.20253164556962,4.10126582278481,8.0,20.303797468354432,324.0
22,machine_replacement,structured,80,6400,4,3.0,4.0,1.0,6.886075949367089,3.4430379746835444,8.0,18.329113924050635,272.0
22,admission_control,structured,80,6400,4,3.0,4.0,1.0,7.063291139240506,3.531645569620253,8.0,18.594936708860757,279.0
22,resource_allocation,structured,80,6400,4,3.0,4.0,1.0,8.455696202531646,4.227848101265823,8.0,20.683544303797472,334.0
22,random_structured,structured,80,6400,4,3.0,4.0,1.0,6.936708860759493,3.4683544303797467,8.0,18.40506329113924,274.0
22,oscillatory_fragmented,unstructured,80,6400,4,3.0,33.0,8.25,34.10126582278481,17.050632911392405,44.25,95.40189873417722,1347.0
22,inventory_threshold,structured,120,14400,4,3.0,4.0,1.0,8.168067226890756,4.084033613445378,8.0,20.252100840336134,486.0
22,machine_replacement,structured,120,14400,4,3.0,4.0,1.0,6.857142857142857,3.4285714285714284,8.0,18.285714285714285,408.0
22,admission_control,structured,120,14400,4,3.0,4.0,1.0,7.0588235294117645,3.5294117647058822,8.0,18.588235294117645,420.0
22,resource_allocation,structured,120,14400,4,3.0,4.0,1.0,8.436974789915967,4.218487394957983,8.0,20.655462184873947,502.0
22,random_structured,structured,120,14400,4,3.0,4.0,1.0,6.924369747899159,3.4621848739495795,8.0,18.386554621848738,412.0
22,oscillatory_fragmented,unstructured,120,14400,4,3.0,33.0,8.25,33.94957983193277,16.974789915966387,44.25,95.17436974789915,2020.0
22,inventory_threshold,structured,160,25600,4,3.0,4.0,1.0,8.150943396226415,4.0754716981132075,8.0,20.226415094339625,648.0
22,machine_replacement,structured,160,25600,4,3.0,4.0,1.0,6.817610062893082,3.408805031446541,8.0,18.22641509433962,542.0
22,admission_control,structured,160,25600,4,3.0,4.0,1.0,7.044025157232705,3.5220125786163523,8.0,18.566037735849058,560.0
22,resource_allocation,structured,160,25600,4,3.0,4.0,1.0,8.427672955974844,4.213836477987422,8.0,20.641509433962263,670.0
22,random_structured,structured,160,25600,4,3.0,4.0,1.0,6.918238993710692,3.459119496855346,8.0,18.37735849056604,550.0
22,oscillatory_fragmented,unstructured,160,25600,4,3.0,33.0,8.25,34.0,17.0,44.25,95.25,2703.0
22,inventory_threshold,structured,240,57600,4,3.0,4.0,1.0,8.13389121338912,4.06694560669456,8.0,20.20083682008368,972.0
22,machine_replacement,structured,240,57600,4,3.0,4.0,1.0,6.8117154811715475,3.4058577405857737,8.0,18.21757322175732,814.0
22,admission_control,structured,240,57600,4,3.0,4.0,1.0,7.02928870292887,3.514644351464435,8.0,18.543933054393307,840.0
22,resource_allocation,structured,240,57600,4,3.0,4.0,1.0,8.401673640167363,4.200836820083682,8.0,20.602510460251047,1004.0
22,random_structured,structured,240,57600,4,3.0,4.0,1.0,6.878661087866108,3.439330543933054,8.0,18.317991631799163,822.0
22,oscillatory_fragmented,unstructured,240,57600,4,3.0,34.0,8.5,33.98326359832636,16.99163179916318,45.5,96.47489539748955,4061.0
22,inventory_threshold,structured,320,102400,4,3.0,4.0,1.0,8.12539184952978,4.06269592476489,8.0,20.188087774294672,1296.0
22,machine_replacement,structured,320,102400,4,3.0,4.0,1.0,6.808777429467084,3.404388714733542,8.0,18.213166144200628,1086.0
22,admission_control,structured,320,102400,4,3.0,4.0,1.0,7.015673981191222,3.507836990595611,8.0,18.523510971786834,1119.0
22,resource_allocation,structured,320,102400,4,3.0,4.0,1.0,8.401253918495298,4.200626959247649,8.0,20.60188087774295,1340.0
22,random_structured,structured,320,102400,4,3.0,4.0,1.0,6.871473354231974,3.435736677115987,8.0,18.30721003134796,1096.0
22,oscillatory_fragmented,unstructured,320,102400,4,3.0,34.0,8.5,34.05015673981191,17.025078369905955,45.5,96.57523510971787,5431.0
23,inventory_threshold,structured,40,1600,4,3.0,4.0,1.0,8.307692307692307,4.153846153846153,8.0,20.46153846153846,162.0
23,machine_replacement,structured,40,1600,4,3.0,4.0,1.0,6.9743589743589745,3.4871794871794872,8.0,18.46153846153846,136.0
23,admission_control,structured,40,1600,4,3.0,4.0,1.0,7.179487179487179,3.5897435897435894,8.0,18.769230769230766,140.0
23,resource_allocation,structured,40,1600,4,3.0,4.0,1.0,8.512820512820513,4.256410256410256,8.0,20.769230769230766,166.0
23,random_structured,structured,40,1600,4,3.0,4.0,1.0,7.589743589743589,3.7948717948717947,8.0,19.384615384615383,148.0
23,oscillatory_fragmented,unstructured,40,1600,4,3.0,33.0,8.25,33.794871794871796,16.897435897435898,44.25,94.9423076923077,659.0
23,inventory_threshold,structured,60,3600,4,3.0,4.0,1.0,8.203389830508474,4.101694915254237,8.0,20.305084745762713,242.0
23,machine_replacement,structured,60,3600,4,3.0,4.0,1.0,6.8474576271186445,3.4237288135593222,8.0,18.271186440677965,202.0
23,admission_control,structured,60,3600,4,3.0,4.0,1.0,7.11864406779661,3.559322033898305,8.0,18.677966101694913,210.0
23,resource_allocation,structured,60,3600,4,3.0,4.0,1.0,8.474576271186441,4.237288135593221,8.0,20.711864406779664,250.0
23,random_structured,structured,60,3600,4,3.0,4.0,1.0,7.52542372881356,3.76271186440678,8.0,19.28813559322034,222.0
23,oscillatory_fragmented,unstructured,60,3600,4,3.0,33.0,8.25,33.86440677966102,16.93220338983051,44.25,95.04661016949152,999.0
23,inventory_threshold,structured,80,6400,4,3.0,4.0,1.0,8.20253164556962,4.10126582278481,8.0,20.303797468354432,324.0
23,machine_replacement,structured,80,6400,4,3.0,4.0,1.0,6.886075949367089,3.4430379746835444,8.0,18.329113924050635,272.0
23,admission_control,structured,80,6400,4,3.0,4.0,1.0,7.063291139240506,3.531645569620253,8.0,18.594936708860757,279.0
23,resource_allocation,structured,80,6400,4,3.0,4.0,1.0,8.455696202531646,4.227848101265823,8.0,20.683544303797472,334.0
23,random_structured,structured,80,6400,4,3.0,4.0,1.0,7.493670886075949,3.7468354430379747,8.0,19.240506329113924,296.0
23,oscillatory_fragmented,unstructured,80,6400,4,3.0,33.0,8.25,34.10126582278481,17.050632911392405,44.25,95.40189873417722,1347.0
23,inventory_threshold,structured,120,14400,4,3.0,4.0,1.0,8.168067226890756,4.084033613445378,8.0,20.252100840336134,486.0
23,machine_replacement,structured,120,14400,4,3.0,4.0,1.0,6.857142857142857,3.4285714285714284,8.0,18.285714285714285,408.0
23,admission_control,structured,120,14400,4,3.0,4.0,1.0,7.0588235294117645,3.5294117647058822,8.0,18.588235294117645,420.0
23,resource_allocation,structured,120,14400,4,3.0,4.0,1.0,8.436974789915967,4.218487394957983,8.0,20.655462184873947,502.0
23,random_structured,structured,120,14400,4,3.0,4.0,1.0,7.462184873949579,3.7310924369747895,8.0,19.19327731092437,444.0
23,oscillatory_fragmented,unstructured,120,14400,4,3.0,33.0,8.25,33.94957983193277,16.974789915966387,44.25,95.17436974789915,2020.0
23,inventory_threshold,structured,160,25600,4,3.0,4.0,1.0,8.150943396226415,4.0754716981132075,8.0,20.226415094339625,648.0
23,machine_replacement,structured,160,25600,4,3.0,4.0,1.0,6.817610062893082,3.408805031446541,8.0,18.22641509433962,542.0
23,admission_control,structured,160,25600,4,3.0,4.0,1.0,7.044025157232705,3.5220125786163523,8.0,18.566037735849058,560.0
23,resource_allocation,structured,160,25600,4,3.0,4.0,1.0,8.427672955974844,4.213836477987422,8.0,20.641509433962263,670.0
23,random_structured,structured,160,25600,4,3.0,4.0,1.0,7.446540880503145,3.7232704402515724,8.0,19.169811320754718,592.0
23,oscillatory_fragmented,unstructured,160,25600,4,3.0,33.0,8.25,34.0,17.0,44.25,95.25,2703.0
23,inventory_threshold,structured,240,57600,4,3.0,4.0,1.0,8.13389121338912,4.06694560669456,8.0,20.20083682008368,972.0
23,machine_replacement,structured,240,57600,4,3.0,4.0,1.0,6.8117154811715475,3.4058577405857737,8.0,18.21757322175732,814.0
23,admission_control,structured,240,57600,4,3.0,4.0,1.0,7.02928870292887,3.514644351464435,8.0,18.543933054393307,840.0
23,resource_allocation,structured,240,57600,4,3.0,4.0,1.0,8.401673640167363,4.200836820083682,8.0,20.602510460251047,1004.0
23,random_structured,structured,240,57600,4,3.0,4.0,1.0,7.464435146443514,3.732217573221757,8.0,19.19665271966527,892.0
23,oscillatory_fragmented,unstructured,240,57600,4,3.0,34.0,8.5,33.98326359832636,16.99163179916318,45.5,96.47489539748955,4061.0
23,inventory_threshold,structured,320,102400,4,3.0,4.0,1.0,8.12539184952978,4.06269592476489,8.0,20.188087774294672,1296.0
23,machine_replacement,structured,320,102400,4,3.0,4.0,1.0,6.808777429467084,3.404388714733542,8.0,18.213166144200628,1086.0
23,admission_control,structured,320,102400,4,3.0,4.0,1.0,7.015673981191222,3.507836990595611,8.0,18.523510971786834,1119.0
23,resource_allocation,structured,320,102400,4,3.0,4.0,1.0,8.401253918495298,4.200626959247649,8.0,20.60188087774295,1340.0
23,random_structured,structured,320,102400,4,3.0,4.0,1.0,7.460815047021943,3.7304075235109715,8.0,19.191222570532915,1190.0
23,oscillatory_fragmented,unstructured,320,102400,4,3.0,34.0,8.5,34.05015673981191,17.025078369905955,45.5,96.57523510971787,5431.0
24,inventory_threshold,structured,40,1600,4,3.0,4.0,1.0,8.307692307692307,4.153846153846153,8.0,20.46153846153846,162.0
24,machine_replacement,structured,40,1600,4,3.0,4.0,1.0,6.9743589743589745,3.4871794871794872,8.0,18.46153846153846,136.0
24,admission_control,structured,40,1600,4,3.0,4.0,1.0,7.179487179487179,3.5897435897435894,8.0,18.769230769230766,140.0
24,resource_allocation,structured,40,1600,4,3.0,4.0,1.0,8.512820512820513,4.256410256410256,8.0,20.769230769230766,166.0
24,random_structured,structured,40,1600,4,3.0,4.0,1.0,7.384615384615384,3.692307692307692,8.0,19.076923076923077,144.0
24,oscillatory_fragmented,unstructured,40,1600,4,3.0,33.0,8.25,33.794871794871796,16.897435897435898,44.25,94.9423076923077,659.0
24,inventory_threshold,structured,60,3600,4,3.0,4.0,1.0,8.203389830508474,4.101694915254237,8.0,20.305084745762713,242.0
24,machine_replacement,structured,60,3600,4,3.0,4.0,1.0,6.8474576271186445,3.4237288135593222,8.0,18.271186440677965,202.0
24,admission_control,structured,60,3600,4,3.0,4.0,1.0,7.11864406779661,3.559322033898305,8.0,18.677966101694913,210.0
24,resource_allocation,structured,60,3600,4,3.0,4.0,1.0,8.474576271186441,4.237288135593221,8.0,20.711864406779664,250.0
24,random_structured,structured,60,3600,4,3.0,4.0,1.0,7.322033898305085,3.6610169491525424,8.0,18.983050847457626,216.0
24,oscillatory_fragmented,unstructured,60,3600,4,3.0,33.0,8.25,33.86440677966102,16.93220338983051,44.25,95.04661016949152,999.0
24,inventory_threshold,structured,80,6400,4,3.0,4.0,1.0,8.20253164556962,4.10126582278481,8.0,20.303797468354432,324.0
24,machine_replacement,structured,80,6400,4,3.0,4.0,1.0,6.886075949367089,3.4430379746835444,8.0,18.329113924050635,272.0
24,admission_control,structured,80,6400,4,3.0,4.0,1.0,7.063291139240506,3.531645569620253,8.0,18.594936708860757,279.0
24,resource_allocation,structured,80,6400,4,3.0,4.0,1.0,8.455696202531646,4.227848101265823,8.0,20.683544303797472,334.0
24,random_structured,structured,80,6400,4,3.0,4.0,1.0,7.240506329113924,3.620253164556962,8.0,18.860759493670884,286.0
24,oscillatory_fragmented,unstructured,80,6400,4,3.0,33.0,8.25,34.10126582278481,17.050632911392405,44.25,95.40189873417722,1347.0
24,inventory_threshold,structured,120,14400,4,3.0,4.0,1.0,8.168067226890756,4.084033613445378,8.0,20.252100840336134,486.0
24,machine_replacement,structured,120,14400,4,3.0,4.0,1.0,6.857142857142857,3.4285714285714284,8.0,18.285714285714285,408.0
24,admission_control,structured,120,14400,4,3.0,4.0,1.0,7.0588235294117645,3.5294117647058822,8.0,18.588235294117645,420.0
24,resource_allocation,structured,120,14400,4,3.0,4.0,1.0,8.436974789915967,4.218487394957983,8.0,20.655462184873947,502.0
24,random_structured,structured,120,14400,4,3.0,4.0,1.0,7.193277310924369,3.5966386554621845,8.0,18.789915966386552,428.0
24,oscillatory_fragmented,unstructured,120,14400,4,3.0,33.0,8.25,33.94957983193277,16.974789915966387,44.25,95.17436974789915,2020.0
24,inventory_threshold,structured,160,25600,4,3.0,4.0,1.0,8.150943396226415,4.0754716981132075,8.0,20.226415094339625,648.0
24,machine_replacement,structured,160,25600,4,3.0,4.0,1.0,6.817610062893082,3.408805031446541,8.0,18.22641509433962,542.0
24,admission_control,structured,160,25600,4,3.0,4.0,1.0,7.044025157232705,3.5220125786163523,8.0,18.566037735849058,560.0
24,resource_allocation,structured,160,25600,4,3.0,4.0,1.0,8.427672955974844,4.213836477987422,8.0,20.641509433962263,670.0
24,random_structured,structured,160,25600,4,3.0,4.0,1.0,7.19496855345912,3.59748427672956,8.0,18.79245283018868,572.0
24,oscillatory_fragmented,unstructured,160,25600,4,3.0,33.0,8.25,34.0,17.0,44.25,95.25,2703.0
24,inventory_threshold,structured,240,57600,4,3.0,4.0,1.0,8.13389121338912,4.06694560669456,8.0,20.20083682008368,972.0
24,machine_replacement,structured,240,57600,4,3.0,4.0,1.0,6.8117154811715475,3.4058577405857737,8.0,18.21757322175732,814.0
24,admission_control,structured,240,57600,4,3.0,4.0,1.0,7.02928870292887,3.514644351464435,8.0,18.543933054393307,840.0
24,resource_allocation,structured,240,57600,4,3.0,4.0,1.0,8.401673640167363,4.200836820083682,8.0,20.602510460251047,1004.0
24,random_structured,structured,240,57600,4,3.0,4.0,1.0,7.179916317991631,3.5899581589958154,8.0,18.769874476987447,858.0
24,oscillatory_fragmented,unstructured,240,57600,4,3.0,34.0,8.5,33.98326359832636,16.99163179916318,45.5,96.47489539748955,4061.0
24,inventory_threshold,structured,320,102400,4,3.0,4.0,1.0,8.12539184952978,4.06269592476489,8.0,20.188087774294672,1296.0
24,machine_replacement,structured,320,102400,4,3.0,4.0,1.0,6.808777429467084,3.404388714733542,8.0,18.213166144200628,1086.0
24,admission_control,structured,320,102400,4,3.0,4.0,1.0,7.015673981191222,3.507836990595611,8.0,18.523510971786834,1119.0
24,resource_allocation,structured,320,102400,4,3.0,4.0,1.0,8.401253918495298,4.200626959247649,8.0,20.60188087774295,1340.0
24,random_structured,structured,320,102400,4,3.0,4.0,1.0,7.172413793103448,3.586206896551724,8.0,18.758620689655174,1144.0
24,oscillatory_fragmented,unstructured,320,102400,4,3.0,34.0,8.5,34.05015673981191,17.025078369905955,45.5,96.57523510971787,5431.0
25,inventory_threshold,structured,40,1600,4,3.0,4.0,1.0,8.307692307692307,4.153846153846153,8.0,20.46153846153846,162.0
25,machine_replacement,structured,40,1600,4,3.0,4.0,1.0,6.9743589743589745,3.4871794871794872,8.0,18.46153846153846,136.0
25,admission_control,structured,40,1600,4,3.0,4.0,1.0,7.179487179487179,3.5897435897435894,8.0,18.769230769230766,140.0
25,resource_allocation,structured,40,1600,4,3.0,4.0,1.0,8.512820512820513,4.256410256410256,8.0,20.769230769230766,166.0
25,random_structured,structured,40,1600,4,3.0,4.0,1.0,7.384615384615384,3.692307692307692,8.0,19.076923076923077,144.0
25,oscillatory_fragmented,unstructured,40,1600,4,3.0,33.0,8.25,33.794871794871796,16.897435897435898,44.25,94.9423076923077,659.0
25,inventory_threshold,structured,60,3600,4,3.0,4.0,1.0,8.203389830508474,4.101694915254237,8.0,20.305084745762713,242.0
25,machine_replacement,structured,60,3600,4,3.0,4.0,1.0,6.8474576271186445,3.4237288135593222,8.0,18.271186440677965,202.0
25,admission_control,structured,60,3600,4,3.0,4.0,1.0,7.11864406779661,3.559322033898305,8.0,18.677966101694913,210.0
25,resource_allocation,structured,60,3600,4,3.0,4.0,1.0,8.474576271186441,4.237288135593221,8.0,20.711864406779664,250.0
25,random_structured,structured,60,3600,4,3.0,4.0,1.0,7.389830508474576,3.694915254237288,8.0,19.084745762711865,218.0
25,oscillatory_fragmented,unstructured,60,3600,4,3.0,33.0,8.25,33.86440677966102,16.93220338983051,44.25,95.04661016949152,999.0
25,inventory_threshold,structured,80,6400,4,3.0,4.0,1.0,8.20253164556962,4.10126582278481,8.0,20.303797468354432,324.0
25,machine_replacement,structured,80,6400,4,3.0,4.0,1.0,6.886075949367089,3.4430379746835444,8.0,18.329113924050635,272.0
25,admission_control,structured,80,6400,4,3.0,4.0,1.0,7.063291139240506,3.531645569620253,8.0,18.594936708860757,279.0
25,resource_allocation,structured,80,6400,4,3.0,4.0,1.0,8.455696202531646,4.227848101265823,8.0,20.683544303797472,334.0
25,random_structured,structured,80,6400,4,3.0,4.0,1.0,7.341772151898734,3.670886075949367,8.0,19.0126582278481,290.0
25,oscillatory_fragmented,unstructured,80,6400,4,3.0,33.0,8.25,34.10126582278481,17.050632911392405,44.25,95.40189873417722,1347.0
25,inventory_threshold,structured,120,14400,4,3.0,4.0,1.0,8.168067226890756,4.084033613445378,8.0,20.252100840336134,486.0
25,machine_replacement,structured,120,14400,4,3.0,4.0,1.0,6.857142857142857,3.4285714285714284,8.0,18.285714285714285,408.0
25,admission_control,structured,120,14400,4,3.0,4.0,1.0,7.0588235294117645,3.5294117647058822,8.0,18.588235294117645,420.0
25,resource_allocation,structured,120,14400,4,3.0,4.0,1.0,8.436974789915967,4.218487394957983,8.0,20.655462184873947,502.0
25,random_structured,structured,120,14400,4,3.0,4.0,1.0,7.294117647058823,3.6470588235294117,8.0,18.941176470588236,434.0
25,oscillatory_fragmented,unstructured,120,14400,4,3.0,33.0,8.25,33.94957983193277,16.974789915966387,44.25,95.17436974789915,2020.0
25,inventory_threshold,structured,160,25600,4,3.0,4.0,1.0,8.150943396226415,4.0754716981132075,8.0,20.226415094339625,648.0
25,machine_replacement,structured,160,25600,4,3.0,4.0,1.0,6.817610062893082,3.408805031446541,8.0,18.22641509433962,542.0
25,admission_control,structured,160,25600,4,3.0,4.0,1.0,7.044025157232705,3.5220125786163523,8.0,18.566037735849058,560.0
25,resource_allocation,structured,160,25600,4,3.0,4.0,1.0,8.427672955974844,4.213836477987422,8.0,20.641509433962263,670.0
25,random_structured,structured,160,25600,4,3.0,4.0,1.0,7.29559748427673,3.647798742138365,8.0,18.943396226415096,580.0
25,oscillatory_fragmented,unstructured,160,25600,4,3.0,33.0,8.25,34.0,17.0,44.25,95.25,2703.0
25,inventory_threshold,structured,240,57600,4,3.0,4.0,1.0,8.13389121338912,4.06694560669456,8.0,20.20083682008368,972.0
25,machine_replacement,structured,240,57600,4,3.0,4.0,1.0,6.8117154811715475,3.4058577405857737,8.0,18.21757322175732,814.0
25,admission_control,structured,240,57600,4,3.0,4.0,1.0,7.02928870292887,3.514644351464435,8.0,18.543933054393307,840.0
25,resource_allocation,structured,240,57600,4,3.0,4.0,1.0,8.401673640167363,4.200836820083682,8.0,20.602510460251047,1004.0
25,random_structured,structured,240,57600,4,3.0,4.0,1.0,7.2803347280334725,3.6401673640167362,8.0,18.92050209205021,870.0
25,oscillatory_fragmented,unstructured,240,57600,4,3.0,34.0,8.5,33.98326359832636,16.99163179916318,45.5,96.47489539748955,4061.0
25,inventory_threshold,structured,320,102400,4,3.0,4.0,1.0,8.12539184952978,4.06269592476489,8.0,20.188087774294672,1296.0
25,machine_replacement,structured,320,102400,4,3.0,4.0,1.0,6.808777429467084,3.404388714733542,8.0,18.213166144200628,1086.0
25,admission_control,structured,320,102400,4,3.0,4.0,1.0,7.015673981191222,3.507836990595611,8.0,18.523510971786834,1119.0
25,resource_allocation,structured,320,102400,4,3.0,4.0,1.0,8.401253918495298,4.200626959247649,8.0,20.60188087774295,1340.0
25,random_structured,structured,320,102400,4,3.0,4.0,1.0,7.2727272727272725,3.6363636363636362,8.0,18.90909090909091,1160.0
25,oscillatory_fragmented,unstructured,320,102400,4,3.0,34.0,8.5,34.05015673981191,17.025078369905955,45.5,96.57523510971787,5431.0
26,inventory_threshold,structured,40,1600,4,3.0,4.0,1.0,8.307692307692307,4.153846153846153,8.0,20.46153846153846,162.0
26,machine_replacement,structured,40,1600,4,3.0,4.0,1.0,6.9743589743589745,3.4871794871794872,8.0,18.46153846153846,136.0
26,admission_control,structured,40,1600,4,3.0,4.0,1.0,7.179487179487179,3.5897435897435894,8.0,18.769230769230766,140.0
26,resource_allocation,structured,40,1600,4,3.0,4.0,1.0,8.512820512820513,4.256410256410256,8.0,20.769230769230766,166.0
26,random_structured,structured,40,1600,4,3.0,4.0,1.0,6.769230769230769,3.3846153846153846,8.0,18.153846153846153,132.0
26,oscillatory_fragmented,unstructured,40,1600,4,3.0,33.0,8.25,33.794871794871796,16.897435897435898,44.25,94.9423076923077,659.0
26,inventory_threshold,structured,60,3600,4,3.0,4.0,1.0,8.203389830508474,4.101694915254237,8.0,20.305084745762713,242.0
26,machine_replacement,structured,60,3600,4,3.0,4.0,1.0,6.8474576271186445,3.4237288135593222,8.0,18.271186440677965,202.0
26,admission_control,structured,60,3600,4,3.0,4.0,1.0,7.11864406779661,3.559322033898305,8.0,18.677966101694913,210.0
26,resource_allocation,structured,60,3600,4,3.0,4.0,1.0,8.474576271186441,4.237288135593221,8.0,20.711864406779664,250.0
26,random_structured,structured,60,3600,4,3.0,4.0,1.0,6.711864406779661,3.3559322033898304,8.0,18.06779661016949,198.0
26,oscillatory_fragmented,unstructured,60,3600,4,3.0,33.0,8.25,33.86440677966102,16.93220338983051,44.25,95.04661016949152,999.0
26,inventory_threshold,structured,80,6400,4,3.0,4.0,1.0,8.20253164556962,4.10126582278481,8.0,20.303797468354432,324.0
26,machine_replacement,structured,80,6400,4,3.0,4.0,1.0,6.886075949367089,3.4430379746835444,8.0,18.329113924050635,272.0
26,admission_control,structured,80,6400,4,3.0,4.0,1.0,7.063291139240506,3.531645569620253,8.0,18.594936708860757,279.0
26,resource_allocation,structured,80,6400,4,3.0,4.0,1.0,8.455696202531646,4.227848101265823,8.0,20.683544303797472,334.0
26,random_structured,structured,80,6400,4,3.0,4.0,1.0,6.632911392405063,3.3164556962025316,8.0,17.949367088607595,262.0
26,oscillatory_fragmented,unstructured,80,6400,4,3.0,33.0,8.25,34.10126582278481,17.050632911392405,44.25,95.40189873417722,1347.0
26,inventory_threshold,structured,120,14400,4,3.0,4.0,1.0,8.168067226890756,4.084033613445378,8.0,20.252100840336134,486.0
26,machine_replacement,structured,120,14400,4,3.0,4.0,1.0,6.857142857142857,3.4285714285714284,8.0,18.285714285714285,408.0
26,admission_control,structured,120,14400,4,3.0,4.0,1.0,7.0588235294117645,3.5294117647058822,8.0,18.588235294117645,420.0
26,resource_allocation,structured,120,14400,4,3.0,4.0,1.0,8.436974789915967,4.218487394957983,8.0,20.655462184873947,502.0
26,random_structured,structured,120,14400,4,3.0,4.0,1.0,6.621848739495798,3.310924369747899,8.0,17.932773109243698,394.0
26,oscillatory_fragmented,unstructured,120,14400,4,3.0,33.0,8.25,33.94957983193277,16.974789915966387,44.25,95.17436974789915,2020.0
26,inventory_threshold,structured,160,25600,4,3.0,4.0,1.0,8.150943396226415,4.0754716981132075,8.0,20.226415094339625,648.0
26,machine_replacement,structured,160,25600,4,3.0,4.0,1.0,6.817610062893082,3.408805031446541,8.0,18.22641509433962,542.0
26,admission_control,structured,160,25600,4,3.0,4.0,1.0,7.044025157232705,3.5220125786163523,8.0,18.566037735849058,560.0
26,resource_allocation,structured,160,25600,4,3.0,4.0,1.0,8.427672955974844,4.213836477987422,8.0,20.641509433962263,670.0
26,random_structured,structured,160,25600,4,3.0,4.0,1.0,6.616352201257862,3.308176100628931,8.0,17.92452830188679,526.0
26,oscillatory_fragmented,unstructured,160,25600,4,3.0,33.0,8.25,34.0,17.0,44.25,95.25,2703.0
26,inventory_threshold,structured,240,57600,4,3.0,4.0,1.0,8.13389121338912,4.06694560669456,8.0,20.20083682008368,972.0
26,machine_replacement,structured,240,57600,4,3.0,4.0,1.0,6.8117154811715475,3.4058577405857737,8.0,18.21757322175732,814.0
26,admission_control,structured,240,57600,4,3.0,4.0,1.0,7.02928870292887,3.514644351464435,8.0,18.543933054393307,840.0
26,resource_allocation,structured,240,57600,4,3.0,4.0,1.0,8.401673640167363,4.200836820083682,8.0,20.602510460251047,1004.0
26,random_structured,structured,240,57600,4,3.0,4.0,1.0,6.627615062761506,3.313807531380753,8.0,17.94142259414226,792.0
26,oscillatory_fragmented,unstructured,240,57600,4,3.0,34.0,8.5,33.98326359832636,16.99163179916318,45.5,96.47489539748955,4061.0
26,inventory_threshold,structured,320,102400,4,3.0,4.0,1.0,8.12539184952978,4.06269592476489,8.0,20.188087774294672,1296.0
26,machine_replacement,structured,320,102400,4,3.0,4.0,1.0,6.808777429467084,3.404388714733542,8.0,18.213166144200628,1086.0
26,admission_control,structured,320,102400,4,3.0,4.0,1.0,7.015673981191222,3.507836990595611,8.0,18.523510971786834,1119.0
26,resource_allocation,structured,320,102400,4,3.0,4.0,1.0,8.401253918495298,4.200626959247649,8.0,20.60188087774295,1340.0
26,random_structured,structured,320,102400,4,3.0,4.0,1.0,6.620689655172414,3.310344827586207,8.0,17.93103448275862,1056.0
26,oscillatory_fragmented,unstructured,320,102400,4,3.0,34.0,8.5,34.05015673981191,17.025078369905955,45.5,96.57523510971787,5431.0
27,inventory_threshold,structured,40,1600,4,3.0,4.0,1.0,8.307692307692307,4.153846153846153,8.0,20.46153846153846,162.0
27,machine_replacement,structured,40,1600,4,3.0,4.0,1.0,6.9743589743589745,3.4871794871794872,8.0,18.46153846153846,136.0
27,admission_control,structured,40,1600,4,3.0,4.0,1.0,7.179487179487179,3.5897435897435894,8.0,18.769230769230766,140.0
27,resource_allocation,structured,40,1600,4,3.0,4.0,1.0,8.512820512820513,4.256410256410256,8.0,20.769230769230766,166.0
27,random_structured,structured,40,1600,4,3.0,4.0,1.0,6.871794871794871,3.4358974358974357,8.0,18.307692307692307,134.0
27,oscillatory_fragmented,unstructured,40,1600,4,3.0,33.0,8.25,33.794871794871796,16.897435897435898,44.25,94.9423076923077,659.0
27,inventory_threshold,structured,60,3600,4,3.0,4.0,1.0,8.203389830508474,4.101694915254237,8.0,20.305084745762713,242.0
27,machine_replacement,structured,60,3600,4,3.0,4.0,1.0,6.8474576271186445,3.4237288135593222,8.0,18.271186440677965,202.0
27,admission_control,structured,60,3600,4,3.0,4.0,1.0,7.11864406779661,3.559322033898305,8.0,18.677966101694913,210.0
27,resource_allocation,structured,60,3600,4,3.0,4.0,1.0,8.474576271186441,4.237288135593221,8.0,20.711864406779664,250.0
27,random_structured,structured,60,3600,4,3.0,4.0,1.0,6.915254237288136,3.457627118644068,8.0,18.372881355932204,204.0
27,oscillatory_fragmented,unstructured,60,3600,4,3.0,33.0,8.25,33.86440677966102,16.93220338983051,44.25,95.04661016949152,999.0
27,inventory_threshold,structured,80,6400,4,3.0,4.0,1.0,8.20253164556962,4.10126582278481,8.0,20.303797468354432,324.0
27,machine_replacement,structured,80,6400,4,3.0,4.0,1.0,6.886075949367089,3.4430379746835444,8.0,18.329113924050635,272.0
27,admission_control,structured,80,6400,4,3.0,4.0,1.0,7.063291139240506,3.531645569620253,8.0,18.594936708860757,279.0
27,resource_allocation,structured,80,6400,4,3.0,4.0,1.0,8.455696202531646,4.227848101265823,8.0,20.683544303797472,334.0
27,random_structured,structured,80,6400,4,3.0,4.0,1.0,6.8354430379746836,3.4177215189873418,8.0,18.253164556962027,270.0
27,oscillatory_fragmented,unstructured,80,6400,4,3.0,33.0,8.25,34.10126582278481,17.050632911392405,44.25,95.40189873417722,1347.0
27,inventory_threshold,structured,120,14400,4,3.0,4.0,1.0,8.168067226890756,4.084033613445378,8.0,20.252100840336134,486.0
27,machine_replacement,structured,120,14400,4,3.0,4.0,1.0,6.857142857142857,3.4285714285714284,8.0,18.285714285714285,408.0
27,admission_control,structured,120,14400,4,3.0,4.0,1.0,7.0588235294117645,3.5294117647058822,8.0,18.588235294117645,420.0
27,resource_allocation,structured,120,14400,4,3.0,4.0,1.0,8.436974789915967,4.218487394957983,8.0,20.655462184873947,502.0
27,random_structured,structured,120,14400,4,3.0,4.0,1.0,6.7899159663865545,3.3949579831932772,8.0,18.18487394957983,404.0
27,oscillatory_fragmented,unstructured,120,14400,4,3.0,33.0,8.25,33.94957983193277,16.974789915966387,44.25,95.17436974789915,2020.0
27,inventory_threshold,structured,160,25600,4,3.0,4.0,1.0,8.150943396226415,4.0754716981132075,8.0,20.226415094339625,648.0
27,machine_replacement,structured,160,25600,4,3.0,4.0,1.0,6.817610062893082,3.408805031446541,8.0,18.22641509433962,542.0
27,admission_control,structured,160,25600,4,3.0,4.0,1.0,7.044025157232705,3.5220125786163523,8.0,18.566037735849058,560.0
27,resource_allocation,structured,160,25600,4,3.0,4.0,1.0,8.427672955974844,4.213836477987422,8.0,20.641509433962263,670.0
27,random_structured,structured,160,25600,4,3.0,4.0,1.0,6.817610062893082,3.408805031446541,8.0,18.22641509433962,542.0
27,oscillatory_fragmented,unstructured,160,25600,4,3.0,33.0,8.25,34.0,17.0,44.25,95.25,2703.0
27,inventory_threshold,structured,240,57600,4,3.0,4.0,1.0,8.13389121338912,4.06694560669456,8.0,20.20083682008368,972.0
27,machine_replacement,structured,240,57600,4,3.0,4.0,1.0,6.8117154811715475,3.4058577405857737,8.0,18.21757322175732,814.0
27,admission_control,structured,240,57600,4,3.0,4.0,1.0,7.02928870292887,3.514644351464435,8.0,18.543933054393307,840.0
27,resource_allocation,structured,240,57600,4,3.0,4.0,1.0,8.401673640167363,4.200836820083682,8.0,20.602510460251047,1004.0
27,random_structured,structured,240,57600,4,3.0,4.0,1.0,6.7949790794979075,3.3974895397489537,8.0,18.19246861924686,812.0
27,oscillatory_fragmented,unstructured,240,57600,4,3.0,34.0,8.5,33.98326359832636,16.99163179916318,45.5,96.47489539748955,4061.0
27,inventory_threshold,structured,320,102400,4,3.0,4.0,1.0,8.12539184952978,4.06269592476489,8.0,20.188087774294672,1296.0
27,machine_replacement,structured,320,102400,4,3.0,4.0,1.0,6.808777429467084,3.404388714733542,8.0,18.213166144200628,1086.0
27,admission_control,structured,320,102400,4,3.0,4.0,1.0,7.015673981191222,3.507836990595611,8.0,18.523510971786834,1119.0
27,resource_allocation,structured,320,102400,4,3.0,4.0,1.0,8.401253918495298,4.200626959247649,8.0,20.60188087774295,1340.0
27,random_structured,structured,320,102400,4,3.0,4.0,1.0,6.7962382445141065,3.3981191222570533,8.0,18.19435736677116,1084.0
27,oscillatory_fragmented,unstructured,320,102400,4,3.0,34.0,8.5,34.05015673981191,17.025078369905955,45.5,96.57523510971787,5431.0
28,inventory_threshold,structured,40,1600,4,3.0,4.0,1.0,8.307692307692307,4.153846153846153,8.0,20.46153846153846,162.0
28,machine_replacement,structured,40,1600,4,3.0,4.0,1.0,6.9743589743589745,3.4871794871794872,8.0,18.46153846153846,136.0
28,admission_control,structured,40,1600,4,3.0,4.0,1.0,7.179487179487179,3.5897435897435894,8.0,18.769230769230766,140.0
28,resource_allocation,structured,40,1600,4,3.0,4.0,1.0,8.512820512820513,4.256410256410256,8.0,20.769230769230766,166.0
28,random_structured,structured,40,1600,4,3.0,4.0,1.0,7.179487179487179,3.5897435897435894,8.0,18.769230769230766,140.0
28,oscillatory_fragmented,unstructured,40,1600,4,3.0,33.0,8.25,33.794871794871796,16.897435897435898,44.25,94.9423076923077,659.0
28,inventory_threshold,structured,60,3600,4,3.0,4.0,1.0,8.203389830508474,4.101694915254237,8.0,20.305084745762713,242.0
28,machine_replacement,structured,60,3600,4,3.0,4.0,1.0,6.8474576271186445,3.4237288135593222,8.0,18.271186440677965,202.0
28,admission_control,structured,60,3600,4,3.0,4.0,1.0,7.11864406779661,3.559322033898305,8.0,18.677966101694913,210.0
28,resource_allocation,structured,60,3600,4,3.0,4.0,1.0,8.474576271186441,4.237288135593221,8.0,20.711864406779664,250.0
28,random_structured,structured,60,3600,4,3.0,4.0,1.0,7.11864406779661,3.559322033898305,8.0,18.677966101694913,210.0
28,oscillatory_fragmented,unstructured,60,3600,4,3.0,33.0,8.25,33.86440677966102,16.93220338983051,44.25,95.04661016949152,999.0
28,inventory_threshold,structured,80,6400,4,3.0,4.0,1.0,8.20253164556962,4.10126582278481,8.0,20.303797468354432,324.0
28,machine_replacement,structured,80,6400,4,3.0,4.0,1.0,6.886075949367089,3.4430379746835444,8.0,18.329113924050635,272.0
28,admission_control,structured,80,6400,4,3.0,4.0,1.0,7.063291139240506,3.531645569620253,8.0,18.594936708860757,279.0
28,resource_allocation,structured,80,6400,4,3.0,4.0,1.0,8.455696202531646,4.227848101265823,8.0,20.683544303797472,334.0
28,random_structured,structured,80,6400,4,3.0,4.0,1.0,7.0886075949367084,3.5443037974683542,8.0,18.632911392405063,280.0
28,oscillatory_fragmented,unstructured,80,6400,4,3.0,33.0,8.25,34.10126582278481,17.050632911392405,44.25,95.40189873417722,1347.0
28,inventory_threshold,structured,120,14400,4,3.0,4.0,1.0,8.168067226890756,4.084033613445378,8.0,20.252100840336134,486.0
28,machine_replacement,structured,120,14400,4,3.0,4.0,1.0,6.857142857142857,3.4285714285714284,8.0,18.285714285714285,408.0
28,admission_control,structured,120,14400,4,3.0,4.0,1.0,7.0588235294117645,3.5294117647058822,8.0,18.588235294117645,420.0
28,resource_allocation,structured,120,14400,4,3.0,4.0,1.0,8.436974789915967,4.218487394957983,8.0,20.655462184873947,502.0
28,random_structured,structured,120,14400,4,3.0,4.0,1.0,7.126050420168067,3.5630252100840334,8.0,18.6890756302521,424.0
28,oscillatory_fragmented,unstructured,120,14400,4,3.0,33.0,8.25,33.94957983193277,16.974789915966387,44.25,95.17436974789915,2020.0
28,inventory_threshold,structured,160,25600,4,3.0,4.0,1.0,8.150943396226415,4.0754716981132075,8.0,20.226415094339625,648.0
28,machine_replacement,structured,160,25600,4,3.0,4.0,1.0,6.817610062893082,3.408805031446541,8.0,18.22641509433962,542.0
28,admission_control,structured,160,25600,4,3.0,4.0,1.0,7.044025157232705,3.5220125786163523,8.0,18.566037735849058,560.0
28,resource_allocation,structured,160,25600,4,3.0,4.0,1.0,8.427672955974844,4.213836477987422,8.0,20.641509433962263,670.0
28,random_structured,structured,160,25600,4,3.0,4.0,1.0,7.069182389937107,3.5345911949685536,8.0,18.60377358490566,562.0
28,oscillatory_fragmented,unstructured,160,25600,4,3.0,33.0,8.25,34.0,17.0,44.25,95.25,2703.0
28,inventory_threshold,structured,240,57600,4,3.0,4.0,1.0,8.13389121338912,4.06694560669456,8.0,20.20083682008368,972.0
28,machine_replacement,structured,240,57600,4,3.0,4.0,1.0,6.8117154811715475,3.4058577405857737,8.0,18.21757322175732,814.0
28,admission_control,structured,240,57600,4,3.0,4.0,1.0,7.02928870292887,3.514644351464435,8.0,18.543933054393307,840.0
28,resource_allocation,structured,240,57600,4,3.0,4.0,1.0,8.401673640167363,4.200836820083682,8.0,20.602510460251047,1004.0
28,random_structured,structured,240,57600,4,3.0,4.0,1.0,7.06276150627615,3.531380753138075,8.0,18.594142259414227,844.0
28,oscillatory_fragmented,unstructured,240,57600,4,3.0,34.0,8.5,33.98326359832636,16.99163179916318,45.5,96.47489539748955,4061.0
28,inventory_threshold,structured,320,102400,4,3.0,4.0,1.0,8.12539184952978,4.06269592476489,8.0,20.188087774294672,1296.0
28,machine_replacement,structured,320,102400,4,3.0,4.0,1.0,6.808777429467084,3.404388714733542,8.0,18.213166144200628,1086.0
28,admission_control,structured,320,102400,4,3.0,4.0,1.0,7.015673981191222,3.507836990595611,8.0,18.523510971786834,1119.0
28,resource_allocation,structured,320,102400,4,3.0,4.0,1.0,8.401253918495298,4.200626959247649,8.0,20.60188087774295,1340.0
28,random_structured,structured,320,102400,4,3.0,4.0,1.0,7.059561128526646,3.529780564263323,8.0,18.58934169278997,1126.0
28,oscillatory_fragmented,unstructured,320,102400,4,3.0,34.0,8.5,34.05015673981191,17.025078369905955,45.5,96.57523510971787,5431.0
29,inventory_threshold,structured,40,1600,4,3.0,4.0,1.0,8.307692307692307,4.153846153846153,8.0,20.46153846153846,162.0
29,machine_replacement,structured,40,1600,4,3.0,4.0,1.0,6.9743589743589745,3.4871794871794872,8.0,18.46153846153846,136.0
29,admission_control,structured,40,1600,4,3.0,4.0,1.0,7.179487179487179,3.5897435897435894,8.0,18.769230769230766,140.0
29,resource_allocation,structured,40,1600,4,3.0,4.0,1.0,8.512820512820513,4.256410256410256,8.0,20.769230769230766,166.0
29,random_structured,structured,40,1600,4,3.0,4.0,1.0,7.179487179487179,3.5897435897435894,8.0,18.769230769230766,140.0
29,oscillatory_fragmented,unstructured,40,1600,4,3.0,33.0,8.25,33.794871794871796,16.897435897435898,44.25,94.9423076923077,659.0
29,inventory_threshold,structured,60,3600,4,3.0,4.0,1.0,8.203389830508474,4.101694915254237,8.0,20.305084745762713,242.0
29,machine_replacement,structured,60,3600,4,3.0,4.0,1.0,6.8474576271186445,3.4237288135593222,8.0,18.271186440677965,202.0
29,admission_control,structured,60,3600,4,3.0,4.0,1.0,7.11864406779661,3.559322033898305,8.0,18.677966101694913,210.0
29,resource_allocation,structured,60,3600,4,3.0,4.0,1.0,8.474576271186441,4.237288135593221,8.0,20.711864406779664,250.0
29,random_structured,structured,60,3600,4,3.0,4.0,1.0,7.11864406779661,3.559322033898305,8.0,18.677966101694913,210.0
29,oscillatory_fragmented,unstructured,60,3600,4,3.0,33.0,8.25,33.86440677966102,16.93220338983051,44.25,95.04661016949152,999.0
29,inventory_threshold,structured,80,6400,4,3.0,4.0,1.0,8.20253164556962,4.10126582278481,8.0,20.303797468354432,324.0
29,machine_replacement,structured,80,6400,4,3.0,4.0,1.0,6.886075949367089,3.4430379746835444,8.0,18.329113924050635,272.0
29,admission_control,structured,80,6400,4,3.0,4.0,1.0,7.063291139240506,3.531645569620253,8.0,18.594936708860757,279.0
29,resource_allocation,structured,80,6400,4,3.0,4.0,1.0,8.455696202531646,4.227848101265823,8.0,20.683544303797472,334.0
29,random_structured,structured,80,6400,4,3.0,4.0,1.0,7.0886075949367084,3.5443037974683542,8.0,18.632911392405063,280.0
29,oscillatory_fragmented,unstructured,80,6400,4,3.0,33.0,8.25,34.10126582278481,17.050632911392405,44.25,95.40189873417722,1347.0
29,inventory_threshold,structured,120,14400,4,3.0,4.0,1.0,8.168067226890756,4.084033613445378,8.0,20.252100840336134,486.0
29,machine_replacement,structured,120,14400,4,3.0,4.0,1.0,6.857142857142857,3.4285714285714284,8.0,18.285714285714285,408.0
29,admission_control,structured,120,14400,4,3.0,4.0,1.0,7.0588235294117645,3.5294117647058822,8.0,18.588235294117645,420.0
29,resource_allocation,structured,120,14400,4,3.0,4.0,1.0,8.436974789915967,4.218487394957983,8.0,20.655462184873947,502.0
29,random_structured,structured,120,14400,4,3.0,4.0,1.0,7.126050420168067,3.5630252100840334,8.0,18.6890756302521,424.0
29,oscillatory_fragmented,unstructured,120,14400,4,3.0,33.0,8.25,33.94957983193277,16.974789915966387,44.25,95.17436974789915,2020.0
29,inventory_threshold,structured,160,25600,4,3.0,4.0,1.0,8.150943396226415,4.0754716981132075,8.0,20.226415094339625,648.0
29,machine_replacement,structured,160,25600,4,3.0,4.0,1.0,6.817610062893082,3.408805031446541,8.0,18.22641509433962,542.0
29,admission_control,structured,160,25600,4,3.0,4.0,1.0,7.044025157232705,3.5220125786163523,8.0,18.566037735849058,560.0
29,resource_allocation,structured,160,25600,4,3.0,4.0,1.0,8.427672955974844,4.213836477987422,8.0,20.641509433962263,670.0
29,random_structured,structured,160,25600,4,3.0,4.0,1.0,7.069182389937107,3.5345911949685536,8.0,18.60377358490566,562.0
29,oscillatory_fragmented,unstructured,160,25600,4,3.0,33.0,8.25,34.0,17.0,44.25,95.25,2703.0
29,inventory_threshold,structured,240,57600,4,3.0,4.0,1.0,8.13389121338912,4.06694560669456,8.0,20.20083682008368,972.0
29,machine_replacement,structured,240,57600,4,3.0,4.0,1.0,6.8117154811715475,3.4058577405857737,8.0,18.21757322175732,814.0
29,admission_control,structured,240,57600,4,3.0,4.0,1.0,7.02928870292887,3.514644351464435,8.0,18.543933054393307,840.0
29,resource_allocation,structured,240,57600,4,3.0,4.0,1.0,8.401673640167363,4.200836820083682,8.0,20.602510460251047,1004.0
29,random_structured,structured,240,57600,4,3.0,4.0,1.0,7.06276150627615,3.531380753138075,8.0,18.594142259414227,844.0
29,oscillatory_fragmented,unstructured,240,57600,4,3.0,34.0,8.5,33.98326359832636,16.99163179916318,45.5,96.47489539748955,4061.0
29,inventory_threshold,structured,320,102400,4,3.0,4.0,1.0,8.12539184952978,4.06269592476489,8.0,20.188087774294672,1296.0
29,machine_replacement,structured,320,102400,4,3.0,4.0,1.0,6.808777429467084,3.404388714733542,8.0,18.213166144200628,1086.0
29,admission_control,structured,320,102400,4,3.0,4.0,1.0,7.015673981191222,3.507836990595611,8.0,18.523510971786834,1119.0
29,resource_allocation,structured,320,102400,4,3.0,4.0,1.0,8.401253918495298,4.200626959247649,8.0,20.60188087774295,1340.0
29,random_structured,structured,320,102400,4,3.0,4.0,1.0,7.059561128526646,3.529780564263323,8.0,18.58934169278997,1126.0
29,oscillatory_fragmented,unstructured,320,102400,4,3.0,34.0,8.5,34.05015673981191,17.025078369905955,45.5,96.57523510971787,5431.0
