seed,family,structure,grid_size,states,actions,C_B,C_R,F,L,kappa,C_top,C_D,boundary_edges,L_table,L_Gamma,L_Pi_struct,table_to_boundary_ratio,table_to_struct_policy_ratio
0,inventory_threshold,structured,320,102400,2,1.0,2.0,1.0,2.70846394984326,1.35423197492163,4.0,8.06269592476489,432.0,102400.0,7192.14587398268,7194.14587398268,14.23775348751312,14.233795337723857
0,inventory_threshold,structured,320,102400,3,2.0,3.0,1.0,5.41692789968652,2.70846394984326,6.0,14.12539184952978,864.0,162300.16007384637,14386.631597968246,14391.38648547041,11.281317587694902,11.277590261209728
0,inventory_threshold,structured,320,102400,4,3.0,4.0,1.0,8.12539184952978,4.06269592476489,8.0,20.188087774294672,1296.0,204800.0,21582.43762194804,21590.43762194804,9.489196891815904,9.485680817873181
0,inventory_threshold,structured,320,102400,5,4.0,5.0,1.0,10.83385579937304,5.41692789968652,10.0,26.25078369905956,1728.0,237765.4369164659,28779.15892068982,28790.76856116426,8.26172292149693,8.258391449722765
0,inventory_threshold,structured,320,102400,8,7.0,8.0,1.0,18.95924764890282,9.47962382445141,16.0,44.438871473354226,3024.0,307200.0,50373.021117878765,50397.021117878765,6.0985025948933265,6.095598374385232
0,inventory_threshold,structured,320,102400,10,9.0,10.0,1.0,24.37617554858934,12.18808777429467,20.0,56.56426332288402,3888.0,340165.4369164659,64771.1075715521,64804.32685250098,5.251808247075101,5.249116122920394
0,machine_replacement,structured,320,102400,2,1.0,2.0,1.0,2.269592476489028,1.134796238244514,4.0,7.4043887147335425,362.0,102400.0,6027.07594069845,6029.07594069845,16.989996643070892,16.984360622954316
0,machine_replacement,structured,320,102400,3,2.0,3.0,1.0,4.539184952978056,2.269592476489028,6.0,12.808777429467085,724.0,162300.16007384637,12056.491731399785,12061.246618901949,13.46164072349121,13.45633376068237
0,machine_replacement,structured,320,102400,4,3.0,4.0,1.0,6.808777429467084,3.404388714733542,8.0,18.213166144200628,1086.0,204800.0,18087.22782209535,18095.22782209535,11.322907081969545,11.317901162312365
0,machine_replacement,structured,320,102400,5,4.0,5.0,1.0,9.078369905956112,4.539184952978056,10.0,23.61755485893417,1448.0,237765.4369164659,24118.8791875529,24130.488828027337,9.858063265193941,9.85332036209327
0,machine_replacement,structured,320,102400,8,7.0,8.0,1.0,15.87460815047022,7.93730407523511,16.0,39.81191222570533,2532.0,307200.0,42184.2438725096,42208.2438725096,7.28233984537991,7.278199039218512
0,machine_replacement,structured,320,102400,10,9.0,10.0,1.0,20.401253918495296,10.200626959247648,20.0,50.60188087774295,3254.0,340165.4369164659,54218.902747234926,54252.1220281838,6.273926982666829,6.270085375457775
0,admission_control,structured,320,102400,2,1.0,2.0,1.0,2.006269592476489,1.0031347962382444,4.0,7.009404388714733,320.0,102400.0,5328.0339807279115,5330.0339807279115,19.21909664435177,19.21188502179407
0,admission_control,structured,320,102400,3,2.0,3.0,1.0,4.507836990595611,2.2539184952978055,6.0,12.761755485893415,719.0,162300.16007384637,11973.272450450911,11978.027337953075,13.555204790126878,13.549823814443043
0,admission_control,structured,320,102400,4,3.0,4.0,1.0,7.015673981191222,3.507836990595611,8.0,18.523510971786834,1119.0,204800.0,18636.475076357914,18644.475076357914,10.989202580471222,10.984487316550746
0,admission_control,structured,320,102400,5,4.0,5.0,1.0,9.517241379310345,4.758620689655173,10.0,24.275862068965516,1518.0,237765.4369164659,25283.94912083713,25295.558761311568,9.4038093408643,9.399493371939961
0,admission_control,structured,320,102400,8,7.0,8.0,1.0,17.04075235109718,8.52037617554859,16.0,41.561128526645774,2718.0,307200.0,45280.0011238077,45304.0011238077,6.784452128435964,6.7808580341607705
0,admission_control,structured,320,102400,10,9.0,10.0,1.0,22.05015673981191,11.025078369905955,20.0,53.075235109717866,3517.0,340165.4369164659,58596.23692514568,58629.45620609455,5.805243728381627,5.8019544940126115
0,resource_allocation,structured,320,102400,2,1.0,2.0,1.0,2.8025078369905954,1.4012539184952977,4.0,8.203761755485893,447.0,102400.0,7441.803716829301,7443.803716829301,13.76010492838276,13.756407865576744
0,resource_allocation,structured,320,102400,3,2.0,3.0,1.0,5.605015673981191,2.8025078369905954,6.0,14.407523510971785,894.0,162300.16007384637,14885.947283661488,14890.702171163652,10.902911113489145,10.899429604343718
0,resource_allocation,structured,320,102400,4,3.0,4.0,1.0,8.401253918495298,4.200626959247649,8.0,20.60188087774295,1340.0,204800.0,22314.76729429813,22322.76729429813,9.17777888063975,9.174489761953113
0,resource_allocation,structured,320,102400,5,4.0,5.0,1.0,11.197492163009404,5.598746081504702,10.0,26.796238244514107,1786.0,237765.4369164659,29744.502579696757,29756.112220171195,7.993592640502308,7.990473861544603
0,resource_allocation,structured,320,102400,8,7.0,8.0,1.0,19.586206896551722,9.793103448275861,16.0,45.37931034482759,3124.0,307200.0,52037.40673685624,52061.40673685624,5.903445603149574,5.900724149709184
0,resource_allocation,structured,320,102400,10,9.0,10.0,1.0,25.178683385579937,12.589341692789969,20.0,57.7680250783699,4016.0,340165.4369164659,66901.52116384327,66934.74044479214,5.0845695433948865,5.082046104250375
0,random_structured,structured,320,102400,2,1.0,2.0,1.0,2.1065830721003134,1.0532915360501567,4.0,7.159874608150471,336.0,102400.0,5594.335679764307,5596.335679764307,18.304228752378723,18.297687247436993
0,random_structured,structured,320,102400,3,2.0,3.0,1.0,4.213166144200627,2.1065830721003134,6.0,12.319749216300941,672.0,162300.16007384637,11191.0112095315,11195.766097033664,14.502725181403951,14.496565814897478
0,random_structured,structured,320,102400,4,3.0,4.0,1.0,6.909090909090909,3.4545454545454546,8.0,18.363636363636363,1102.0,204800.0,18353.529521131746,18361.529521131746,11.158616644509653,11.153754907198863
0,random_structured,structured,320,102400,5,4.0,5.0,1.0,9.60501567398119,4.802507836990595,10.0,24.40752351097179,1532.0,237765.4369164659,25516.963107493975,25528.572747968414,9.317936304365213,9.31369878229434
0,random_structured,structured,320,102400,8,7.0,8.0,1.0,17.692789968652036,8.846394984326018,16.0,42.539184952978054,2822.0,307200.0,47010.96216754427,47034.96216754427,6.534646087547783,6.531311727342655
0,random_structured,structured,320,102400,10,9.0,10.0,1.0,23.072100313479623,11.536050156739812,20.0,54.608150470219435,3680.0,340165.4369164659,61309.18548407895,61342.40476502783,5.548360074116489,5.545355422883568
0,oscillatory_fragmented,unstructured,320,102400,2,1.0,13.0,6.5,11.203761755485893,5.601880877742946,20.5,37.30564263322884,1787.0,102400.0,29744.57101112743,29757.57101112743,3.4426450447610155,3.441141078406868
0,oscillatory_fragmented,unstructured,320,102400,3,2.0,23.0,7.666666666666667,22.25705329153605,11.128526645768025,32.666666666666664,66.05224660397073,3550.0,162300.16007384637,59092.02932370315,59128.48346121974,2.7465660247471666,2.7448727004861078
0,oscillatory_fragmented,unstructured,320,102400,4,3.0,34.0,8.5,34.05015673981191,17.025078369905955,45.5,96.57523510971787,5431.0,204800.0,90404.78296666652,90472.78296666652,2.2653668675418706,2.2636642013704367
0,oscillatory_fragmented,unstructured,320,102400,5,4.0,45.0,9.0,45.73040752351097,22.865203761755485,58.0,126.59561128526644,7294.0,237765.4369164659,121418.86247297593,121523.34923724586,1.95822487605157,1.9565411783729283
0,oscillatory_fragmented,unstructured,320,102400,8,7.0,78.0,9.75,81.0909090909091,40.54545454545455,94.75,216.38636363636363,12934.0,307200.0,215313.63595854628,215547.63595854628,1.4267558978900172,1.425207001848446
0,oscillatory_fragmented,unstructured,320,102400,10,9.0,99.0,9.9,104.62068965517241,52.310344827586206,117.9,274.83103448275864,16687.0,340165.4369164659,277795.8229444788,278124.6938258726,1.22451602515439,1.2230680858904082
1,inventory_threshold,structured,320,102400,2,1.0,2.0,1.0,2.70846394984326,1.35423197492163,4.0,8.06269592476489,432.0,102400.0,7192.14587398268,7194.14587398268,14.23775348751312,14.233795337723857
1,inventory_threshold,structured,320,102400,3,2.0,3.0,1.0,5.41692789968652,2.70846394984326,6.0,14.12539184952978,864.0,162300.16007384637,14386.631597968246,14391.38648547041,11.281317587694902,11.277590261209728
1,inventory_threshold,structured,320,102400,4,3.0,4.0,1.0,8.12539184952978,4.06269592476489,8.0,20.188087774294672,1296.0,204800.0,21582.43762194804,21590.43762194804,9.489196891815904,9.485680817873181
1,inventory_threshold,structured,320,102400,5,4.0,5.0,1.0,10.83385579937304,5.41692789968652,10.0,26.25078369905956,1728.0,237765.4369164659,28779.15892068982,28790.76856116426,8.26172292149693,8.258391449722765
1,inventory_threshold,structured,320,102400,8,7.0,8.0,1.0,18.95924764890282,9.47962382445141,16.0,44.438871473354226,3024.0,307200.0,50373.021117878765,50397.021117878765,6.0985025948933265,6.095598374385232
1,inventory_threshold,structured,320,102400,10,9.0,10.0,1.0,24.37617554858934,12.18808777429467,20.0,56.56426332288402,3888.0,340165.4369164659,64771.1075715521,64804.32685250098,5.251808247075101,5.249116122920394
1,machine_replacement,structured,320,102400,2,1.0,2.0,1.0,2.269592476489028,1.134796238244514,4.0,7.4043887147335425,362.0,102400.0,6027.07594069845,6029.07594069845,16.989996643070892,16.984360622954316
1,machine_replacement,structured,320,102400,3,2.0,3.0,1.0,4.539184952978056,2.269592476489028,6.0,12.808777429467085,724.0,162300.16007384637,12056.491731399785,12061.246618901949,13.46164072349121,13.45633376068237
1,machine_replacement,structured,320,102400,4,3.0,4.0,1.0,6.808777429467084,3.404388714733542,8.0,18.213166144200628,1086.0,204800.0,18087.22782209535,18095.22782209535,11.322907081969545,11.317901162312365
1,machine_replacement,structured,320,102400,5,4.0,5.0,1.0,9.078369905956112,4.539184952978056,10.0,23.61755485893417,1448.0,237765.4369164659,24118.8791875529,24130.488828027337,9.858063265193941,9.85332036209327
1,machine_replacement,structured,320,102400,8,7.0,8.0,1.0,15.87460815047022,7.93730407523511,16.0,39.81191222570533,2532.0,307200.0,42184.2438725096,42208.2438725096,7.28233984537991,7.278199039218512
1,machine_replacement,structured,320,102400,10,9.0,10.0,1.0,20.401253918495296,10.200626959247648,20.0,50.60188087774295,3254.0,340165.4369164659,54218.902747234926,54252.1220281838,6.273926982666829,6.270085375457775
1,admission_control,structured,320,102400,2,1.0,2.0,1.0,2.006269592476489,1.0031347962382444,4.0,7.009404388714733,320.0,102400.0,5328.0339807279115,5330.0339807279115,19.21909664435177,19.21188502179407
1,admission_control,structured,320,102400,3,2.0,3.0,1.0,4.507836990595611,2.2539184952978055,6.0,12.761755485893415,719.0,162300.16007384637,11973.272450450911,11978.027337953075,13.555204790126878,13.549823814443043
1,admission_control,structured,320,102400,4,3.0,4.0,1.0,7.015673981191222,3.507836990595611,8.0,18.523510971786834,1119.0,204800.0,18636.475076357914,18644.475076357914,10.989202580471222,10.984487316550746
1,admission_control,structured,320,102400,5,4.0,5.0,1.0,9.517241379310345,4.758620689655173,10.0,24.275862068965516,1518.0,237765.4369164659,25283.94912083713,25295.558761311568,9.4038093408643,9.399493371939961
1,admission_control,structured,320,102400,8,7.0,8.0,1.0,17.04075235109718,8.52037617554859,16.0,41.561128526645774,2718.0,307200.0,45280.0011238077,45304.0011238077,6.784452128435964,6.7808580341607705
1,admission_control,structured,320,102400,10,9.0,10.0,1.0,22.05015673981191,11.025078369905955,20.0,53.075235109717866,3517.0,340165.4369164659,58596.23692514568,58629.45620609455,5.805243728381627,5.8019544940126115
1,resource_allocation,structured,320,102400,2,1.0,2.0,1.0,2.8025078369905954,1.4012539184952977,4.0,8.203761755485893,447.0,102400.0,7441.803716829301,7443.803716829301,13.76010492838276,13.756407865576744
1,resource_allocation,structured,320,102400,3,2.0,3.0,1.0,5.605015673981191,2.8025078369905954,6.0,14.407523510971785,894.0,162300.16007384637,14885.947283661488,14890.702171163652,10.902911113489145,10.899429604343718
1,resource_allocation,structured,320,102400,4,3.0,4.0,1.0,8.401253918495298,4.200626959247649,8.0,20.60188087774295,1340.0,204800.0,22314.76729429813,22322.76729429813,9.17777888063975,9.174489761953113
1,resource_allocation,structured,320,102400,5,4.0,5.0,1.0,11.197492163009404,5.598746081504702,10.0,26.796238244514107,1786.0,237765.4369164659,29744.502579696757,29756.112220171195,7.993592640502308,7.990473861544603
1,resource_allocation,structured,320,102400,8,7.0,8.0,1.0,19.586206896551722,9.793103448275861,16.0,45.37931034482759,3124.0,307200.0,52037.40673685624,52061.40673685624,5.903445603149574,5.900724149709184
1,resource_allocation,structured,320,102400,10,9.0,10.0,1.0,25.178683385579937,12.589341692789969,20.0,57.7680250783699,4016.0,340165.4369164659,66901.52116384327,66934.74044479214,5.0845695433948865,5.082046104250375
1,random_structured,structured,320,102400,2,1.0,2.0,1.0,2.495297805642633,1.2476489028213165,4.0,7.742946708463949,398.0,102400.0,6626.25476353034,6628.25476353034,15.453676873939461,15.449013903843932
1,random_structured,structured,320,102400,3,2.0,3.0,1.0,4.990595611285266,2.495297805642633,6.0,13.485893416927897,796.0,162300.16007384637,13254.849377063565,13259.604264565729,12.244587279482296,12.240196376566743
1,random_structured,structured,320,102400,4,3.0,4.0,1.0,7.485893416927899,3.7429467084639496,8.0,19.228840125391848,1194.0,204800.0,19884.76429059102,19892.76429059102,10.299342602562621,10.295200657299665
1,random_structured,structured,320,102400,5,4.0,5.0,1.0,9.968652037617554,4.984326018808777,10.0,24.95297805642633,1590.0,237765.4369164659,26482.30676650091,26493.91640697535,8.978275156046072,8.974340873736082
1,random_structured,structured,320,102400,8,7.0,8.0,1.0,17.442006269592476,8.721003134796238,16.0,42.16300940438872,2782.0,307200.0,46345.20791995328,46369.20791995328,6.628517030942898,6.625086210881937
1,random_structured,structured,320,102400,10,9.0,10.0,1.0,22.44514106583072,11.22257053291536,20.0,53.66771159874609,3580.0,340165.4369164659,59644.799865101486,59678.01914605036,5.703186827448785,5.700012195176536
1,oscillatory_fragmented,unstructured,320,102400,2,1.0,13.0,6.5,11.203761755485893,5.601880877742946,20.5,37.30564263322884,1787.0,102400.0,29744.57101112743,29757.57101112743,3.4426450447610155,3.441141078406868
1,oscillatory_fragmented,unstructured,320,102400,3,2.0,23.0,7.666666666666667,22.25705329153605,11.128526645768025,32.666666666666664,66.05224660397073,3550.0,162300.16007384637,59092.02932370315,59128.48346121974,2.7465660247471666,2.7448727004861078
1,oscillatory_fragmented,unstructured,320,102400,4,3.0,34.0,8.5,34.05015673981191,17.025078369905955,45.5,96.57523510971787,5431.0,204800.0,90404.78296666652,90472.78296666652,2.2653668675418706,2.2636642013704367
1,oscillatory_fragmented,unstructured,320,102400,5,4.0,45.0,9.0,45.73040752351097,22.865203761755485,58.0,126.59561128526644,7294.0,237765.4369164659,121418.86247297593,121523.34923724586,1.95822487605157,1.9565411783729283
1,oscillatory_fragmented,unstructured,320,102400,8,7.0,78.0,9.75,81.0909090909091,40.54545454545455,94.75,216.38636363636363,12934.0,307200.0,215313.63595854628,215547.63595854628,1.4267558978900172,1.425207001848446
1,oscillatory_fragmented,unstructured,320,102400,10,9.0,99.0,9.9,104.62068965517241,52.310344827586206,117.9,274.83103448275864,16687.0,340165.4369164659,277795.8229444788,278124.6938258726,1.22451602515439,1.2230680858904082
2,inventory_threshold,structured,320,102400,2,1.0,2.0,1.0,2.70846394984326,1.35423197492163,4.0,8.06269592476489,432.0,102400.0,7192.14587398268,7194.14587398268,14.23775348751312,14.233795337723857
2,inventory_threshold,structured,320,102400,3,2.0,3.0,1.0,5.41692789968652,2.70846394984326,6.0,14.12539184952978,864.0,162300.16007384637,14386.631597968246,14391.38648547041,11.281317587694902,11.277590261209728
2,inventory_threshold,structured,320,102400,4,3.0,4.0,1.0,8.12539184952978,4.06269592476489,8.0,20.188087774294672,1296.0,204800.0,21582.43762194804,21590.43762194804,9.489196891815904,9.485680817873181
2,inventory_threshold,structured,320,102400,5,4.0,5.0,1.0,10.83385579937304,5.41692789968652,10.0,26.25078369905956,1728.0,237765.4369164659,28779.15892068982,28790.76856116426,8.26172292149693,8.258391449722765
2,inventory_threshold,structured,320,102400,8,7.0,8.0,1.0,18.95924764890282,9.47962382445141,16.0,44.438871473354226,3024.0,307200.0,50373.021117878765,50397.021117878765,6.0985025948933265,6.095598374385232
2,inventory_threshold,structured,320,102400,10,9.0,10.0,1.0,24.37617554858934,12.18808777429467,20.0,56.56426332288402,3888.0,340165.4369164659,64771.1075715521,64804.32685250098,5.251808247075101,5.249116122920394
2,machine_replacement,structured,320,102400,2,1.0,2.0,1.0,2.269592476489028,1.134796238244514,4.0,7.4043887147335425,362.0,102400.0,6027.07594069845,6029.07594069845,16.989996643070892,16.984360622954316
2,machine_replacement,structured,320,102400,3,2.0,3.0,1.0,4.539184952978056,2.269592476489028,6.0,12.808777429467085,724.0,162300.16007384637,12056.491731399785,12061.246618901949,13.46164072349121,13.45633376068237
2,machine_replacement,structured,320,102400,4,3.0,4.0,1.0,6.808777429467084,3.404388714733542,8.0,18.213166144200628,1086.0,204800.0,18087.22782209535,18095.22782209535,11.322907081969545,11.317901162312365
2,machine_replacement,structured,320,102400,5,4.0,5.0,1.0,9.078369905956112,4.539184952978056,10.0,23.61755485893417,1448.0,237765.4369164659,24118.8791875529,24130.488828027337,9.858063265193941,9.85332036209327
2,machine_replacement,structured,320,102400,8,7.0,8.0,1.0,15.87460815047022,7.93730407523511,16.0,39.81191222570533,2532.0,307200.0,42184.2438725096,42208.2438725096,7.28233984537991,7.278199039218512
2,machine_replacement,structured,320,102400,10,9.0,10.0,1.0,20.401253918495296,10.200626959247648,20.0,50.60188087774295,3254.0,340165.4369164659,54218.902747234926,54252.1220281838,6.273926982666829,6.270085375457775
2,admission_control,structured,320,102400,2,1.0,2.0,1.0,2.006269592476489,1.0031347962382444,4.0,7.009404388714733,320.0,102400.0,5328.0339807279115,5330.0339807279115,19.21909664435177,19.21188502179407
2,admission_control,structured,320,102400,3,2.0,3.0,1.0,4.507836990595611,2.2539184952978055,6.0,12.761755485893415,719.0,162300.16007384637,11973.272450450911,11978.027337953075,13.555204790126878,13.549823814443043
2,admission_control,structured,320,102400,4,3.0,4.0,1.0,7.015673981191222,3.507836990595611,8.0,18.523510971786834,1119.0,204800.0,18636.475076357914,18644.475076357914,10.989202580471222,10.984487316550746
2,admission_control,structured,320,102400,5,4.0,5.0,1.0,9.517241379310345,4.758620689655173,10.0,24.275862068965516,1518.0,237765.4369164659,25283.94912083713,25295.558761311568,9.4038093408643,9.399493371939961
2,admission_control,structured,320,102400,8,7.0,8.0,1.0,17.04075235109718,8.52037617554859,16.0,41.561128526645774,2718.0,307200.0,45280.0011238077,45304.0011238077,6.784452128435964,6.7808580341607705
2,admission_control,structured,320,102400,10,9.0,10.0,1.0,22.05015673981191,11.025078369905955,20.0,53.075235109717866,3517.0,340165.4369164659,58596.23692514568,58629.45620609455,5.805243728381627,5.8019544940126115
2,resource_allocation,structured,320,102400,2,1.0,2.0,1.0,2.8025078369905954,1.4012539184952977,4.0,8.203761755485893,447.0,102400.0,7441.803716829301,7443.803716829301,13.76010492838276,13.756407865576744
2,resource_allocation,structured,320,102400,3,2.0,3.0,1.0,5.605015673981191,2.8025078369905954,6.0,14.407523510971785,894.0,162300.16007384637,14885.947283661488,14890.702171163652,10.902911113489145,10.899429604343718
2,resource_allocation,structured,320,102400,4,3.0,4.0,1.0,8.401253918495298,4.200626959247649,8.0,20.60188087774295,1340.0,204800.0,22314.76729429813,22322.76729429813,9.17777888063975,9.174489761953113
2,resource_allocation,structured,320,102400,5,4.0,5.0,1.0,11.197492163009404,5.598746081504702,10.0,26.796238244514107,1786.0,237765.4369164659,29744.502579696757,29756.112220171195,7.993592640502308,7.990473861544603
2,resource_allocation,structured,320,102400,8,7.0,8.0,1.0,19.586206896551722,9.793103448275861,16.0,45.37931034482759,3124.0,307200.0,52037.40673685624,52061.40673685624,5.903445603149574,5.900724149709184
2,resource_allocation,structured,320,102400,10,9.0,10.0,1.0,25.178683385579937,12.589341692789969,20.0,57.7680250783699,4016.0,340165.4369164659,66901.52116384327,66934.74044479214,5.0845695433948865,5.082046104250375
2,random_structured,structured,320,102400,2,1.0,2.0,1.0,2.1567398119122254,1.0783699059561127,4.0,7.235109717868339,344.0,102400.0,5727.486529282505,5729.486529282505,17.878697658469722,17.87245671608611
2,random_structured,structured,320,102400,3,2.0,3.0,1.0,4.313479623824451,2.1567398119122254,6.0,12.470219435736677,688.0,162300.16007384637,11457.312908567896,11462.06779607006,14.165639131010959,14.159762702633238
2,random_structured,structured,320,102400,4,3.0,4.0,1.0,6.971786833855799,3.4858934169278997,8.0,18.4576802507837,1112.0,204800.0,18519.968083029493,18527.968083029493,11.058334392469366,11.053559628461608
2,random_structured,structured,320,102400,5,4.0,5.0,1.0,9.630094043887148,4.815047021943574,10.0,24.44514106583072,1536.0,237765.4369164659,25583.538532253075,25595.148172727513,9.293688463646882,9.289472962294195
2,random_structured,structured,320,102400,8,7.0,8.0,1.0,17.60501567398119,8.802507836990594,16.0,42.40752351097178,2808.0,307200.0,46777.948180887426,46801.948180887426,6.567196979484364,6.5638293263495315
2,random_structured,structured,320,102400,10,9.0,10.0,1.0,22.934169278996865,11.467084639498433,20.0,54.40125391849529,3658.0,340165.4369164659,60943.02064790391,60976.23992885279,5.5816963665414505,5.578655510955934
2,oscillatory_fragmented,unstructured,320,102400,2,1.0,13.0,6.5,11.203761755485893,5.601880877742946,20.5,37.30564263322884,1787.0,102400.0,29744.57101112743,29757.57101112743,3.4426450447610155,3.441141078406868
2,oscillatory_fragmented,unstructured,320,102400,3,2.0,23.0,7.666666666666667,22.25705329153605,11.128526645768025,32.666666666666664,66.05224660397073,3550.0,162300.16007384637,59092.02932370315,59128.48346121974,2.7465660247471666,2.7448727004861078
2,oscillatory_fragmented,unstructured,320,102400,4,3.0,34.0,8.5,34.05015673981191,17.025078369905955,45.5,96.57523510971787,5431.0,204800.0,90404.78296666652,90472.78296666652,2.2653668675418706,2.2636642013704367
2,oscillatory_fragmented,unstructured,320,102400,5,4.0,45.0,9.0,45.73040752351097,22.865203761755485,58.0,126.59561128526644,7294.0,237765.4369164659,121418.86247297593,121523.34923724586,1.95822487605157,1.9565411783729283
2,oscillatory_fragmented,unstructured,320,102400,8,7.0,78.0,9.75,81.0909090909091,40.54545454545455,94.75,216.38636363636363,12934.0,307200.0,215313.63595854628,215547.63595854628,1.4267558978900172,1.425207001848446
2,oscillatory_fragmented,unstructured,320,102400,10,9.0,99.0,9.9,104.62068965517241,52.310344827586206,117.9,274.83103448275864,16687.0,340165.4369164659,277795.8229444788,278124.6938258726,1.22451602515439,1.2230680858904082
3,inventory_threshold,structured,320,102400,2,1.0,2.0,1.0,2.70846394984326,1.35423197492163,4.0,8.06269592476489,432.0,102400.0,7192.14587398268,7194.14587398268,14.23775348751312,14.233795337723857
3,inventory_threshold,structured,320,102400,3,2.0,3.0,1.0,5.41692789968652,2.70846394984326,6.0,14.12539184952978,864.0,162300.16007384637,14386.631597968246,14391.38648547041,11.281317587694902,11.277590261209728
3,inventory_threshold,structured,320,102400,4,3.0,4.0,1.0,8.12539184952978,4.06269592476489,8.0,20.188087774294672,1296.0,204800.0,21582.43762194804,21590.43762194804,9.489196891815904,9.485680817873181
3,inventory_threshold,structured,320,102400,5,4.0,5.0,1.0,10.83385579937304,5.41692789968652,10.0,26.25078369905956,1728.0,237765.4369164659,28779.15892068982,28790.76856116426,8.26172292149693,8.258391449722765
3,inventory_threshold,structured,320,102400,8,7.0,8.0,1.0,18.95924764890282,9.47962382445141,16.0,44.438871473354226,3024.0,307200.0,50373.021117878765,50397.021117878765,6.0985025948933265,6.095598374385232
3,inventory_threshold,structured,320,102400,10,9.0,10.0,1.0,24.37617554858934,12.18808777429467,20.0,56.56426332288402,3888.0,340165.4369164659,64771.1075715521,64804.32685250098,5.251808247075101,5.249116122920394
3,machine_replacement,structured,320,102400,2,1.0,2.0,1.0,2.269592476489028,1.134796238244514,4.0,7.4043887147335425,362.0,102400.0,6027.07594069845,6029.07594069845,16.989996643070892,16.984360622954316
3,machine_replacement,structured,320,102400,3,2.0,3.0,1.0,4.539184952978056,2.269592476489028,6.0,12.808777429467085,724.0,162300.16007384637,12056.491731399785,12061.246618901949,13.46164072349121,13.45633376068237
3,machine_replacement,structured,320,102400,4,3.0,4.0,1.0,6.808777429467084,3.404388714733542,8.0,18.213166144200628,1086.0,204800.0,18087.22782209535,18095.22782209535,11.322907081969545,11.317901162312365
3,machine_replacement,structured,320,102400,5,4.0,5.0,1.0,9.078369905956112,4.539184952978056,10.0,23.61755485893417,1448.0,237765.4369164659,24118.8791875529,24130.488828027337,9.858063265193941,9.85332036209327
3,machine_replacement,structured,320,102400,8,7.0,8.0,1.0,15.87460815047022,7.93730407523511,16.0,39.81191222570533,2532.0,307200.0,42184.2438725096,42208.2438725096,7.28233984537991,7.278199039218512
3,machine_replacement,structured,320,102400,10,9.0,10.0,1.0,20.401253918495296,10.200626959247648,20.0,50.60188087774295,3254.0,340165.4369164659,54218.902747234926,54252.1220281838,6.273926982666829,6.270085375457775
3,admission_control,structured,320,102400,2,1.0,2.0,1.0,2.006269592476489,1.0031347962382444,4.0,7.009404388714733,320.0,102400.0,5328.0339807279115,5330.0339807279115,19.21909664435177,19.21188502179407
3,admission_control,structured,320,102400,3,2.0,3.0,1.0,4.507836990595611,2.2539184952978055,6.0,12.761755485893415,719.0,162300.16007384637,11973.272450450911,11978.027337953075,13.555204790126878,13.549823814443043
3,admission_control,structured,320,102400,4,3.0,4.0,1.0,7.015673981191222,3.507836990595611,8.0,18.523510971786834,1119.0,204800.0,18636.475076357914,18644.475076357914,10.989202580471222,10.984487316550746
3,admission_control,structured,320,102400,5,4.0,5.0,1.0,9.517241379310345,4.758620689655173,10.0,24.275862068965516,1518.0,237765.4369164659,25283.94912083713,25295.558761311568,9.4038093408643,9.399493371939961
3,admission_control,structured,320,102400,8,7.0,8.0,1.0,17.04075235109718,8.52037617554859,16.0,41.561128526645774,2718.0,307200.0,45280.0011238077,45304.0011238077,6.784452128435964,6.7808580341607705
3,admission_control,structured,320,102400,10,9.0,10.0,1.0,22.05015673981191,11.025078369905955,20.0,53.075235109717866,3517.0,340165.4369164659,58596.23692514568,58629.45620609455,5.805243728381627,5.8019544940126115
3,resource_allocation,structured,320,102400,2,1.0,2.0,1.0,2.8025078369905954,1.4012539184952977,4.0,8.203761755485893,447.0,102400.0,7441.803716829301,7443.803716829301,13.76010492838276,13.756407865576744
3,resource_allocation,structured,320,102400,3,2.0,3.0,1.0,5.605015673981191,2.8025078369905954,6.0,14.407523510971785,894.0,162300.16007384637,14885.947283661488,14890.702171163652,10.902911113489145,10.899429604343718
3,resource_allocation,structured,320,102400,4,3.0,4.0,1.0,8.401253918495298,4.200626959247649,8.0,20.60188087774295,1340.0,204800.0,22314.76729429813,22322.76729429813,9.17777888063975,9.174489761953113
3,resource_allocation,structured,320,102400,5,4.0,5.0,1.0,11.197492163009404,5.598746081504702,10.0,26.796238244514107,1786.0,237765.4369164659,29744.502579696757,29756.112220171195,7.993592640502308,7.990473861544603
3,resource_allocation,structured,320,102400,8,7.0,8.0,1.0,19.586206896551722,9.793103448275861,16.0,45.37931034482759,3124.0,307200.0,52037.40673685624,52061.40673685624,5.903445603149574,5.900724149709184
3,resource_allocation,structured,320,102400,10,9.0,10.0,1.0,25.178683385579937,12.589341692789969,20.0,57.7680250783699,4016.0,340165.4369164659,66901.52116384327,66934.74044479214,5.0845695433948865,5.082046104250375
3,random_structured,structured,320,102400,2,1.0,2.0,1.0,2.1504702194357366,1.0752351097178683,4.0,7.225705329153605,343.0,102400.0,5710.84267309273,5712.84267309273,17.93080388687102,17.92452652027336
3,random_structured,structured,320,102400,3,2.0,3.0,1.0,4.300940438871473,2.1504702194357366,6.0,12.45141065830721,686.0,162300.16007384637,11424.025196188346,11428.78008369051,14.206915451131728,14.201004734132344
3,random_structured,structured,320,102400,4,3.0,4.0,1.0,6.959247648902821,3.4796238244514104,8.0,18.438871473354233,1110.0,204800.0,18486.68037064994,18494.68037064994,11.078246385713856,11.073454414762773
3,random_structured,structured,320,102400,5,4.0,5.0,1.0,9.630094043887148,4.815047021943574,10.0,24.44514106583072,1536.0,237765.4369164659,25583.538532253075,25595.148172727513,9.293688463646882,9.289472962294195
3,random_structured,structured,320,102400,8,7.0,8.0,1.0,17.61755485893417,8.808777429467085,16.0,42.426332288401255,2810.0,307200.0,46811.235893266974,46835.235893266974,6.5625270116866465,6.559164145133793
3,random_structured,structured,320,102400,10,9.0,10.0,1.0,22.946708463949843,11.473354231974922,20.0,54.42006269592477,3660.0,340165.4369164659,60976.30836028346,61009.52764123234,5.578649250239467,5.575611712924824
3,oscillatory_fragmented,unstructured,320,102400,2,1.0,13.0,6.5,11.203761755485893,5.601880877742946,20.5,37.30564263322884,1787.0,102400.0,29744.57101112743,29757.57101112743,3.4426450447610155,3.441141078406868
3,oscillatory_fragmented,unstructured,320,102400,3,2.0,23.0,7.666666666666667,22.25705329153605,11.128526645768025,32.666666666666664,66.05224660397073,3550.0,162300.16007384637,59092.02932370315,59128.48346121974,2.7465660247471666,2.7448727004861078
3,oscillatory_fragmented,unstructured,320,102400,4,3.0,34.0,8.5,34.05015673981191,17.025078369905955,45.5,96.57523510971787,5431.0,204800.0,90404.78296666652,90472.78296666652,2.2653668675418706,2.2636642013704367
3,oscillatory_fragmented,unstructured,320,102400,5,4.0,45.0,9.0,45.73040752351097,22.865203761755485,58.0,126.59561128526644,7294.0,237765.4369164659,121418.86247297593,121523.34923724586,1.95822487605157,1.9565411783729283
3,oscillatory_fragmented,unstructured,320,102400,8,7.0,78.0,9.75,81.0909090909091,40.54545454545455,94.75,216.38636363636363,12934.0,307200.0,215313.63595854628,215547.63595854628,1.4267558978900172,1.425207001848446
3,oscillatory_fragmented,unstructured,320,102400,10,9.0,99.0,9.9,104.62068965517241,52.310344827586206,117.9,274.83103448275864,16687.0,340165.4369164659,277795.8229444788,278124.6938258726,1.22451602515439,1.2230680858904082
4,inventory_threshold,structured,320,102400,2,1.0,2.0,1.0,2.70846394984326,1.35423197492163,4.0,8.06269592476489,432.0,102400.0,7192.14587398268,7194.14587398268,14.23775348751312,14.233795337723857
4,inventory_threshold,structured,320,102400,3,2.0,3.0,1.0,5.41692789968652,2.70846394984326,6.0,14.12539184952978,864.0,162300.16007384637,14386.631597968246,14391.38648547041,11.281317587694902,11.277590261209728
4,inventory_threshold,structured,320,102400,4,3.0,4.0,1.0,8.12539184952978,4.06269592476489,8.0,20.188087774294672,1296.0,204800.0,21582.43762194804,21590.43762194804,9.489196891815904,9.485680817873181
4,inventory_threshold,structured,320,102400,5,4.0,5.0,1.0,10.83385579937304,5.41692789968652,10.0,26.25078369905956,1728.0,237765.4369164659,28779.15892068982,28790.76856116426,8.26172292149693,8.258391449722765
4,inventory_threshold,structured,320,102400,8,7.0,8.0,1.0,18.95924764890282,9.47962382445141,16.0,44.438871473354226,3024.0,307200.0,50373.021117878765,50397.021117878765,6.0985025948933265,6.095598374385232
4,inventory_threshold,structured,320,102400,10,9.0,10.0,1.0,24.37617554858934,12.18808777429467,20.0,56.56426332288402,3888.0,340165.4369164659,64771.1075715521,64804.32685250098,5.251808247075101,5.249116122920394
4,machine_replacement,structured,320,102400,2,1.0,2.0,1.0,2.269592476489028,1.134796238244514,4.0,7.4043887147335425,362.0,102400.0,6027.07594069845,6029.07594069845,16.989996643070892,16.984360622954316
4,machine_replacement,structured,320,102400,3,2.0,3.0,1.0,4.539184952978056,2.269592476489028,6.0,12.808777429467085,724.0,162300.16007384637,12056.491731399785,12061.246618901949,13.46164072349121,13.45633376068237
4,machine_replacement,structured,320,102400,4,3.0,4.0,1.0,6.808777429467084,3.404388714733542,8.0,18.213166144200628,1086.0,204800.0,18087.22782209535,18095.22782209535,11.322907081969545,11.317901162312365
4,machine_replacement,structured,320,102400,5,4.0,5.0,1.0,9.078369905956112,4.539184952978056,10.0,23.61755485893417,1448.0,237765.4369164659,24118.8791875529,24130.488828027337,9.858063265193941,9.85332036209327
4,machine_replacement,structured,320,102400,8,7.0,8.0,1.0,15.87460815047022,7.93730407523511,16.0,39.81191222570533,2532.0,307200.0,42184.2438725096,42208.2438725096,7.28233984537991,7.278199039218512
4,machine_replacement,structured,320,102400,10,9.0,10.0,1.0,20.401253918495296,10.200626959247648,20.0,50.60188087774295,3254.0,340165.4369164659,54218.902747234926,54252.1220281838,6.273926982666829,6.270085375457775
4,admission_control,structured,320,102400,2,1.0,2.0,1.0,2.006269592476489,1.0031347962382444,4.0,7.009404388714733,320.0,102400.0,5328.0339807279115,5330.0339807279115,19.21909664435177,19.21188502179407
4,admission_control,structured,320,102400,3,2.0,3.0,1.0,4.507836990595611,2.2539184952978055,6.0,12.761755485893415,719.0,162300.16007384637,11973.272450450911,11978.027337953075,13.555204790126878,13.549823814443043
4,admission_control,structured,320,102400,4,3.0,4.0,1.0,7.015673981191222,3.507836990595611,8.0,18.523510971786834,1119.0,204800.0,18636.475076357914,18644.475076357914,10.989202580471222,10.984487316550746
4,admission_control,structured,320,102400,5,4.0,5.0,1.0,9.517241379310345,4.758620689655173,10.0,24.275862068965516,1518.0,237765.4369164659,25283.94912083713,25295.558761311568,9.4038093408643,9.399493371939961
4,admission_control,structured,320,102400,8,7.0,8.0,1.0,17.04075235109718,8.52037617554859,16.0,41.561128526645774,2718.0,307200.0,45280.0011238077,45304.0011238077,6.784452128435964,6.7808580341607705
4,admission_control,structured,320,102400,10,9.0,10.0,1.0,22.05015673981191,11.025078369905955,20.0,53.075235109717866,3517.0,340165.4369164659,58596.23692514568,58629.45620609455,5.805243728381627,5.8019544940126115
4,resource_allocation,structured,320,102400,2,1.0,2.0,1.0,2.8025078369905954,1.4012539184952977,4.0,8.203761755485893,447.0,102400.0,7441.803716829301,7443.803716829301,13.76010492838276,13.756407865576744
4,resource_allocation,structured,320,102400,3,2.0,3.0,1.0,5.605015673981191,2.8025078369905954,6.0,14.407523510971785,894.0,162300.16007384637,14885.947283661488,14890.702171163652,10.902911113489145,10.899429604343718
4,resource_allocation,structured,320,102400,4,3.0,4.0,1.0,8.401253918495298,4.200626959247649,8.0,20.60188087774295,1340.0,204800.0,22314.76729429813,22322.76729429813,9.17777888063975,9.174489761953113
4,resource_allocation,structured,320,102400,5,4.0,5.0,1.0,11.197492163009404,5.598746081504702,10.0,26.796238244514107,1786.0,237765.4369164659,29744.502579696757,29756.112220171195,7.993592640502308,7.990473861544603
4,resource_allocation,structured,320,102400,8,7.0,8.0,1.0,19.586206896551722,9.793103448275861,16.0,45.37931034482759,3124.0,307200.0,52037.40673685624,52061.40673685624,5.903445603149574,5.900724149709184
4,resource_allocation,structured,320,102400,10,9.0,10.0,1.0,25.178683385579937,12.589341692789969,20.0,57.7680250783699,4016.0,340165.4369164659,66901.52116384327,66934.74044479214,5.0845695433948865,5.082046104250375
4,random_structured,structured,320,102400,2,1.0,2.0,1.0,2.426332288401254,1.213166144200627,4.0,7.63949843260188,387.0,102400.0,6443.172345442818,6445.172345442818,15.892792324952527,15.887860636093597
4,random_structured,structured,320,102400,3,2.0,3.0,1.0,4.852664576802508,2.426332288401254,6.0,13.27899686520376,774.0,162300.16007384637,12888.684540888522,12893.439428390686,12.592453446971998,12.587809558128441
4,random_structured,structured,320,102400,4,3.0,4.0,1.0,7.385579937304075,3.6927899686520376,8.0,19.078369905956112,1178.0,204800.0,19618.462591554624,19626.462591554624,10.439146240142309,10.434891109115433
4,random_structured,structured,320,102400,5,4.0,5.0,1.0,9.931034482758621,4.9655172413793105,10.0,24.89655172413793,1584.0,237765.4369164659,26382.44362936226,26394.0532698367,9.012259829178431,9.008295712890215
4,random_structured,structured,320,102400,8,7.0,8.0,1.0,17.5423197492163,8.77115987460815,16.0,42.313479623824456,2798.0,307200.0,46611.50961898968,46635.50961898968,6.590646870506973,6.587255130474872
4,random_structured,structured,320,102400,10,9.0,10.0,1.0,22.595611285266457,11.297805642633229,20.0,53.893416927899686,3604.0,340165.4369164659,60044.252413656075,60077.47169460495,5.6652456020769915,5.662113057048192
4,oscillatory_fragmented,unstructured,320,102400,2,1.0,13.0,6.5,11.203761755485893,5.601880877742946,20.5,37.30564263322884,1787.0,102400.0,29744.57101112743,29757.57101112743,3.4426450447610155,3.441141078406868
4,oscillatory_fragmented,unstructured,320,102400,3,2.0,23.0,7.666666666666667,22.25705329153605,11.128526645768025,32.666666666666664,66.05224660397073,3550.0,162300.16007384637,59092.02932370315,59128.48346121974,2.7465660247471666,2.7448727004861078
4,oscillatory_fragmented,unstructured,320,102400,4,3.0,34.0,8.5,34.05015673981191,17.025078369905955,45.5,96.57523510971787,5431.0,204800.0,90404.78296666652,90472.78296666652,2.2653668675418706,2.2636642013704367
4,oscillatory_fragmented,unstructured,320,102400,5,4.0,45.0,9.0,45.73040752351097,22.865203761755485,58.0,126.59561128526644,7294.0,237765.4369164659,121418.86247297593,121523.34923724586,1.95822487605157,1.9565411783729283
4,oscillatory_fragmented,unstructured,320,102400,8,7.0,78.0,9.75,81.0909090909091,40.54545454545455,94.75,216.38636363636363,12934.0,307200.0,215313.63595854628,215547.63595854628,1.4267558978900172,1.425207001848446
4,oscillatory_fragmented,unstructured,320,102400,10,9.0,99.0,9.9,104.62068965517241,52.310344827586206,117.9,274.83103448275864,16687.0,340165.4369164659,277795.8229444788,278124.6938258726,1.22451602515439,1.2230680858904082
5,inventory_threshold,structured,320,102400,2,1.0,2.0,1.0,2.70846394984326,1.35423197492163,4.0,8.06269592476489,432.0,102400.0,7192.14587398268,7194.14587398268,14.23775348751312,14.233795337723857
5,inventory_threshold,structured,320,102400,3,2.0,3.0,1.0,5.41692789968652,2.70846394984326,6.0,14.12539184952978,864.0,162300.16007384637,14386.631597968246,14391.38648547041,11.281317587694902,11.277590261209728
5,inventory_threshold,structured,320,102400,4,3.0,4.0,1.0,8.12539184952978,4.06269592476489,8.0,20.188087774294672,1296.0,204800.0,21582.43762194804,21590.43762194804,9.489196891815904,9.485680817873181
5,inventory_threshold,structured,320,102400,5,4.0,5.0,1.0,10.83385579937304,5.41692789968652,10.0,26.25078369905956,1728.0,237765.4369164659,28779.15892068982,28790.76856116426,8.26172292149693,8.258391449722765
5,inventory_threshold,structured,320,102400,8,7.0,8.0,1.0,18.95924764890282,9.47962382445141,16.0,44.438871473354226,3024.0,307200.0,50373.021117878765,50397.021117878765,6.0985025948933265,6.095598374385232
5,inventory_threshold,structured,320,102400,10,9.0,10.0,1.0,24.37617554858934,12.18808777429467,20.0,56.56426332288402,3888.0,340165.4369164659,64771.1075715521,64804.32685250098,5.251808247075101,5.249116122920394
5,machine_replacement,structured,320,102400,2,1.0,2.0,1.0,2.269592476489028,1.134796238244514,4.0,7.4043887147335425,362.0,102400.0,6027.07594069845,6029.07594069845,16.989996643070892,16.984360622954316
5,machine_replacement,structured,320,102400,3,2.0,3.0,1.0,4.539184952978056,2.269592476489028,6.0,12.808777429467085,724.0,162300.16007384637,12056.491731399785,12061.246618901949,13.46164072349121,13.45633376068237
5,machine_replacement,structured,320,102400,4,3.0,4.0,1.0,6.808777429467084,3.404388714733542,8.0,18.213166144200628,1086.0,204800.0,18087.22782209535,18095.22782209535,11.322907081969545,11.317901162312365
5,machine_replacement,structured,320,102400,5,4.0,5.0,1.0,9.078369905956112,4.539184952978056,10.0,23.61755485893417,1448.0,237765.4369164659,24118.8791875529,24130.488828027337,9.858063265193941,9.85332036209327
5,machine_replacement,structured,320,102400,8,7.0,8.0,1.0,15.87460815047022,7.93730407523511,16.0,39.81191222570533,2532.0,307200.0,42184.2438725096,42208.2438725096,7.28233984537991,7.278199039218512
5,machine_replacement,structured,320,102400,10,9.0,10.0,1.0,20.401253918495296,10.200626959247648,20.0,50.60188087774295,3254.0,340165.4369164659,54218.902747234926,54252.1220281838,6.273926982666829,6.270085375457775
5,admission_control,structured,320,102400,2,1.0,2.0,1.0,2.006269592476489,1.0031347962382444,4.0,7.009404388714733,320.0,102400.0,5328.0339807279115,5330.0339807279115,19.21909664435177,19.21188502179407
5,admission_control,structured,320,102400,3,2.0,3.0,1.0,4.507836990595611,2.2539184952978055,6.0,12.761755485893415,719.0,162300.16007384637,11973.272450450911,11978.027337953075,13.555204790126878,13.549823814443043
5,admission_control,structured,320,102400,4,3.0,4.0,1.0,7.015673981191222,3.507836990595611,8.0,18.523510971786834,1119.0,204800.0,18636.475076357914,18644.475076357914,10.989202580471222,10.984487316550746
5,admission_control,structured,320,102400,5,4.0,5.0,1.0,9.517241379310345,4.758620689655173,10.0,24.275862068965516,1518.0,237765.4369164659,25283.94912083713,25295.558761311568,9.4038093408643,9.399493371939961
5,admission_control,structured,320,102400,8,7.0,8.0,1.0,17.04075235109718,8.52037617554859,16.0,41.561128526645774,2718.0,307200.0,45280.0011238077,45304.0011238077,6.784452128435964,6.7808580341607705
5,admission_control,structured,320,102400,10,9.0,10.0,1.0,22.05015673981191,11.025078369905955,20.0,53.075235109717866,3517.0,340165.4369164659,58596.23692514568,58629.45620609455,5.805243728381627,5.8019544940126115
5,resource_allocation,structured,320,102400,2,1.0,2.0,1.0,2.8025078369905954,1.4012539184952977,4.0,8.203761755485893,447.0,102400.0,7441.803716829301,7443.803716829301,13.76010492838276,13.756407865576744
5,resource_allocation,structured,320,102400,3,2.0,3.0,1.0,5.605015673981191,2.8025078369905954,6.0,14.407523510971785,894.0,162300.16007384637,14885.947283661488,14890.702171163652,10.902911113489145,10.899429604343718
5,resource_allocation,structured,320,102400,4,3.0,4.0,1.0,8.401253918495298,4.200626959247649,8.0,20.60188087774295,1340.0,204800.0,22314.76729429813,22322.76729429813,9.17777888063975,9.174489761953113
5,resource_allocation,structured,320,102400,5,4.0,5.0,1.0,11.197492163009404,5.598746081504702,10.0,26.796238244514107,1786.0,237765.4369164659,29744.502579696757,29756.112220171195,7.993592640502308,7.990473861544603
5,resource_allocation,structured,320,102400,8,7.0,8.0,1.0,19.586206896551722,9.793103448275861,16.0,45.37931034482759,3124.0,307200.0,52037.40673685624,52061.40673685624,5.903445603149574,5.900724149709184
5,resource_allocation,structured,320,102400,10,9.0,10.0,1.0,25.178683385579937,12.589341692789969,20.0,57.7680250783699,4016.0,340165.4369164659,66901.52116384327,66934.74044479214,5.0845695433948865,5.082046104250375
5,random_structured,structured,320,102400,2,1.0,2.0,1.0,1.8620689655172413,0.9310344827586207,4.0,6.793103448275862,297.0,102400.0,4945.225288363093,4947.225288363093,20.70684226277084,20.698471169458603
5,random_structured,structured,320,102400,3,2.0,3.0,1.0,3.7241379310344827,1.8620689655172413,6.0,11.586206896551724,594.0,162300.16007384637,9892.79042672907,9897.545314231234,16.405902993288105,16.398021420572057
5,random_structured,structured,320,102400,4,3.0,4.0,1.0,6.64576802507837,3.322884012539185,8.0,17.968652037617556,1060.0,204800.0,17654.487561161208,17662.487561161208,11.600449987036013,11.595195710163917
5,random_structured,structured,320,102400,5,4.0,5.0,1.0,9.554858934169278,4.777429467084639,10.0,24.33228840125392,1524.0,237765.4369164659,25383.812257975776,25395.421898450215,9.366813562125929,9.362531477808439
5,random_structured,structured,320,102400,8,7.0,8.0,1.0,18.068965517241377,9.034482758620689,16.0,43.10344827586207,2882.0,307200.0,48009.593538930756,48033.593538930756,6.398721117080338,6.395523994077549
5,random_structured,structured,320,102400,10,9.0,10.0,1.0,23.448275862068964,11.724137931034482,20.0,55.17241379310345,3740.0,340165.4369164659,62307.81685546544,62341.03613641432,5.459434370899928,5.456525235995721
5,oscillatory_fragmented,unstructured,320,102400,2,1.0,13.0,6.5,11.203761755485893,5.601880877742946,20.5,37.30564263322884,1787.0,102400.0,29744.57101112743,29757.57101112743,3.4426450447610155,3.441141078406868
5,oscillatory_fragmented,unstructured,320,102400,3,2.0,23.0,7.666666666666667,22.25705329153605,11.128526645768025,32.666666666666664,66.05224660397073,3550.0,162300.16007384637,59092.02932370315,59128.48346121974,2.7465660247471666,2.7448727004861078
5,oscillatory_fragmented,unstructured,320,102400,4,3.0,34.0,8.5,34.05015673981191,17.025078369905955,45.5,96.57523510971787,5431.0,204800.0,90404.78296666652,90472.78296666652,2.2653668675418706,2.2636642013704367
5,oscillatory_fragmented,unstructured,320,102400,5,4.0,45.0,9.0,45.73040752351097,22.865203761755485,58.0,126.59561128526644,7294.0,237765.4369164659,121418.86247297593,121523.34923724586,1.95822487605157,1.9565411783729283
5,oscillatory_fragmented,unstructured,320,102400,8,7.0,78.0,9.75,81.0909090909091,40.54545454545455,94.75,216.38636363636363,12934.0,307200.0,215313.63595854628,215547.63595854628,1.4267558978900172,1.425207001848446
5,oscillatory_fragmented,unstructured,320,102400,10,9.0,99.0,9.9,104.62068965517241,52.310344827586206,117.9,274.83103448275864,16687.0,340165.4369164659,277795.8229444788,278124.6938258726,1.22451602515439,1.2230680858904082
6,inventory_threshold,structured,320,102400,2,1.0,2.0,1.0,2.70846394984326,1.35423197492163,4.0,8.06269592476489,432.0,102400.0,7192.14587398268,7194.14587398268,14.23775348751312,14.233795337723857
6,inventory_threshold,structured,320,102400,3,2.0,3.0,1.0,5.41692789968652,2.70846394984326,6.0,14.12539184952978,864.0,162300.16007384637,14386.631597968246,14391.38648547041,11.281317587694902,11.277590261209728
6,inventory_threshold,structured,320,102400,4,3.0,4.0,1.0,8.12539184952978,4.06269592476489,8.0,20.188087774294672,1296.0,204800.0,21582.43762194804,21590.43762194804,9.489196891815904,9.485680817873181
6,inventory_threshold,structured,320,102400,5,4.0,5.0,1.0,10.83385579937304,5.41692789968652,10.0,26.25078369905956,1728.0,237765.4369164659,28779.15892068982,28790.76856116426,8.26172292149693,8.258391449722765
6,inventory_threshold,structured,320,102400,8,7.0,8.0,1.0,18.95924764890282,9.47962382445141,16.0,44.438871473354226,3024.0,307200.0,50373.021117878765,50397.021117878765,6.0985025948933265,6.095598374385232
6,inventory_threshold,structured,320,102400,10,9.0,10.0,1.0,24.37617554858934,12.18808777429467,20.0,56.56426332288402,3888.0,340165.4369164659,64771.1075715521,64804.32685250098,5.251808247075101,5.249116122920394
6,machine_replacement,structured,320,102400,2,1.0,2.0,1.0,2.269592476489028,1.134796238244514,4.0,7.4043887147335425,362.0,102400.0,6027.07594069845,6029.07594069845,16.989996643070892,16.984360622954316
6,machine_replacement,structured,320,102400,3,2.0,3.0,1.0,4.539184952978056,2.269592476489028,6.0,12.808777429467085,724.0,162300.16007384637,12056.491731399785,12061.246618901949,13.46164072349121,13.45633376068237
6,machine_replacement,structured,320,102400,4,3.0,4.0,1.0,6.808777429467084,3.404388714733542,8.0,18.213166144200628,1086.0,204800.0,18087.22782209535,18095.22782209535,11.322907081969545,11.317901162312365
6,machine_replacement,structured,320,102400,5,4.0,5.0,1.0,9.078369905956112,4.539184952978056,10.0,23.61755485893417,1448.0,237765.4369164659,24118.8791875529,24130.488828027337,9.858063265193941,9.85332036209327
6,machine_replacement,structured,320,102400,8,7.0,8.0,1.0,15.87460815047022,7.93730407523511,16.0,39.81191222570533,2532.0,307200.0,42184.2438725096,42208.2438725096,7.28233984537991,7.278199039218512
6,machine_replacement,structured,320,102400,10,9.0,10.0,1.0,20.401253918495296,10.200626959247648,20.0,50.60188087774295,3254.0,340165.4369164659,54218.902747234926,54252.1220281838,6.273926982666829,6.270085375457775
6,admission_control,structured,320,102400,2,1.0,2.0,1.0,2.006269592476489,1.0031347962382444,4.0,7.009404388714733,320.0,102400.0,5328.0339807279115,5330.0339807279115,19.21909664435177,19.21188502179407
6,admission_control,structured,320,102400,3,2.0,3.0,1.0,4.507836990595611,2.2539184952978055,6.0,12.761755485893415,719.0,162300.16007384637,11973.272450450911,11978.027337953075,13.555204790126878,13.549823814443043
6,admission_control,structured,320,102400,4,3.0,4.0,1.0,7.015673981191222,3.507836990595611,8.0,18.523510971786834,1119.0,204800.0,18636.475076357914,18644.475076357914,10.989202580471222,10.984487316550746
6,admission_control,structured,320,102400,5,4.0,5.0,1.0,9.517241379310345,4.758620689655173,10.0,24.275862068965516,1518.0,237765.4369164659,25283.94912083713,25295.558761311568,9.4038093408643,9.399493371939961
6,admission_control,structured,320,102400,8,7.0,8.0,1.0,17.04075235109718,8.52037617554859,16.0,41.561128526645774,2718.0,307200.0,45280.0011238077,45304.0011238077,6.784452128435964,6.7808580341607705
6,admission_control,structured,320,102400,10,9.0,10.0,1.0,22.05015673981191,11.025078369905955,20.0,53.075235109717866,3517.0,340165.4369164659,58596.23692514568,58629.45620609455,5.805243728381627,5.8019544940126115
6,resource_allocation,structured,320,102400,2,1.0,2.0,1.0,2.8025078369905954,1.4012539184952977,4.0,8.203761755485893,447.0,102400.0,7441.803716829301,7443.803716829301,13.76010492838276,13.756407865576744
6,resource_allocation,structured,320,102400,3,2.0,3.0,1.0,5.605015673981191,2.8025078369905954,6.0,14.407523510971785,894.0,162300.16007384637,14885.947283661488,14890.702171163652,10.902911113489145,10.899429604343718
6,resource_allocation,structured,320,102400,4,3.0,4.0,1.0,8.401253918495298,4.200626959247649,8.0,20.60188087774295,1340.0,204800.0,22314.76729429813,22322.76729429813,9.17777888063975,9.174489761953113
6,resource_allocation,structured,320,102400,5,4.0,5.0,1.0,11.197492163009404,5.598746081504702,10.0,26.796238244514107,1786.0,237765.4369164659,29744.502579696757,29756.112220171195,7.993592640502308,7.990473861544603
6,resource_allocation,structured,320,102400,8,7.0,8.0,1.0,19.586206896551722,9.793103448275861,16.0,45.37931034482759,3124.0,307200.0,52037.40673685624,52061.40673685624,5.903445603149574,5.900724149709184
6,resource_allocation,structured,320,102400,10,9.0,10.0,1.0,25.178683385579937,12.589341692789969,20.0,57.7680250783699,4016.0,340165.4369164659,66901.52116384327,66934.74044479214,5.0845695433948865,5.082046104250375
6,random_structured,structured,320,102400,2,1.0,2.0,1.0,1.9811912225705328,0.9905956112852664,4.0,6.971786833855799,316.0,102400.0,5261.458555968813,5263.458555968813,19.462283872564818,19.454888627151327
6,random_structured,structured,320,102400,3,2.0,3.0,1.0,3.9623824451410656,1.9811912225705328,6.0,11.943573667711599,632.0,162300.16007384637,10525.256961940511,10530.011849442675,15.420066290136784,15.413103270385824
6,random_structured,structured,320,102400,4,3.0,4.0,1.0,6.758620689655172,3.379310344827586,8.0,18.137931034482758,1078.0,204800.0,17954.076972577153,17962.076972577153,11.40687991439544,11.401799486366182
6,random_structured,structured,320,102400,5,4.0,5.0,1.0,9.5423197492163,4.77115987460815,10.0,24.31347962382445,1522.0,237765.4369164659,25350.52454559623,25362.134186070667,9.379113102327082,9.374819767614465
6,random_structured,structured,320,102400,8,7.0,8.0,1.0,17.93103448275862,8.96551724137931,16.0,42.89655172413793,2860.0,307200.0,47643.42870275571,47667.42870275571,6.447898658104585,6.444652215575463
6,random_structured,structured,320,102400,10,9.0,10.0,1.0,23.373040752351095,11.686520376175547,20.0,55.05956112852664,3728.0,340165.4369164659,62108.09058118814,62141.309862137015,5.476990738779825,5.474062868503038
6,oscillatory_fragmented,unstructured,320,102400,2,1.0,13.0,6.5,11.203761755485893,5.601880877742946,20.5,37.30564263322884,1787.0,102400.0,29744.57101112743,29757.57101112743,3.4426450447610155,3.441141078406868
6,oscillatory_fragmented,unstructured,320,102400,3,2.0,23.0,7.666666666666667,22.25705329153605,11.128526645768025,32.666666666666664,66.05224660397073,3550.0,162300.16007384637,59092.02932370315,59128.48346121974,2.7465660247471666,2.7448727004861078
6,oscillatory_fragmented,unstructured,320,102400,4,3.0,34.0,8.5,34.05015673981191,17.025078369905955,45.5,96.57523510971787,5431.0,204800.0,90404.78296666652,90472.78296666652,2.2653668675418706,2.2636642013704367
6,oscillatory_fragmented,unstructured,320,102400,5,4.0,45.0,9.0,45.73040752351097,22.865203761755485,58.0,126.59561128526644,7294.0,237765.4369164659,121418.86247297593,121523.34923724586,1.95822487605157,1.9565411783729283
6,oscillatory_fragmented,unstructured,320,102400,8,7.0,78.0,9.75,81.0909090909091,40.54545454545455,94.75,216.38636363636363,12934.0,307200.0,215313.63595854628,215547.63595854628,1.4267558978900172,1.425207001848446
6,oscillatory_fragmented,unstructured,320,102400,10,9.0,99.0,9.9,104.62068965517241,52.310344827586206,117.9,274.83103448275864,16687.0,340165.4369164659,277795.8229444788,278124.6938258726,1.22451602515439,1.2230680858904082
7,inventory_threshold,structured,320,102400,2,1.0,2.0,1.0,2.70846394984326,1.35423197492163,4.0,8.06269592476489,432.0,102400.0,7192.14587398268,7194.14587398268,14.23775348751312,14.233795337723857
7,inventory_threshold,structured,320,102400,3,2.0,3.0,1.0,5.41692789968652,2.70846394984326,6.0,14.12539184952978,864.0,162300.16007384637,14386.631597968246,14391.38648547041,11.281317587694902,11.277590261209728
7,inventory_threshold,structured,320,102400,4,3.0,4.0,1.0,8.12539184952978,4.06269592476489,8.0,20.188087774294672,1296.0,204800.0,21582.43762194804,21590.43762194804,9.489196891815904,9.485680817873181
7,inventory_threshold,structured,320,102400,5,4.0,5.0,1.0,10.83385579937304,5.41692789968652,10.0,26.25078369905956,1728.0,237765.4369164659,28779.15892068982,28790.76856116426,8.26172292149693,8.258391449722765
7,inventory_threshold,structured,320,102400,8,7.0,8.0,1.0,18.95924764890282,9.47962382445141,16.0,44.438871473354226,3024.0,307200.0,50373.021117878765,50397.021117878765,6.0985025948933265,6.095598374385232
7,inventory_threshold,structured,320,102400,10,9.0,10.0,1.0,24.37617554858934,12.18808777429467,20.0,56.56426332288402,3888.0,340165.4369164659,64771.1075715521,64804.32685250098,5.251808247075101,5.249116122920394
7,machine_replacement,structured,320,102400,2,1.0,2.0,1.0,2.269592476489028,1.134796238244514,4.0,7.4043887147335425,362.0,102400.0,6027.07594069845,6029.07594069845,16.989996643070892,16.984360622954316
7,machine_replacement,structured,320,102400,3,2.0,3.0,1.0,4.539184952978056,2.269592476489028,6.0,12.808777429467085,724.0,162300.16007384637,12056.491731399785,12061.246618901949,13.46164072349121,13.45633376068237
7,machine_replacement,structured,320,102400,4,3.0,4.0,1.0,6.808777429467084,3.404388714733542,8.0,18.213166144200628,1086.0,204800.0,18087.22782209535,18095.22782209535,11.322907081969545,11.317901162312365
7,machine_replacement,structured,320,102400,5,4.0,5.0,1.0,9.078369905956112,4.539184952978056,10.0,23.61755485893417,1448.0,237765.4369164659,24118.8791875529,24130.488828027337,9.858063265193941,9.85332036209327
7,machine_replacement,structured,320,102400,8,7.0,8.0,1.0,15.87460815047022,7.93730407523511,16.0,39.81191222570533,2532.0,307200.0,42184.2438725096,42208.2438725096,7.28233984537991,7.278199039218512
7,machine_replacement,structured,320,102400,10,9.0,10.0,1.0,20.401253918495296,10.200626959247648,20.0,50.60188087774295,3254.0,340165.4369164659,54218.902747234926,54252.1220281838,6.273926982666829,6.270085375457775
7,admission_control,structured,320,102400,2,1.0,2.0,1.0,2.006269592476489,1.0031347962382444,4.0,7.009404388714733,320.0,102400.0,5328.0339807279115,5330.0339807279115,19.21909664435177,19.21188502179407
7,admission_control,structured,320,102400,3,2.0,3.0,1.0,4.507836990595611,2.2539184952978055,6.0,12.761755485893415,719.0,162300.16007384637,11973.272450450911,11978.027337953075,13.555204790126878,13.549823814443043
7,admission_control,structured,320,102400,4,3.0,4.0,1.0,7.015673981191222,3.507836990595611,8.0,18.523510971786834,1119.0,204800.0,18636.475076357914,18644.475076357914,10.989202580471222,10.984487316550746
7,admission_control,structured,320,102400,5,4.0,5.0,1.0,9.517241379310345,4.758620689655173,10.0,24.275862068965516,1518.0,237765.4369164659,25283.94912083713,25295.558761311568,9.4038093408643,9.399493371939961
7,admission_control,structured,320,102400,8,7.0,8.0,1.0,17.04075235109718,8.52037617554859,16.0,41.561128526645774,2718.0,307200.0,45280.0011238077,45304.0011238077,6.784452128435964,6.7808580341607705
7,admission_control,structured,320,102400,10,9.0,10.0,1.0,22.05015673981191,11.025078369905955,20.0,53.075235109717866,3517.0,340165.4369164659,58596.23692514568,58629.45620609455,5.805243728381627,5.8019544940126115
7,resource_allocation,structured,320,102400,2,1.0,2.0,1.0,2.8025078369905954,1.4012539184952977,4.0,8.203761755485893,447.0,102400.0,7441.803716829301,7443.803716829301,13.76010492838276,13.756407865576744
7,resource_allocation,structured,320,102400,3,2.0,3.0,1.0,5.605015673981191,2.8025078369905954,6.0,14.407523510971785,894.0,162300.16007384637,14885.947283661488,14890.702171163652,10.902911113489145,10.899429604343718
7,resource_allocation,structured,320,102400,4,3.0,4.0,1.0,8.401253918495298,4.200626959247649,8.0,20.60188087774295,1340.0,204800.0,22314.76729429813,22322.76729429813,9.17777888063975,9.174489761953113
7,resource_allocation,structured,320,102400,5,4.0,5.0,1.0,11.197492163009404,5.598746081504702,10.0,26.796238244514107,1786.0,237765.4369164659,29744.502579696757,29756.112220171195,7.993592640502308,7.990473861544603
7,resource_allocation,structured,320,102400,8,7.0,8.0,1.0,19.586206896551722,9.793103448275861,16.0,45.37931034482759,3124.0,307200.0,52037.40673685624,52061.40673685624,5.903445603149574,5.900724149709184
7,resource_allocation,structured,320,102400,10,9.0,10.0,1.0,25.178683385579937,12.589341692789969,20.0,57.7680250783699,4016.0,340165.4369164659,66901.52116384327,66934.74044479214,5.0845695433948865,5.082046104250375
7,random_structured,structured,320,102400,2,1.0,2.0,1.0,1.8244514106583072,0.9122257053291536,4.0,6.736677115987461,291.0,102400.0,4845.3621512244445,4847.3621512244445,21.13361123566854,21.124891601947617
7,random_structured,structured,320,102400,3,2.0,3.0,1.0,3.6489028213166144,1.8244514106583072,6.0,11.473354231974922,582.0,162300.16007384637,9693.064152451774,9697.819039953938,16.74394778794423,16.735738149493997
7,random_structured,structured,320,102400,4,3.0,4.0,1.0,6.620689655172414,3.310344827586207,8.0,17.93103448275862,1056.0,204800.0,17587.91213640211,17595.91213640211,11.64436110504104,11.639066983990755
7,random_structured,structured,320,102400,5,4.0,5.0,1.0,9.60501567398119,4.802507836990595,10.0,24.40752351097179,1532.0,237765.4369164659,25516.963107493975,25528.572747968414,9.317936304365213,9.31369878229434
7,random_structured,structured,320,102400,8,7.0,8.0,1.0,18.043887147335422,9.021943573667711,16.0,43.06583072100314,2878.0,307200.0,47943.01811417165,47967.01811417165,6.407606614761569,6.404400608534785
7,random_structured,structured,320,102400,10,9.0,10.0,1.0,23.54858934169279,11.774294670846395,20.0,55.322884012539184,3756.0,340165.4369164659,62574.11855450183,62607.33783545071,5.436200217829405,5.433315784972588
7,oscillatory_fragmented,unstructured,320,102400,2,1.0,13.0,6.5,11.203761755485893,5.601880877742946,20.5,37.30564263322884,1787.0,102400.0,29744.57101112743,29757.57101112743,3.4426450447610155,3.441141078406868
7,oscillatory_fragmented,unstructured,320,102400,3,2.0,23.0,7.666666666666667,22.25705329153605,11.128526645768025,32.666666666666664,66.05224660397073,3550.0,162300.16007384637,59092.02932370315,59128.48346121974,2.7465660247471666,2.7448727004861078
7,oscillatory_fragmented,unstructured,320,102400,4,3.0,34.0,8.5,34.05015673981191,17.025078369905955,45.5,96.57523510971787,5431.0,204800.0,90404.78296666652,90472.78296666652,2.2653668675418706,2.2636642013704367
7,oscillatory_fragmented,unstructured,320,102400,5,4.0,45.0,9.0,45.73040752351097,22.865203761755485,58.0,126.59561128526644,7294.0,237765.4369164659,121418.86247297593,121523.34923724586,1.95822487605157,1.9565411783729283
7,oscillatory_fragmented,unstructured,320,102400,8,7.0,78.0,9.75,81.0909090909091,40.54545454545455,94.75,216.38636363636363,12934.0,307200.0,215313.63595854628,215547.63595854628,1.4267558978900172,1.425207001848446
7,oscillatory_fragmented,unstructured,320,102400,10,9.0,99.0,9.9,104.62068965517241,52.310344827586206,117.9,274.83103448275864,16687.0,340165.4369164659,277795.8229444788,278124.6938258726,1.22451602515439,1.2230680858904082
8,inventory_threshold,structured,320,102400,2,1.0,2.0,1.0,2.70846394984326,1.35423197492163,4.0,8.06269592476489,432.0,102400.0,7192.14587398268,7194.14587398268,14.23775348751312,14.233795337723857
8,inventory_threshold,structured,320,102400,3,2.0,3.0,1.0,5.41692789968652,2.70846394984326,6.0,14.12539184952978,864.0,162300.16007384637,14386.631597968246,14391.38648547041,11.281317587694902,11.277590261209728
8,inventory_threshold,structured,320,102400,4,3.0,4.0,1.0,8.12539184952978,4.06269592476489,8.0,20.188087774294672,1296.0,204800.0,21582.43762194804,21590.43762194804,9.489196891815904,9.485680817873181
8,inventory_threshold,structured,320,102400,5,4.0,5.0,1.0,10.83385579937304,5.41692789968652,10.0,26.25078369905956,1728.0,237765.4369164659,28779.15892068982,28790.76856116426,8.26172292149693,8.258391449722765
8,inventory_threshold,structured,320,102400,8,7.0,8.0,1.0,18.95924764890282,9.47962382445141,16.0,44.438871473354226,3024.0,307200.0,50373.021117878765,50397.021117878765,6.0985025948933265,6.095598374385232
8,inventory_threshold,structured,320,102400,10,9.0,10.0,1.0,24.37617554858934,12.18808777429467,20.0,56.56426332288402,3888.0,340165.4369164659,64771.1075715521,64804.32685250098,5.251808247075101,5.249116122920394
8,machine_replacement,structured,320,102400,2,1.0,2.0,1.0,2.269592476489028,1.134796238244514,4.0,7.4043887147335425,362.0,102400.0,6027.07594069845,6029.07594069845,16.989996643070892,16.984360622954316
8,machine_replacement,structured,320,102400,3,2.0,3.0,1.0,4.539184952978056,2.269592476489028,6.0,12.808777429467085,724.0,162300.16007384637,12056.491731399785,12061.246618901949,13.46164072349121,13.45633376068237
8,machine_replacement,structured,320,102400,4,3.0,4.0,1.0,6.808777429467084,3.404388714733542,8.0,18.213166144200628,1086.0,204800.0,18087.22782209535,18095.22782209535,11.322907081969545,11.317901162312365
8,machine_replacement,structured,320,102400,5,4.0,5.0,1.0,9.078369905956112,4.539184952978056,10.0,23.61755485893417,1448.0,237765.4369164659,24118.8791875529,24130.488828027337,9.858063265193941,9.85332036209327
8,machine_replacement,structured,320,102400,8,7.0,8.0,1.0,15.87460815047022,7.93730407523511,16.0,39.81191222570533,2532.0,307200.0,42184.2438725096,42208.2438725096,7.28233984537991,7.278199039218512
8,machine_replacement,structured,320,102400,10,9.0,10.0,1.0,20.401253918495296,10.200626959247648,20.0,50.60188087774295,3254.0,340165.4369164659,54218.902747234926,54252.1220281838,6.273926982666829,6.270085375457775
8,admission_control,structured,320,102400,2,1.0,2.0,1.0,2.006269592476489,1.0031347962382444,4.0,7.009404388714733,320.0,102400.0,5328.0339807279115,5330.0339807279115,19.21909664435177,19.21188502179407
8,admission_control,structured,320,102400,3,2.0,3.0,1.0,4.507836990595611,2.2539184952978055,6.0,12.761755485893415,719.0,162300.16007384637,11973.272450450911,11978.027337953075,13.555204790126878,13.549823814443043
8,admission_control,structured,320,102400,4,3.0,4.0,1.0,7.015673981191222,3.507836990595611,8.0,18.523510971786834,1119.0,204800.0,18636.475076357914,18644.475076357914,10.989202580471222,10.984487316550746
8,admission_control,structured,320,102400,5,4.0,5.0,1.0,9.517241379310345,4.758620689655173,10.0,24.275862068965516,1518.0,237765.4369164659,25283.94912083713,25295.558761311568,9.4038093408643,9.399493371939961
8,admission_control,structured,320,102400,8,7.0,8.0,1.0,17.04075235109718,8.52037617554859,16.0,41.561128526645774,2718.0,307200.0,45280.0011238077,45304.0011238077,6.784452128435964,6.7808580341607705
8,admission_control,structured,320,102400,10,9.0,10.0,1.0,22.05015673981191,11.025078369905955,20.0,53.075235109717866,3517.0,340165.4369164659,58596.23692514568,58629.45620609455,5.805243728381627,5.8019544940126115
8,resource_allocation,structured,320,102400,2,1.0,2.0,1.0,2.8025078369905954,1.4012539184952977,4.0,8.203761755485893,447.0,102400.0,7441.803716829301,7443.803716829301,13.76010492838276,13.756407865576744
8,resource_allocation,structured,320,102400,3,2.0,3.0,1.0,5.605015673981191,2.8025078369905954,6.0,14.407523510971785,894.0,162300.16007384637,14885.947283661488,14890.702171163652,10.902911113489145,10.899429604343718
8,resource_allocation,structured,320,102400,4,3.0,4.0,1.0,8.401253918495298,4.200626959247649,8.0,20.60188087774295,1340.0,204800.0,22314.76729429813,22322.76729429813,9.17777888063975,9.174489761953113
8,resource_allocation,structured,320,102400,5,4.0,5.0,1.0,11.197492163009404,5.598746081504702,10.0,26.796238244514107,1786.0,237765.4369164659,29744.502579696757,29756.112220171195,7.993592640502308,7.990473861544603
8,resource_allocation,structured,320,102400,8,7.0,8.0,1.0,19.586206896551722,9.793103448275861,16.0,45.37931034482759,3124.0,307200.0,52037.40673685624,52061.40673685624,5.903445603149574,5.900724149709184
8,resource_allocation,structured,320,102400,10,9.0,10.0,1.0,25.178683385579937,12.589341692789969,20.0,57.7680250783699,4016.0,340165.4369164659,66901.52116384327,66934.74044479214,5.0845695433948865,5.082046104250375
8,random_structured,structured,320,102400,2,1.0,2.0,1.0,2.4326018808777428,1.2163009404388714,4.0,7.6489028213166135,388.0,102400.0,6459.816201632592,6461.816201632592,15.851844201715894,15.846937889401499
8,random_structured,structured,320,102400,3,2.0,3.0,1.0,4.8652037617554855,2.4326018808777428,6.0,13.297805642633227,776.0,162300.16007384637,12921.97225326807,12926.727140770234,12.560014593190244,12.555394594967508
8,random_structured,structured,320,102400,4,3.0,4.0,1.0,7.297805642633229,3.6489028213166144,8.0,18.946708463949843,1164.0,204800.0,19385.448604897778,19393.448604897778,10.564625259600998,10.560267241396053
8,random_structured,structured,320,102400,5,4.0,5.0,1.0,9.717868338557993,4.858934169278997,10.0,24.576802507836987,1550.0,237765.4369164659,25816.55251890992,25828.16215938436,9.209805869405267,9.205666103891819
8,random_structured,structured,320,102400,8,7.0,8.0,1.0,17.003134796238243,8.501567398119121,16.0,41.504702194357364,2712.0,307200.0,45180.13798666905,45204.13798666905,6.799448024940586,6.795838029044929
8,random_structured,structured,320,102400,10,9.0,10.0,1.0,21.893416927899686,10.946708463949843,20.0,52.840125391849526,3492.0,340165.4369164659,58180.140520401306,58213.35980135018,5.846762037248506,5.84342559984961
8,oscillatory_fragmented,unstructured,320,102400,2,1.0,13.0,6.5,11.203761755485893,5.601880877742946,20.5,37.30564263322884,1787.0,102400.0,29744.57101112743,29757.57101112743,3.4426450447610155,3.441141078406868
8,oscillatory_fragmented,unstructured,320,102400,3,2.0,23.0,7.666666666666667,22.25705329153605,11.128526645768025,32.666666666666664,66.05224660397073,3550.0,162300.16007384637,59092.02932370315,59128.48346121974,2.7465660247471666,2.7448727004861078
8,oscillatory_fragmented,unstructured,320,102400,4,3.0,34.0,8.5,34.05015673981191,17.025078369905955,45.5,96.57523510971787,5431.0,204800.0,90404.78296666652,90472.78296666652,2.2653668675418706,2.2636642013704367
8,oscillatory_fragmented,unstructured,320,102400,5,4.0,45.0,9.0,45.73040752351097,22.865203761755485,58.0,126.59561128526644,7294.0,237765.4369164659,121418.86247297593,121523.34923724586,1.95822487605157,1.9565411783729283
8,oscillatory_fragmented,unstructured,320,102400,8,7.0,78.0,9.75,81.0909090909091,40.54545454545455,94.75,216.38636363636363,12934.0,307200.0,215313.63595854628,215547.63595854628,1.4267558978900172,1.425207001848446
8,oscillatory_fragmented,unstructured,320,102400,10,9.0,99.0,9.9,104.62068965517241,52.310344827586206,117.9,274.83103448275864,16687.0,340165.4369164659,277795.8229444788,278124.6938258726,1.22451602515439,1.2230680858904082
9,inventory_threshold,structured,320,102400,2,1.0,2.0,1.0,2.70846394984326,1.35423197492163,4.0,8.06269592476489,432.0,102400.0,7192.14587398268,7194.14587398268,14.23775348751312,14.233795337723857
9,inventory_threshold,structured,320,102400,3,2.0,3.0,1.0,5.41692789968652,2.70846394984326,6.0,14.12539184952978,864.0,162300.16007384637,14386.631597968246,14391.38648547041,11.281317587694902,11.277590261209728
9,inventory_threshold,structured,320,102400,4,3.0,4.0,1.0,8.12539184952978,4.06269592476489,8.0,20.188087774294672,1296.0,204800.0,21582.43762194804,21590.43762194804,9.489196891815904,9.485680817873181
9,inventory_threshold,structured,320,102400,5,4.0,5.0,1.0,10.83385579937304,5.41692789968652,10.0,26.25078369905956,1728.0,237765.4369164659,28779.15892068982,28790.76856116426,8.26172292149693,8.258391449722765
9,inventory_threshold,structured,320,102400,8,7.0,8.0,1.0,18.95924764890282,9.47962382445141,16.0,44.438871473354226,3024.0,307200.0,50373.021117878765,50397.021117878765,6.0985025948933265,6.095598374385232
9,inventory_threshold,structured,320,102400,10,9.0,10.0,1.0,24.37617554858934,12.18808777429467,20.0,56.56426332288402,3888.0,340165.4369164659,64771.1075715521,64804.32685250098,5.251808247075101,5.249116122920394
9,machine_replacement,structured,320,102400,2,1.0,2.0,1.0,2.269592476489028,1.134796238244514,4.0,7.4043887147335425,362.0,102400.0,6027.07594069845,6029.07594069845,16.989996643070892,16.984360622954316
9,machine_replacement,structured,320,102400,3,2.0,3.0,1.0,4.539184952978056,2.269592476489028,6.0,12.808777429467085,724.0,162300.16007384637,12056.491731399785,12061.246618901949,13.46164072349121,13.45633376068237
9,machine_replacement,structured,320,102400,4,3.0,4.0,1.0,6.808777429467084,3.404388714733542,8.0,18.213166144200628,1086.0,204800.0,18087.22782209535,18095.22782209535,11.322907081969545,11.317901162312365
9,machine_replacement,structured,320,102400,5,4.0,5.0,1.0,9.078369905956112,4.539184952978056,10.0,23.61755485893417,1448.0,237765.4369164659,24118.8791875529,24130.488828027337,9.858063265193941,9.85332036209327
9,machine_replacement,structured,320,102400,8,7.0,8.0,1.0,15.87460815047022,7.93730407523511,16.0,39.81191222570533,2532.0,307200.0,42184.2438725096,42208.2438725096,7.28233984537991,7.278199039218512
9,machine_replacement,structured,320,102400,10,9.0,10.0,1.0,20.401253918495296,10.200626959247648,20.0,50.60188087774295,3254.0,340165.4369164659,54218.902747234926,54252.1220281838,6.273926982666829,6.270085375457775
9,admission_control,structured,320,102400,2,1.0,2.0,1.0,2.006269592476489,1.0031347962382444,4.0,7.009404388714733,320.0,102400.0,5328.0339807279115,5330.0339807279115,19.21909664435177,19.21188502179407
9,admission_control,structured,320,102400,3,2.0,3.0,1.0,4.507836990595611,2.2539184952978055,6.0,12.761755485893415,719.0,162300.16007384637,11973.272450450911,11978.027337953075,13.555204790126878,13.549823814443043
9,admission_control,structured,320,102400,4,3.0,4.0,1.0,7.015673981191222,3.507836990595611,8.0,18.523510971786834,1119.0,204800.0,18636.475076357914,18644.475076357914,10.989202580471222,10.984487316550746
9,admission_control,structured,320,102400,5,4.0,5.0,1.0,9.517241379310345,4.758620689655173,10.0,24.275862068965516,1518.0,237765.4369164659,25283.94912083713,25295.558761311568,9.4038093408643,9.399493371939961
9,admission_control,structured,320,102400,8,7.0,8.0,1.0,17.04075235109718,8.52037617554859,16.0,41.561128526645774,2718.0,307200.0,45280.0011238077,45304.0011238077,6.784452128435964,6.7808580341607705
9,admission_control,structured,320,102400,10,9.0,10.0,1.0,22.05015673981191,11.025078369905955,20.0,53.075235109717866,3517.0,340165.4369164659,58596.23692514568,58629.45620609455,5.805243728381627,5.8019544940126115
9,resource_allocation,structured,320,102400,2,1.0,2.0,1.0,2.8025078369905954,1.4012539184952977,4.0,8.203761755485893,447.0,102400.0,7441.803716829301,7443.803716829301,13.76010492838276,13.756407865576744
9,resource_allocation,structured,320,102400,3,2.0,3.0,1.0,5.605015673981191,2.8025078369905954,6.0,14.407523510971785,894.0,162300.16007384637,14885.947283661488,14890.702171163652,10.902911113489145,10.899429604343718
9,resource_allocation,structured,320,102400,4,3.0,4.0,1.0,8.401253918495298,4.200626959247649,8.0,20.60188087774295,1340.0,204800.0,22314.76729429813,22322.76729429813,9.17777888063975,9.174489761953113
9,resource_allocation,structured,320,102400,5,4.0,5.0,1.0,11.197492163009404,5.598746081504702,10.0,26.796238244514107,1786.0,237765.4369164659,29744.502579696757,29756.112220171195,7.993592640502308,7.990473861544603
9,resource_allocation,structured,320,102400,8,7.0,8.0,1.0,19.586206896551722,9.793103448275861,16.0,45.37931034482759,3124.0,307200.0,52037.40673685624,52061.40673685624,5.903445603149574,5.900724149709184
9,resource_allocation,structured,320,102400,10,9.0,10.0,1.0,25.178683385579937,12.589341692789969,20.0,57.7680250783699,4016.0,340165.4369164659,66901.52116384327,66934.74044479214,5.0845695433948865,5.082046104250375
9,random_structured,structured,320,102400,2,1.0,2.0,1.0,2.1003134796238245,1.0501567398119123,4.0,7.1504702194357375,335.0,102400.0,5577.6918235745325,5579.6918235745325,18.3588486490413,18.352268053112514
9,random_structured,structured,320,102400,3,2.0,3.0,1.0,4.200626959247649,2.1003134796238245,6.0,12.300940438871475,670.0,162300.16007384637,11157.72349715195,11162.478384654114,14.545992299887525,14.539796134966982
9,random_structured,structured,320,102400,4,3.0,4.0,1.0,6.896551724137931,3.4482758620689653,8.0,18.344827586206897,1100.0,204800.0,18320.241808752195,18328.241808752195,11.178891749243187,11.174012332279622
9,random_structured,structured,320,102400,5,4.0,5.0,1.0,9.592476489028213,4.7962382445141065,10.0,24.388714733542322,1530.0,237765.4369164659,25483.675395114427,25495.285035588866,9.330107734854009,9.325859137662873
9,random_structured,structured,320,102400,8,7.0,8.0,1.0,17.68025078369906,8.84012539184953,16.0,42.52037617554859,2820.0,307200.0,46977.67445516472,47001.67445516472,6.539276444882138,6.535937358849642
9,random_structured,structured,320,102400,10,9.0,10.0,1.0,23.0846394984326,11.5423197492163,20.0,54.6269592476489,3682.0,340165.4369164659,61342.47319645851,61375.692477407385,5.545349236686868,5.542347844656613
9,oscillatory_fragmented,unstructured,320,102400,2,1.0,13.0,6.5,11.203761755485893,5.601880877742946,20.5,37.30564263322884,1787.0,102400.0,29744.57101112743,29757.57101112743,3.4426450447610155,3.441141078406868
9,oscillatory_fragmented,unstructured,320,102400,3,2.0,23.0,7.666666666666667,22.25705329153605,11.128526645768025,32.666666666666664,66.05224660397073,3550.0,162300.16007384637,59092.02932370315,59128.48346121974,2.7465660247471666,2.7448727004861078
9,oscillatory_fragmented,unstructured,320,102400,4,3.0,34.0,8.5,34.05015673981191,17.025078369905955,45.5,96.57523510971787,5431.0,204800.0,90404.78296666652,90472.78296666652,2.2653668675418706,2.2636642013704367
9,oscillatory_fragmented,unstructured,320,102400,5,4.0,45.0,9.0,45.73040752351097,22.865203761755485,58.0,126.59561128526644,7294.0,237765.4369164659,121418.86247297593,121523.34923724586,1.95822487605157,1.9565411783729283
9,oscillatory_fragmented,unstructured,320,102400,8,7.0,78.0,9.75,81.0909090909091,40.54545454545455,94.75,216.38636363636363,12934.0,307200.0,215313.63595854628,215547.63595854628,1.4267558978900172,1.425207001848446
9,oscillatory_fragmented,unstructured,320,102400,10,9.0,99.0,9.9,104.62068965517241,52.310344827586206,117.9,274.83103448275864,16687.0,340165.4369164659,277795.8229444788,278124.6938258726,1.22451602515439,1.2230680858904082
10,inventory_threshold,structured,320,102400,2,1.0,2.0,1.0,2.70846394984326,1.35423197492163,4.0,8.06269592476489,432.0,102400.0,7192.14587398268,7194.14587398268,14.23775348751312,14.233795337723857
10,inventory_threshold,structured,320,102400,3,2.0,3.0,1.0,5.41692789968652,2.70846394984326,6.0,14.12539184952978,864.0,162300.16007384637,14386.631597968246,14391.38648547041,11.281317587694902,11.277590261209728
10,inventory_threshold,structured,320,102400,4,3.0,4.0,1.0,8.12539184952978,4.06269592476489,8.0,20.188087774294672,1296.0,204800.0,21582.43762194804,21590.43762194804,9.489196891815904,9.485680817873181
10,inventory_threshold,structured,320,102400,5,4.0,5.0,1.0,10.83385579937304,5.41692789968652,10.0,26.25078369905956,1728.0,237765.4369164659,28779.15892068982,28790.76856116426,8.26172292149693,8.258391449722765
10,inventory_threshold,structured,320,102400,8,7.0,8.0,1.0,18.95924764890282,9.47962382445141,16.0,44.438871473354226,3024.0,307200.0,50373.021117878765,50397.021117878765,6.0985025948933265,6.095598374385232
10,inventory_threshold,structured,320,102400,10,9.0,10.0,1.0,24.37617554858934,12.18808777429467,20.0,56.56426332288402,3888.0,340165.4369164659,64771.1075715521,64804.32685250098,5.251808247075101,5.249116122920394
10,machine_replacement,structured,320,102400,2,1.0,2.0,1.0,2.269592476489028,1.134796238244514,4.0,7.4043887147335425,362.0,102400.0,6027.07594069845,6029.07594069845,16.989996643070892,16.984360622954316
10,machine_replacement,structured,320,102400,3,2.0,3.0,1.0,4.539184952978056,2.269592476489028,6.0,12.808777429467085,724.0,162300.16007384637,12056.491731399785,12061.246618901949,13.46164072349121,13.45633376068237
10,machine_replacement,structured,320,102400,4,3.0,4.0,1.0,6.808777429467084,3.404388714733542,8.0,18.213166144200628,1086.0,204800.0,18087.22782209535,18095.22782209535,11.322907081969545,11.317901162312365
10,machine_replacement,structured,320,102400,5,4.0,5.0,1.0,9.078369905956112,4.539184952978056,10.0,23.61755485893417,1448.0,237765.4369164659,24118.8791875529,24130.488828027337,9.858063265193941,9.85332036209327
10,machine_replacement,structured,320,102400,8,7.0,8.0,1.0,15.87460815047022,7.93730407523511,16.0,39.81191222570533,2532.0,307200.0,42184.2438725096,42208.2438725096,7.28233984537991,7.278199039218512
10,machine_replacement,structured,320,102400,10,9.0,10.0,1.0,20.401253918495296,10.200626959247648,20.0,50.60188087774295,3254.0,340165.4369164659,54218.902747234926,54252.1220281838,6.273926982666829,6.270085375457775
10,admission_control,structured,320,102400,2,1.0,2.0,1.0,2.006269592476489,1.0031347962382444,4.0,7.009404388714733,320.0,102400.0,5328.0339807279115,5330.0339807279115,19.21909664435177,19.21188502179407
10,admission_control,structured,320,102400,3,2.0,3.0,1.0,4.507836990595611,2.2539184952978055,6.0,12.761755485893415,719.0,162300.16007384637,11973.272450450911,11978.027337953075,13.555204790126878,13.549823814443043
10,admission_control,structured,320,102400,4,3.0,4.0,1.0,7.015673981191222,3.507836990595611,8.0,18.523510971786834,1119.0,204800.0,18636.475076357914,18644.475076357914,10.989202580471222,10.984487316550746
10,admission_control,structured,320,102400,5,4.0,5.0,1.0,9.517241379310345,4.758620689655173,10.0,24.275862068965516,1518.0,237765.4369164659,25283.94912083713,25295.558761311568,9.4038093408643,9.399493371939961
10,admission_control,structured,320,102400,8,7.0,8.0,1.0,17.04075235109718,8.52037617554859,16.0,41.561128526645774,2718.0,307200.0,45280.0011238077,45304.0011238077,6.784452128435964,6.7808580341607705
10,admission_control,structured,320,102400,10,9.0,10.0,1.0,22.05015673981191,11.025078369905955,20.0,53.075235109717866,3517.0,340165.4369164659,58596.23692514568,58629.45620609455,5.805243728381627,5.8019544940126115
10,resource_allocation,structured,320,102400,2,1.0,2.0,1.0,2.8025078369905954,1.4012539184952977,4.0,8.203761755485893,447.0,102400.0,7441.803716829301,7443.803716829301,13.76010492838276,13.756407865576744
10,resource_allocation,structured,320,102400,3,2.0,3.0,1.0,5.605015673981191,2.8025078369905954,6.0,14.407523510971785,894.0,162300.16007384637,14885.947283661488,14890.702171163652,10.902911113489145,10.899429604343718
10,resource_allocation,structured,320,102400,4,3.0,4.0,1.0,8.401253918495298,4.200626959247649,8.0,20.60188087774295,1340.0,204800.0,22314.76729429813,22322.76729429813,9.17777888063975,9.174489761953113
10,resource_allocation,structured,320,102400,5,4.0,5.0,1.0,11.197492163009404,5.598746081504702,10.0,26.796238244514107,1786.0,237765.4369164659,29744.502579696757,29756.112220171195,7.993592640502308,7.990473861544603
10,resource_allocation,structured,320,102400,8,7.0,8.0,1.0,19.586206896551722,9.793103448275861,16.0,45.37931034482759,3124.0,307200.0,52037.40673685624,52061.40673685624,5.903445603149574,5.900724149709184
10,resource_allocation,structured,320,102400,10,9.0,10.0,1.0,25.178683385579937,12.589341692789969,20.0,57.7680250783699,4016.0,340165.4369164659,66901.52116384327,66934.74044479214,5.0845695433948865,5.082046104250375
10,random_structured,structured,320,102400,2,1.0,2.0,1.0,1.8683385579937304,0.9341692789968652,4.0,6.802507836990596,298.0,102400.0,4961.8691445528675,4963.8691445528675,20.637384222922236,20.62906918333439
10,random_structured,structured,320,102400,3,2.0,3.0,1.0,3.7366771159874608,1.8683385579937304,6.0,11.605015673981192,596.0,162300.16007384637,9926.07813910862,9930.833026610784,16.350884790477906,16.343055979185717
10,random_structured,structured,320,102400,4,3.0,4.0,1.0,6.64576802507837,3.322884012539185,8.0,17.968652037617556,1060.0,204800.0,17654.487561161208,17662.487561161208,11.600449987036013,11.595195710163917
10,random_structured,structured,320,102400,5,4.0,5.0,1.0,9.567398119122256,4.783699059561128,10.0,24.351097178683382,1526.0,237765.4369164659,25417.099970355328,25428.709610829766,9.354546238311151,9.350275360225302
10,random_structured,structured,320,102400,8,7.0,8.0,1.0,18.081504702194355,9.040752351097177,16.0,43.12225705329153,2884.0,307200.0,48042.881251310304,48066.881251310304,6.394287603048819,6.391094907819212
10,random_structured,structured,320,102400,10,9.0,10.0,1.0,23.448275862068964,11.724137931034482,20.0,55.17241379310345,3740.0,340165.4369164659,62307.81685546544,62341.03613641432,5.459434370899928,5.456525235995721
10,oscillatory_fragmented,unstructured,320,102400,2,1.0,13.0,6.5,11.203761755485893,5.601880877742946,20.5,37.30564263322884,1787.0,102400.0,29744.57101112743,29757.57101112743,3.4426450447610155,3.441141078406868
10,oscillatory_fragmented,unstructured,320,102400,3,2.0,23.0,7.666666666666667,22.25705329153605,11.128526645768025,32.666666666666664,66.05224660397073,3550.0,162300.16007384637,59092.02932370315,59128.48346121974,2.7465660247471666,2.7448727004861078
10,oscillatory_fragmented,unstructured,320,102400,4,3.0,34.0,8.5,34.05015673981191,17.025078369905955,45.5,96.57523510971787,5431.0,204800.0,90404.78296666652,90472.78296666652,2.2653668675418706,2.2636642013704367
10,oscillatory_fragmented,unstructured,320,102400,5,4.0,45.0,9.0,45.73040752351097,22.865203761755485,58.0,126.59561128526644,7294.0,237765.4369164659,121418.86247297593,121523.34923724586,1.95822487605157,1.9565411783729283
10,oscillatory_fragmented,unstructured,320,102400,8,7.0,78.0,9.75,81.0909090909091,40.54545454545455,94.75,216.38636363636363,12934.0,307200.0,215313.63595854628,215547.63595854628,1.4267558978900172,1.425207001848446
10,oscillatory_fragmented,unstructured,320,102400,10,9.0,99.0,9.9,104.62068965517241,52.310344827586206,117.9,274.83103448275864,16687.0,340165.4369164659,277795.8229444788,278124.6938258726,1.22451602515439,1.2230680858904082
11,inventory_threshold,structured,320,102400,2,1.0,2.0,1.0,2.70846394984326,1.35423197492163,4.0,8.06269592476489,432.0,102400.0,7192.14587398268,7194.14587398268,14.23775348751312,14.233795337723857
11,inventory_threshold,structured,320,102400,3,2.0,3.0,1.0,5.41692789968652,2.70846394984326,6.0,14.12539184952978,864.0,162300.16007384637,14386.631597968246,14391.38648547041,11.281317587694902,11.277590261209728
11,inventory_threshold,structured,320,102400,4,3.0,4.0,1.0,8.12539184952978,4.06269592476489,8.0,20.188087774294672,1296.0,204800.0,21582.43762194804,21590.43762194804,9.489196891815904,9.485680817873181
11,inventory_threshold,structured,320,102400,5,4.0,5.0,1.0,10.83385579937304,5.41692789968652,10.0,26.25078369905956,1728.0,237765.4369164659,28779.15892068982,28790.76856116426,8.26172292149693,8.258391449722765
11,inventory_threshold,structured,320,102400,8,7.0,8.0,1.0,18.95924764890282,9.47962382445141,16.0,44.438871473354226,3024.0,307200.0,50373.021117878765,50397.021117878765,6.0985025948933265,6.095598374385232
11,inventory_threshold,structured,320,102400,10,9.0,10.0,1.0,24.37617554858934,12.18808777429467,20.0,56.56426332288402,3888.0,340165.4369164659,64771.1075715521,64804.32685250098,5.251808247075101,5.249116122920394
11,machine_replacement,structured,320,102400,2,1.0,2.0,1.0,2.269592476489028,1.134796238244514,4.0,7.4043887147335425,362.0,102400.0,6027.07594069845,6029.07594069845,16.989996643070892,16.984360622954316
11,machine_replacement,structured,320,102400,3,2.0,3.0,1.0,4.539184952978056,2.269592476489028,6.0,12.808777429467085,724.0,162300.16007384637,12056.491731399785,12061.246618901949,13.46164072349121,13.45633376068237
11,machine_replacement,structured,320,102400,4,3.0,4.0,1.0,6.808777429467084,3.404388714733542,8.0,18.213166144200628,1086.0,204800.0,18087.22782209535,18095.22782209535,11.322907081969545,11.317901162312365
11,machine_replacement,structured,320,102400,5,4.0,5.0,1.0,9.078369905956112,4.539184952978056,10.0,23.61755485893417,1448.0,237765.4369164659,24118.8791875529,24130.488828027337,9.858063265193941,9.85332036209327
11,machine_replacement,structured,320,102400,8,7.0,8.0,1.0,15.87460815047022,7.93730407523511,16.0,39.81191222570533,2532.0,307200.0,42184.2438725096,42208.2438725096,7.28233984537991,7.278199039218512
11,machine_replacement,structured,320,102400,10,9.0,10.0,1.0,20.401253918495296,10.200626959247648,20.0,50.60188087774295,3254.0,340165.4369164659,54218.902747234926,54252.1220281838,6.273926982666829,6.270085375457775
11,admission_control,structured,320,102400,2,1.0,2.0,1.0,2.006269592476489,1.0031347962382444,4.0,7.009404388714733,320.0,102400.0,5328.0339807279115,5330.0339807279115,19.21909664435177,19.21188502179407
11,admission_control,structured,320,102400,3,2.0,3.0,1.0,4.507836990595611,2.2539184952978055,6.0,12.761755485893415,719.0,162300.16007384637,11973.272450450911,11978.027337953075,13.555204790126878,13.549823814443043
11,admission_control,structured,320,102400,4,3.0,4.0,1.0,7.015673981191222,3.507836990595611,8.0,18.523510971786834,1119.0,204800.0,18636.475076357914,18644.475076357914,10.989202580471222,10.984487316550746
11,admission_control,structured,320,102400,5,4.0,5.0,1.0,9.517241379310345,4.758620689655173,10.0,24.275862068965516,1518.0,237765.4369164659,25283.94912083713,25295.558761311568,9.4038093408643,9.399493371939961
11,admission_control,structured,320,102400,8,7.0,8.0,1.0,17.04075235109718,8.52037617554859,16.0,41.561128526645774,2718.0,307200.0,45280.0011238077,45304.0011238077,6.784452128435964,6.7808580341607705
11,admission_control,structured,320,102400,10,9.0,10.0,1.0,22.05015673981191,11.025078369905955,20.0,53.075235109717866,3517.0,340165.4369164659,58596.23692514568,58629.45620609455,5.805243728381627,5.8019544940126115
11,resource_allocation,structured,320,102400,2,1.0,2.0,1.0,2.8025078369905954,1.4012539184952977,4.0,8.203761755485893,447.0,102400.0,7441.803716829301,7443.803716829301,13.76010492838276,13.756407865576744
11,resource_allocation,structured,320,102400,3,2.0,3.0,1.0,5.605015673981191,2.8025078369905954,6.0,14.407523510971785,894.0,162300.16007384637,14885.947283661488,14890.702171163652,10.902911113489145,10.899429604343718
11,resource_allocation,structured,320,102400,4,3.0,4.0,1.0,8.401253918495298,4.200626959247649,8.0,20.60188087774295,1340.0,204800.0,22314.76729429813,22322.76729429813,9.17777888063975,9.174489761953113
11,resource_allocation,structured,320,102400,5,4.0,5.0,1.0,11.197492163009404,5.598746081504702,10.0,26.796238244514107,1786.0,237765.4369164659,29744.502579696757,29756.112220171195,7.993592640502308,7.990473861544603
11,resource_allocation,structured,320,102400,8,7.0,8.0,1.0,19.586206896551722,9.793103448275861,16.0,45.37931034482759,3124.0,307200.0,52037.40673685624,52061.40673685624,5.903445603149574,5.900724149709184
11,resource_allocation,structured,320,102400,10,9.0,10.0,1.0,25.178683385579937,12.589341692789969,20.0,57.7680250783699,4016.0,340165.4369164659,66901.52116384327,66934.74044479214,5.0845695433948865,5.082046104250375
11,random_structured,structured,320,102400,2,1.0,2.0,1.0,2.4326018808777428,1.2163009404388714,4.0,7.6489028213166135,388.0,102400.0,6459.816201632592,6461.816201632592,15.851844201715894,15.846937889401499
11,random_structured,structured,320,102400,3,2.0,3.0,1.0,4.8652037617554855,2.4326018808777428,6.0,13.297805642633227,776.0,162300.16007384637,12921.97225326807,12926.727140770234,12.560014593190244,12.555394594967508
11,random_structured,structured,320,102400,4,3.0,4.0,1.0,7.297805642633229,3.6489028213166144,8.0,18.946708463949843,1164.0,204800.0,19385.448604897778,19393.448604897778,10.564625259600998,10.560267241396053
11,random_structured,structured,320,102400,5,4.0,5.0,1.0,9.730407523510971,4.8652037617554855,10.0,24.595611285266454,1552.0,237765.4369164659,25849.84023128947,25861.449871763907,9.19794609131344,9.193816978376892
11,random_structured,structured,320,102400,8,7.0,8.0,1.0,17.0282131661442,8.5141065830721,16.0,41.5423197492163,2716.0,307200.0,45246.71341142815,45270.71341142815,6.789443405681908,6.785844022560739
11,random_structured,structured,320,102400,10,9.0,10.0,1.0,21.893416927899686,10.946708463949843,20.0,52.840125391849526,3492.0,340165.4369164659,58180.140520401306,58213.35980135018,5.846762037248506,5.84342559984961
11,oscillatory_fragmented,unstructured,320,102400,2,1.0,13.0,6.5,11.203761755485893,5.601880877742946,20.5,37.30564263322884,1787.0,102400.0,29744.57101112743,29757.57101112743,3.4426450447610155,3.441141078406868
11,oscillatory_fragmented,unstructured,320,102400,3,2.0,23.0,7.666666666666667,22.25705329153605,11.128526645768025,32.666666666666664,66.05224660397073,3550.0,162300.16007384637,59092.02932370315,59128.48346121974,2.7465660247471666,2.7448727004861078
11,oscillatory_fragmented,unstructured,320,102400,4,3.0,34.0,8.5,34.05015673981191,17.025078369905955,45.5,96.57523510971787,5431.0,204800.0,90404.78296666652,90472.78296666652,2.2653668675418706,2.2636642013704367
11,oscillatory_fragmented,unstructured,320,102400,5,4.0,45.0,9.0,45.73040752351097,22.865203761755485,58.0,126.59561128526644,7294.0,237765.4369164659,121418.86247297593,121523.34923724586,1.95822487605157,1.9565411783729283
11,oscillatory_fragmented,unstructured,320,102400,8,7.0,78.0,9.75,81.0909090909091,40.54545454545455,94.75,216.38636363636363,12934.0,307200.0,215313.63595854628,215547.63595854628,1.4267558978900172,1.425207001848446
11,oscillatory_fragmented,unstructured,320,102400,10,9.0,99.0,9.9,104.62068965517241,52.310344827586206,117.9,274.83103448275864,16687.0,340165.4369164659,277795.8229444788,278124.6938258726,1.22451602515439,1.2230680858904082
12,inventory_threshold,structured,320,102400,2,1.0,2.0,1.0,2.70846394984326,1.35423197492163,4.0,8.06269592476489,432.0,102400.0,7192.14587398268,7194.14587398268,14.23775348751312,14.233795337723857
12,inventory_threshold,structured,320,102400,3,2.0,3.0,1.0,5.41692789968652,2.70846394984326,6.0,14.12539184952978,864.0,162300.16007384637,14386.631597968246,14391.38648547041,11.281317587694902,11.277590261209728
12,inventory_threshold,structured,320,102400,4,3.0,4.0,1.0,8.12539184952978,4.06269592476489,8.0,20.188087774294672,1296.0,204800.0,21582.43762194804,21590.43762194804,9.489196891815904,9.485680817873181
12,inventory_threshold,structured,320,102400,5,4.0,5.0,1.0,10.83385579937304,5.41692789968652,10.0,26.25078369905956,1728.0,237765.4369164659,28779.15892068982,28790.76856116426,8.26172292149693,8.258391449722765
12,inventory_threshold,structured,320,102400,8,7.0,8.0,1.0,18.95924764890282,9.47962382445141,16.0,44.438871473354226,3024.0,307200.0,50373.021117878765,50397.021117878765,6.0985025948933265,6.095598374385232
12,inventory_threshold,structured,320,102400,10,9.0,10.0,1.0,24.37617554858934,12.18808777429467,20.0,56.56426332288402,3888.0,340165.4369164659,64771.1075715521,64804.32685250098,5.251808247075101,5.249116122920394
12,machine_replacement,structured,320,102400,2,1.0,2.0,1.0,2.269592476489028,1.134796238244514,4.0,7.4043887147335425,362.0,102400.0,6027.07594069845,6029.07594069845,16.989996643070892,16.984360622954316
12,machine_replacement,structured,320,102400,3,2.0,3.0,1.0,4.539184952978056,2.269592476489028,6.0,12.808777429467085,724.0,162300.16007384637,12056.491731399785,12061.246618901949,13.46164072349121,13.45633376068237
12,machine_replacement,structured,320,102400,4,3.0,4.0,1.0,6.808777429467084,3.404388714733542,8.0,18.213166144200628,1086.0,204800.0,18087.22782209535,18095.22782209535,11.322907081969545,11.317901162312365
12,machine_replacement,structured,320,102400,5,4.0,5.0,1.0,9.078369905956112,4.539184952978056,10.0,23.61755485893417,1448.0,237765.4369164659,24118.8791875529,24130.488828027337,9.858063265193941,9.85332036209327
12,machine_replacement,structured,320,102400,8,7.0,8.0,1.0,15.87460815047022,7.93730407523511,16.0,39.81191222570533,2532.0,307200.0,42184.2438725096,42208.2438725096,7.28233984537991,7.278199039218512
12,machine_replacement,structured,320,102400,10,9.0,10.0,1.0,20.401253918495296,10.200626959247648,20.0,50.60188087774295,3254.0,340165.4369164659,54218.902747234926,54252.1220281838,6.273926982666829,6.270085375457775
12,admission_control,structured,320,102400,2,1.0,2.0,1.0,2.006269592476489,1.0031347962382444,4.0,7.009404388714733,320.0,102400.0,5328.0339807279115,5330.0339807279115,19.21909664435177,19.21188502179407
12,admission_control,structured,320,102400,3,2.0,3.0,1.0,4.507836990595611,2.2539184952978055,6.0,12.761755485893415,719.0,162300.16007384637,11973.272450450911,11978.027337953075,13.555204790126878,13.549823814443043
12,admission_control,structured,320,102400,4,3.0,4.0,1.0,7.015673981191222,3.507836990595611,8.0,18.523510971786834,1119.0,204800.0,18636.475076357914,18644.475076357914,10.989202580471222,10.984487316550746
12,admission_control,structured,320,102400,5,4.0,5.0,1.0,9.517241379310345,4.758620689655173,10.0,24.275862068965516,1518.0,237765.4369164659,25283.94912083713,25295.558761311568,9.4038093408643,9.399493371939961
12,admission_control,structured,320,102400,8,7.0,8.0,1.0,17.04075235109718,8.52037617554859,16.0,41.561128526645774,2718.0,307200.0,45280.0011238077,45304.0011238077,6.784452128435964,6.7808580341607705
12,admission_control,structured,320,102400,10,9.0,10.0,1.0,22.05015673981191,11.025078369905955,20.0,53.075235109717866,3517.0,340165.4369164659,58596.23692514568,58629.45620609455,5.805243728381627,5.8019544940126115
12,resource_allocation,structured,320,102400,2,1.0,2.0,1.0,2.8025078369905954,1.4012539184952977,4.0,8.203761755485893,447.0,102400.0,7441.803716829301,7443.803716829301,13.76010492838276,13.756407865576744
12,resource_allocation,structured,320,102400,3,2.0,3.0,1.0,5.605015673981191,2.8025078369905954,6.0,14.407523510971785,894.0,162300.16007384637,14885.947283661488,14890.702171163652,10.902911113489145,10.899429604343718
12,resource_allocation,structured,320,102400,4,3.0,4.0,1.0,8.401253918495298,4.200626959247649,8.0,20.60188087774295,1340.0,204800.0,22314.76729429813,22322.76729429813,9.17777888063975,9.174489761953113
12,resource_allocation,structured,320,102400,5,4.0,5.0,1.0,11.197492163009404,5.598746081504702,10.0,26.796238244514107,1786.0,237765.4369164659,29744.502579696757,29756.112220171195,7.993592640502308,7.990473861544603
12,resource_allocation,structured,320,102400,8,7.0,8.0,1.0,19.586206896551722,9.793103448275861,16.0,45.37931034482759,3124.0,307200.0,52037.40673685624,52061.40673685624,5.903445603149574,5.900724149709184
12,resource_allocation,structured,320,102400,10,9.0,10.0,1.0,25.178683385579937,12.589341692789969,20.0,57.7680250783699,4016.0,340165.4369164659,66901.52116384327,66934.74044479214,5.0845695433948865,5.082046104250375
12,random_structured,structured,320,102400,2,1.0,2.0,1.0,2.206896551724138,1.103448275862069,4.0,7.310344827586206,352.0,102400.0,5860.637378800702,5862.637378800702,17.472502286253842,17.466541657561564
12,random_structured,structured,320,102400,3,2.0,3.0,1.0,4.413793103448276,2.206896551724138,6.0,12.620689655172413,704.0,162300.16007384637,11723.61460760429,11728.369495106454,13.843866887996608,13.838254340602461
12,random_structured,structured,320,102400,4,3.0,4.0,1.0,7.047021943573667,3.5235109717868336,8.0,18.570532915360502,1124.0,204800.0,18719.694357306787,18727.694357306787,10.940349563990674,10.935676121823045
12,random_structured,structured,320,102400,5,4.0,5.0,1.0,9.680250783699059,4.840125391849529,10.0,24.520376175548588,1544.0,237765.4369164659,25716.689381771273,25728.299022245712,9.245569419405939,9.24139744764644
12,random_structured,structured,320,102400,8,7.0,8.0,1.0,17.579937304075234,8.789968652037617,16.0,42.369905956112845,2804.0,307200.0,46711.37275612832,46735.37275612832,6.5765568827068295,6.573179625698341
12,random_structured,structured,320,102400,10,9.0,10.0,1.0,22.83385579937304,11.41692789968652,20.0,54.25078369905956,3642.0,340165.4369164659,60676.718948867514,60709.93822981639,5.606193657292585,5.6031260586821166
12,oscillatory_fragmented,unstructured,320,102400,2,1.0,13.0,6.5,11.203761755485893,5.601880877742946,20.5,37.30564263322884,1787.0,102400.0,29744.57101112743,29757.57101112743,3.4426450447610155,3.441141078406868
12,oscillatory_fragmented,unstructured,320,102400,3,2.0,23.0,7.666666666666667,22.25705329153605,11.128526645768025,32.666666666666664,66.05224660397073,3550.0,162300.16007384637,59092.02932370315,59128.48346121974,2.7465660247471666,2.7448727004861078
12,oscillatory_fragmented,unstructured,320,102400,4,3.0,34.0,8.5,34.05015673981191,17.025078369905955,45.5,96.57523510971787,5431.0,204800.0,90404.78296666652,90472.78296666652,2.2653668675418706,2.2636642013704367
12,oscillatory_fragmented,unstructured,320,102400,5,4.0,45.0,9.0,45.73040752351097,22.865203761755485,58.0,126.59561128526644,7294.0,237765.4369164659,121418.86247297593,121523.34923724586,1.95822487605157,1.9565411783729283
12,oscillatory_fragmented,unstructured,320,102400,8,7.0,78.0,9.75,81.0909090909091,40.54545454545455,94.75,216.38636363636363,12934.0,307200.0,215313.63595854628,215547.63595854628,1.4267558978900172,1.425207001848446
12,oscillatory_fragmented,unstructured,320,102400,10,9.0,99.0,9.9,104.62068965517241,52.310344827586206,117.9,274.83103448275864,16687.0,340165.4369164659,277795.8229444788,278124.6938258726,1.22451602515439,1.2230680858904082
13,inventory_threshold,structured,320,102400,2,1.0,2.0,1.0,2.70846394984326,1.35423197492163,4.0,8.06269592476489,432.0,102400.0,7192.14587398268,7194.14587398268,14.23775348751312,14.233795337723857
13,inventory_threshold,structured,320,102400,3,2.0,3.0,1.0,5.41692789968652,2.70846394984326,6.0,14.12539184952978,864.0,162300.16007384637,14386.631597968246,14391.38648547041,11.281317587694902,11.277590261209728
13,inventory_threshold,structured,320,102400,4,3.0,4.0,1.0,8.12539184952978,4.06269592476489,8.0,20.188087774294672,1296.0,204800.0,21582.43762194804,21590.43762194804,9.489196891815904,9.485680817873181
13,inventory_threshold,structured,320,102400,5,4.0,5.0,1.0,10.83385579937304,5.41692789968652,10.0,26.25078369905956,1728.0,237765.4369164659,28779.15892068982,28790.76856116426,8.26172292149693,8.258391449722765
13,inventory_threshold,structured,320,102400,8,7.0,8.0,1.0,18.95924764890282,9.47962382445141,16.0,44.438871473354226,3024.0,307200.0,50373.021117878765,50397.021117878765,6.0985025948933265,6.095598374385232
13,inventory_threshold,structured,320,102400,10,9.0,10.0,1.0,24.37617554858934,12.18808777429467,20.0,56.56426332288402,3888.0,340165.4369164659,64771.1075715521,64804.32685250098,5.251808247075101,5.249116122920394
13,machine_replacement,structured,320,102400,2,1.0,2.0,1.0,2.269592476489028,1.134796238244514,4.0,7.4043887147335425,362.0,102400.0,6027.07594069845,6029.07594069845,16.989996643070892,16.984360622954316
13,machine_replacement,structured,320,102400,3,2.0,3.0,1.0,4.539184952978056,2.269592476489028,6.0,12.808777429467085,724.0,162300.16007384637,12056.491731399785,12061.246618901949,13.46164072349121,13.45633376068237
13,machine_replacement,structured,320,102400,4,3.0,4.0,1.0,6.808777429467084,3.404388714733542,8.0,18.213166144200628,1086.0,204800.0,18087.22782209535,18095.22782209535,11.322907081969545,11.317901162312365
13,machine_replacement,structured,320,102400,5,4.0,5.0,1.0,9.078369905956112,4.539184952978056,10.0,23.61755485893417,1448.0,237765.4369164659,24118.8791875529,24130.488828027337,9.858063265193941,9.85332036209327
13,machine_replacement,structured,320,102400,8,7.0,8.0,1.0,15.87460815047022,7.93730407523511,16.0,39.81191222570533,2532.0,307200.0,42184.2438725096,42208.2438725096,7.28233984537991,7.278199039218512
13,machine_replacement,structured,320,102400,10,9.0,10.0,1.0,20.401253918495296,10.200626959247648,20.0,50.60188087774295,3254.0,340165.4369164659,54218.902747234926,54252.1220281838,6.273926982666829,6.270085375457775
13,admission_control,structured,320,102400,2,1.0,2.0,1.0,2.006269592476489,1.0031347962382444,4.0,7.009404388714733,320.0,102400.0,5328.0339807279115,5330.0339807279115,19.21909664435177,19.21188502179407
13,admission_control,structured,320,102400,3,2.0,3.0,1.0,4.507836990595611,2.2539184952978055,6.0,12.761755485893415,719.0,162300.16007384637,11973.272450450911,11978.027337953075,13.555204790126878,13.549823814443043
13,admission_control,structured,320,102400,4,3.0,4.0,1.0,7.015673981191222,3.507836990595611,8.0,18.523510971786834,1119.0,204800.0,18636.475076357914,18644.475076357914,10.989202580471222,10.984487316550746
13,admission_control,structured,320,102400,5,4.0,5.0,1.0,9.517241379310345,4.758620689655173,10.0,24.275862068965516,1518.0,237765.4369164659,25283.94912083713,25295.558761311568,9.4038093408643,9.399493371939961
13,admission_control,structured,320,102400,8,7.0,8.0,1.0,17.04075235109718,8.52037617554859,16.0,41.561128526645774,2718.0,307200.0,45280.0011238077,45304.0011238077,6.784452128435964,6.7808580341607705
13,admission_control,structured,320,102400,10,9.0,10.0,1.0,22.05015673981191,11.025078369905955,20.0,53.075235109717866,3517.0,340165.4369164659,58596.23692514568,58629.45620609455,5.805243728381627,5.8019544940126115
13,resource_allocation,structured,320,102400,2,1.0,2.0,1.0,2.8025078369905954,1.4012539184952977,4.0,8.203761755485893,447.0,102400.0,7441.803716829301,7443.803716829301,13.76010492838276,13.756407865576744
13,resource_allocation,structured,320,102400,3,2.0,3.0,1.0,5.605015673981191,2.8025078369905954,6.0,14.407523510971785,894.0,162300.16007384637,14885.947283661488,14890.702171163652,10.902911113489145,10.899429604343718
13,resource_allocation,structured,320,102400,4,3.0,4.0,1.0,8.401253918495298,4.200626959247649,8.0,20.60188087774295,1340.0,204800.0,22314.76729429813,22322.76729429813,9.17777888063975,9.174489761953113
13,resource_allocation,structured,320,102400,5,4.0,5.0,1.0,11.197492163009404,5.598746081504702,10.0,26.796238244514107,1786.0,237765.4369164659,29744.502579696757,29756.112220171195,7.993592640502308,7.990473861544603
13,resource_allocation,structured,320,102400,8,7.0,8.0,1.0,19.586206896551722,9.793103448275861,16.0,45.37931034482759,3124.0,307200.0,52037.40673685624,52061.40673685624,5.903445603149574,5.900724149709184
13,resource_allocation,structured,320,102400,10,9.0,10.0,1.0,25.178683385579937,12.589341692789969,20.0,57.7680250783699,4016.0,340165.4369164659,66901.52116384327,66934.74044479214,5.0845695433948865,5.082046104250375
13,random_structured,structured,320,102400,2,1.0,2.0,1.0,2.244514106583072,1.122257053291536,4.0,7.366771159874608,358.0,102400.0,5960.500515939351,5962.500515939351,17.17976531101133,17.17400270679349
13,random_structured,structured,320,102400,3,2.0,3.0,1.0,4.489028213166144,2.244514106583072,6.0,12.733542319749215,716.0,162300.16007384637,11923.340881881588,11928.095769383752,13.611970141730465,13.606544012702154
13,random_structured,structured,320,102400,4,3.0,4.0,1.0,7.109717868338557,3.5548589341692787,8.0,18.664576802507835,1134.0,204800.0,18886.132919204538,18894.132919204538,10.843935117694064,10.839343666934587
13,random_structured,structured,320,102400,5,4.0,5.0,1.0,9.717868338557993,4.858934169278997,10.0,24.576802507836987,1550.0,237765.4369164659,25816.55251890992,25828.16215938436,9.209805869405267,9.205666103891819
13,random_structured,structured,320,102400,8,7.0,8.0,1.0,17.567398119122256,8.783699059561128,16.0,42.35109717868339,2802.0,307200.0,46678.085043748775,46702.085043748775,6.581246846610749,6.57786477225217
13,random_structured,structured,320,102400,10,9.0,10.0,1.0,22.796238244514107,11.398119122257054,20.0,54.19435736677116,3636.0,340165.4369164659,60576.85581172887,60610.07509267775,5.615435670244925,5.612357951979521
13,oscillatory_fragmented,unstructured,320,102400,2,1.0,13.0,6.5,11.203761755485893,5.601880877742946,20.5,37.30564263322884,1787.0,102400.0,29744.57101112743,29757.57101112743,3.4426450447610155,3.441141078406868
13,oscillatory_fragmented,unstructured,320,102400,3,2.0,23.0,7.666666666666667,22.25705329153605,11.128526645768025,32.666666666666664,66.05224660397073,3550.0,162300.16007384637,59092.02932370315,59128.48346121974,2.7465660247471666,2.7448727004861078
13,oscillatory_fragmented,unstructured,320,102400,4,3.0,34.0,8.5,34.05015673981191,17.025078369905955,45.5,96.57523510971787,5431.0,204800.0,90404.78296666652,90472.78296666652,2.2653668675418706,2.2636642013704367
13,oscillatory_fragmented,unstructured,320,102400,5,4.0,45.0,9.0,45.73040752351097,22.865203761755485,58.0,126.59561128526644,7294.0,237765.4369164659,121418.86247297593,121523.34923724586,1.95822487605157,1.9565411783729283
13,oscillatory_fragmented,unstructured,320,102400,8,7.0,78.0,9.75,81.0909090909091,40.54545454545455,94.75,216.38636363636363,12934.0,307200.0,215313.63595854628,215547.63595854628,1.4267558978900172,1.425207001848446
13,oscillatory_fragmented,unstructured,320,102400,10,9.0,99.0,9.9,104.62068965517241,52.310344827586206,117.9,274.83103448275864,16687.0,340165.4369164659,277795.8229444788,278124.6938258726,1.22451602515439,1.2230680858904082
14,inventory_threshold,structured,320,102400,2,1.0,2.0,1.0,2.70846394984326,1.35423197492163,4.0,8.06269592476489,432.0,102400.0,7192.14587398268,7194.14587398268,14.23775348751312,14.233795337723857
14,inventory_threshold,structured,320,102400,3,2.0,3.0,1.0,5.41692789968652,2.70846394984326,6.0,14.12539184952978,864.0,162300.16007384637,14386.631597968246,14391.38648547041,11.281317587694902,11.277590261209728
14,inventory_threshold,structured,320,102400,4,3.0,4.0,1.0,8.12539184952978,4.06269592476489,8.0,20.188087774294672,1296.0,204800.0,21582.43762194804,21590.43762194804,9.489196891815904,9.485680817873181
14,inventory_threshold,structured,320,102400,5,4.0,5.0,1.0,10.83385579937304,5.41692789968652,10.0,26.25078369905956,1728.0,237765.4369164659,28779.15892068982,28790.76856116426,8.26172292149693,8.258391449722765
14,inventory_threshold,structured,320,102400,8,7.0,8.0,1.0,18.95924764890282,9.47962382445141,16.0,44.438871473354226,3024.0,307200.0,50373.021117878765,50397.021117878765,6.0985025948933265,6.095598374385232
14,inventory_threshold,structured,320,102400,10,9.0,10.0,1.0,24.37617554858934,12.18808777429467,20.0,56.56426332288402,3888.0,340165.4369164659,64771.1075715521,64804.32685250098,5.251808247075101,5.249116122920394
14,machine_replacement,structured,320,102400,2,1.0,2.0,1.0,2.269592476489028,1.134796238244514,4.0,7.4043887147335425,362.0,102400.0,6027.07594069845,6029.07594069845,16.989996643070892,16.984360622954316
14,machine_replacement,structured,320,102400,3,2.0,3.0,1.0,4.539184952978056,2.269592476489028,6.0,12.808777429467085,724.0,162300.16007384637,12056.491731399785,12061.246618901949,13.46164072349121,13.45633376068237
14,machine_replacement,structured,320,102400,4,3.0,4.0,1.0,6.808777429467084,3.404388714733542,8.0,18.213166144200628,1086.0,204800.0,18087.22782209535,18095.22782209535,11.322907081969545,11.317901162312365
14,machine_replacement,structured,320,102400,5,4.0,5.0,1.0,9.078369905956112,4.539184952978056,10.0,23.61755485893417,1448.0,237765.4369164659,24118.8791875529,24130.488828027337,9.858063265193941,9.85332036209327
14,machine_replacement,structured,320,102400,8,7.0,8.0,1.0,15.87460815047022,7.93730407523511,16.0,39.81191222570533,2532.0,307200.0,42184.2438725096,42208.2438725096,7.28233984537991,7.278199039218512
14,machine_replacement,structured,320,102400,10,9.0,10.0,1.0,20.401253918495296,10.200626959247648,20.0,50.60188087774295,3254.0,340165.4369164659,54218.902747234926,54252.1220281838,6.273926982666829,6.270085375457775
14,admission_control,structured,320,102400,2,1.0,2.0,1.0,2.006269592476489,1.0031347962382444,4.0,7.009404388714733,320.0,102400.0,5328.0339807279115,5330.0339807279115,19.21909664435177,19.21188502179407
14,admission_control,structured,320,102400,3,2.0,3.0,1.0,4.507836990595611,2.2539184952978055,6.0,12.761755485893415,719.0,162300.16007384637,11973.272450450911,11978.027337953075,13.555204790126878,13.549823814443043
14,admission_control,structured,320,102400,4,3.0,4.0,1.0,7.015673981191222,3.507836990595611,8.0,18.523510971786834,1119.0,204800.0,18636.475076357914,18644.475076357914,10.989202580471222,10.984487316550746
14,admission_control,structured,320,102400,5,4.0,5.0,1.0,9.517241379310345,4.758620689655173,10.0,24.275862068965516,1518.0,237765.4369164659,25283.94912083713,25295.558761311568,9.4038093408643,9.399493371939961
14,admission_control,structured,320,102400,8,7.0,8.0,1.0,17.04075235109718,8.52037617554859,16.0,41.561128526645774,2718.0,307200.0,45280.0011238077,45304.0011238077,6.784452128435964,6.7808580341607705
14,admission_control,structured,320,102400,10,9.0,10.0,1.0,22.05015673981191,11.025078369905955,20.0,53.075235109717866,3517.0,340165.4369164659,58596.23692514568,58629.45620609455,5.805243728381627,5.8019544940126115
14,resource_allocation,structured,320,102400,2,1.0,2.0,1.0,2.8025078369905954,1.4012539184952977,4.0,8.203761755485893,447.0,102400.0,7441.803716829301,7443.803716829301,13.76010492838276,13.756407865576744
14,resource_allocation,structured,320,102400,3,2.0,3.0,1.0,5.605015673981191,2.8025078369905954,6.0,14.407523510971785,894.0,162300.16007384637,14885.947283661488,14890.702171163652,10.902911113489145,10.899429604343718
14,resource_allocation,structured,320,102400,4,3.0,4.0,1.0,8.401253918495298,4.200626959247649,8.0,20.60188087774295,1340.0,204800.0,22314.76729429813,22322.76729429813,9.17777888063975,9.174489761953113
14,resource_allocation,structured,320,102400,5,4.0,5.0,1.0,11.197492163009404,5.598746081504702,10.0,26.796238244514107,1786.0,237765.4369164659,29744.502579696757,29756.112220171195,7.993592640502308,7.990473861544603
14,resource_allocation,structured,320,102400,8,7.0,8.0,1.0,19.586206896551722,9.793103448275861,16.0,45.37931034482759,3124.0,307200.0,52037.40673685624,52061.40673685624,5.903445603149574,5.900724149709184
14,resource_allocation,structured,320,102400,10,9.0,10.0,1.0,25.178683385579937,12.589341692789969,20.0,57.7680250783699,4016.0,340165.4369164659,66901.52116384327,66934.74044479214,5.0845695433948865,5.082046104250375
14,random_structured,structured,320,102400,2,1.0,2.0,1.0,2.19435736677116,1.09717868338558,4.0,7.291536050156739,350.0,102400.0,5827.349666421153,5829.349666421153,17.57231088946969,17.566281979936026
14,random_structured,structured,320,102400,3,2.0,3.0,1.0,4.38871473354232,2.19435736677116,6.0,12.583072100313478,700.0,162300.16007384637,11657.039182845192,11661.794070347356,13.92293167485373,13.91725484902274
14,random_structured,structured,320,102400,4,3.0,4.0,1.0,7.0344827586206895,3.5172413793103448,8.0,18.551724137931036,1122.0,204800.0,18686.40664492724,18694.40664492724,10.959838554920704,10.955148451078164
14,random_structured,structured,320,102400,5,4.0,5.0,1.0,9.680250783699059,4.840125391849529,10.0,24.520376175548588,1544.0,237765.4369164659,25716.689381771273,25728.299022245712,9.245569419405939,9.24139744764644
14,random_structured,structured,320,102400,8,7.0,8.0,1.0,17.61755485893417,8.808777429467085,16.0,42.426332288401255,2810.0,307200.0,46811.235893266974,46835.235893266974,6.5625270116866465,6.559164145133793
14,random_structured,structured,320,102400,10,9.0,10.0,1.0,22.88401253918495,11.442006269592476,20.0,54.32601880877743,3650.0,340165.4369164659,60809.86979838571,60843.08907933459,5.593918191969161,5.590864008777019
14,oscillatory_fragmented,unstructured,320,102400,2,1.0,13.0,6.5,11.203761755485893,5.601880877742946,20.5,37.30564263322884,1787.0,102400.0,29744.57101112743,29757.57101112743,3.4426450447610155,3.441141078406868
14,oscillatory_fragmented,unstructured,320,102400,3,2.0,23.0,7.666666666666667,22.25705329153605,11.128526645768025,32.666666666666664,66.05224660397073,3550.0,162300.16007384637,59092.02932370315,59128.48346121974,2.7465660247471666,2.7448727004861078
14,oscillatory_fragmented,unstructured,320,102400,4,3.0,34.0,8.5,34.05015673981191,17.025078369905955,45.5,96.57523510971787,5431.0,204800.0,90404.78296666652,90472.78296666652,2.2653668675418706,2.2636642013704367
14,oscillatory_fragmented,unstructured,320,102400,5,4.0,45.0,9.0,45.73040752351097,22.865203761755485,58.0,126.59561128526644,7294.0,237765.4369164659,121418.86247297593,121523.34923724586,1.95822487605157,1.9565411783729283
14,oscillatory_fragmented,unstructured,320,102400,8,7.0,78.0,9.75,81.0909090909091,40.54545454545455,94.75,216.38636363636363,12934.0,307200.0,215313.63595854628,215547.63595854628,1.4267558978900172,1.425207001848446
14,oscillatory_fragmented,unstructured,320,102400,10,9.0,99.0,9.9,104.62068965517241,52.310344827586206,117.9,274.83103448275864,16687.0,340165.4369164659,277795.8229444788,278124.6938258726,1.22451602515439,1.2230680858904082
15,inventory_threshold,structured,320,102400,2,1.0,2.0,1.0,2.70846394984326,1.35423197492163,4.0,8.06269592476489,432.0,102400.0,7192.14587398268,7194.14587398268,14.23775348751312,14.233795337723857
15,inventory_threshold,structured,320,102400,3,2.0,3.0,1.0,5.41692789968652,2.70846394984326,6.0,14.12539184952978,864.0,162300.16007384637,14386.631597968246,14391.38648547041,11.281317587694902,11.277590261209728
15,inventory_threshold,structured,320,102400,4,3.0,4.0,1.0,8.12539184952978,4.06269592476489,8.0,20.188087774294672,1296.0,204800.0,21582.43762194804,21590.43762194804,9.489196891815904,9.485680817873181
15,inventory_threshold,structured,320,102400,5,4.0,5.0,1.0,10.83385579937304,5.41692789968652,10.0,26.25078369905956,1728.0,237765.4369164659,28779.15892068982,28790.76856116426,8.26172292149693,8.258391449722765
15,inventory_threshold,structured,320,102400,8,7.0,8.0,1.0,18.95924764890282,9.47962382445141,16.0,44.438871473354226,3024.0,307200.0,50373.021117878765,50397.021117878765,6.0985025948933265,6.095598374385232
15,inventory_threshold,structured,320,102400,10,9.0,10.0,1.0,24.37617554858934,12.18808777429467,20.0,56.56426332288402,3888.0,340165.4369164659,64771.1075715521,64804.32685250098,5.251808247075101,5.249116122920394
15,machine_replacement,structured,320,102400,2,1.0,2.0,1.0,2.269592476489028,1.134796238244514,4.0,7.4043887147335425,362.0,102400.0,6027.07594069845,6029.07594069845,16.989996643070892,16.984360622954316
15,machine_replacement,structured,320,102400,3,2.0,3.0,1.0,4.539184952978056,2.269592476489028,6.0,12.808777429467085,724.0,162300.16007384637,12056.491731399785,12061.246618901949,13.46164072349121,13.45633376068237
15,machine_replacement,structured,320,102400,4,3.0,4.0,1.0,6.808777429467084,3.404388714733542,8.0,18.213166144200628,1086.0,204800.0,18087.22782209535,18095.22782209535,11.322907081969545,11.317901162312365
15,machine_replacement,structured,320,102400,5,4.0,5.0,1.0,9.078369905956112,4.539184952978056,10.0,23.61755485893417,1448.0,237765.4369164659,24118.8791875529,24130.488828027337,9.858063265193941,9.85332036209327
15,machine_replacement,structured,320,102400,8,7.0,8.0,1.0,15.87460815047022,7.93730407523511,16.0,39.81191222570533,2532.0,307200.0,42184.2438725096,42208.2438725096,7.28233984537991,7.278199039218512
15,machine_replacement,structured,320,102400,10,9.0,10.0,1.0,20.401253918495296,10.200626959247648,20.0,50.60188087774295,3254.0,340165.4369164659,54218.902747234926,54252.1220281838,6.273926982666829,6.270085375457775
15,admission_control,structured,320,102400,2,1.0,2.0,1.0,2.006269592476489,1.0031347962382444,4.0,7.009404388714733,320.0,102400.0,5328.0339807279115,5330.0339807279115,19.21909664435177,19.21188502179407
15,admission_control,structured,320,102400,3,2.0,3.0,1.0,4.507836990595611,2.2539184952978055,6.0,12.761755485893415,719.0,162300.16007384637,11973.272450450911,11978.027337953075,13.555204790126878,13.549823814443043
15,admission_control,structured,320,102400,4,3.0,4.0,1.0,7.015673981191222,3.507836990595611,8.0,18.523510971786834,1119.0,204800.0,18636.475076357914,18644.475076357914,10.989202580471222,10.984487316550746
15,admission_control,structured,320,102400,5,4.0,5.0,1.0,9.517241379310345,4.758620689655173,10.0,24.275862068965516,1518.0,237765.4369164659,25283.94912083713,25295.558761311568,9.4038093408643,9.399493371939961
15,admission_control,structured,320,102400,8,7.0,8.0,1.0,17.04075235109718,8.52037617554859,16.0,41.561128526645774,2718.0,307200.0,45280.0011238077,45304.0011238077,6.784452128435964,6.7808580341607705
15,admission_control,structured,320,102400,10,9.0,10.0,1.0,22.05015673981191,11.025078369905955,20.0,53.075235109717866,3517.0,340165.4369164659,58596.23692514568,58629.45620609455,5.805243728381627,5.8019544940126115
15,resource_allocation,structured,320,102400,2,1.0,2.0,1.0,2.8025078369905954,1.4012539184952977,4.0,8.203761755485893,447.0,102400.0,7441.803716829301,7443.803716829301,13.76010492838276,13.756407865576744
15,resource_allocation,structured,320,102400,3,2.0,3.0,1.0,5.605015673981191,2.8025078369905954,6.0,14.407523510971785,894.0,162300.16007384637,14885.947283661488,14890.702171163652,10.902911113489145,10.899429604343718
15,resource_allocation,structured,320,102400,4,3.0,4.0,1.0,8.401253918495298,4.200626959247649,8.0,20.60188087774295,1340.0,204800.0,22314.76729429813,22322.76729429813,9.17777888063975,9.174489761953113
15,resource_allocation,structured,320,102400,5,4.0,5.0,1.0,11.197492163009404,5.598746081504702,10.0,26.796238244514107,1786.0,237765.4369164659,29744.502579696757,29756.112220171195,7.993592640502308,7.990473861544603
15,resource_allocation,structured,320,102400,8,7.0,8.0,1.0,19.586206896551722,9.793103448275861,16.0,45.37931034482759,3124.0,307200.0,52037.40673685624,52061.40673685624,5.903445603149574,5.900724149709184
15,resource_allocation,structured,320,102400,10,9.0,10.0,1.0,25.178683385579937,12.589341692789969,20.0,57.7680250783699,4016.0,340165.4369164659,66901.52116384327,66934.74044479214,5.0845695433948865,5.082046104250375
15,random_structured,structured,320,102400,2,1.0,2.0,1.0,1.8871473354231973,0.9435736677115987,4.0,6.830721003134796,301.0,102400.0,5011.800713122192,5013.800713122192,20.43177808963758,20.423627874158864
15,random_structured,structured,320,102400,3,2.0,3.0,1.0,3.7742946708463947,1.8871473354231973,6.0,11.661442006269592,602.0,162300.16007384637,10025.94127624727,10030.696163749433,16.188022211775376,16.180348544540028
15,random_structured,structured,320,102400,4,3.0,4.0,1.0,6.670846394984326,3.335423197492163,8.0,18.00626959247649,1064.0,204800.0,17721.062985920307,17729.062985920307,11.556868804242566,11.551653923427523
15,random_structured,structured,320,102400,5,4.0,5.0,1.0,9.567398119122256,4.783699059561128,10.0,24.351097178683382,1526.0,237765.4369164659,25417.099970355328,25428.709610829766,9.354546238311151,9.350275360225302
15,random_structured,structured,320,102400,8,7.0,8.0,1.0,18.11912225705329,9.059561128526646,16.0,43.17868338557994,2890.0,307200.0,48142.74438844895,48166.74438844895,6.381023846943539,6.377844379984104
15,random_structured,structured,320,102400,10,9.0,10.0,1.0,23.42319749216301,11.711598746081505,20.0,55.13479623824452,3736.0,340165.4369164659,62241.24143070634,62274.460711655214,5.465273974253465,5.462358614256147
15,oscillatory_fragmented,unstructured,320,102400,2,1.0,13.0,6.5,11.203761755485893,5.601880877742946,20.5,37.30564263322884,1787.0,102400.0,29744.57101112743,29757.57101112743,3.4426450447610155,3.441141078406868
15,oscillatory_fragmented,unstructured,320,102400,3,2.0,23.0,7.666666666666667,22.25705329153605,11.128526645768025,32.666666666666664,66.05224660397073,3550.0,162300.16007384637,59092.02932370315,59128.48346121974,2.7465660247471666,2.7448727004861078
15,oscillatory_fragmented,unstructured,320,102400,4,3.0,34.0,8.5,34.05015673981191,17.025078369905955,45.5,96.57523510971787,5431.0,204800.0,90404.78296666652,90472.78296666652,2.2653668675418706,2.2636642013704367
15,oscillatory_fragmented,unstructured,320,102400,5,4.0,45.0,9.0,45.73040752351097,22.865203761755485,58.0,126.59561128526644,7294.0,237765.4369164659,121418.86247297593,121523.34923724586,1.95822487605157,1.9565411783729283
15,oscillatory_fragmented,unstructured,320,102400,8,7.0,78.0,9.75,81.0909090909091,40.54545454545455,94.75,216.38636363636363,12934.0,307200.0,215313.63595854628,215547.63595854628,1.4267558978900172,1.425207001848446
15,oscillatory_fragmented,unstructured,320,102400,10,9.0,99.0,9.9,104.62068965517241,52.310344827586206,117.9,274.83103448275864,16687.0,340165.4369164659,277795.8229444788,278124.6938258726,1.22451602515439,1.2230680858904082
16,inventory_threshold,structured,320,102400,2,1.0,2.0,1.0,2.70846394984326,1.35423197492163,4.0,8.06269592476489,432.0,102400.0,7192.14587398268,7194.14587398268,14.23775348751312,14.233795337723857
16,inventory_threshold,structured,320,102400,3,2.0,3.0,1.0,5.41692789968652,2.70846394984326,6.0,14.12539184952978,864.0,162300.16007384637,14386.631597968246,14391.38648547041,11.281317587694902,11.277590261209728
16,inventory_threshold,structured,320,102400,4,3.0,4.0,1.0,8.12539184952978,4.06269592476489,8.0,20.188087774294672,1296.0,204800.0,21582.43762194804,21590.43762194804,9.489196891815904,9.485680817873181
16,inventory_threshold,structured,320,102400,5,4.0,5.0,1.0,10.83385579937304,5.41692789968652,10.0,26.25078369905956,1728.0,237765.4369164659,28779.15892068982,28790.76856116426,8.26172292149693,8.258391449722765
16,inventory_threshold,structured,320,102400,8,7.0,8.0,1.0,18.95924764890282,9.47962382445141,16.0,44.438871473354226,3024.0,307200.0,50373.021117878765,50397.021117878765,6.0985025948933265,6.095598374385232
16,inventory_threshold,structured,320,102400,10,9.0,10.0,1.0,24.37617554858934,12.18808777429467,20.0,56.56426332288402,3888.0,340165.4369164659,64771.1075715521,64804.32685250098,5.251808247075101,5.249116122920394
16,machine_replacement,structured,320,102400,2,1.0,2.0,1.0,2.269592476489028,1.134796238244514,4.0,7.4043887147335425,362.0,102400.0,6027.07594069845,6029.07594069845,16.989996643070892,16.984360622954316
16,machine_replacement,structured,320,102400,3,2.0,3.0,1.0,4.539184952978056,2.269592476489028,6.0,12.808777429467085,724.0,162300.16007384637,12056.491731399785,12061.246618901949,13.46164072349121,13.45633376068237
16,machine_replacement,structured,320,102400,4,3.0,4.0,1.0,6.808777429467084,3.404388714733542,8.0,18.213166144200628,1086.0,204800.0,18087.22782209535,18095.22782209535,11.322907081969545,11.317901162312365
16,machine_replacement,structured,320,102400,5,4.0,5.0,1.0,9.078369905956112,4.539184952978056,10.0,23.61755485893417,1448.0,237765.4369164659,24118.8791875529,24130.488828027337,9.858063265193941,9.85332036209327
16,machine_replacement,structured,320,102400,8,7.0,8.0,1.0,15.87460815047022,7.93730407523511,16.0,39.81191222570533,2532.0,307200.0,42184.2438725096,42208.2438725096,7.28233984537991,7.278199039218512
16,machine_replacement,structured,320,102400,10,9.0,10.0,1.0,20.401253918495296,10.200626959247648,20.0,50.60188087774295,3254.0,340165.4369164659,54218.902747234926,54252.1220281838,6.273926982666829,6.270085375457775
16,admission_control,structured,320,102400,2,1.0,2.0,1.0,2.006269592476489,1.0031347962382444,4.0,7.009404388714733,320.0,102400.0,5328.0339807279115,5330.0339807279115,19.21909664435177,19.21188502179407
16,admission_control,structured,320,102400,3,2.0,3.0,1.0,4.507836990595611,2.2539184952978055,6.0,12.761755485893415,719.0,162300.16007384637,11973.272450450911,11978.027337953075,13.555204790126878,13.549823814443043
16,admission_control,structured,320,102400,4,3.0,4.0,1.0,7.015673981191222,3.507836990595611,8.0,18.523510971786834,1119.0,204800.0,18636.475076357914,18644.475076357914,10.989202580471222,10.984487316550746
16,admission_control,structured,320,102400,5,4.0,5.0,1.0,9.517241379310345,4.758620689655173,10.0,24.275862068965516,1518.0,237765.4369164659,25283.94912083713,25295.558761311568,9.4038093408643,9.399493371939961
16,admission_control,structured,320,102400,8,7.0,8.0,1.0,17.04075235109718,8.52037617554859,16.0,41.561128526645774,2718.0,307200.0,45280.0011238077,45304.0011238077,6.784452128435964,6.7808580341607705
16,admission_control,structured,320,102400,10,9.0,10.0,1.0,22.05015673981191,11.025078369905955,20.0,53.075235109717866,3517.0,340165.4369164659,58596.23692514568,58629.45620609455,5.805243728381627,5.8019544940126115
16,resource_allocation,structured,320,102400,2,1.0,2.0,1.0,2.8025078369905954,1.4012539184952977,4.0,8.203761755485893,447.0,102400.0,7441.803716829301,7443.803716829301,13.76010492838276,13.756407865576744
16,resource_allocation,structured,320,102400,3,2.0,3.0,1.0,5.605015673981191,2.8025078369905954,6.0,14.407523510971785,894.0,162300.16007384637,14885.947283661488,14890.702171163652,10.902911113489145,10.899429604343718
16,resource_allocation,structured,320,102400,4,3.0,4.0,1.0,8.401253918495298,4.200626959247649,8.0,20.60188087774295,1340.0,204800.0,22314.76729429813,22322.76729429813,9.17777888063975,9.174489761953113
16,resource_allocation,structured,320,102400,5,4.0,5.0,1.0,11.197492163009404,5.598746081504702,10.0,26.796238244514107,1786.0,237765.4369164659,29744.502579696757,29756.112220171195,7.993592640502308,7.990473861544603
16,resource_allocation,structured,320,102400,8,7.0,8.0,1.0,19.586206896551722,9.793103448275861,16.0,45.37931034482759,3124.0,307200.0,52037.40673685624,52061.40673685624,5.903445603149574,5.900724149709184
16,resource_allocation,structured,320,102400,10,9.0,10.0,1.0,25.178683385579937,12.589341692789969,20.0,57.7680250783699,4016.0,340165.4369164659,66901.52116384327,66934.74044479214,5.0845695433948865,5.082046104250375
16,random_structured,structured,320,102400,2,1.0,2.0,1.0,2.225705329153605,1.1128526645768024,4.0,7.338557993730408,355.0,102400.0,5910.568947370027,5912.568947370027,17.32489730037986,17.319036938342784
16,random_structured,structured,320,102400,3,2.0,3.0,1.0,4.45141065830721,2.225705329153605,6.0,12.677115987460816,710.0,162300.16007384637,11823.477744742939,11828.232632245103,13.726939194858275,13.721421037272952
16,random_structured,structured,320,102400,4,3.0,4.0,1.0,7.072100313479623,3.5360501567398117,8.0,18.608150470219435,1128.0,204800.0,18786.269782065887,18794.269782065887,10.901578779386536,10.89693839530956
16,random_structured,structured,320,102400,5,4.0,5.0,1.0,9.705329153605016,4.852664576802508,10.0,24.55799373040752,1548.0,237765.4369164659,25783.264806530373,25794.87444700481,9.221696270840177,9.217545811473185
16,random_structured,structured,320,102400,8,7.0,8.0,1.0,17.579937304075234,8.789968652037617,16.0,42.369905956112845,2804.0,307200.0,46711.37275612832,46735.37275612832,6.5765568827068295,6.573179625698341
16,random_structured,structured,320,102400,10,9.0,10.0,1.0,22.821316614420063,11.410658307210031,20.0,54.2319749216301,3640.0,340165.4369164659,60643.431236487966,60676.65051743684,5.609270946261942,5.6061999799859
16,oscillatory_fragmented,unstructured,320,102400,2,1.0,13.0,6.5,11.203761755485893,5.601880877742946,20.5,37.30564263322884,1787.0,102400.0,29744.57101112743,29757.57101112743,3.4426450447610155,3.441141078406868
16,oscillatory_fragmented,unstructured,320,102400,3,2.0,23.0,7.666666666666667,22.25705329153605,11.128526645768025,32.666666666666664,66.05224660397073,3550.0,162300.16007384637,59092.02932370315,59128.48346121974,2.7465660247471666,2.7448727004861078
16,oscillatory_fragmented,unstructured,320,102400,4,3.0,34.0,8.5,34.05015673981191,17.025078369905955,45.5,96.57523510971787,5431.0,204800.0,90404.78296666652,90472.78296666652,2.2653668675418706,2.2636642013704367
16,oscillatory_fragmented,unstructured,320,102400,5,4.0,45.0,9.0,45.73040752351097,22.865203761755485,58.0,126.59561128526644,7294.0,237765.4369164659,121418.86247297593,121523.34923724586,1.95822487605157,1.9565411783729283
16,oscillatory_fragmented,unstructured,320,102400,8,7.0,78.0,9.75,81.0909090909091,40.54545454545455,94.75,216.38636363636363,12934.0,307200.0,215313.63595854628,215547.63595854628,1.4267558978900172,1.425207001848446
16,oscillatory_fragmented,unstructured,320,102400,10,9.0,99.0,9.9,104.62068965517241,52.310344827586206,117.9,274.83103448275864,16687.0,340165.4369164659,277795.8229444788,278124.6938258726,1.22451602515439,1.2230680858904082
17,inventory_threshold,structured,320,102400,2,1.0,2.0,1.0,2.70846394984326,1.35423197492163,4.0,8.06269592476489,432.0,102400.0,7192.14587398268,7194.14587398268,14.23775348751312,14.233795337723857
17,inventory_threshold,structured,320,102400,3,2.0,3.0,1.0,5.41692789968652,2.70846394984326,6.0,14.12539184952978,864.0,162300.16007384637,14386.631597968246,14391.38648547041,11.281317587694902,11.277590261209728
17,inventory_threshold,structured,320,102400,4,3.0,4.0,1.0,8.12539184952978,4.06269592476489,8.0,20.188087774294672,1296.0,204800.0,21582.43762194804,21590.43762194804,9.489196891815904,9.485680817873181
17,inventory_threshold,structured,320,102400,5,4.0,5.0,1.0,10.83385579937304,5.41692789968652,10.0,26.25078369905956,1728.0,237765.4369164659,28779.15892068982,28790.76856116426,8.26172292149693,8.258391449722765
17,inventory_threshold,structured,320,102400,8,7.0,8.0,1.0,18.95924764890282,9.47962382445141,16.0,44.438871473354226,3024.0,307200.0,50373.021117878765,50397.021117878765,6.0985025948933265,6.095598374385232
17,inventory_threshold,structured,320,102400,10,9.0,10.0,1.0,24.37617554858934,12.18808777429467,20.0,56.56426332288402,3888.0,340165.4369164659,64771.1075715521,64804.32685250098,5.251808247075101,5.249116122920394
17,machine_replacement,structured,320,102400,2,1.0,2.0,1.0,2.269592476489028,1.134796238244514,4.0,7.4043887147335425,362.0,102400.0,6027.07594069845,6029.07594069845,16.989996643070892,16.984360622954316
17,machine_replacement,structured,320,102400,3,2.0,3.0,1.0,4.539184952978056,2.269592476489028,6.0,12.808777429467085,724.0,162300.16007384637,12056.491731399785,12061.246618901949,13.46164072349121,13.45633376068237
17,machine_replacement,structured,320,102400,4,3.0,4.0,1.0,6.808777429467084,3.404388714733542,8.0,18.213166144200628,1086.0,204800.0,18087.22782209535,18095.22782209535,11.322907081969545,11.317901162312365
17,machine_replacement,structured,320,102400,5,4.0,5.0,1.0,9.078369905956112,4.539184952978056,10.0,23.61755485893417,1448.0,237765.4369164659,24118.8791875529,24130.488828027337,9.858063265193941,9.85332036209327
17,machine_replacement,structured,320,102400,8,7.0,8.0,1.0,15.87460815047022,7.93730407523511,16.0,39.81191222570533,2532.0,307200.0,42184.2438725096,42208.2438725096,7.28233984537991,7.278199039218512
17,machine_replacement,structured,320,102400,10,9.0,10.0,1.0,20.401253918495296,10.200626959247648,20.0,50.60188087774295,3254.0,340165.4369164659,54218.902747234926,54252.1220281838,6.273926982666829,6.270085375457775
17,admission_control,structured,320,102400,2,1.0,2.0,1.0,2.006269592476489,1.0031347962382444,4.0,7.009404388714733,320.0,102400.0,5328.0339807279115,5330.0339807279115,19.21909664435177,19.21188502179407
17,admission_control,structured,320,102400,3,2.0,3.0,1.0,4.507836990595611,2.2539184952978055,6.0,12.761755485893415,719.0,162300.16007384637,11973.272450450911,11978.027337953075,13.555204790126878,13.549823814443043
17,admission_control,structured,320,102400,4,3.0,4.0,1.0,7.015673981191222,3.507836990595611,8.0,18.523510971786834,1119.0,204800.0,18636.475076357914,18644.475076357914,10.989202580471222,10.984487316550746
17,admission_control,structured,320,102400,5,4.0,5.0,1.0,9.517241379310345,4.758620689655173,10.0,24.275862068965516,1518.0,237765.4369164659,25283.94912083713,25295.558761311568,9.4038093408643,9.399493371939961
17,admission_control,structured,320,102400,8,7.0,8.0,1.0,17.04075235109718,8.52037617554859,16.0,41.561128526645774,2718.0,307200.0,45280.0011238077,45304.0011238077,6.784452128435964,6.7808580341607705
17,admission_control,structured,320,102400,10,9.0,10.0,1.0,22.05015673981191,11.025078369905955,20.0,53.075235109717866,3517.0,340165.4369164659,58596.23692514568,58629.45620609455,5.805243728381627,5.8019544940126115
17,resource_allocation,structured,320,102400,2,1.0,2.0,1.0,2.8025078369905954,1.4012539184952977,4.0,8.203761755485893,447.0,102400.0,7441.803716829301,7443.803716829301,13.76010492838276,13.756407865576744
17,resource_allocation,structured,320,102400,3,2.0,3.0,1.0,5.605015673981191,2.8025078369905954,6.0,14.407523510971785,894.0,162300.16007384637,14885.947283661488,14890.702171163652,10.902911113489145,10.899429604343718
17,resource_allocation,structured,320,102400,4,3.0,4.0,1.0,8.401253918495298,4.200626959247649,8.0,20.60188087774295,1340.0,204800.0,22314.76729429813,22322.76729429813,9.17777888063975,9.174489761953113
17,resource_allocation,structured,320,102400,5,4.0,5.0,1.0,11.197492163009404,5.598746081504702,10.0,26.796238244514107,1786.0,237765.4369164659,29744.502579696757,29756.112220171195,7.993592640502308,7.990473861544603
17,resource_allocation,structured,320,102400,8,7.0,8.0,1.0,19.586206896551722,9.793103448275861,16.0,45.37931034482759,3124.0,307200.0,52037.40673685624,52061.40673685624,5.903445603149574,5.900724149709184
17,resource_allocation,structured,320,102400,10,9.0,10.0,1.0,25.178683385579937,12.589341692789969,20.0,57.7680250783699,4016.0,340165.4369164659,66901.52116384327,66934.74044479214,5.0845695433948865,5.082046104250375
17,random_structured,structured,320,102400,2,1.0,2.0,1.0,2.0877742946708464,1.0438871473354232,4.0,7.131661442006269,333.0,102400.0,5544.404111194983,5546.404111194983,18.46907222964485,18.462412393160033
17,random_structured,structured,320,102400,3,2.0,3.0,1.0,4.175548589341693,2.0877742946708464,6.0,12.263322884012538,666.0,162300.16007384637,11091.14807239285,11095.902959895015,14.63330567895223,14.627034920949056
17,random_structured,structured,320,102400,4,3.0,4.0,1.0,6.884012539184953,3.4420062695924765,8.0,18.32601880877743,1098.0,204800.0,18286.954096372647,18294.954096372647,11.19924066745613,11.194343474226363
17,random_structured,structured,320,102400,5,4.0,5.0,1.0,9.592476489028213,4.7962382445141065,10.0,24.388714733542322,1530.0,237765.4369164659,25483.675395114427,25495.285035588866,9.330107734854009,9.325859137662873
17,random_structured,structured,320,102400,8,7.0,8.0,1.0,17.71786833855799,8.858934169278996,16.0,42.57680250783699,2826.0,307200.0,47077.53759230337,47101.53759230337,6.525405017152461,6.522080078553487
17,random_structured,structured,320,102400,10,9.0,10.0,1.0,23.134796238244512,11.567398119122256,20.0,54.702194357366764,3690.0,340165.4369164659,61475.6240459767,61508.84332692558,5.5333384930271095,5.530350084921171
17,oscillatory_fragmented,unstructured,320,102400,2,1.0,13.0,6.5,11.203761755485893,5.601880877742946,20.5,37.30564263322884,1787.0,102400.0,29744.57101112743,29757.57101112743,3.4426450447610155,3.441141078406868
17,oscillatory_fragmented,unstructured,320,102400,3,2.0,23.0,7.666666666666667,22.25705329153605,11.128526645768025,32.666666666666664,66.05224660397073,3550.0,162300.16007384637,59092.02932370315,59128.48346121974,2.7465660247471666,2.7448727004861078
17,oscillatory_fragmented,unstructured,320,102400,4,3.0,34.0,8.5,34.05015673981191,17.025078369905955,45.5,96.57523510971787,5431.0,204800.0,90404.78296666652,90472.78296666652,2.2653668675418706,2.2636642013704367
17,oscillatory_fragmented,unstructured,320,102400,5,4.0,45.0,9.0,45.73040752351097,22.865203761755485,58.0,126.59561128526644,7294.0,237765.4369164659,121418.86247297593,121523.34923724586,1.95822487605157,1.9565411783729283
17,oscillatory_fragmented,unstructured,320,102400,8,7.0,78.0,9.75,81.0909090909091,40.54545454545455,94.75,216.38636363636363,12934.0,307200.0,215313.63595854628,215547.63595854628,1.4267558978900172,1.425207001848446
17,oscillatory_fragmented,unstructured,320,102400,10,9.0,99.0,9.9,104.62068965517241,52.310344827586206,117.9,274.83103448275864,16687.0,340165.4369164659,277795.8229444788,278124.6938258726,1.22451602515439,1.2230680858904082
18,inventory_threshold,structured,320,102400,2,1.0,2.0,1.0,2.70846394984326,1.35423197492163,4.0,8.06269592476489,432.0,102400.0,7192.14587398268,7194.14587398268,14.23775348751312,14.233795337723857
18,inventory_threshold,structured,320,102400,3,2.0,3.0,1.0,5.41692789968652,2.70846394984326,6.0,14.12539184952978,864.0,162300.16007384637,14386.631597968246,14391.38648547041,11.281317587694902,11.277590261209728
18,inventory_threshold,structured,320,102400,4,3.0,4.0,1.0,8.12539184952978,4.06269592476489,8.0,20.188087774294672,1296.0,204800.0,21582.43762194804,21590.43762194804,9.489196891815904,9.485680817873181
18,inventory_threshold,structured,320,102400,5,4.0,5.0,1.0,10.83385579937304,5.41692789968652,10.0,26.25078369905956,1728.0,237765.4369164659,28779.15892068982,28790.76856116426,8.26172292149693,8.258391449722765
18,inventory_threshold,structured,320,102400,8,7.0,8.0,1.0,18.95924764890282,9.47962382445141,16.0,44.438871473354226,3024.0,307200.0,50373.021117878765,50397.021117878765,6.0985025948933265,6.095598374385232
18,inventory_threshold,structured,320,102400,10,9.0,10.0,1.0,24.37617554858934,12.18808777429467,20.0,56.56426332288402,3888.0,340165.4369164659,64771.1075715521,64804.32685250098,5.251808247075101,5.249116122920394
18,machine_replacement,structured,320,102400,2,1.0,2.0,1.0,2.269592476489028,1.134796238244514,4.0,7.4043887147335425,362.0,102400.0,6027.07594069845,6029.07594069845,16.989996643070892,16.984360622954316
18,machine_replacement,structured,320,102400,3,2.0,3.0,1.0,4.539184952978056,2.269592476489028,6.0,12.808777429467085,724.0,162300.16007384637,12056.491731399785,12061.246618901949,13.46164072349121,13.45633376068237
18,machine_replacement,structured,320,102400,4,3.0,4.0,1.0,6.808777429467084,3.404388714733542,8.0,18.213166144200628,1086.0,204800.0,18087.22782209535,18095.22782209535,11.322907081969545,11.317901162312365
18,machine_replacement,structured,320,102400,5,4.0,5.0,1.0,9.078369905956112,4.539184952978056,10.0,23.61755485893417,1448.0,237765.4369164659,24118.8791875529,24130.488828027337,9.858063265193941,9.85332036209327
18,machine_replacement,structured,320,102400,8,7.0,8.0,1.0,15.87460815047022,7.93730407523511,16.0,39.81191222570533,2532.0,307200.0,42184.2438725096,42208.2438725096,7.28233984537991,7.278199039218512
18,machine_replacement,structured,320,102400,10,9.0,10.0,1.0,20.401253918495296,10.200626959247648,20.0,50.60188087774295,3254.0,340165.4369164659,54218.902747234926,54252.1220281838,6.273926982666829,6.270085375457775
18,admission_control,structured,320,102400,2,1.0,2.0,1.0,2.006269592476489,1.0031347962382444,4.0,7.009404388714733,320.0,102400.0,5328.0339807279115,5330.0339807279115,19.21909664435177,19.21188502179407
18,admission_control,structured,320,102400,3,2.0,3.0,1.0,4.507836990595611,2.2539184952978055,6.0,12.761755485893415,719.0,162300.16007384637,11973.272450450911,11978.027337953075,13.555204790126878,13.549823814443043
18,admission_control,structured,320,102400,4,3.0,4.0,1.0,7.015673981191222,3.507836990595611,8.0,18.523510971786834,1119.0,204800.0,18636.475076357914,18644.475076357914,10.989202580471222,10.984487316550746
18,admission_control,structured,320,102400,5,4.0,5.0,1.0,9.517241379310345,4.758620689655173,10.0,24.275862068965516,1518.0,237765.4369164659,25283.94912083713,25295.558761311568,9.4038093408643,9.399493371939961
18,admission_control,structured,320,102400,8,7.0,8.0,1.0,17.04075235109718,8.52037617554859,16.0,41.561128526645774,2718.0,307200.0,45280.0011238077,45304.0011238077,6.784452128435964,6.7808580341607705
18,admission_control,structured,320,102400,10,9.0,10.0,1.0,22.05015673981191,11.025078369905955,20.0,53.075235109717866,3517.0,340165.4369164659,58596.23692514568,58629.45620609455,5.805243728381627,5.8019544940126115
18,resource_allocation,structured,320,102400,2,1.0,2.0,1.0,2.8025078369905954,1.4012539184952977,4.0,8.203761755485893,447.0,102400.0,7441.803716829301,7443.803716829301,13.76010492838276,13.756407865576744
18,resource_allocation,structured,320,102400,3,2.0,3.0,1.0,5.605015673981191,2.8025078369905954,6.0,14.407523510971785,894.0,162300.16007384637,14885.947283661488,14890.702171163652,10.902911113489145,10.899429604343718
18,resource_allocation,structured,320,102400,4,3.0,4.0,1.0,8.401253918495298,4.200626959247649,8.0,20.60188087774295,1340.0,204800.0,22314.76729429813,22322.76729429813,9.17777888063975,9.174489761953113
18,resource_allocation,structured,320,102400,5,4.0,5.0,1.0,11.197492163009404,5.598746081504702,10.0,26.796238244514107,1786.0,237765.4369164659,29744.502579696757,29756.112220171195,7.993592640502308,7.990473861544603
18,resource_allocation,structured,320,102400,8,7.0,8.0,1.0,19.586206896551722,9.793103448275861,16.0,45.37931034482759,3124.0,307200.0,52037.40673685624,52061.40673685624,5.903445603149574,5.900724149709184
18,resource_allocation,structured,320,102400,10,9.0,10.0,1.0,25.178683385579937,12.589341692789969,20.0,57.7680250783699,4016.0,340165.4369164659,66901.52116384327,66934.74044479214,5.0845695433948865,5.082046104250375
18,random_structured,structured,320,102400,2,1.0,2.0,1.0,2.4326018808777428,1.2163009404388714,4.0,7.6489028213166135,388.0,102400.0,6459.816201632592,6461.816201632592,15.851844201715894,15.846937889401499
18,random_structured,structured,320,102400,3,2.0,3.0,1.0,4.8652037617554855,2.4326018808777428,6.0,13.297805642633227,776.0,162300.16007384637,12921.97225326807,12926.727140770234,12.560014593190244,12.555394594967508
18,random_structured,structured,320,102400,4,3.0,4.0,1.0,7.297805642633229,3.6489028213166144,8.0,18.946708463949843,1164.0,204800.0,19385.448604897778,19393.448604897778,10.564625259600998,10.560267241396053
18,random_structured,structured,320,102400,5,4.0,5.0,1.0,9.730407523510971,4.8652037617554855,10.0,24.595611285266454,1552.0,237765.4369164659,25849.84023128947,25861.449871763907,9.19794609131344,9.193816978376892
18,random_structured,structured,320,102400,8,7.0,8.0,1.0,17.04075235109718,8.52037617554859,16.0,41.561128526645774,2718.0,307200.0,45280.0011238077,45304.0011238077,6.784452128435964,6.7808580341607705
18,random_structured,structured,320,102400,10,9.0,10.0,1.0,21.893416927899686,10.946708463949843,20.0,52.840125391849526,3492.0,340165.4369164659,58180.140520401306,58213.35980135018,5.846762037248506,5.84342559984961
18,oscillatory_fragmented,unstructured,320,102400,2,1.0,13.0,6.5,11.203761755485893,5.601880877742946,20.5,37.30564263322884,1787.0,102400.0,29744.57101112743,29757.57101112743,3.4426450447610155,3.441141078406868
18,oscillatory_fragmented,unstructured,320,102400,3,2.0,23.0,7.666666666666667,22.25705329153605,11.128526645768025,32.666666666666664,66.05224660397073,3550.0,162300.16007384637,59092.02932370315,59128.48346121974,2.7465660247471666,2.7448727004861078
18,oscillatory_fragmented,unstructured,320,102400,4,3.0,34.0,8.5,34.05015673981191,17.025078369905955,45.5,96.57523510971787,5431.0,204800.0,90404.78296666652,90472.78296666652,2.2653668675418706,2.2636642013704367
18,oscillatory_fragmented,unstructured,320,102400,5,4.0,45.0,9.0,45.73040752351097,22.865203761755485,58.0,126.59561128526644,7294.0,237765.4369164659,121418.86247297593,121523.34923724586,1.95822487605157,1.9565411783729283
18,oscillatory_fragmented,unstructured,320,102400,8,7.0,78.0,9.75,81.0909090909091,40.54545454545455,94.75,216.38636363636363,12934.0,307200.0,215313.63595854628,215547.63595854628,1.4267558978900172,1.425207001848446
18,oscillatory_fragmented,unstructured,320,102400,10,9.0,99.0,9.9,104.62068965517241,52.310344827586206,117.9,274.83103448275864,16687.0,340165.4369164659,277795.8229444788,278124.6938258726,1.22451602515439,1.2230680858904082
19,inventory_threshold,structured,320,102400,2,1.0,2.0,1.0,2.70846394984326,1.35423197492163,4.0,8.06269592476489,432.0,102400.0,7192.14587398268,7194.14587398268,14.23775348751312,14.233795337723857
19,inventory_threshold,structured,320,102400,3,2.0,3.0,1.0,5.41692789968652,2.70846394984326,6.0,14.12539184952978,864.0,162300.16007384637,14386.631597968246,14391.38648547041,11.281317587694902,11.277590261209728
19,inventory_threshold,structured,320,102400,4,3.0,4.0,1.0,8.12539184952978,4.06269592476489,8.0,20.188087774294672,1296.0,204800.0,21582.43762194804,21590.43762194804,9.489196891815904,9.485680817873181
19,inventory_threshold,structured,320,102400,5,4.0,5.0,1.0,10.83385579937304,5.41692789968652,10.0,26.25078369905956,1728.0,237765.4369164659,28779.15892068982,28790.76856116426,8.26172292149693,8.258391449722765
19,inventory_threshold,structured,320,102400,8,7.0,8.0,1.0,18.95924764890282,9.47962382445141,16.0,44.438871473354226,3024.0,307200.0,50373.021117878765,50397.021117878765,6.0985025948933265,6.095598374385232
19,inventory_threshold,structured,320,102400,10,9.0,10.0,1.0,24.37617554858934,12.18808777429467,20.0,56.56426332288402,3888.0,340165.4369164659,64771.1075715521,64804.32685250098,5.251808247075101,5.249116122920394
19,machine_replacement,structured,320,102400,2,1.0,2.0,1.0,2.269592476489028,1.134796238244514,4.0,7.4043887147335425,362.0,102400.0,6027.07594069845,6029.07594069845,16.989996643070892,16.984360622954316
19,machine_replacement,structured,320,102400,3,2.0,3.0,1.0,4.539184952978056,2.269592476489028,6.0,12.808777429467085,724.0,162300.16007384637,12056.491731399785,12061.246618901949,13.46164072349121,13.45633376068237
19,machine_replacement,structured,320,102400,4,3.0,4.0,1.0,6.808777429467084,3.404388714733542,8.0,18.213166144200628,1086.0,204800.0,18087.22782209535,18095.22782209535,11.322907081969545,11.317901162312365
19,machine_replacement,structured,320,102400,5,4.0,5.0,1.0,9.078369905956112,4.539184952978056,10.0,23.61755485893417,1448.0,237765.4369164659,24118.8791875529,24130.488828027337,9.858063265193941,9.85332036209327
19,machine_replacement,structured,320,102400,8,7.0,8.0,1.0,15.87460815047022,7.93730407523511,16.0,39.81191222570533,2532.0,307200.0,42184.2438725096,42208.2438725096,7.28233984537991,7.278199039218512
19,machine_replacement,structured,320,102400,10,9.0,10.0,1.0,20.401253918495296,10.200626959247648,20.0,50.60188087774295,3254.0,340165.4369164659,54218.902747234926,54252.1220281838,6.273926982666829,6.270085375457775
19,admission_control,structured,320,102400,2,1.0,2.0,1.0,2.006269592476489,1.0031347962382444,4.0,7.009404388714733,320.0,102400.0,5328.0339807279115,5330.0339807279115,19.21909664435177,19.21188502179407
19,admission_control,structured,320,102400,3,2.0,3.0,1.0,4.507836990595611,2.2539184952978055,6.0,12.761755485893415,719.0,162300.16007384637,11973.272450450911,11978.027337953075,13.555204790126878,13.549823814443043
19,admission_control,structured,320,102400,4,3.0,4.0,1.0,7.015673981191222,3.507836990595611,8.0,18.523510971786834,1119.0,204800.0,18636.475076357914,18644.475076357914,10.989202580471222,10.984487316550746
19,admission_control,structured,320,102400,5,4.0,5.0,1.0,9.517241379310345,4.758620689655173,10.0,24.275862068965516,1518.0,237765.4369164659,25283.94912083713,25295.558761311568,9.4038093408643,9.399493371939961
19,admission_control,structured,320,102400,8,7.0,8.0,1.0,17.04075235109718,8.52037617554859,16.0,41.561128526645774,2718.0,307200.0,45280.0011238077,45304.0011238077,6.784452128435964,6.7808580341607705
19,admission_control,structured,320,102400,10,9.0,10.0,1.0,22.05015673981191,11.025078369905955,20.0,53.075235109717866,3517.0,340165.4369164659,58596.23692514568,58629.45620609455,5.805243728381627,5.8019544940126115
19,resource_allocation,structured,320,102400,2,1.0,2.0,1.0,2.8025078369905954,1.4012539184952977,4.0,8.203761755485893,447.0,102400.0,7441.803716829301,7443.803716829301,13.76010492838276,13.756407865576744
19,resource_allocation,structured,320,102400,3,2.0,3.0,1.0,5.605015673981191,2.8025078369905954,6.0,14.407523510971785,894.0,162300.16007384637,14885.947283661488,14890.702171163652,10.902911113489145,10.899429604343718
19,resource_allocation,structured,320,102400,4,3.0,4.0,1.0,8.401253918495298,4.200626959247649,8.0,20.60188087774295,1340.0,204800.0,22314.76729429813,22322.76729429813,9.17777888063975,9.174489761953113
19,resource_allocation,structured,320,102400,5,4.0,5.0,1.0,11.197492163009404,5.598746081504702,10.0,26.796238244514107,1786.0,237765.4369164659,29744.502579696757,29756.112220171195,7.993592640502308,7.990473861544603
19,resource_allocation,structured,320,102400,8,7.0,8.0,1.0,19.586206896551722,9.793103448275861,16.0,45.37931034482759,3124.0,307200.0,52037.40673685624,52061.40673685624,5.903445603149574,5.900724149709184
19,resource_allocation,structured,320,102400,10,9.0,10.0,1.0,25.178683385579937,12.589341692789969,20.0,57.7680250783699,4016.0,340165.4369164659,66901.52116384327,66934.74044479214,5.0845695433948865,5.082046104250375
19,random_structured,structured,320,102400,2,1.0,2.0,1.0,1.8996865203761755,0.9498432601880877,4.0,6.8495297805642625,303.0,102400.0,5045.088425501741,5047.088425501741,20.296968331098416,20.288925290588747
19,random_structured,structured,320,102400,3,2.0,3.0,1.0,3.799373040752351,1.8996865203761755,6.0,11.699059561128525,606.0,162300.16007384637,10092.516701006367,10097.27158850853,16.08123770136172,16.0736649154368
19,random_structured,structured,320,102400,4,3.0,4.0,1.0,6.670846394984326,3.335423197492163,8.0,18.00626959247649,1064.0,204800.0,17721.062985920307,17729.062985920307,11.556868804242566,11.551653923427523
19,random_structured,structured,320,102400,5,4.0,5.0,1.0,9.5423197492163,4.77115987460815,10.0,24.31347962382445,1522.0,237765.4369164659,25350.52454559623,25362.134186070667,9.379113102327082,9.374819767614465
19,random_structured,structured,320,102400,8,7.0,8.0,1.0,18.11912225705329,9.059561128526646,16.0,43.17868338557994,2890.0,307200.0,48142.74438844895,48166.74438844895,6.381023846943539,6.377844379984104
19,random_structured,structured,320,102400,10,9.0,10.0,1.0,23.385579937304076,11.692789968652038,20.0,55.07836990595611,3730.0,340165.4369164659,62141.37829356769,62174.59757451657,5.474056840346534,5.471132105178097
19,oscillatory_fragmented,unstructured,320,102400,2,1.0,13.0,6.5,11.203761755485893,5.601880877742946,20.5,37.30564263322884,1787.0,102400.0,29744.57101112743,29757.57101112743,3.4426450447610155,3.441141078406868
19,oscillatory_fragmented,unstructured,320,102400,3,2.0,23.0,7.666666666666667,22.25705329153605,11.128526645768025,32.666666666666664,66.05224660397073,3550.0,162300.16007384637,59092.02932370315,59128.48346121974,2.7465660247471666,2.7448727004861078
19,oscillatory_fragmented,unstructured,320,102400,4,3.0,34.0,8.5,34.05015673981191,17.025078369905955,45.5,96.57523510971787,5431.0,204800.0,90404.78296666652,90472.78296666652,2.2653668675418706,2.2636642013704367
19,oscillatory_fragmented,unstructured,320,102400,5,4.0,45.0,9.0,45.73040752351097,22.865203761755485,58.0,126.59561128526644,7294.0,237765.4369164659,121418.86247297593,121523.34923724586,1.95822487605157,1.9565411783729283
19,oscillatory_fragmented,unstructured,320,102400,8,7.0,78.0,9.75,81.0909090909091,40.54545454545455,94.75,216.38636363636363,12934.0,307200.0,215313.63595854628,215547.63595854628,1.4267558978900172,1.425207001848446
19,oscillatory_fragmented,unstructured,320,102400,10,9.0,99.0,9.9,104.62068965517241,52.310344827586206,117.9,274.83103448275864,16687.0,340165.4369164659,277795.8229444788,278124.6938258726,1.22451602515439,1.2230680858904082
20,inventory_threshold,structured,320,102400,2,1.0,2.0,1.0,2.70846394984326,1.35423197492163,4.0,8.06269592476489,432.0,102400.0,7192.14587398268,7194.14587398268,14.23775348751312,14.233795337723857
20,inventory_threshold,structured,320,102400,3,2.0,3.0,1.0,5.41692789968652,2.70846394984326,6.0,14.12539184952978,864.0,162300.16007384637,14386.631597968246,14391.38648547041,11.281317587694902,11.277590261209728
20,inventory_threshold,structured,320,102400,4,3.0,4.0,1.0,8.12539184952978,4.06269592476489,8.0,20.188087774294672,1296.0,204800.0,21582.43762194804,21590.43762194804,9.489196891815904,9.485680817873181
20,inventory_threshold,structured,320,102400,5,4.0,5.0,1.0,10.83385579937304,5.41692789968652,10.0,26.25078369905956,1728.0,237765.4369164659,28779.15892068982,28790.76856116426,8.26172292149693,8.258391449722765
20,inventory_threshold,structured,320,102400,8,7.0,8.0,1.0,18.95924764890282,9.47962382445141,16.0,44.438871473354226,3024.0,307200.0,50373.021117878765,50397.021117878765,6.0985025948933265,6.095598374385232
20,inventory_threshold,structured,320,102400,10,9.0,10.0,1.0,24.37617554858934,12.18808777429467,20.0,56.56426332288402,3888.0,340165.4369164659,64771.1075715521,64804.32685250098,5.251808247075101,5.249116122920394
20,machine_replacement,structured,320,102400,2,1.0,2.0,1.0,2.269592476489028,1.134796238244514,4.0,7.4043887147335425,362.0,102400.0,6027.07594069845,6029.07594069845,16.989996643070892,16.984360622954316
20,machine_replacement,structured,320,102400,3,2.0,3.0,1.0,4.539184952978056,2.269592476489028,6.0,12.808777429467085,724.0,162300.16007384637,12056.491731399785,12061.246618901949,13.46164072349121,13.45633376068237
20,machine_replacement,structured,320,102400,4,3.0,4.0,1.0,6.808777429467084,3.404388714733542,8.0,18.213166144200628,1086.0,204800.0,18087.22782209535,18095.22782209535,11.322907081969545,11.317901162312365
20,machine_replacement,structured,320,102400,5,4.0,5.0,1.0,9.078369905956112,4.539184952978056,10.0,23.61755485893417,1448.0,237765.4369164659,24118.8791875529,24130.488828027337,9.858063265193941,9.85332036209327
20,machine_replacement,structured,320,102400,8,7.0,8.0,1.0,15.87460815047022,7.93730407523511,16.0,39.81191222570533,2532.0,307200.0,42184.2438725096,42208.2438725096,7.28233984537991,7.278199039218512
20,machine_replacement,structured,320,102400,10,9.0,10.0,1.0,20.401253918495296,10.200626959247648,20.0,50.60188087774295,3254.0,340165.4369164659,54218.902747234926,54252.1220281838,6.273926982666829,6.270085375457775
20,admission_control,structured,320,102400,2,1.0,2.0,1.0,2.006269592476489,1.0031347962382444,4.0,7.009404388714733,320.0,102400.0,5328.0339807279115,5330.0339807279115,19.21909664435177,19.21188502179407
20,admission_control,structured,320,102400,3,2.0,3.0,1.0,4.507836990595611,2.2539184952978055,6.0,12.761755485893415,719.0,162300.16007384637,11973.272450450911,11978.027337953075,13.555204790126878,13.549823814443043
20,admission_control,structured,320,102400,4,3.0,4.0,1.0,7.015673981191222,3.507836990595611,8.0,18.523510971786834,1119.0,204800.0,18636.475076357914,18644.475076357914,10.989202580471222,10.984487316550746
20,admission_control,structured,320,102400,5,4.0,5.0,1.0,9.517241379310345,4.758620689655173,10.0,24.275862068965516,1518.0,237765.4369164659,25283.94912083713,25295.558761311568,9.4038093408643,9.399493371939961
20,admission_control,structured,320,102400,8,7.0,8.0,1.0,17.04075235109718,8.52037617554859,16.0,41.561128526645774,2718.0,307200.0,45280.0011238077,45304.0011238077,6.784452128435964,6.7808580341607705
20,admission_control,structured,320,102400,10,9.0,10.0,1.0,22.05015673981191,11.025078369905955,20.0,53.075235109717866,3517.0,340165.4369164659,58596.23692514568,58629.45620609455,5.805243728381627,5.8019544940126115
20,resource_allocation,structured,320,102400,2,1.0,2.0,1.0,2.8025078369905954,1.4012539184952977,4.0,8.203761755485893,447.0,102400.0,7441.803716829301,7443.803716829301,13.76010492838276,13.756407865576744
20,resource_allocation,structured,320,102400,3,2.0,3.0,1.0,5.605015673981191,2.8025078369905954,6.0,14.407523510971785,894.0,162300.16007384637,14885.947283661488,14890.702171163652,10.902911113489145,10.899429604343718
20,resource_allocation,structured,320,102400,4,3.0,4.0,1.0,8.401253918495298,4.200626959247649,8.0,20.60188087774295,1340.0,204800.0,22314.76729429813,22322.76729429813,9.17777888063975,9.174489761953113
20,resource_allocation,structured,320,102400,5,4.0,5.0,1.0,11.197492163009404,5.598746081504702,10.0,26.796238244514107,1786.0,237765.4369164659,29744.502579696757,29756.112220171195,7.993592640502308,7.990473861544603
20,resource_allocation,structured,320,102400,8,7.0,8.0,1.0,19.586206896551722,9.793103448275861,16.0,45.37931034482759,3124.0,307200.0,52037.40673685624,52061.40673685624,5.903445603149574,5.900724149709184
20,resource_allocation,structured,320,102400,10,9.0,10.0,1.0,25.178683385579937,12.589341692789969,20.0,57.7680250783699,4016.0,340165.4369164659,66901.52116384327,66934.74044479214,5.0845695433948865,5.082046104250375
20,random_structured,structured,320,102400,2,1.0,2.0,1.0,2.4012539184952977,1.2006269592476488,4.0,7.601880877742947,383.0,102400.0,6376.596920683719,6378.596920683719,16.058722430430862,16.05368724083349
20,random_structured,structured,320,102400,3,2.0,3.0,1.0,4.802507836990595,2.4012539184952977,6.0,13.203761755485894,766.0,162300.16007384637,12755.533691370323,12760.288578872487,12.723901955090247,12.719160626396068
20,random_structured,structured,320,102400,4,3.0,4.0,1.0,7.347962382445141,3.6739811912225706,8.0,19.021943573667713,1172.0,204800.0,19518.599454415977,19526.599454415977,10.492556111840551,10.488257337284812
20,random_structured,structured,320,102400,5,4.0,5.0,1.0,9.880877742946709,4.940438871473354,10.0,24.821316614420063,1576.0,237765.4369164659,26249.292779844065,26260.902420318504,9.057974967578474,9.053970541869223
20,random_structured,structured,320,102400,8,7.0,8.0,1.0,17.517241379310345,8.758620689655173,16.0,42.27586206896552,2794.0,307200.0,46544.93419423058,46568.93419423058,6.600073785002335,6.596672337801946
20,random_structured,structured,320,102400,10,9.0,10.0,1.0,22.608150470219435,11.304075235109718,20.0,53.91222570532915,3606.0,340165.4369164659,60077.54012603562,60110.7594069845,5.66210660760808,5.6589775320146884
20,oscillatory_fragmented,unstructured,320,102400,2,1.0,13.0,6.5,11.203761755485893,5.601880877742946,20.5,37.30564263322884,1787.0,102400.0,29744.57101112743,29757.57101112743,3.4426450447610155,3.441141078406868
20,oscillatory_fragmented,unstructured,320,102400,3,2.0,23.0,7.666666666666667,22.25705329153605,11.128526645768025,32.666666666666664,66.05224660397073,3550.0,162300.16007384637,59092.02932370315,59128.48346121974,2.7465660247471666,2.7448727004861078
20,oscillatory_fragmented,unstructured,320,102400,4,3.0,34.0,8.5,34.05015673981191,17.025078369905955,45.5,96.57523510971787,5431.0,204800.0,90404.78296666652,90472.78296666652,2.2653668675418706,2.2636642013704367
20,oscillatory_fragmented,unstructured,320,102400,5,4.0,45.0,9.0,45.73040752351097,22.865203761755485,58.0,126.59561128526644,7294.0,237765.4369164659,121418.86247297593,121523.34923724586,1.95822487605157,1.9565411783729283
20,oscillatory_fragmented,unstructured,320,102400,8,7.0,78.0,9.75,81.0909090909091,40.54545454545455,94.75,216.38636363636363,12934.0,307200.0,215313.63595854628,215547.63595854628,1.4267558978900172,1.425207001848446
20,oscillatory_fragmented,unstructured,320,102400,10,9.0,99.0,9.9,104.62068965517241,52.310344827586206,117.9,274.83103448275864,16687.0,340165.4369164659,277795.8229444788,278124.6938258726,1.22451602515439,1.2230680858904082
21,inventory_threshold,structured,320,102400,2,1.0,2.0,1.0,2.70846394984326,1.35423197492163,4.0,8.06269592476489,432.0,102400.0,7192.14587398268,7194.14587398268,14.23775348751312,14.233795337723857
21,inventory_threshold,structured,320,102400,3,2.0,3.0,1.0,5.41692789968652,2.70846394984326,6.0,14.12539184952978,864.0,162300.16007384637,14386.631597968246,14391.38648547041,11.281317587694902,11.277590261209728
21,inventory_threshold,structured,320,102400,4,3.0,4.0,1.0,8.12539184952978,4.06269592476489,8.0,20.188087774294672,1296.0,204800.0,21582.43762194804,21590.43762194804,9.489196891815904,9.485680817873181
21,inventory_threshold,structured,320,102400,5,4.0,5.0,1.0,10.83385579937304,5.41692789968652,10.0,26.25078369905956,1728.0,237765.4369164659,28779.15892068982,28790.76856116426,8.26172292149693,8.258391449722765
21,inventory_threshold,structured,320,102400,8,7.0,8.0,1.0,18.95924764890282,9.47962382445141,16.0,44.438871473354226,3024.0,307200.0,50373.021117878765,50397.021117878765,6.0985025948933265,6.095598374385232
21,inventory_threshold,structured,320,102400,10,9.0,10.0,1.0,24.37617554858934,12.18808777429467,20.0,56.56426332288402,3888.0,340165.4369164659,64771.1075715521,64804.32685250098,5.251808247075101,5.249116122920394
21,machine_replacement,structured,320,102400,2,1.0,2.0,1.0,2.269592476489028,1.134796238244514,4.0,7.4043887147335425,362.0,102400.0,6027.07594069845,6029.07594069845,16.989996643070892,16.984360622954316
21,machine_replacement,structured,320,102400,3,2.0,3.0,1.0,4.539184952978056,2.269592476489028,6.0,12.808777429467085,724.0,162300.16007384637,12056.491731399785,12061.246618901949,13.46164072349121,13.45633376068237
21,machine_replacement,structured,320,102400,4,3.0,4.0,1.0,6.808777429467084,3.404388714733542,8.0,18.213166144200628,1086.0,204800.0,18087.22782209535,18095.22782209535,11.322907081969545,11.317901162312365
21,machine_replacement,structured,320,102400,5,4.0,5.0,1.0,9.078369905956112,4.539184952978056,10.0,23.61755485893417,1448.0,237765.4369164659,24118.8791875529,24130.488828027337,9.858063265193941,9.85332036209327
21,machine_replacement,structured,320,102400,8,7.0,8.0,1.0,15.87460815047022,7.93730407523511,16.0,39.81191222570533,2532.0,307200.0,42184.2438725096,42208.2438725096,7.28233984537991,7.278199039218512
21,machine_replacement,structured,320,102400,10,9.0,10.0,1.0,20.401253918495296,10.200626959247648,20.0,50.60188087774295,3254.0,340165.4369164659,54218.902747234926,54252.1220281838,6.273926982666829,6.270085375457775
21,admission_control,structured,320,102400,2,1.0,2.0,1.0,2.006269592476489,1.0031347962382444,4.0,7.009404388714733,320.0,102400.0,5328.0339807279115,5330.0339807279115,19.21909664435177,19.21188502179407
21,admission_control,structured,320,102400,3,2.0,3.0,1.0,4.507836990595611,2.2539184952978055,6.0,12.761755485893415,719.0,162300.16007384637,11973.272450450911,11978.027337953075,13.555204790126878,13.549823814443043
21,admission_control,structured,320,102400,4,3.0,4.0,1.0,7.015673981191222,3.507836990595611,8.0,18.523510971786834,1119.0,204800.0,18636.475076357914,18644.475076357914,10.989202580471222,10.984487316550746
21,admission_control,structured,320,102400,5,4.0,5.0,1.0,9.517241379310345,4.758620689655173,10.0,24.275862068965516,1518.0,237765.4369164659,25283.94912083713,25295.558761311568,9.4038093408643,9.399493371939961
21,admission_control,structured,320,102400,8,7.0,8.0,1.0,17.04075235109718,8.52037617554859,16.0,41.561128526645774,2718.0,307200.0,45280.0011238077,45304.0011238077,6.784452128435964,6.7808580341607705
21,admission_control,structured,320,102400,10,9.0,10.0,1.0,22.05015673981191,11.025078369905955,20.0,53.075235109717866,3517.0,340165.4369164659,58596.23692514568,58629.45620609455,5.805243728381627,5.8019544940126115
21,resource_allocation,structured,320,102400,2,1.0,2.0,1.0,2.8025078369905954,1.4012539184952977,4.0,8.203761755485893,447.0,102400.0,7441.803716829301,7443.803716829301,13.76010492838276,13.756407865576744
21,resource_allocation,structured,320,102400,3,2.0,3.0,1.0,5.605015673981191,2.8025078369905954,6.0,14.407523510971785,894.0,162300.16007384637,14885.947283661488,14890.702171163652,10.902911113489145,10.899429604343718
21,resource_allocation,structured,320,102400,4,3.0,4.0,1.0,8.401253918495298,4.200626959247649,8.0,20.60188087774295,1340.0,204800.0,22314.76729429813,22322.76729429813,9.17777888063975,9.174489761953113
21,resource_allocation,structured,320,102400,5,4.0,5.0,1.0,11.197492163009404,5.598746081504702,10.0,26.796238244514107,1786.0,237765.4369164659,29744.502579696757,29756.112220171195,7.993592640502308,7.990473861544603
21,resource_allocation,structured,320,102400,8,7.0,8.0,1.0,19.586206896551722,9.793103448275861,16.0,45.37931034482759,3124.0,307200.0,52037.40673685624,52061.40673685624,5.903445603149574,5.900724149709184
21,resource_allocation,structured,320,102400,10,9.0,10.0,1.0,25.178683385579937,12.589341692789969,20.0,57.7680250783699,4016.0,340165.4369164659,66901.52116384327,66934.74044479214,5.0845695433948865,5.082046104250375
21,random_structured,structured,320,102400,2,1.0,2.0,1.0,2.3824451410658307,1.1912225705329154,4.0,7.5736677115987465,380.0,102400.0,6326.665352114395,6328.665352114395,16.18546174024797,16.18034677181791
21,random_structured,structured,320,102400,3,2.0,3.0,1.0,4.764890282131661,2.3824451410658307,6.0,13.147335423197493,760.0,162300.16007384637,12655.670554231676,12660.42544173384,12.824303491337176,12.81948705600682
21,random_structured,structured,320,102400,4,3.0,4.0,1.0,7.147335423197492,3.573667711598746,8.0,18.721003134796238,1140.0,204800.0,18985.996056343185,18993.996056343185,10.786897847878606,10.78235456048784
21,random_structured,structured,320,102400,5,4.0,5.0,1.0,9.529780564263323,4.764890282131661,10.0,24.294670846394986,1520.0,237765.4369164659,25317.23683321668,25328.84647369112,9.391444985991255,9.387140356487654
21,random_structured,structured,320,102400,8,7.0,8.0,1.0,16.677115987460816,8.338557993730408,16.0,41.01567398119123,2660.0,307200.0,44314.657464800766,44338.657464800766,6.932243586538148,6.928491243648448
21,random_structured,structured,320,102400,10,9.0,10.0,1.0,21.429467084639498,10.714733542319749,20.0,52.14420062695925,3418.0,340165.4369164659,56948.49516235798,56981.71444330685,5.973212039170961,5.9697297675188175
21,oscillatory_fragmented,unstructured,320,102400,2,1.0,13.0,6.5,11.203761755485893,5.601880877742946,20.5,37.30564263322884,1787.0,102400.0,29744.57101112743,29757.57101112743,3.4426450447610155,3.441141078406868
21,oscillatory_fragmented,unstructured,320,102400,3,2.0,23.0,7.666666666666667,22.25705329153605,11.128526645768025,32.666666666666664,66.05224660397073,3550.0,162300.16007384637,59092.02932370315,59128.48346121974,2.7465660247471666,2.7448727004861078
21,oscillatory_fragmented,unstructured,320,102400,4,3.0,34.0,8.5,34.05015673981191,17.025078369905955,45.5,96.57523510971787,5431.0,204800.0,90404.78296666652,90472.78296666652,2.2653668675418706,2.2636642013704367
21,oscillatory_fragmented,unstructured,320,102400,5,4.0,45.0,9.0,45.73040752351097,22.865203761755485,58.0,126.59561128526644,7294.0,237765.4369164659,121418.86247297593,121523.34923724586,1.95822487605157,1.9565411783729283
21,oscillatory_fragmented,unstructured,320,102400,8,7.0,78.0,9.75,81.0909090909091,40.54545454545455,94.75,216.38636363636363,12934.0,307200.0,215313.63595854628,215547.63595854628,1.4267558978900172,1.425207001848446
21,oscillatory_fragmented,unstructured,320,102400,10,9.0,99.0,9.9,104.62068965517241,52.310344827586206,117.9,274.83103448275864,16687.0,340165.4369164659,277795.8229444788,278124.6938258726,1.22451602515439,1.2230680858904082
22,inventory_threshold,structured,320,102400,2,1.0,2.0,1.0,2.70846394984326,1.35423197492163,4.0,8.06269592476489,432.0,102400.0,7192.14587398268,7194.14587398268,14.23775348751312,14.233795337723857
22,inventory_threshold,structured,320,102400,3,2.0,3.0,1.0,5.41692789968652,2.70846394984326,6.0,14.12539184952978,864.0,162300.16007384637,14386.631597968246,14391.38648547041,11.281317587694902,11.277590261209728
22,inventory_threshold,structured,320,102400,4,3.0,4.0,1.0,8.12539184952978,4.06269592476489,8.0,20.188087774294672,1296.0,204800.0,21582.43762194804,21590.43762194804,9.489196891815904,9.485680817873181
22,inventory_threshold,structured,320,102400,5,4.0,5.0,1.0,10.83385579937304,5.41692789968652,10.0,26.25078369905956,1728.0,237765.4369164659,28779.15892068982,28790.76856116426,8.26172292149693,8.258391449722765
22,inventory_threshold,structured,320,102400,8,7.0,8.0,1.0,18.95924764890282,9.47962382445141,16.0,44.438871473354226,3024.0,307200.0,50373.021117878765,50397.021117878765,6.0985025948933265,6.095598374385232
22,inventory_threshold,structured,320,102400,10,9.0,10.0,1.0,24.37617554858934,12.18808777429467,20.0,56.56426332288402,3888.0,340165.4369164659,64771.1075715521,64804.32685250098,5.251808247075101,5.249116122920394
22,machine_replacement,structured,320,102400,2,1.0,2.0,1.0,2.269592476489028,1.134796238244514,4.0,7.4043887147335425,362.0,102400.0,6027.07594069845,6029.07594069845,16.989996643070892,16.984360622954316
22,machine_replacement,structured,320,102400,3,2.0,3.0,1.0,4.539184952978056,2.269592476489028,6.0,12.808777429467085,724.0,162300.16007384637,12056.491731399785,12061.246618901949,13.46164072349121,13.45633376068237
22,machine_replacement,structured,320,102400,4,3.0,4.0,1.0,6.808777429467084,3.404388714733542,8.0,18.213166144200628,1086.0,204800.0,18087.22782209535,18095.22782209535,11.322907081969545,11.317901162312365
22,machine_replacement,structured,320,102400,5,4.0,5.0,1.0,9.078369905956112,4.539184952978056,10.0,23.61755485893417,1448.0,237765.4369164659,24118.8791875529,24130.488828027337,9.858063265193941,9.85332036209327
22,machine_replacement,structured,320,102400,8,7.0,8.0,1.0,15.87460815047022,7.93730407523511,16.0,39.81191222570533,2532.0,307200.0,42184.2438725096,42208.2438725096,7.28233984537991,7.278199039218512
22,machine_replacement,structured,320,102400,10,9.0,10.0,1.0,20.401253918495296,10.200626959247648,20.0,50.60188087774295,3254.0,340165.4369164659,54218.902747234926,54252.1220281838,6.273926982666829,6.270085375457775
22,admission_control,structured,320,102400,2,1.0,2.0,1.0,2.006269592476489,1.0031347962382444,4.0,7.009404388714733,320.0,102400.0,5328.0339807279115,5330.0339807279115,19.21909664435177,19.21188502179407
22,admission_control,structured,320,102400,3,2.0,3.0,1.0,4.507836990595611,2.2539184952978055,6.0,12.761755485893415,719.0,162300.16007384637,11973.272450450911,11978.027337953075,13.555204790126878,13.549823814443043
22,admission_control,structured,320,102400,4,3.0,4.0,1.0,7.015673981191222,3.507836990595611,8.0,18.523510971786834,1119.0,204800.0,18636.475076357914,18644.475076357914,10.989202580471222,10.984487316550746
22,admission_control,structured,320,102400,5,4.0,5.0,1.0,9.517241379310345,4.758620689655173,10.0,24.275862068965516,1518.0,237765.4369164659,25283.94912083713,25295.558761311568,9.4038093408643,9.399493371939961
22,admission_control,structured,320,102400,8,7.0,8.0,1.0,17.04075235109718,8.52037617554859,16.0,41.561128526645774,2718.0,307200.0,45280.0011238077,45304.0011238077,6.784452128435964,6.7808580341607705
22,admission_control,structured,320,102400,10,9.0,10.0,1.0,22.05015673981191,11.025078369905955,20.0,53.075235109717866,3517.0,340165.4369164659,58596.23692514568,58629.45620609455,5.805243728381627,5.8019544940126115
22,resource_allocation,structured,320,102400,2,1.0,2.0,1.0,2.8025078369905954,1.4012539184952977,4.0,8.203761755485893,447.0,102400.0,7441.803716829301,7443.803716829301,13.76010492838276,13.756407865576744
22,resource_allocation,structured,320,102400,3,2.0,3.0,1.0,5.605015673981191,2.8025078369905954,6.0,14.407523510971785,894.0,162300.16007384637,14885.947283661488,14890.702171163652,10.902911113489145,10.899429604343718
22,resource_allocation,structured,320,102400,4,3.0,4.0,1.0,8.401253918495298,4.200626959247649,8.0,20.60188087774295,1340.0,204800.0,22314.76729429813,22322.76729429813,9.17777888063975,9.174489761953113
22,resource_allocation,structured,320,102400,5,4.0,5.0,1.0,11.197492163009404,5.598746081504702,10.0,26.796238244514107,1786.0,237765.4369164659,29744.502579696757,29756.112220171195,7.993592640502308,7.990473861544603
22,resource_allocation,structured,320,102400,8,7.0,8.0,1.0,19.586206896551722,9.793103448275861,16.0,45.37931034482759,3124.0,307200.0,52037.40673685624,52061.40673685624,5.903445603149574,5.900724149709184
22,resource_allocation,structured,320,102400,10,9.0,10.0,1.0,25.178683385579937,12.589341692789969,20.0,57.7680250783699,4016.0,340165.4369164659,66901.52116384327,66934.74044479214,5.0845695433948865,5.082046104250375
22,random_structured,structured,320,102400,2,1.0,2.0,1.0,2.081504702194357,1.0407523510971786,4.0,7.122257053291535,332.0,102400.0,5527.760255005208,5529.760255005208,18.524681837870975,18.517981843302096
22,random_structured,structured,320,102400,3,2.0,3.0,1.0,4.163009404388714,2.081504702194357,6.0,12.24451410658307,664.0,162300.16007384637,11057.860360013301,11062.615247515465,14.677356630469436,14.67104806978595
22,random_structured,structured,320,102400,4,3.0,4.0,1.0,6.871473354231974,3.435736677115987,8.0,18.30721003134796,1096.0,204800.0,18253.666383993095,18261.666383993095,11.219663802971226,11.214748736156599
22,random_structured,structured,320,102400,5,4.0,5.0,1.0,9.579937304075235,4.789968652037618,10.0,24.369905956112856,1528.0,237765.4369164659,25450.387682734876,25461.997323209314,9.342311004470949,9.338051288684103
22,random_structured,structured,320,102400,8,7.0,8.0,1.0,17.71786833855799,8.858934169278996,16.0,42.57680250783699,2826.0,307200.0,47077.53759230337,47101.53759230337,6.525405017152461,6.522080078553487
22,random_structured,structured,320,102400,10,9.0,10.0,1.0,23.14733542319749,11.573667711598745,20.0,54.721003134796234,3692.0,340165.4369164659,61508.911758356255,61542.13103930513,5.530343932157976,5.527358756868726
22,oscillatory_fragmented,unstructured,320,102400,2,1.0,13.0,6.5,11.203761755485893,5.601880877742946,20.5,37.30564263322884,1787.0,102400.0,29744.57101112743,29757.57101112743,3.4426450447610155,3.441141078406868
22,oscillatory_fragmented,unstructured,320,102400,3,2.0,23.0,7.666666666666667,22.25705329153605,11.128526645768025,32.666666666666664,66.05224660397073,3550.0,162300.16007384637,59092.02932370315,59128.48346121974,2.7465660247471666,2.7448727004861078
22,oscillatory_fragmented,unstructured,320,102400,4,3.0,34.0,8.5,34.05015673981191,17.025078369905955,45.5,96.57523510971787,5431.0,204800.0,90404.78296666652,90472.78296666652,2.2653668675418706,2.2636642013704367
22,oscillatory_fragmented,unstructured,320,102400,5,4.0,45.0,9.0,45.73040752351097,22.865203761755485,58.0,126.59561128526644,7294.0,237765.4369164659,121418.86247297593,121523.34923724586,1.95822487605157,1.9565411783729283
22,oscillatory_fragmented,unstructured,320,102400,8,7.0,78.0,9.75,81.0909090909091,40.54545454545455,94.75,216.38636363636363,12934.0,307200.0,215313.63595854628,215547.63595854628,1.4267558978900172,1.425207001848446
22,oscillatory_fragmented,unstructured,320,102400,10,9.0,99.0,9.9,104.62068965517241,52.310344827586206,117.9,274.83103448275864,16687.0,340165.4369164659,277795.8229444788,278124.6938258726,1.22451602515439,1.2230680858904082
23,inventory_threshold,structured,320,102400,2,1.0,2.0,1.0,2.70846394984326,1.35423197492163,4.0,8.06269592476489,432.0,102400.0,7192.14587398268,7194.14587398268,14.23775348751312,14.233795337723857
23,inventory_threshold,structured,320,102400,3,2.0,3.0,1.0,5.41692789968652,2.70846394984326,6.0,14.12539184952978,864.0,162300.16007384637,14386.631597968246,14391.38648547041,11.281317587694902,11.277590261209728
23,inventory_threshold,structured,320,102400,4,3.0,4.0,1.0,8.12539184952978,4.06269592476489,8.0,20.188087774294672,1296.0,204800.0,21582.43762194804,21590.43762194804,9.489196891815904,9.485680817873181
23,inventory_threshold,structured,320,102400,5,4.0,5.0,1.0,10.83385579937304,5.41692789968652,10.0,26.25078369905956,1728.0,237765.4369164659,28779.15892068982,28790.76856116426,8.26172292149693,8.258391449722765
23,inventory_threshold,structured,320,102400,8,7.0,8.0,1.0,18.95924764890282,9.47962382445141,16.0,44.438871473354226,3024.0,307200.0,50373.021117878765,50397.021117878765,6.0985025948933265,6.095598374385232
23,inventory_threshold,structured,320,102400,10,9.0,10.0,1.0,24.37617554858934,12.18808777429467,20.0,56.56426332288402,3888.0,340165.4369164659,64771.1075715521,64804.32685250098,5.251808247075101,5.249116122920394
23,machine_replacement,structured,320,102400,2,1.0,2.0,1.0,2.269592476489028,1.134796238244514,4.0,7.4043887147335425,362.0,102400.0,6027.07594069845,6029.07594069845,16.989996643070892,16.984360622954316
23,machine_replacement,structured,320,102400,3,2.0,3.0,1.0,4.539184952978056,2.269592476489028,6.0,12.808777429467085,724.0,162300.16007384637,12056.491731399785,12061.246618901949,13.46164072349121,13.45633376068237
23,machine_replacement,structured,320,102400,4,3.0,4.0,1.0,6.808777429467084,3.404388714733542,8.0,18.213166144200628,1086.0,204800.0,18087.22782209535,18095.22782209535,11.322907081969545,11.317901162312365
23,machine_replacement,structured,320,102400,5,4.0,5.0,1.0,9.078369905956112,4.539184952978056,10.0,23.61755485893417,1448.0,237765.4369164659,24118.8791875529,24130.488828027337,9.858063265193941,9.85332036209327
23,machine_replacement,structured,320,102400,8,7.0,8.0,1.0,15.87460815047022,7.93730407523511,16.0,39.81191222570533,2532.0,307200.0,42184.2438725096,42208.2438725096,7.28233984537991,7.278199039218512
23,machine_replacement,structured,320,102400,10,9.0,10.0,1.0,20.401253918495296,10.200626959247648,20.0,50.60188087774295,3254.0,340165.4369164659,54218.902747234926,54252.1220281838,6.273926982666829,6.270085375457775
23,admission_control,structured,320,102400,2,1.0,2.0,1.0,2.006269592476489,1.0031347962382444,4.0,7.009404388714733,320.0,102400.0,5328.0339807279115,5330.0339807279115,19.21909664435177,19.21188502179407
23,admission_control,structured,320,102400,3,2.0,3.0,1.0,4.507836990595611,2.2539184952978055,6.0,12.761755485893415,719.0,162300.16007384637,11973.272450450911,11978.027337953075,13.555204790126878,13.549823814443043
23,admission_control,structured,320,102400,4,3.0,4.0,1.0,7.015673981191222,3.507836990595611,8.0,18.523510971786834,1119.0,204800.0,18636.475076357914,18644.475076357914,10.989202580471222,10.984487316550746
23,admission_control,structured,320,102400,5,4.0,5.0,1.0,9.517241379310345,4.758620689655173,10.0,24.275862068965516,1518.0,237765.4369164659,25283.94912083713,25295.558761311568,9.4038093408643,9.399493371939961
23,admission_control,structured,320,102400,8,7.0,8.0,1.0,17.04075235109718,8.52037617554859,16.0,41.561128526645774,2718.0,307200.0,45280.0011238077,45304.0011238077,6.784452128435964,6.7808580341607705
23,admission_control,structured,320,102400,10,9.0,10.0,1.0,22.05015673981191,11.025078369905955,20.0,53.075235109717866,3517.0,340165.4369164659,58596.23692514568,58629.45620609455,5.805243728381627,5.8019544940126115
23,resource_allocation,structured,320,102400,2,1.0,2.0,1.0,2.8025078369905954,1.4012539184952977,4.0,8.203761755485893,447.0,102400.0,7441.803716829301,7443.803716829301,13.76010492838276,13.756407865576744
23,resource_allocation,structured,320,102400,3,2.0,3.0,1.0,5.605015673981191,2.8025078369905954,6.0,14.407523510971785,894.0,162300.16007384637,14885.947283661488,14890.702171163652,10.902911113489145,10.899429604343718
23,resource_allocation,structured,320,102400,4,3.0,4.0,1.0,8.401253918495298,4.200626959247649,8.0,20.60188087774295,1340.0,204800.0,22314.76729429813,22322.76729429813,9.17777888063975,9.174489761953113
23,resource_allocation,structured,320,102400,5,4.0,5.0,1.0,11.197492163009404,5.598746081504702,10.0,26.796238244514107,1786.0,237765.4369164659,29744.502579696757,29756.112220171195,7.993592640502308,7.990473861544603
23,resource_allocation,structured,320,102400,8,7.0,8.0,1.0,19.586206896551722,9.793103448275861,16.0,45.37931034482759,3124.0,307200.0,52037.40673685624,52061.40673685624,5.903445603149574,5.900724149709184
23,resource_allocation,structured,320,102400,10,9.0,10.0,1.0,25.178683385579937,12.589341692789969,20.0,57.7680250783699,4016.0,340165.4369164659,66901.52116384327,66934.74044479214,5.0845695433948865,5.082046104250375
23,random_structured,structured,320,102400,2,1.0,2.0,1.0,2.470219435736677,1.2351097178683386,4.0,7.705329153605016,394.0,102400.0,6559.679338771241,6561.679338771241,15.610519159795022,15.605761073227896
23,random_structured,structured,320,102400,3,2.0,3.0,1.0,4.940438871473354,2.470219435736677,6.0,13.410658307210031,788.0,162300.16007384637,13121.698527545368,13126.453415047532,12.368837748645284,12.364357297592152
23,random_structured,structured,320,102400,4,3.0,4.0,1.0,7.460815047021943,3.7304075235109715,8.0,19.191222570532915,1190.0,204800.0,19818.188865831922,19826.188865831922,10.333941279220065,10.329771464698817
23,random_structured,structured,320,102400,5,4.0,5.0,1.0,9.981191222570532,4.990595611285266,10.0,24.971786833855795,1592.0,237765.4369164659,26515.59447888046,26527.204119354898,8.967003817540085,8.963079405077085
23,random_structured,structured,320,102400,8,7.0,8.0,1.0,17.5423197492163,8.77115987460815,16.0,42.313479623824456,2798.0,307200.0,46611.50961898968,46635.50961898968,6.590646870506973,6.587255130474872
23,random_structured,structured,320,102400,10,9.0,10.0,1.0,22.58307210031348,11.29153605015674,20.0,53.87460815047022,3602.0,340165.4369164659,60010.96470127653,60044.183982225404,5.668388078907687,5.6652520586700525
23,oscillatory_fragmented,unstructured,320,102400,2,1.0,13.0,6.5,11.203761755485893,5.601880877742946,20.5,37.30564263322884,1787.0,102400.0,29744.57101112743,29757.57101112743,3.4426450447610155,3.441141078406868
23,oscillatory_fragmented,unstructured,320,102400,3,2.0,23.0,7.666666666666667,22.25705329153605,11.128526645768025,32.666666666666664,66.05224660397073,3550.0,162300.16007384637,59092.02932370315,59128.48346121974,2.7465660247471666,2.7448727004861078
23,oscillatory_fragmented,unstructured,320,102400,4,3.0,34.0,8.5,34.05015673981191,17.025078369905955,45.5,96.57523510971787,5431.0,204800.0,90404.78296666652,90472.78296666652,2.2653668675418706,2.2636642013704367
23,oscillatory_fragmented,unstructured,320,102400,5,4.0,45.0,9.0,45.73040752351097,22.865203761755485,58.0,126.59561128526644,7294.0,237765.4369164659,121418.86247297593,121523.34923724586,1.95822487605157,1.9565411783729283
23,oscillatory_fragmented,unstructured,320,102400,8,7.0,78.0,9.75,81.0909090909091,40.54545454545455,94.75,216.38636363636363,12934.0,307200.0,215313.63595854628,215547.63595854628,1.4267558978900172,1.425207001848446
23,oscillatory_fragmented,unstructured,320,102400,10,9.0,99.0,9.9,104.62068965517241,52.310344827586206,117.9,274.83103448275864,16687.0,340165.4369164659,277795.8229444788,278124.6938258726,1.22451602515439,1.2230680858904082
24,inventory_threshold,structured,320,102400,2,1.0,2.0,1.0,2.70846394984326,1.35423197492163,4.0,8.06269592476489,432.0,102400.0,7192.14587398268,7194.14587398268,14.23775348751312,14.233795337723857
24,inventory_threshold,structured,320,102400,3,2.0,3.0,1.0,5.41692789968652,2.70846394984326,6.0,14.12539184952978,864.0,162300.16007384637,14386.631597968246,14391.38648547041,11.281317587694902,11.277590261209728
24,inventory_threshold,structured,320,102400,4,3.0,4.0,1.0,8.12539184952978,4.06269592476489,8.0,20.188087774294672,1296.0,204800.0,21582.43762194804,21590.43762194804,9.489196891815904,9.485680817873181
24,inventory_threshold,structured,320,102400,5,4.0,5.0,1.0,10.83385579937304,5.41692789968652,10.0,26.25078369905956,1728.0,237765.4369164659,28779.15892068982,28790.76856116426,8.26172292149693,8.258391449722765
24,inventory_threshold,structured,320,102400,8,7.0,8.0,1.0,18.95924764890282,9.47962382445141,16.0,44.438871473354226,3024.0,307200.0,50373.021117878765,50397.021117878765,6.0985025948933265,6.095598374385232
24,inventory_threshold,structured,320,102400,10,9.0,10.0,1.0,24.37617554858934,12.18808777429467,20.0,56.56426332288402,3888.0,340165.4369164659,64771.1075715521,64804.32685250098,5.251808247075101,5.249116122920394
24,machine_replacement,structured,320,102400,2,1.0,2.0,1.0,2.269592476489028,1.134796238244514,4.0,7.4043887147335425,362.0,102400.0,6027.07594069845,6029.07594069845,16.989996643070892,16.984360622954316
24,machine_replacement,structured,320,102400,3,2.0,3.0,1.0,4.539184952978056,2.269592476489028,6.0,12.808777429467085,724.0,162300.16007384637,12056.491731399785,12061.246618901949,13.46164072349121,13.45633376068237
24,machine_replacement,structured,320,102400,4,3.0,4.0,1.0,6.808777429467084,3.404388714733542,8.0,18.213166144200628,1086.0,204800.0,18087.22782209535,18095.22782209535,11.322907081969545,11.317901162312365
24,machine_replacement,structured,320,102400,5,4.0,5.0,1.0,9.078369905956112,4.539184952978056,10.0,23.61755485893417,1448.0,237765.4369164659,24118.8791875529,24130.488828027337,9.858063265193941,9.85332036209327
24,machine_replacement,structured,320,102400,8,7.0,8.0,1.0,15.87460815047022,7.93730407523511,16.0,39.81191222570533,2532.0,307200.0,42184.2438725096,42208.2438725096,7.28233984537991,7.278199039218512
24,machine_replacement,structured,320,102400,10,9.0,10.0,1.0,20.401253918495296,10.200626959247648,20.0,50.60188087774295,3254.0,340165.4369164659,54218.902747234926,54252.1220281838,6.273926982666829,6.270085375457775
24,admission_control,structured,320,102400,2,1.0,2.0,1.0,2.006269592476489,1.0031347962382444,4.0,7.009404388714733,320.0,102400.0,5328.0339807279115,5330.0339807279115,19.21909664435177,19.21188502179407
24,admission_control,structured,320,102400,3,2.0,3.0,1.0,4.507836990595611,2.2539184952978055,6.0,12.761755485893415,719.0,162300.16007384637,11973.272450450911,11978.027337953075,13.555204790126878,13.549823814443043
24,admission_control,structured,320,102400,4,3.0,4.0,1.0,7.015673981191222,3.507836990595611,8.0,18.523510971786834,1119.0,204800.0,18636.475076357914,18644.475076357914,10.989202580471222,10.984487316550746
24,admission_control,structured,320,102400,5,4.0,5.0,1.0,9.517241379310345,4.758620689655173,10.0,24.275862068965516,1518.0,237765.4369164659,25283.94912083713,25295.558761311568,9.4038093408643,9.399493371939961
24,admission_control,structured,320,102400,8,7.0,8.0,1.0,17.04075235109718,8.52037617554859,16.0,41.561128526645774,2718.0,307200.0,45280.0011238077,45304.0011238077,6.784452128435964,6.7808580341607705
24,admission_control,structured,320,102400,10,9.0,10.0,1.0,22.05015673981191,11.025078369905955,20.0,53.075235109717866,3517.0,340165.4369164659,58596.23692514568,58629.45620609455,5.805243728381627,5.8019544940126115
24,resource_allocation,structured,320,102400,2,1.0,2.0,1.0,2.8025078369905954,1.4012539184952977,4.0,8.203761755485893,447.0,102400.0,7441.803716829301,7443.803716829301,13.76010492838276,13.756407865576744
24,resource_allocation,structured,320,102400,3,2.0,3.0,1.0,5.605015673981191,2.8025078369905954,6.0,14.407523510971785,894.0,162300.16007384637,14885.947283661488,14890.702171163652,10.902911113489145,10.899429604343718
24,resource_allocation,structured,320,102400,4,3.0,4.0,1.0,8.401253918495298,4.200626959247649,8.0,20.60188087774295,1340.0,204800.0,22314.76729429813,22322.76729429813,9.17777888063975,9.174489761953113
24,resource_allocation,structured,320,102400,5,4.0,5.0,1.0,11.197492163009404,5.598746081504702,10.0,26.796238244514107,1786.0,237765.4369164659,29744.502579696757,29756.112220171195,7.993592640502308,7.990473861544603
24,resource_allocation,structured,320,102400,8,7.0,8.0,1.0,19.586206896551722,9.793103448275861,16.0,45.37931034482759,3124.0,307200.0,52037.40673685624,52061.40673685624,5.903445603149574,5.900724149709184
24,resource_allocation,structured,320,102400,10,9.0,10.0,1.0,25.178683385579937,12.589341692789969,20.0,57.7680250783699,4016.0,340165.4369164659,66901.52116384327,66934.74044479214,5.0845695433948865,5.082046104250375
24,random_structured,structured,320,102400,2,1.0,2.0,1.0,2.288401253918495,1.1442006269592475,4.0,7.432601880877743,365.0,102400.0,6077.007509267774,6079.007509267774,16.85039879312874,16.844854993826818
24,random_structured,structured,320,102400,3,2.0,3.0,1.0,4.57680250783699,2.288401253918495,6.0,12.865203761755486,730.0,162300.16007384637,12156.354868538434,12161.109756040598,13.351054804585498,13.34583465898164
24,random_structured,structured,320,102400,4,3.0,4.0,1.0,7.172413793103448,3.586206896551724,8.0,18.758620689655174,1144.0,204800.0,19052.571481102284,19060.571481102284,10.749205177009069,10.744693578733994
24,random_structured,structured,320,102400,5,4.0,5.0,1.0,9.755485893416928,4.877742946708464,10.0,24.63322884012539,1556.0,237765.4369164659,25916.415656048568,25928.025296523007,9.174317933158108,9.170210002392688
24,random_structured,structured,320,102400,8,7.0,8.0,1.0,17.529780564263323,8.764890282131661,16.0,42.29467084639498,2796.0,307200.0,46578.221906610124,46602.221906610124,6.595356959223123,6.5919603708085495
24,random_structured,structured,320,102400,10,9.0,10.0,1.0,22.721003134796238,11.360501567398119,20.0,54.08150470219435,3624.0,340165.4369164659,60377.12953745157,60410.348818400445,5.634011413302836,5.630913304921268
24,oscillatory_fragmented,unstructured,320,102400,2,1.0,13.0,6.5,11.203761755485893,5.601880877742946,20.5,37.30564263322884,1787.0,102400.0,29744.57101112743,29757.57101112743,3.4426450447610155,3.441141078406868
24,oscillatory_fragmented,unstructured,320,102400,3,2.0,23.0,7.666666666666667,22.25705329153605,11.128526645768025,32.666666666666664,66.05224660397073,3550.0,162300.16007384637,59092.02932370315,59128.48346121974,2.7465660247471666,2.7448727004861078
24,oscillatory_fragmented,unstructured,320,102400,4,3.0,34.0,8.5,34.05015673981191,17.025078369905955,45.5,96.57523510971787,5431.0,204800.0,90404.78296666652,90472.78296666652,2.2653668675418706,2.2636642013704367
24,oscillatory_fragmented,unstructured,320,102400,5,4.0,45.0,9.0,45.73040752351097,22.865203761755485,58.0,126.59561128526644,7294.0,237765.4369164659,121418.86247297593,121523.34923724586,1.95822487605157,1.9565411783729283
24,oscillatory_fragmented,unstructured,320,102400,8,7.0,78.0,9.75,81.0909090909091,40.54545454545455,94.75,216.38636363636363,12934.0,307200.0,215313.63595854628,215547.63595854628,1.4267558978900172,1.425207001848446
24,oscillatory_fragmented,unstructured,320,102400,10,9.0,99.0,9.9,104.62068965517241,52.310344827586206,117.9,274.83103448275864,16687.0,340165.4369164659,277795.8229444788,278124.6938258726,1.22451602515439,1.2230680858904082
25,inventory_threshold,structured,320,102400,2,1.0,2.0,1.0,2.70846394984326,1.35423197492163,4.0,8.06269592476489,432.0,102400.0,7192.14587398268,7194.14587398268,14.23775348751312,14.233795337723857
25,inventory_threshold,structured,320,102400,3,2.0,3.0,1.0,5.41692789968652,2.70846394984326,6.0,14.12539184952978,864.0,162300.16007384637,14386.631597968246,14391.38648547041,11.281317587694902,11.277590261209728
25,inventory_threshold,structured,320,102400,4,3.0,4.0,1.0,8.12539184952978,4.06269592476489,8.0,20.188087774294672,1296.0,204800.0,21582.43762194804,21590.43762194804,9.489196891815904,9.485680817873181
25,inventory_threshold,structured,320,102400,5,4.0,5.0,1.0,10.83385579937304,5.41692789968652,10.0,26.25078369905956,1728.0,237765.4369164659,28779.15892068982,28790.76856116426,8.26172292149693,8.258391449722765
25,inventory_threshold,structured,320,102400,8,7.0,8.0,1.0,18.95924764890282,9.47962382445141,16.0,44.438871473354226,3024.0,307200.0,50373.021117878765,50397.021117878765,6.0985025948933265,6.095598374385232
25,inventory_threshold,structured,320,102400,10,9.0,10.0,1.0,24.37617554858934,12.18808777429467,20.0,56.56426332288402,3888.0,340165.4369164659,64771.1075715521,64804.32685250098,5.251808247075101,5.249116122920394
25,machine_replacement,structured,320,102400,2,1.0,2.0,1.0,2.269592476489028,1.134796238244514,4.0,7.4043887147335425,362.0,102400.0,6027.07594069845,6029.07594069845,16.989996643070892,16.984360622954316
25,machine_replacement,structured,320,102400,3,2.0,3.0,1.0,4.539184952978056,2.269592476489028,6.0,12.808777429467085,724.0,162300.16007384637,12056.491731399785,12061.246618901949,13.46164072349121,13.45633376068237
25,machine_replacement,structured,320,102400,4,3.0,4.0,1.0,6.808777429467084,3.404388714733542,8.0,18.213166144200628,1086.0,204800.0,18087.22782209535,18095.22782209535,11.322907081969545,11.317901162312365
25,machine_replacement,structured,320,102400,5,4.0,5.0,1.0,9.078369905956112,4.539184952978056,10.0,23.61755485893417,1448.0,237765.4369164659,24118.8791875529,24130.488828027337,9.858063265193941,9.85332036209327
25,machine_replacement,structured,320,102400,8,7.0,8.0,1.0,15.87460815047022,7.93730407523511,16.0,39.81191222570533,2532.0,307200.0,42184.2438725096,42208.2438725096,7.28233984537991,7.278199039218512
25,machine_replacement,structured,320,102400,10,9.0,10.0,1.0,20.401253918495296,10.200626959247648,20.0,50.60188087774295,3254.0,340165.4369164659,54218.902747234926,54252.1220281838,6.273926982666829,6.270085375457775
25,admission_control,structured,320,102400,2,1.0,2.0,1.0,2.006269592476489,1.0031347962382444,4.0,7.009404388714733,320.0,102400.0,5328.0339807279115,5330.0339807279115,19.21909664435177,19.21188502179407
25,admission_control,structured,320,102400,3,2.0,3.0,1.0,4.507836990595611,2.2539184952978055,6.0,12.761755485893415,719.0,162300.16007384637,11973.272450450911,11978.027337953075,13.555204790126878,13.549823814443043
25,admission_control,structured,320,102400,4,3.0,4.0,1.0,7.015673981191222,3.507836990595611,8.0,18.523510971786834,1119.0,204800.0,18636.475076357914,18644.475076357914,10.989202580471222,10.984487316550746
25,admission_control,structured,320,102400,5,4.0,5.0,1.0,9.517241379310345,4.758620689655173,10.0,24.275862068965516,1518.0,237765.4369164659,25283.94912083713,25295.558761311568,9.4038093408643,9.399493371939961
25,admission_control,structured,320,102400,8,7.0,8.0,1.0,17.04075235109718,8.52037617554859,16.0,41.561128526645774,2718.0,307200.0,45280.0011238077,45304.0011238077,6.784452128435964,6.7808580341607705
25,admission_control,structured,320,102400,10,9.0,10.0,1.0,22.05015673981191,11.025078369905955,20.0,53.075235109717866,3517.0,340165.4369164659,58596.23692514568,58629.45620609455,5.805243728381627,5.8019544940126115
25,resource_allocation,structured,320,102400,2,1.0,2.0,1.0,2.8025078369905954,1.4012539184952977,4.0,8.203761755485893,447.0,102400.0,7441.803716829301,7443.803716829301,13.76010492838276,13.756407865576744
25,resource_allocation,structured,320,102400,3,2.0,3.0,1.0,5.605015673981191,2.8025078369905954,6.0,14.407523510971785,894.0,162300.16007384637,14885.947283661488,14890.702171163652,10.902911113489145,10.899429604343718
25,resource_allocation,structured,320,102400,4,3.0,4.0,1.0,8.401253918495298,4.200626959247649,8.0,20.60188087774295,1340.0,204800.0,22314.76729429813,22322.76729429813,9.17777888063975,9.174489761953113
25,resource_allocation,structured,320,102400,5,4.0,5.0,1.0,11.197492163009404,5.598746081504702,10.0,26.796238244514107,1786.0,237765.4369164659,29744.502579696757,29756.112220171195,7.993592640502308,7.990473861544603
25,resource_allocation,structured,320,102400,8,7.0,8.0,1.0,19.586206896551722,9.793103448275861,16.0,45.37931034482759,3124.0,307200.0,52037.40673685624,52061.40673685624,5.903445603149574,5.900724149709184
25,resource_allocation,structured,320,102400,10,9.0,10.0,1.0,25.178683385579937,12.589341692789969,20.0,57.7680250783699,4016.0,340165.4369164659,66901.52116384327,66934.74044479214,5.0845695433948865,5.082046104250375
25,random_structured,structured,320,102400,2,1.0,2.0,1.0,2.426332288401254,1.213166144200627,4.0,7.63949843260188,387.0,102400.0,6443.172345442818,6445.172345442818,15.892792324952527,15.887860636093597
25,random_structured,structured,320,102400,3,2.0,3.0,1.0,4.852664576802508,2.426332288401254,6.0,13.27899686520376,774.0,162300.16007384637,12888.684540888522,12893.439428390686,12.592453446971998,12.587809558128441
25,random_structured,structured,320,102400,4,3.0,4.0,1.0,7.2727272727272725,3.6363636363636362,8.0,18.90909090909091,1160.0,204800.0,19318.87318013868,19326.87318013868,10.601032373386586,10.596644273035503
25,random_structured,structured,320,102400,5,4.0,5.0,1.0,9.705329153605016,4.852664576802508,10.0,24.55799373040752,1548.0,237765.4369164659,25783.264806530373,25794.87444700481,9.221696270840177,9.217545811473185
25,random_structured,structured,320,102400,8,7.0,8.0,1.0,16.978056426332287,8.489028213166144,16.0,41.46708463949843,2708.0,307200.0,45113.56256190995,45137.56256190995,6.8094821724270895,6.805861516750034
25,random_structured,structured,320,102400,10,9.0,10.0,1.0,21.818181818181817,10.909090909090908,20.0,52.72727272727272,3480.0,340165.4369164659,57980.41424612401,58013.63352707289,5.86690249352963,5.863543036960834
25,oscillatory_fragmented,unstructured,320,102400,2,1.0,13.0,6.5,11.203761755485893,5.601880877742946,20.5,37.30564263322884,1787.0,102400.0,29744.57101112743,29757.57101112743,3.4426450447610155,3.441141078406868
25,oscillatory_fragmented,unstructured,320,102400,3,2.0,23.0,7.666666666666667,22.25705329153605,11.128526645768025,32.666666666666664,66.05224660397073,3550.0,162300.16007384637,59092.02932370315,59128.48346121974,2.7465660247471666,2.7448727004861078
25,oscillatory_fragmented,unstructured,320,102400,4,3.0,34.0,8.5,34.05015673981191,17.025078369905955,45.5,96.57523510971787,5431.0,204800.0,90404.78296666652,90472.78296666652,2.2653668675418706,2.2636642013704367
25,oscillatory_fragmented,unstructured,320,102400,5,4.0,45.0,9.0,45.73040752351097,22.865203761755485,58.0,126.59561128526644,7294.0,237765.4369164659,121418.86247297593,121523.34923724586,1.95822487605157,1.9565411783729283
25,oscillatory_fragmented,unstructured,320,102400,8,7.0,78.0,9.75,81.0909090909091,40.54545454545455,94.75,216.38636363636363,12934.0,307200.0,215313.63595854628,215547.63595854628,1.4267558978900172,1.425207001848446
25,oscillatory_fragmented,unstructured,320,102400,10,9.0,99.0,9.9,104.62068965517241,52.310344827586206,117.9,274.83103448275864,16687.0,340165.4369164659,277795.8229444788,278124.6938258726,1.22451602515439,1.2230680858904082
26,inventory_threshold,structured,320,102400,2,1.0,2.0,1.0,2.70846394984326,1.35423197492163,4.0,8.06269592476489,432.0,102400.0,7192.14587398268,7194.14587398268,14.23775348751312,14.233795337723857
26,inventory_threshold,structured,320,102400,3,2.0,3.0,1.0,5.41692789968652,2.70846394984326,6.0,14.12539184952978,864.0,162300.16007384637,14386.631597968246,14391.38648547041,11.281317587694902,11.277590261209728
26,inventory_threshold,structured,320,102400,4,3.0,4.0,1.0,8.12539184952978,4.06269592476489,8.0,20.188087774294672,1296.0,204800.0,21582.43762194804,21590.43762194804,9.489196891815904,9.485680817873181
26,inventory_threshold,structured,320,102400,5,4.0,5.0,1.0,10.83385579937304,5.41692789968652,10.0,26.25078369905956,1728.0,237765.4369164659,28779.15892068982,28790.76856116426,8.26172292149693,8.258391449722765
26,inventory_threshold,structured,320,102400,8,7.0,8.0,1.0,18.95924764890282,9.47962382445141,16.0,44.438871473354226,3024.0,307200.0,50373.021117878765,50397.021117878765,6.0985025948933265,6.095598374385232
26,inventory_threshold,structured,320,102400,10,9.0,10.0,1.0,24.37617554858934,12.18808777429467,20.0,56.56426332288402,3888.0,340165.4369164659,64771.1075715521,64804.32685250098,5.251808247075101,5.249116122920394
26,machine_replacement,structured,320,102400,2,1.0,2.0,1.0,2.269592476489028,1.134796238244514,4.0,7.4043887147335425,362.0,102400.0,6027.07594069845,6029.07594069845,16.989996643070892,16.984360622954316
26,machine_replacement,structured,320,102400,3,2.0,3.0,1.0,4.539184952978056,2.269592476489028,6.0,12.808777429467085,724.0,162300.16007384637,12056.491731399785,12061.246618901949,13.46164072349121,13.45633376068237
26,machine_replacement,structured,320,102400,4,3.0,4.0,1.0,6.808777429467084,3.404388714733542,8.0,18.213166144200628,1086.0,204800.0,18087.22782209535,18095.22782209535,11.322907081969545,11.317901162312365
26,machine_replacement,structured,320,102400,5,4.0,5.0,1.0,9.078369905956112,4.539184952978056,10.0,23.61755485893417,1448.0,237765.4369164659,24118.8791875529,24130.488828027337,9.858063265193941,9.85332036209327
26,machine_replacement,structured,320,102400,8,7.0,8.0,1.0,15.87460815047022,7.93730407523511,16.0,39.81191222570533,2532.0,307200.0,42184.2438725096,42208.2438725096,7.28233984537991,7.278199039218512
26,machine_replacement,structured,320,102400,10,9.0,10.0,1.0,20.401253918495296,10.200626959247648,20.0,50.60188087774295,3254.0,340165.4369164659,54218.902747234926,54252.1220281838,6.273926982666829,6.270085375457775
26,admission_control,structured,320,102400,2,1.0,2.0,1.0,2.006269592476489,1.0031347962382444,4.0,7.009404388714733,320.0,102400.0,5328.0339807279115,5330.0339807279115,19.21909664435177,19.21188502179407
26,admission_control,structured,320,102400,3,2.0,3.0,1.0,4.507836990595611,2.2539184952978055,6.0,12.761755485893415,719.0,162300.16007384637,11973.272450450911,11978.027337953075,13.555204790126878,13.549823814443043
26,admission_control,structured,320,102400,4,3.0,4.0,1.0,7.015673981191222,3.507836990595611,8.0,18.523510971786834,1119.0,204800.0,18636.475076357914,18644.475076357914,10.989202580471222,10.984487316550746
26,admission_control,structured,320,102400,5,4.0,5.0,1.0,9.517241379310345,4.758620689655173,10.0,24.275862068965516,1518.0,237765.4369164659,25283.94912083713,25295.558761311568,9.4038093408643,9.399493371939961
26,admission_control,structured,320,102400,8,7.0,8.0,1.0,17.04075235109718,8.52037617554859,16.0,41.561128526645774,2718.0,307200.0,45280.0011238077,45304.0011238077,6.784452128435964,6.7808580341607705
26,admission_control,structured,320,102400,10,9.0,10.0,1.0,22.05015673981191,11.025078369905955,20.0,53.075235109717866,3517.0,340165.4369164659,58596.23692514568,58629.45620609455,5.805243728381627,5.8019544940126115
26,resource_allocation,structured,320,102400,2,1.0,2.0,1.0,2.8025078369905954,1.4012539184952977,4.0,8.203761755485893,447.0,102400.0,7441.803716829301,7443.803716829301,13.76010492838276,13.756407865576744
26,resource_allocation,structured,320,102400,3,2.0,3.0,1.0,5.605015673981191,2.8025078369905954,6.0,14.407523510971785,894.0,162300.16007384637,14885.947283661488,14890.702171163652,10.902911113489145,10.899429604343718
26,resource_allocation,structured,320,102400,4,3.0,4.0,1.0,8.401253918495298,4.200626959247649,8.0,20.60188087774295,1340.0,204800.0,22314.76729429813,22322.76729429813,9.17777888063975,9.174489761953113
26,resource_allocation,structured,320,102400,5,4.0,5.0,1.0,11.197492163009404,5.598746081504702,10.0,26.796238244514107,1786.0,237765.4369164659,29744.502579696757,29756.112220171195,7.993592640502308,7.990473861544603
26,resource_allocation,structured,320,102400,8,7.0,8.0,1.0,19.586206896551722,9.793103448275861,16.0,45.37931034482759,3124.0,307200.0,52037.40673685624,52061.40673685624,5.903445603149574,5.900724149709184
26,resource_allocation,structured,320,102400,10,9.0,10.0,1.0,25.178683385579937,12.589341692789969,20.0,57.7680250783699,4016.0,340165.4369164659,66901.52116384327,66934.74044479214,5.0845695433948865,5.082046104250375
26,random_structured,structured,320,102400,2,1.0,2.0,1.0,1.799373040752351,0.8996865203761755,4.0,6.699059561128527,287.0,102400.0,4778.786726465346,4780.786726465346,21.42803306807975,21.419068839263826
26,random_structured,structured,320,102400,3,2.0,3.0,1.0,3.598746081504702,1.799373040752351,6.0,11.398119122257054,574.0,162300.16007384637,9559.913302933577,9564.668190435741,16.97715815310193,16.968718291361075
26,random_structured,structured,320,102400,4,3.0,4.0,1.0,6.620689655172414,3.310344827586207,8.0,17.93103448275862,1056.0,204800.0,17587.91213640211,17595.91213640211,11.64436110504104,11.639066983990755
26,random_structured,structured,320,102400,5,4.0,5.0,1.0,9.642633228840126,4.821316614420063,10.0,24.46394984326019,1538.0,237765.4369164659,25616.826244632623,25628.43588510706,9.281611806469735,9.277407251163297
26,random_structured,structured,320,102400,8,7.0,8.0,1.0,18.0564263322884,9.0282131661442,16.0,43.084639498432594,2880.0,307200.0,47976.3058265512,48000.3058265512,6.403160783379624,6.39995922338631
26,random_structured,structured,320,102400,10,9.0,10.0,1.0,23.648902821316614,11.824451410658307,20.0,55.473354231974916,3772.0,340165.4369164659,62840.42025353823,62873.639534487105,5.413162985607387,5.410302941503493
26,oscillatory_fragmented,unstructured,320,102400,2,1.0,13.0,6.5,11.203761755485893,5.601880877742946,20.5,37.30564263322884,1787.0,102400.0,29744.57101112743,29757.57101112743,3.4426450447610155,3.441141078406868
26,oscillatory_fragmented,unstructured,320,102400,3,2.0,23.0,7.666666666666667,22.25705329153605,11.128526645768025,32.666666666666664,66.05224660397073,3550.0,162300.16007384637,59092.02932370315,59128.48346121974,2.7465660247471666,2.7448727004861078
26,oscillatory_fragmented,unstructured,320,102400,4,3.0,34.0,8.5,34.05015673981191,17.025078369905955,45.5,96.57523510971787,5431.0,204800.0,90404.78296666652,90472.78296666652,2.2653668675418706,2.2636642013704367
26,oscillatory_fragmented,unstructured,320,102400,5,4.0,45.0,9.0,45.73040752351097,22.865203761755485,58.0,126.59561128526644,7294.0,237765.4369164659,121418.86247297593,121523.34923724586,1.95822487605157,1.9565411783729283
26,oscillatory_fragmented,unstructured,320,102400,8,7.0,78.0,9.75,81.0909090909091,40.54545454545455,94.75,216.38636363636363,12934.0,307200.0,215313.63595854628,215547.63595854628,1.4267558978900172,1.425207001848446
26,oscillatory_fragmented,unstructured,320,102400,10,9.0,99.0,9.9,104.62068965517241,52.310344827586206,117.9,274.83103448275864,16687.0,340165.4369164659,277795.8229444788,278124.6938258726,1.22451602515439,1.2230680858904082
27,inventory_threshold,structured,320,102400,2,1.0,2.0,1.0,2.70846394984326,1.35423197492163,4.0,8.06269592476489,432.0,102400.0,7192.14587398268,7194.14587398268,14.23775348751312,14.233795337723857
27,inventory_threshold,structured,320,102400,3,2.0,3.0,1.0,5.41692789968652,2.70846394984326,6.0,14.12539184952978,864.0,162300.16007384637,14386.631597968246,14391.38648547041,11.281317587694902,11.277590261209728
27,inventory_threshold,structured,320,102400,4,3.0,4.0,1.0,8.12539184952978,4.06269592476489,8.0,20.188087774294672,1296.0,204800.0,21582.43762194804,21590.43762194804,9.489196891815904,9.485680817873181
27,inventory_threshold,structured,320,102400,5,4.0,5.0,1.0,10.83385579937304,5.41692789968652,10.0,26.25078369905956,1728.0,237765.4369164659,28779.15892068982,28790.76856116426,8.26172292149693,8.258391449722765
27,inventory_threshold,structured,320,102400,8,7.0,8.0,1.0,18.95924764890282,9.47962382445141,16.0,44.438871473354226,3024.0,307200.0,50373.021117878765,50397.021117878765,6.0985025948933265,6.095598374385232
27,inventory_threshold,structured,320,102400,10,9.0,10.0,1.0,24.37617554858934,12.18808777429467,20.0,56.56426332288402,3888.0,340165.4369164659,64771.1075715521,64804.32685250098,5.251808247075101,5.249116122920394
27,machine_replacement,structured,320,102400,2,1.0,2.0,1.0,2.269592476489028,1.134796238244514,4.0,7.4043887147335425,362.0,102400.0,6027.07594069845,6029.07594069845,16.989996643070892,16.984360622954316
27,machine_replacement,structured,320,102400,3,2.0,3.0,1.0,4.539184952978056,2.269592476489028,6.0,12.808777429467085,724.0,162300.16007384637,12056.491731399785,12061.246618901949,13.46164072349121,13.45633376068237
27,machine_replacement,structured,320,102400,4,3.0,4.0,1.0,6.808777429467084,3.404388714733542,8.0,18.213166144200628,1086.0,204800.0,18087.22782209535,18095.22782209535,11.322907081969545,11.317901162312365
27,machine_replacement,structured,320,102400,5,4.0,5.0,1.0,9.078369905956112,4.539184952978056,10.0,23.61755485893417,1448.0,237765.4369164659,24118.8791875529,24130.488828027337,9.858063265193941,9.85332036209327
27,machine_replacement,structured,320,102400,8,7.0,8.0,1.0,15.87460815047022,7.93730407523511,16.0,39.81191222570533,2532.0,307200.0,42184.2438725096,42208.2438725096,7.28233984537991,7.278199039218512
27,machine_replacement,structured,320,102400,10,9.0,10.0,1.0,20.401253918495296,10.200626959247648,20.0,50.60188087774295,3254.0,340165.4369164659,54218.902747234926,54252.1220281838,6.273926982666829,6.270085375457775
27,admission_control,structured,320,102400,2,1.0,2.0,1.0,2.006269592476489,1.0031347962382444,4.0,7.009404388714733,320.0,102400.0,5328.0339807279115,5330.0339807279115,19.21909664435177,19.21188502179407
27,admission_control,structured,320,102400,3,2.0,3.0,1.0,4.507836990595611,2.2539184952978055,6.0,12.761755485893415,719.0,162300.16007384637,11973.272450450911,11978.027337953075,13.555204790126878,13.549823814443043
27,admission_control,structured,320,102400,4,3.0,4.0,1.0,7.015673981191222,3.507836990595611,8.0,18.523510971786834,1119.0,204800.0,18636.475076357914,18644.475076357914,10.989202580471222,10.984487316550746
27,admission_control,structured,320,102400,5,4.0,5.0,1.0,9.517241379310345,4.758620689655173,10.0,24.275862068965516,1518.0,237765.4369164659,25283.94912083713,25295.558761311568,9.4038093408643,9.399493371939961
27,admission_control,structured,320,102400,8,7.0,8.0,1.0,17.04075235109718,8.52037617554859,16.0,41.561128526645774,2718.0,307200.0,45280.0011238077,45304.0011238077,6.784452128435964,6.7808580341607705
27,admission_control,structured,320,102400,10,9.0,10.0,1.0,22.05015673981191,11.025078369905955,20.0,53.075235109717866,3517.0,340165.4369164659,58596.23692514568,58629.45620609455,5.805243728381627,5.8019544940126115
27,resource_allocation,structured,320,102400,2,1.0,2.0,1.0,2.8025078369905954,1.4012539184952977,4.0,8.203761755485893,447.0,102400.0,7441.803716829301,7443.803716829301,13.76010492838276,13.756407865576744
27,resource_allocation,structured,320,102400,3,2.0,3.0,1.0,5.605015673981191,2.8025078369905954,6.0,14.407523510971785,894.0,162300.16007384637,14885.947283661488,14890.702171163652,10.902911113489145,10.899429604343718
27,resource_allocation,structured,320,102400,4,3.0,4.0,1.0,8.401253918495298,4.200626959247649,8.0,20.60188087774295,1340.0,204800.0,22314.76729429813,22322.76729429813,9.17777888063975,9.174489761953113
27,resource_allocation,structured,320,102400,5,4.0,5.0,1.0,11.197492163009404,5.598746081504702,10.0,26.796238244514107,1786.0,237765.4369164659,29744.502579696757,29756.112220171195,7.993592640502308,7.990473861544603
27,resource_allocation,structured,320,102400,8,7.0,8.0,1.0,19.586206896551722,9.793103448275861,16.0,45.37931034482759,3124.0,307200.0,52037.40673685624,52061.40673685624,5.903445603149574,5.900724149709184
27,resource_allocation,structured,320,102400,10,9.0,10.0,1.0,25.178683385579937,12.589341692789969,20.0,57.7680250783699,4016.0,340165.4369164659,66901.52116384327,66934.74044479214,5.0845695433948865,5.082046104250375
27,random_structured,structured,320,102400,2,1.0,2.0,1.0,2.018808777429467,1.0094043887147335,4.0,7.0282131661442,322.0,102400.0,5361.321693107461,5363.321693107461,19.099767904553442,19.092645539348645
27,random_structured,structured,320,102400,3,2.0,3.0,1.0,4.037617554858934,2.018808777429467,6.0,12.0564263322884,644.0,162300.16007384637,10724.983236217808,10729.738123719972,15.132905711755866,15.126199558873981
27,random_structured,structured,320,102400,4,3.0,4.0,1.0,6.7962382445141065,3.3981191222570533,8.0,18.19435736677116,1084.0,204800.0,18053.9401097158,18061.9401097158,11.34378416874143,11.338759776411553
27,random_structured,structured,320,102400,5,4.0,5.0,1.0,9.554858934169278,4.777429467084639,10.0,24.33228840125392,1524.0,237765.4369164659,25383.812257975776,25395.421898450215,9.366813562125929,9.362531477808439
27,random_structured,structured,320,102400,8,7.0,8.0,1.0,17.830721003134794,8.915360501567397,16.0,42.7460815047022,2844.0,307200.0,47377.12700371932,47401.12700371932,6.4841415980307,6.480858566419647
27,random_structured,structured,320,102400,10,9.0,10.0,1.0,23.34796238244514,11.67398119122257,20.0,55.02194357366771,3724.0,340165.4369164659,62041.51515642904,62074.73443737792,5.482867980557633,5.479933824922453
27,oscillatory_fragmented,unstructured,320,102400,2,1.0,13.0,6.5,11.203761755485893,5.601880877742946,20.5,37.30564263322884,1787.0,102400.0,29744.57101112743,29757.57101112743,3.4426450447610155,3.441141078406868
27,oscillatory_fragmented,unstructured,320,102400,3,2.0,23.0,7.666666666666667,22.25705329153605,11.128526645768025,32.666666666666664,66.05224660397073,3550.0,162300.16007384637,59092.02932370315,59128.48346121974,2.7465660247471666,2.7448727004861078
27,oscillatory_fragmented,unstructured,320,102400,4,3.0,34.0,8.5,34.05015673981191,17.025078369905955,45.5,96.57523510971787,5431.0,204800.0,90404.78296666652,90472.78296666652,2.2653668675418706,2.2636642013704367
27,oscillatory_fragmented,unstructured,320,102400,5,4.0,45.0,9.0,45.73040752351097,22.865203761755485,58.0,126.59561128526644,7294.0,237765.4369164659,121418.86247297593,121523.34923724586,1.95822487605157,1.9565411783729283
27,oscillatory_fragmented,unstructured,320,102400,8,7.0,78.0,9.75,81.0909090909091,40.54545454545455,94.75,216.38636363636363,12934.0,307200.0,215313.63595854628,215547.63595854628,1.4267558978900172,1.425207001848446
27,oscillatory_fragmented,unstructured,320,102400,10,9.0,99.0,9.9,104.62068965517241,52.310344827586206,117.9,274.83103448275864,16687.0,340165.4369164659,277795.8229444788,278124.6938258726,1.22451602515439,1.2230680858904082
28,inventory_threshold,structured,320,102400,2,1.0,2.0,1.0,2.70846394984326,1.35423197492163,4.0,8.06269592476489,432.0,102400.0,7192.14587398268,7194.14587398268,14.23775348751312,14.233795337723857
28,inventory_threshold,structured,320,102400,3,2.0,3.0,1.0,5.41692789968652,2.70846394984326,6.0,14.12539184952978,864.0,162300.16007384637,14386.631597968246,14391.38648547041,11.281317587694902,11.277590261209728
28,inventory_threshold,structured,320,102400,4,3.0,4.0,1.0,8.12539184952978,4.06269592476489,8.0,20.188087774294672,1296.0,204800.0,21582.43762194804,21590.43762194804,9.489196891815904,9.485680817873181
28,inventory_threshold,structured,320,102400,5,4.0,5.0,1.0,10.83385579937304,5.41692789968652,10.0,26.25078369905956,1728.0,237765.4369164659,28779.15892068982,28790.76856116426,8.26172292149693,8.258391449722765
28,inventory_threshold,structured,320,102400,8,7.0,8.0,1.0,18.95924764890282,9.47962382445141,16.0,44.438871473354226,3024.0,307200.0,50373.021117878765,50397.021117878765,6.0985025948933265,6.095598374385232
28,inventory_threshold,structured,320,102400,10,9.0,10.0,1.0,24.37617554858934,12.18808777429467,20.0,56.56426332288402,3888.0,340165.4369164659,64771.1075715521,64804.32685250098,5.251808247075101,5.249116122920394
28,machine_replacement,structured,320,102400,2,1.0,2.0,1.0,2.269592476489028,1.134796238244514,4.0,7.4043887147335425,362.0,102400.0,6027.07594069845,6029.07594069845,16.989996643070892,16.984360622954316
28,machine_replacement,structured,320,102400,3,2.0,3.0,1.0,4.539184952978056,2.269592476489028,6.0,12.808777429467085,724.0,162300.16007384637,12056.491731399785,12061.246618901949,13.46164072349121,13.45633376068237
28,machine_replacement,structured,320,102400,4,3.0,4.0,1.0,6.808777429467084,3.404388714733542,8.0,18.213166144200628,1086.0,204800.0,18087.22782209535,18095.22782209535,11.322907081969545,11.317901162312365
28,machine_replacement,structured,320,102400,5,4.0,5.0,1.0,9.078369905956112,4.539184952978056,10.0,23.61755485893417,1448.0,237765.4369164659,24118.8791875529,24130.488828027337,9.858063265193941,9.85332036209327
28,machine_replacement,structured,320,102400,8,7.0,8.0,1.0,15.87460815047022,7.93730407523511,16.0,39.81191222570533,2532.0,307200.0,42184.2438725096,42208.2438725096,7.28233984537991,7.278199039218512
28,machine_replacement,structured,320,102400,10,9.0,10.0,1.0,20.401253918495296,10.200626959247648,20.0,50.60188087774295,3254.0,340165.4369164659,54218.902747234926,54252.1220281838,6.273926982666829,6.270085375457775
28,admission_control,structured,320,102400,2,1.0,2.0,1.0,2.006269592476489,1.0031347962382444,4.0,7.009404388714733,320.0,102400.0,5328.0339807279115,5330.0339807279115,19.21909664435177,19.21188502179407
28,admission_control,structured,320,102400,3,2.0,3.0,1.0,4.507836990595611,2.2539184952978055,6.0,12.761755485893415,719.0,162300.16007384637,11973.272450450911,11978.027337953075,13.555204790126878,13.549823814443043
28,admission_control,structured,320,102400,4,3.0,4.0,1.0,7.015673981191222,3.507836990595611,8.0,18.523510971786834,1119.0,204800.0,18636.475076357914,18644.475076357914,10.989202580471222,10.984487316550746
28,admission_control,structured,320,102400,5,4.0,5.0,1.0,9.517241379310345,4.758620689655173,10.0,24.275862068965516,1518.0,237765.4369164659,25283.94912083713,25295.558761311568,9.4038093408643,9.399493371939961
28,admission_control,structured,320,102400,8,7.0,8.0,1.0,17.04075235109718,8.52037617554859,16.0,41.561128526645774,2718.0,307200.0,45280.0011238077,45304.0011238077,6.784452128435964,6.7808580341607705
28,admission_control,structured,320,102400,10,9.0,10.0,1.0,22.05015673981191,11.025078369905955,20.0,53.075235109717866,3517.0,340165.4369164659,58596.23692514568,58629.45620609455,5.805243728381627,5.8019544940126115
28,resource_allocation,structured,320,102400,2,1.0,2.0,1.0,2.8025078369905954,1.4012539184952977,4.0,8.203761755485893,447.0,102400.0,7441.803716829301,7443.803716829301,13.76010492838276,13.756407865576744
28,resource_allocation,structured,320,102400,3,2.0,3.0,1.0,5.605015673981191,2.8025078369905954,6.0,14.407523510971785,894.0,162300.16007384637,14885.947283661488,14890.702171163652,10.902911113489145,10.899429604343718
28,resource_allocation,structured,320,102400,4,3.0,4.0,1.0,8.401253918495298,4.200626959247649,8.0,20.60188087774295,1340.0,204800.0,22314.76729429813,22322.76729429813,9.17777888063975,9.174489761953113
28,resource_allocation,structured,320,102400,5,4.0,5.0,1.0,11.197492163009404,5.598746081504702,10.0,26.796238244514107,1786.0,237765.4369164659,29744.502579696757,29756.112220171195,7.993592640502308,7.990473861544603
28,resource_allocation,structured,320,102400,8,7.0,8.0,1.0,19.586206896551722,9.793103448275861,16.0,45.37931034482759,3124.0,307200.0,52037.40673685624,52061.40673685624,5.903445603149574,5.900724149709184
28,resource_allocation,structured,320,102400,10,9.0,10.0,1.0,25.178683385579937,12.589341692789969,20.0,57.7680250783699,4016.0,340165.4369164659,66901.52116384327,66934.74044479214,5.0845695433948865,5.082046104250375
28,random_structured,structured,320,102400,2,1.0,2.0,1.0,2.2131661442006267,1.1065830721003134,4.0,7.31974921630094,353.0,102400.0,5877.281234990477,5879.281234990477,17.423021956199772,17.417095033754727
28,random_structured,structured,320,102400,3,2.0,3.0,1.0,4.4263322884012535,2.2131661442006267,6.0,12.63949843260188,706.0,162300.16007384637,11756.90231998384,11761.657207486003,13.804670282747528,13.799089465942465
28,random_structured,structured,320,102400,4,3.0,4.0,1.0,7.059561128526646,3.529780564263323,8.0,18.58934169278997,1126.0,204800.0,18752.98206968634,18760.98206968634,10.920929761408633,10.91627289228703
28,random_structured,structured,320,102400,5,4.0,5.0,1.0,9.692789968652038,4.846394984326019,10.0,24.539184952978054,1546.0,237765.4369164659,25749.97709415082,25761.58673462526,9.233617414381117,9.229456219670412
28,random_structured,structured,320,102400,8,7.0,8.0,1.0,17.579937304075234,8.789968652037617,16.0,42.369905956112845,2804.0,307200.0,46711.37275612832,46735.37275612832,6.5765568827068295,6.573179625698341
28,random_structured,structured,320,102400,10,9.0,10.0,1.0,22.83385579937304,11.41692789968652,20.0,54.25078369905956,3642.0,340165.4369164659,60676.718948867514,60709.93822981639,5.606193657292585,5.6031260586821166
28,oscillatory_fragmented,unstructured,320,102400,2,1.0,13.0,6.5,11.203761755485893,5.601880877742946,20.5,37.30564263322884,1787.0,102400.0,29744.57101112743,29757.57101112743,3.4426450447610155,3.441141078406868
28,oscillatory_fragmented,unstructured,320,102400,3,2.0,23.0,7.666666666666667,22.25705329153605,11.128526645768025,32.666666666666664,66.05224660397073,3550.0,162300.16007384637,59092.02932370315,59128.48346121974,2.7465660247471666,2.7448727004861078
28,oscillatory_fragmented,unstructured,320,102400,4,3.0,34.0,8.5,34.05015673981191,17.025078369905955,45.5,96.57523510971787,5431.0,204800.0,90404.78296666652,90472.78296666652,2.2653668675418706,2.2636642013704367
28,oscillatory_fragmented,unstructured,320,102400,5,4.0,45.0,9.0,45.73040752351097,22.865203761755485,58.0,126.59561128526644,7294.0,237765.4369164659,121418.86247297593,121523.34923724586,1.95822487605157,1.9565411783729283
28,oscillatory_fragmented,unstructured,320,102400,8,7.0,78.0,9.75,81.0909090909091,40.54545454545455,94.75,216.38636363636363,12934.0,307200.0,215313.63595854628,215547.63595854628,1.4267558978900172,1.425207001848446
28,oscillatory_fragmented,unstructured,320,102400,10,9.0,99.0,9.9,104.62068965517241,52.310344827586206,117.9,274.83103448275864,16687.0,340165.4369164659,277795.8229444788,278124.6938258726,1.22451602515439,1.2230680858904082
29,inventory_threshold,structured,320,102400,2,1.0,2.0,1.0,2.70846394984326,1.35423197492163,4.0,8.06269592476489,432.0,102400.0,7192.14587398268,7194.14587398268,14.23775348751312,14.233795337723857
29,inventory_threshold,structured,320,102400,3,2.0,3.0,1.0,5.41692789968652,2.70846394984326,6.0,14.12539184952978,864.0,162300.16007384637,14386.631597968246,14391.38648547041,11.281317587694902,11.277590261209728
29,inventory_threshold,structured,320,102400,4,3.0,4.0,1.0,8.12539184952978,4.06269592476489,8.0,20.188087774294672,1296.0,204800.0,21582.43762194804,21590.43762194804,9.489196891815904,9.485680817873181
29,inventory_threshold,structured,320,102400,5,4.0,5.0,1.0,10.83385579937304,5.41692789968652,10.0,26.25078369905956,1728.0,237765.4369164659,28779.15892068982,28790.76856116426,8.26172292149693,8.258391449722765
29,inventory_threshold,structured,320,102400,8,7.0,8.0,1.0,18.95924764890282,9.47962382445141,16.0,44.438871473354226,3024.0,307200.0,50373.021117878765,50397.021117878765,6.0985025948933265,6.095598374385232
29,inventory_threshold,structured,320,102400,10,9.0,10.0,1.0,24.37617554858934,12.18808777429467,20.0,56.56426332288402,3888.0,340165.4369164659,64771.1075715521,64804.32685250098,5.251808247075101,5.249116122920394
29,machine_replacement,structured,320,102400,2,1.0,2.0,1.0,2.269592476489028,1.134796238244514,4.0,7.4043887147335425,362.0,102400.0,6027.07594069845,6029.07594069845,16.989996643070892,16.984360622954316
29,machine_replacement,structured,320,102400,3,2.0,3.0,1.0,4.539184952978056,2.269592476489028,6.0,12.808777429467085,724.0,162300.16007384637,12056.491731399785,12061.246618901949,13.46164072349121,13.45633376068237
29,machine_replacement,structured,320,102400,4,3.0,4.0,1.0,6.808777429467084,3.404388714733542,8.0,18.213166144200628,1086.0,204800.0,18087.22782209535,18095.22782209535,11.322907081969545,11.317901162312365
29,machine_replacement,structured,320,102400,5,4.0,5.0,1.0,9.078369905956112,4.539184952978056,10.0,23.61755485893417,1448.0,237765.4369164659,24118.8791875529,24130.488828027337,9.858063265193941,9.85332036209327
29,machine_replacement,structured,320,102400,8,7.0,8.0,1.0,15.87460815047022,7.93730407523511,16.0,39.81191222570533,2532.0,307200.0,42184.2438725096,42208.2438725096,7.28233984537991,7.278199039218512
29,machine_replacement,structured,320,102400,10,9.0,10.0,1.0,20.401253918495296,10.200626959247648,20.0,50.60188087774295,3254.0,340165.4369164659,54218.902747234926,54252.1220281838,6.273926982666829,6.270085375457775
29,admission_control,structured,320,102400,2,1.0,2.0,1.0,2.006269592476489,1.0031347962382444,4.0,7.009404388714733,320.0,102400.0,5328.0339807279115,5330.0339807279115,19.21909664435177,19.21188502179407
29,admission_control,structured,320,102400,3,2.0,3.0,1.0,4.507836990595611,2.2539184952978055,6.0,12.761755485893415,719.0,162300.16007384637,11973.272450450911,11978.027337953075,13.555204790126878,13.549823814443043
29,admission_control,structured,320,102400,4,3.0,4.0,1.0,7.015673981191222,3.507836990595611,8.0,18.523510971786834,1119.0,204800.0,18636.475076357914,18644.475076357914,10.989202580471222,10.984487316550746
29,admission_control,structured,320,102400,5,4.0,5.0,1.0,9.517241379310345,4.758620689655173,10.0,24.275862068965516,1518.0,237765.4369164659,25283.94912083713,25295.558761311568,9.4038093408643,9.399493371939961
29,admission_control,structured,320,102400,8,7.0,8.0,1.0,17.04075235109718,8.52037617554859,16.0,41.561128526645774,2718.0,307200.0,45280.0011238077,45304.0011238077,6.784452128435964,6.7808580341607705
29,admission_control,structured,320,102400,10,9.0,10.0,1.0,22.05015673981191,11.025078369905955,20.0,53.075235109717866,3517.0,340165.4369164659,58596.23692514568,58629.45620609455,5.805243728381627,5.8019544940126115
29,resource_allocation,structured,320,102400,2,1.0,2.0,1.0,2.8025078369905954,1.4012539184952977,4.0,8.203761755485893,447.0,102400.0,7441.803716829301,7443.803716829301,13.76010492838276,13.756407865576744
29,resource_allocation,structured,320,102400,3,2.0,3.0,1.0,5.605015673981191,2.8025078369905954,6.0,14.407523510971785,894.0,162300.16007384637,14885.947283661488,14890.702171163652,10.902911113489145,10.899429604343718
29,resource_allocation,structured,320,102400,4,3.0,4.0,1.0,8.401253918495298,4.200626959247649,8.0,20.60188087774295,1340.0,204800.0,22314.76729429813,22322.76729429813,9.17777888063975,9.174489761953113
29,resource_allocation,structured,320,102400,5,4.0,5.0,1.0,11.197492163009404,5.598746081504702,10.0,26.796238244514107,1786.0,237765.4369164659,29744.502579696757,29756.112220171195,7.993592640502308,7.990473861544603
29,resource_allocation,structured,320,102400,8,7.0,8.0,1.0,19.586206896551722,9.793103448275861,16.0,45.37931034482759,3124.0,307200.0,52037.40673685624,52061.40673685624,5.903445603149574,5.900724149709184
29,resource_allocation,structured,320,102400,10,9.0,10.0,1.0,25.178683385579937,12.589341692789969,20.0,57.7680250783699,4016.0,340165.4369164659,66901.52116384327,66934.74044479214,5.0845695433948865,5.082046104250375
29,random_structured,structured,320,102400,2,1.0,2.0,1.0,2.2131661442006267,1.1065830721003134,4.0,7.31974921630094,353.0,102400.0,5877.281234990477,5879.281234990477,17.423021956199772,17.417095033754727
29,random_structured,structured,320,102400,3,2.0,3.0,1.0,4.4263322884012535,2.2131661442006267,6.0,12.63949843260188,706.0,162300.16007384637,11756.90231998384,11761.657207486003,13.804670282747528,13.799089465942465
29,random_structured,structured,320,102400,4,3.0,4.0,1.0,7.059561128526646,3.529780564263323,8.0,18.58934169278997,1126.0,204800.0,18752.98206968634,18760.98206968634,10.920929761408633,10.91627289228703
29,random_structured,structured,320,102400,5,4.0,5.0,1.0,9.692789968652038,4.846394984326019,10.0,24.539184952978054,1546.0,237765.4369164659,25749.97709415082,25761.58673462526,9.233617414381117,9.229456219670412
29,random_structured,structured,320,102400,8,7.0,8.0,1.0,17.579937304075234,8.789968652037617,16.0,42.369905956112845,2804.0,307200.0,46711.37275612832,46735.37275612832,6.5765568827068295,6.573179625698341
29,random_structured,structured,320,102400,10,9.0,10.0,1.0,22.83385579937304,11.41692789968652,20.0,54.25078369905956,3642.0,340165.4369164659,60676.718948867514,60709.93822981639,5.606193657292585,5.6031260586821166
29,oscillatory_fragmented,unstructured,320,102400,2,1.0,13.0,6.5,11.203761755485893,5.601880877742946,20.5,37.30564263322884,1787.0,102400.0,29744.57101112743,29757.57101112743,3.4426450447610155,3.441141078406868
29,oscillatory_fragmented,unstructured,320,102400,3,2.0,23.0,7.666666666666667,22.25705329153605,11.128526645768025,32.666666666666664,66.05224660397073,3550.0,162300.16007384637,59092.02932370315,59128.48346121974,2.7465660247471666,2.7448727004861078
29,oscillatory_fragmented,unstructured,320,102400,4,3.0,34.0,8.5,34.05015673981191,17.025078369905955,45.5,96.57523510971787,5431.0,204800.0,90404.78296666652,90472.78296666652,2.2653668675418706,2.2636642013704367
29,oscillatory_fragmented,unstructured,320,102400,5,4.0,45.0,9.0,45.73040752351097,22.865203761755485,58.0,126.59561128526644,7294.0,237765.4369164659,121418.86247297593,121523.34923724586,1.95822487605157,1.9565411783729283
29,oscillatory_fragmented,unstructured,320,102400,8,7.0,78.0,9.75,81.0909090909091,40.54545454545455,94.75,216.38636363636363,12934.0,307200.0,215313.63595854628,215547.63595854628,1.4267558978900172,1.425207001848446
29,oscillatory_fragmented,unstructured,320,102400,10,9.0,99.0,9.9,104.62068965517241,52.310344827586206,117.9,274.83103448275864,16687.0,340165.4369164659,277795.8229444788,278124.6938258726,1.22451602515439,1.2230680858904082
