seed,family,structure,grid_size,states,actions,noise_amplitude,C_V,DCR,DCR_relative_to_clean,MDL_ratio,MDL_relative_to_clean,C_B,C_R,F,L,kappa,C_top,C_D,boundary_edges,L_table,L_Gamma,L_Pi_struct,table_to_boundary_ratio,table_to_struct_policy_ratio
0,inventory_threshold,structured,320,102400,4,0.0,102400.0,5072.298136645963,1.0,9.485680817873181,1.0,3.0,4.0,1.0,8.12539184952978,4.06269592476489,8.0,20.188087774294672,1296.0,204800.0,21582.43762194804,21590.43762194804,9.489196891815904,9.485680817873181
0,inventory_threshold,structured,320,102400,4,0.0025,102400.0,5074.662109678422,1.0004660556159704,9.492998877418433,1.0007714849029563,3.0,4.0,1.0,8.119122257053291,4.059561128526646,8.0,20.178683385579937,1295.0,204800.0,21565.793765758266,21573.793765758266,9.496520379656848,9.492998877418433
0,inventory_threshold,structured,320,102400,4,0.005,102400.0,5074.662109678422,1.0004660556159704,9.492998877418433,1.0007714849029563,3.0,4.0,1.0,8.119122257053291,4.059561128526646,8.0,20.178683385579937,1295.0,204800.0,21565.793765758266,21573.793765758266,9.496520379656848,9.492998877418433
0,inventory_threshold,structured,320,102400,4,0.01,102400.0,5074.662109678422,1.0004660556159704,9.492998877418433,1.0007714849029563,3.0,4.0,1.0,8.119122257053291,4.059561128526646,8.0,20.178683385579937,1295.0,204800.0,21565.793765758266,21573.793765758266,9.496520379656848,9.492998877418433
0,inventory_threshold,structured,320,102400,4,0.02,102400.0,5077.028287224122,1.000932545850171,9.500328237226581,1.001544161102891,3.0,4.0,1.0,8.112852664576803,4.056426332288401,8.0,20.169278996865202,1294.0,204800.0,21549.149909568492,21557.149909568492,9.503855180341125,9.500328237226581
0,inventory_threshold,structured,320,102400,4,0.035,102400.0,5079.396672368216,1.001399471310838,9.507668923491993,1.0023180313612683,3.0,4.0,1.0,8.106583072100314,4.053291536050157,8.0,20.15987460815047,1293.0,204800.0,21532.50605337872,21540.50605337872,9.511201320102002,9.507668923491993
0,inventory_threshold,structured,320,102400,4,0.05,102400.0,5072.298136645963,1.0,9.485680817873181,1.0,3.0,4.0,1.0,8.12539184952978,4.06269592476489,8.0,20.188087774294672,1296.0,204800.0,21582.43762194804,21590.43762194804,9.489196891815904,9.485680817873181
0,inventory_threshold,structured,320,102400,4,0.075,102400.0,4990.924369747899,0.9839572192513368,9.236470174747192,0.9737277009514783,3.0,4.0,1.0,8.344827586206897,4.172413793103448,8.0,20.517241379310345,1331.0,204800.0,22164.972588590157,22172.972588590157,9.239803892445359,9.236470174747192
0,inventory_threshold,structured,320,102400,4,0.1,102400.0,4883.480340858126,0.9627747047391241,8.915248583597235,0.9398638595132652,3.0,4.0,1.0,8.64576802507837,4.322884012539185,8.0,20.968652037617552,1379.0,204800.0,22963.877685699343,22971.877685699343,8.918354417448336,8.915248583597235
0,machine_replacement,structured,320,102400,4,0.0,102400.0,5622.3063683304645,1.0,11.317901162312365,1.0,3.0,4.0,1.0,6.808777429467084,3.404388714733542,8.0,18.213166144200628,1086.0,204800.0,18087.22782209535,18095.22782209535,11.322907081969545,11.317901162312365
0,machine_replacement,structured,320,102400,4,0.0025,102400.0,5628.118538938663,1.0010337698139216,11.338759776411553,1.0018429754598535,3.0,4.0,1.0,6.7962382445141065,3.3981191222570533,8.0,18.19435736677116,1084.0,204800.0,18053.9401097158,18061.9401097158,11.34378416874143,11.338759776411553
0,machine_replacement,structured,320,102400,4,0.005,102400.0,5628.118538938663,1.0010337698139216,11.338759776411553,1.0018429754598535,3.0,4.0,1.0,6.7962382445141065,3.3981191222570533,8.0,18.19435736677116,1084.0,204800.0,18053.9401097158,18061.9401097158,11.34378416874143,11.338759776411553
0,machine_replacement,structured,320,102400,4,0.01,102400.0,5628.118538938663,1.0010337698139216,11.338759776411553,1.0018429754598535,3.0,4.0,1.0,6.7962382445141065,3.3981191222570533,8.0,18.19435736677116,1084.0,204800.0,18053.9401097158,18061.9401097158,11.34378416874143,11.338759776411553
0,machine_replacement,structured,320,102400,4,0.02,102400.0,5625.210952298949,1.0005166178749785,11.328320867731266,1.0009206393720416,3.0,4.0,1.0,6.802507836990595,3.4012539184952977,8.0,18.203761755485893,1085.0,204800.0,18070.583965905575,18078.583965905575,11.333336010966972,11.328320867731266
0,machine_replacement,structured,320,102400,4,0.035,102400.0,5584.817917592752,0.993332193537357,11.184168663518602,0.9881839842143982,3.0,4.0,1.0,6.890282131661442,3.445141065830721,8.0,18.33542319749216,1099.0,204800.0,18303.59795256242,18311.59795256242,11.189056956494662,11.184168663518602
0,machine_replacement,structured,320,102400,4,0.05,102400.0,5530.917710802574,0.9837453437182527,10.994301890510226,0.971408190691778,3.0,4.0,1.0,7.009404388714733,3.5047021943573666,8.0,18.5141065830721,1118.0,204800.0,18619.83122016814,18627.83122016814,10.999025586127232,10.994301890510226
0,machine_replacement,structured,320,102400,4,0.075,102400.0,5407.3166694255915,0.9617612977983777,10.56933806455657,0.9338602549164817,3.0,4.0,1.0,7.29153605015674,3.64576802507837,8.0,18.93730407523511,1163.0,204800.0,19368.804748708004,19376.804748708004,10.573703574231196,10.56933806455657
0,machine_replacement,structured,320,102400,4,0.1,102400.0,5286.551221880563,0.9402815989642338,10.167595468075291,0.8983640449107744,3.0,4.0,1.0,7.5799373040752345,3.7899686520376172,8.0,19.369905956112852,1209.0,204800.0,20134.42213343764,20142.42213343764,10.171635353759893,10.167595468075291
0,admission_control,structured,320,102400,4,0.0,102400.0,5528.109663225588,1.0,10.984487316550746,1.0,3.0,4.0,1.0,7.015673981191222,3.507836990595611,8.0,18.523510971786834,1119.0,204800.0,18636.475076357914,18644.475076357914,10.989202580471222,10.984487316550746
0,admission_control,structured,320,102400,4,0.0025,102400.0,5519.702602230483,0.9984792159513349,10.955148451078164,0.997329063739882,3.0,4.0,1.0,7.0344827586206895,3.5172413793103448,8.0,18.551724137931036,1122.0,204800.0,18686.40664492724,18694.40664492724,10.959838554920704,10.955148451078164
0,admission_control,structured,320,102400,4,0.005,102400.0,5514.112086428089,0.9974679270762999,10.935676121823045,0.9955563520334576,3.0,4.0,1.0,7.047021943573667,3.5235109717868336,8.0,18.570532915360502,1124.0,204800.0,18719.694357306787,18727.694357306787,10.940349563990674,10.935676121823045
0,admission_control,structured,320,102400,4,0.01,102400.0,5511.321073055508,0.9969630504471065,10.92596589259881,0.9946723572739021,3.0,4.0,1.0,7.053291536050157,3.5266457680250785,8.0,18.579937304075237,1125.0,204800.0,18736.338213496565,18744.338213496565,10.930631037204165,10.92596589259881
0,admission_control,structured,320,102400,4,0.02,102400.0,5480.805369127516,0.9914429530201342,10.820280480175484,0.9850510240812199,3.0,4.0,1.0,7.122257053291536,3.561128526645768,8.0,18.683385579937305,1136.0,204800.0,18919.420631584086,18927.420631584086,10.824855791731107,10.820280480175484
0,admission_control,structured,320,102400,4,0.035,102400.0,5456.088191080675,0.9869717721730417,10.73531940480107,0.9773163822243897,3.0,4.0,1.0,7.178683385579937,3.5893416927899686,8.0,18.768025078369906,1145.0,204800.0,19069.21533729206,19077.21533729206,10.739823132601051,10.73531940480107
0,admission_control,structured,320,102400,4,0.05,102400.0,5420.776634583472,0.9805841354132095,10.614926932178287,0.9663561553923752,3.0,4.0,1.0,7.260188087774295,3.6300940438871474,8.0,18.890282131661444,1158.0,204800.0,19285.58546775913,19293.58546775913,10.619330190539273,10.614926932178287
0,admission_control,structured,320,102400,4,0.075,102400.0,5317.532150415107,0.9619078626078464,10.269424026036507,0.9349024428808046,3.0,4.0,1.0,7.504702194357367,3.7523510971786833,8.0,19.25705329153605,1197.0,204800.0,19934.695859160343,19942.695859160343,10.273545252303952,10.269424026036507
0,admission_control,structured,320,102400,4,0.1,102400.0,5156.369376479874,0.9327545382794002,9.748712346983103,0.887498165917525,3.0,4.0,1.0,7.905956112852664,3.952978056426332,8.0,19.858934169278996,1261.0,204800.0,20999.902655305927,21007.902655305927,9.75242615937814,9.748712346983103
0,resource_allocation,structured,320,102400,4,0.0,102400.0,4970.419963481436,1.0,9.174489761953113,1.0,3.0,4.0,1.0,8.401253918495298,4.200626959247649,8.0,20.60188087774295,1340.0,204800.0,22314.76729429813,22322.76729429813,9.17777888063975,9.174489761953113
0,resource_allocation,structured,320,102400,4,0.0025,102400.0,4972.689907139596,1.0004566905160606,9.181335365970153,1.0007461563743227,3.0,4.0,1.0,8.39498432601881,4.197492163009405,8.0,20.59247648902821,1339.0,204800.0,22298.123438108356,22306.123438108356,9.184629395762913,9.181335365970153
0,resource_allocation,structured,320,102400,4,0.005,102400.0,4974.961925068535,1.000913798355163,9.188191193397605,1.00149342707878,3.0,4.0,1.0,8.388714733542319,4.194357366771159,8.0,20.58307210031348,1338.0,204800.0,22281.47958191858,22289.47958191858,9.191490145304138,9.188191193397605
0,resource_allocation,structured,320,102400,4,0.01,102400.0,4972.689907139596,1.0004566905160606,9.181335365970153,1.0007461563743227,3.0,4.0,1.0,8.39498432601881,4.197492163009405,8.0,20.59247648902821,1339.0,204800.0,22298.123438108356,22306.123438108356,9.184629395762913,9.181335365970153
0,resource_allocation,structured,320,102400,4,0.02,102400.0,4974.961925068535,1.000913798355163,9.188191193397605,1.00149342707878,3.0,4.0,1.0,8.388714733542319,4.194357366771159,8.0,20.58307210031348,1338.0,204800.0,22281.47958191858,22289.47958191858,9.191490145304138,9.188191193397605
0,resource_allocation,structured,320,102400,4,0.035,102400.0,4979.512195121952,1.001829268292683,9.201933610228254,1.0029913214780566,3.0,4.0,1.0,8.376175548589341,4.1880877742946705,8.0,20.56426332288401,1336.0,204800.0,22248.19186953903,22256.19186953903,9.205242439517102,9.201933610228254
0,resource_allocation,structured,320,102400,4,0.05,102400.0,5004.688218170675,1.0068944384862877,9.278257802800525,1.0113104972090918,3.0,4.0,1.0,8.307210031347962,4.153605015673981,8.0,20.460815047021946,1325.0,204800.0,22065.10945145151,22073.10945145151,9.28162175903132,9.278257802800525
0,resource_allocation,structured,320,102400,4,0.075,102400.0,4981.790452951045,1.0022876315388136,9.208820245675366,1.003741950191565,3.0,4.0,1.0,8.369905956112852,4.184952978056426,8.0,20.55485893416928,1335.0,204800.0,22231.548013349257,22239.548013349257,9.212134030298964,9.208820245675366
0,resource_allocation,structured,320,102400,4,0.1,102400.0,4700.255404870679,0.9456455268175116,9.221793928228479,1.0051560541787878,3.0,5.0,1.25,8.357366771159874,4.178683385579937,9.25,21.78605015673981,1333.0,204800.0,22198.260300969705,22208.260300969705,9.225948215007351,9.221793928228479
0,random_structured,structured,320,102400,4,0.0,102400.0,5576.237623762377,1.0,11.153754907198863,1.0,3.0,4.0,1.0,6.909090909090909,3.4545454545454546,8.0,18.363636363636363,1102.0,204800.0,18353.529521131746,18361.529521131746,11.158616644509653,11.153754907198863
0,random_structured,structured,320,102400,4,0.0025,102400.0,5576.237623762377,1.0,11.153754907198863,1.0,3.0,4.0,1.0,6.909090909090909,3.4545454545454546,8.0,18.363636363636363,1102.0,204800.0,18353.529521131746,18361.529521131746,11.158616644509653,11.153754907198863
0,random_structured,structured,320,102400,4,0.005,102400.0,5576.237623762377,1.0,11.153754907198863,1.0,3.0,4.0,1.0,6.909090909090909,3.4545454545454546,8.0,18.363636363636363,1102.0,204800.0,18353.529521131746,18361.529521131746,11.158616644509653,11.153754907198863
0,random_structured,structured,320,102400,4,0.01,102400.0,5576.237623762377,1.0,11.153754907198863,1.0,3.0,4.0,1.0,6.909090909090909,3.4545454545454546,8.0,18.363636363636363,1102.0,204800.0,18353.529521131746,18361.529521131746,11.158616644509653,11.153754907198863
0,random_structured,structured,320,102400,4,0.02,102400.0,5579.094790777114,1.0005123825789923,11.163874430211544,1.0009072750026227,3.0,4.0,1.0,6.9028213166144194,3.4514106583072097,8.0,18.35423197492163,1101.0,204800.0,18336.885664941972,18344.885664941972,11.16874499531587,11.163874430211544
0,random_structured,structured,320,102400,4,0.035,102400.0,5564.838160136286,0.9979557069846677,11.113459609728721,0.9963872886032188,3.0,4.0,1.0,6.9341692789968645,3.4670846394984323,8.0,18.401253918495296,1106.0,204800.0,18420.104945890846,18428.104945890846,11.118286274785136,11.113459609728721
0,random_structured,structured,320,102400,4,0.05,102400.0,5505.747513905276,0.9873588403842912,10.906597075074313,0.9778408406692682,3.0,4.0,1.0,7.065830721003135,3.5329153605015673,8.0,18.5987460815047,1127.0,204800.0,18769.625925876113,18777.625925876113,10.911245690712429,10.906597075074313
0,random_structured,structured,320,102400,4,0.075,102400.0,5367.334866907657,0.9625369700953006,10.434891109115433,0.9355496149893467,3.0,4.0,1.0,7.385579937304075,3.6927899686520376,8.0,19.078369905956112,1178.0,204800.0,19618.462591554624,19626.462591554624,10.439146240142309,10.434891109115433
0,random_structured,structured,320,102400,4,0.1,102400.0,5178.440076093849,0.9286620164870005,9.818723754565072,0.8803065726527545,3.0,4.0,1.0,7.849529780564263,3.9247648902821317,8.0,19.774294670846395,1252.0,204800.0,20850.107949597954,20858.107949597954,9.822491111080751,9.818723754565072
1,inventory_threshold,structured,320,102400,4,0.0,102400.0,5072.298136645963,1.0,9.485680817873181,1.0,3.0,4.0,1.0,8.12539184952978,4.06269592476489,8.0,20.188087774294672,1296.0,204800.0,21582.43762194804,21590.43762194804,9.489196891815904,9.485680817873181
1,inventory_threshold,structured,320,102400,4,0.0025,102400.0,5074.662109678422,1.0004660556159704,9.492998877418433,1.0007714849029563,3.0,4.0,1.0,8.119122257053291,4.059561128526646,8.0,20.178683385579937,1295.0,204800.0,21565.793765758266,21573.793765758266,9.496520379656848,9.492998877418433
1,inventory_threshold,structured,320,102400,4,0.005,102400.0,5074.662109678422,1.0004660556159704,9.492998877418433,1.0007714849029563,3.0,4.0,1.0,8.119122257053291,4.059561128526646,8.0,20.178683385579937,1295.0,204800.0,21565.793765758266,21573.793765758266,9.496520379656848,9.492998877418433
1,inventory_threshold,structured,320,102400,4,0.01,102400.0,5079.396672368216,1.001399471310838,9.507668923491993,1.0023180313612683,3.0,4.0,1.0,8.106583072100314,4.053291536050157,8.0,20.15987460815047,1293.0,204800.0,21532.50605337872,21540.50605337872,9.511201320102002,9.507668923491993
1,inventory_threshold,structured,320,102400,4,0.02,102400.0,5081.767268201617,1.0018668326073428,9.515020962490052,1.0030930984480932,3.0,4.0,1.0,8.100313479623825,4.0501567398119125,8.0,20.15047021943574,1292.0,204800.0,21515.862197188944,21523.862197188944,9.518558825253919,9.515020962490052
1,inventory_threshold,structured,320,102400,4,0.035,102400.0,5086.515104328871,1.0028028651510434,9.529759204192649,1.0046468342300128,3.0,4.0,1.0,8.087774294670846,4.043887147335423,8.0,20.131661442006266,1290.0,204800.0,21482.574484809393,21490.574484809393,9.53330803739639,9.529759204192649
1,inventory_threshold,structured,320,102400,4,0.05,102400.0,5096.03744149766,1.0046801872074884,9.559373085573652,1.0077687905713228,3.0,4.0,1.0,8.06269592476489,4.031347962382445,8.0,20.094043887147333,1286.0,204800.0,21415.999060050293,21423.999060050293,9.562944013293166,9.559373085573652
1,inventory_threshold,structured,320,102400,4,0.075,102400.0,5105.595498593311,1.0065645514223196,9.589171591913674,1.0109102104559002,3.0,4.0,1.0,8.037617554858933,4.0188087774294665,8.0,20.0564263322884,1282.0,204800.0,21349.423635291194,21357.423635291194,9.592764821128936,9.589171591913674
1,inventory_threshold,structured,320,102400,4,0.1,102400.0,5096.03744149766,1.0046801872074884,9.559373085573652,1.0077687905713228,3.0,4.0,1.0,8.06269592476489,4.031347962382445,8.0,20.094043887147333,1286.0,204800.0,21415.999060050293,21423.999060050293,9.562944013293166,9.559373085573652
1,machine_replacement,structured,320,102400,4,0.0,102400.0,5622.3063683304645,1.0,11.317901162312365,1.0,3.0,4.0,1.0,6.808777429467084,3.404388714733542,8.0,18.213166144200628,1086.0,204800.0,18087.22782209535,18095.22782209535,11.322907081969545,11.317901162312365
1,machine_replacement,structured,320,102400,4,0.0025,102400.0,5625.210952298949,1.0005166178749785,11.328320867731266,1.0009206393720416,3.0,4.0,1.0,6.802507836990595,3.4012539184952977,8.0,18.203761755485893,1085.0,204800.0,18070.583965905575,18078.583965905575,11.333336010966972,11.328320867731266
1,machine_replacement,structured,320,102400,4,0.005,102400.0,5631.029132908119,1.001551456645406,11.349217941488899,1.0027670129582698,3.0,4.0,1.0,6.789968652037618,3.394984326018809,8.0,18.184952978056426,1083.0,204800.0,18037.296253526027,18045.296253526027,11.354251608522791,11.349217941488899
1,machine_replacement,structured,320,102400,4,0.01,102400.0,5633.942738875475,1.0020696791997241,11.359695416295196,1.003692756579462,3.0,4.0,1.0,6.783699059561128,3.391849529780564,8.0,18.17554858934169,1082.0,204800.0,18020.65239733625,18028.65239733625,11.364738383737585,11.359695416295196
1,machine_replacement,structured,320,102400,4,0.02,102400.0,5633.942738875475,1.0020696791997241,11.359695416295196,1.003692756579462,3.0,4.0,1.0,6.783699059561128,3.391849529780564,8.0,18.17554858934169,1082.0,204800.0,18020.65239733625,18028.65239733625,11.364738383737585,11.359695416295196
1,machine_replacement,structured,320,102400,4,0.035,102400.0,5645.627376425856,1.0041479433114415,11.401799486366182,1.0074128871467078,3.0,4.0,1.0,6.758620689655172,3.379310344827586,8.0,18.137931034482758,1078.0,204800.0,17954.076972577153,17962.076972577153,11.40687991439544,11.401799486366182
1,machine_replacement,structured,320,102400,4,0.05,102400.0,5639.779005524862,1.00310773480663,11.380708509408725,1.0055493811260257,3.0,4.0,1.0,6.77115987460815,3.385579937304075,8.0,18.156739811912225,1080.0,204800.0,17987.3646849567,17995.3646849567,11.385770155162282,11.380708509408725
1,machine_replacement,structured,320,102400,4,0.075,102400.0,5599.177236887213,0.9958861844360646,11.235228524132443,0.9926954090697298,3.0,4.0,1.0,6.858934169278997,3.4294670846394983,8.0,18.288401253918494,1094.0,204800.0,18220.378671613547,18228.378671613547,11.240161562562271,11.235228524132443
1,machine_replacement,structured,320,102400,4,0.1,102400.0,5516.905928052694,0.9812531666948152,10.94540362593612,0.9670877549614384,3.0,4.0,1.0,7.040752351097178,3.520376175548589,8.0,18.561128526645767,1123.0,204800.0,18703.050501117013,18711.050501117013,10.950085387823158,10.94540362593612
1,admission_control,structured,320,102400,4,0.0,102400.0,5528.109663225588,1.0,10.984487316550746,1.0,3.0,4.0,1.0,7.015673981191222,3.507836990595611,8.0,18.523510971786834,1119.0,204800.0,18636.475076357914,18644.475076357914,10.989202580471222,10.984487316550746
1,admission_control,structured,320,102400,4,0.0025,102400.0,5530.917710802574,1.0005079580088048,10.994301890510226,1.0008934940408818,3.0,4.0,1.0,7.009404388714733,3.5047021943573666,8.0,18.5141065830721,1118.0,204800.0,18619.83122016814,18627.83122016814,10.999025586127232,10.994301890510226
1,admission_control,structured,320,102400,4,0.005,102400.0,5522.502113271345,0.9989856297548607,10.964910643553772,0.9982177891026851,3.0,4.0,1.0,7.028213166144201,3.5141065830721003,8.0,18.5423197492163,1121.0,204800.0,18669.762788737466,18677.762788737466,10.969609111667214,10.964910643553772
1,admission_control,structured,320,102400,4,0.01,102400.0,5519.702602230483,0.9984792159513349,10.955148451078164,0.997329063739882,3.0,4.0,1.0,7.0344827586206895,3.5172413793103448,8.0,18.551724137931036,1122.0,204800.0,18686.40664492724,18694.40664492724,10.959838554920704,10.955148451078164
1,admission_control,structured,320,102400,4,0.02,102400.0,5505.747513905276,0.9959548289229734,10.906597075074313,0.9929090690141656,3.0,4.0,1.0,7.065830721003135,3.5329153605015673,8.0,18.5987460815047,1127.0,204800.0,18769.625925876113,18777.625925876113,10.911245690712429,10.906597075074313
1,admission_control,structured,320,102400,4,0.035,102400.0,5500.185216366392,0.9949486445529552,10.887296807503237,0.9911520213691659,3.0,4.0,1.0,7.078369905956112,3.539184952978056,8.0,18.61755485893417,1129.0,204800.0,18802.913638255664,18810.913638255664,10.891928981863854,10.887296807503237
1,admission_control,structured,320,102400,4,0.05,102400.0,5489.09426987061,0.9929423626281298,10.848900471686628,0.9876565158703562,3.0,4.0,1.0,7.1034482758620685,3.5517241379310343,8.0,18.655172413793103,1133.0,204800.0,18869.48906301476,18877.48906301476,10.853500024090176,10.848900471686628
1,admission_control,structured,320,102400,4,0.075,102400.0,5461.561611770607,0.9879618792844007,10.754084138194726,0.9790246761895876,3.0,4.0,1.0,7.166144200626959,3.5830721003134793,8.0,18.74921630094044,1143.0,204800.0,19035.92762491251,19043.92762491251,10.75860362759397,10.754084138194726
1,admission_control,structured,320,102400,4,0.1,102400.0,5445.174195699284,0.9849974995832641,10.69798570960022,0.9739176168450899,3.0,4.0,1.0,7.2037617554858935,3.6018808777429467,8.0,18.80564263322884,1149.0,204800.0,19135.790762051158,19143.790762051158,10.70245816055566,10.69798570960022
1,resource_allocation,structured,320,102400,4,0.0,102400.0,4970.419963481436,1.0,9.174489761953113,1.0,3.0,4.0,1.0,8.401253918495298,4.200626959247649,8.0,20.60188087774295,1340.0,204800.0,22314.76729429813,22322.76729429813,9.17777888063975,9.174489761953113
1,resource_allocation,structured,320,102400,4,0.0025,102400.0,4972.689907139596,1.0004566905160606,9.181335365970153,1.0007461563743227,3.0,4.0,1.0,8.39498432601881,4.197492163009405,8.0,20.59247648902821,1339.0,204800.0,22298.123438108356,22306.123438108356,9.184629395762913,9.181335365970153
1,resource_allocation,structured,320,102400,4,0.005,102400.0,4974.961925068535,1.000913798355163,9.188191193397605,1.00149342707878,3.0,4.0,1.0,8.388714733542319,4.194357366771159,8.0,20.58307210031348,1338.0,204800.0,22281.47958191858,22289.47958191858,9.191490145304138,9.188191193397605
1,resource_allocation,structured,320,102400,4,0.01,102400.0,4977.236020112754,1.0013713240895934,9.195057267154455,1.0022418146114933,3.0,4.0,1.0,8.38244514106583,4.191222570532915,8.0,20.573667711598745,1337.0,204800.0,22264.835725728804,22272.835725728804,9.198361152215337,9.195057267154455
1,resource_allocation,structured,320,102400,4,0.02,102400.0,4988.6377519853395,1.0036652412950522,9.229542137857855,1.0060005926578115,3.0,4.0,1.0,8.351097178683386,4.175548589341693,8.0,20.526645768025077,1332.0,204800.0,22181.61644477993,22189.61644477993,9.23287085545996,9.229542137857855
1,resource_allocation,structured,320,102400,4,0.035,102400.0,5004.688218170675,1.0068944384862877,9.278257802800525,1.0113104972090918,3.0,4.0,1.0,8.307210031347962,4.153605015673981,8.0,20.460815047021946,1325.0,204800.0,22065.10945145151,22073.10945145151,9.28162175903132,9.278257802800525
1,resource_allocation,structured,320,102400,4,0.05,102400.0,5020.842299415924,1.0101444820166001,9.327490461723599,1.0166767530119205,3.0,4.0,1.0,8.263322884012538,4.131661442006269,8.0,20.394984326018808,1318.0,204800.0,21948.602458123085,21956.602458123085,9.330890219126657,9.327490461723599
1,resource_allocation,structured,320,102400,4,0.075,102400.0,5053.465346534653,1.0167079207920793,9.427540034143217,1.0275819450188401,3.0,4.0,1.0,8.175548589341693,4.087774294670846,8.0,20.263322884012542,1304.0,204800.0,21715.58847146624,21723.58847146624,9.43101312999656,9.427540034143217
1,resource_allocation,structured,320,102400,4,0.1,102400.0,5069.936365047339,1.0200217290082263,9.478374032477173,1.033122743434112,3.0,4.0,1.0,8.13166144200627,4.065830721003135,8.0,20.197492163009404,1297.0,204800.0,21599.081478137818,21607.081478137818,9.481884690665883,9.478374032477173
1,random_structured,structured,320,102400,4,0.0,102400.0,5325.334202804043,1.0,10.295200657299665,1.0,3.0,4.0,1.0,7.485893416927899,3.7429467084639496,8.0,19.228840125391848,1194.0,204800.0,19884.76429059102,19892.76429059102,10.299342602562621,10.295200657299665
1,random_structured,structured,320,102400,4,0.0025,102400.0,5327.939977165226,1.0004893165878324,10.303821647484874,1.0008373795200483,3.0,4.0,1.0,7.47962382445141,3.739811912225705,8.0,19.219435736677116,1193.0,204800.0,19868.120434401244,19876.120434401244,10.307970533810183,10.303821647484874
1,random_structured,structured,320,102400,4,0.005,102400.0,5325.334202804043,1.0,10.295200657299665,1.0,3.0,4.0,1.0,7.485893416927899,3.7429467084639496,8.0,19.228840125391848,1194.0,204800.0,19884.76429059102,19892.76429059102,10.299342602562621,10.295200657299665
1,random_structured,structured,320,102400,4,0.01,102400.0,5322.730976046929,0.9995111618054424,10.286594081055828,0.9991640205441032,3.0,4.0,1.0,7.492163009404388,3.746081504702194,8.0,19.238244514106583,1195.0,204800.0,19901.408146780796,19909.408146780796,10.290729102660405,10.286594081055828
1,random_structured,structured,320,102400,4,0.02,102400.0,5320.130293159608,0.9990228013029314,10.278001882634276,0.9983294376440158,3.0,4.0,1.0,7.498432601880878,3.749216300940439,8.0,19.247648902821318,1196.0,204800.0,19918.05200297057,19926.05200297057,10.282129997926313,10.278001882634276
1,random_structured,structured,320,102400,4,0.035,102400.0,5330.548302872063,1.0009791122715403,10.312457087851614,1.00167616262435,3.0,4.0,1.0,7.4733542319749215,3.7366771159874608,8.0,19.21003134796238,1192.0,204800.0,19851.47657821147,19859.47657821147,10.316612932701632,10.312457087851614
1,random_structured,structured,320,102400,4,0.05,102400.0,5351.507208387943,1.0049148099606817,10.382065206502425,1.008437382824702,3.0,4.0,1.0,7.423197492163009,3.7115987460815045,8.0,19.134796238244512,1184.0,204800.0,19718.32572869327,19726.32572869327,10.386277355281932,10.382065206502425
1,random_structured,structured,320,102400,4,0.075,102400.0,5364.690425357201,1.0073903760880274,10.426049491958896,1.0127096925076884,3.0,4.0,1.0,7.391849529780564,3.695924764890282,8.0,19.087774294670847,1179.0,204800.0,19635.106447744398,19643.106447744398,10.430297413718712,10.426049491958896
1,random_structured,structured,320,102400,4,0.1,102400.0,5312.343470483006,0.9975605789559279,10.252311194918175,0.9958340333705803,3.0,4.0,1.0,7.517241379310344,3.758620689655172,8.0,19.275862068965516,1199.0,204800.0,19967.983571539895,19975.983571539895,10.256418694769899,10.252311194918175
2,inventory_threshold,structured,320,102400,4,0.0,102400.0,5072.298136645963,1.0,9.485680817873181,1.0,3.0,4.0,1.0,8.12539184952978,4.06269592476489,8.0,20.188087774294672,1296.0,204800.0,21582.43762194804,21590.43762194804,9.489196891815904,9.485680817873181
2,inventory_threshold,structured,320,102400,4,0.0025,102400.0,5074.662109678422,1.0004660556159704,9.492998877418433,1.0007714849029563,3.0,4.0,1.0,8.119122257053291,4.059561128526646,8.0,20.178683385579937,1295.0,204800.0,21565.793765758266,21573.793765758266,9.496520379656848,9.492998877418433
2,inventory_threshold,structured,320,102400,4,0.005,102400.0,5077.028287224122,1.000932545850171,9.500328237226581,1.001544161102891,3.0,4.0,1.0,8.112852664576803,4.056426332288401,8.0,20.169278996865202,1294.0,204800.0,21549.149909568492,21557.149909568492,9.503855180341125,9.500328237226581
2,inventory_threshold,structured,320,102400,4,0.01,102400.0,5077.028287224122,1.000932545850171,9.500328237226581,1.001544161102891,3.0,4.0,1.0,8.112852664576803,4.056426332288401,8.0,20.169278996865202,1294.0,204800.0,21549.149909568492,21557.149909568492,9.503855180341125,9.500328237226581
2,inventory_threshold,structured,320,102400,4,0.02,102400.0,5079.396672368216,1.001399471310838,9.507668923491993,1.0023180313612683,3.0,4.0,1.0,8.106583072100314,4.053291536050157,8.0,20.15987460815047,1293.0,204800.0,21532.50605337872,21540.50605337872,9.511201320102002,9.507668923491993
2,inventory_threshold,structured,320,102400,4,0.035,102400.0,5084.140077821012,1.0023346303501945,9.522384380577481,1.0038693651419455,3.0,4.0,1.0,8.094043887147334,4.047021943573667,8.0,20.141065830721004,1291.0,204800.0,21499.218340999167,21507.218340999167,9.525927722192806,9.522384380577481
2,inventory_threshold,structured,320,102400,4,0.05,102400.0,5086.515104328871,1.0028028651510434,9.529759204192649,1.0046468342300128,3.0,4.0,1.0,8.087774294670846,4.043887147335423,8.0,20.131661442006266,1290.0,204800.0,21482.574484809393,21490.574484809393,9.53330803739639,9.529759204192649
2,inventory_threshold,structured,320,102400,4,0.075,102400.0,5107.990617670054,1.0070367474589523,9.59665026863528,1.0116986279522506,3.0,4.0,1.0,8.031347962382444,4.015673981191222,8.0,20.047021943573668,1281.0,204800.0,21332.77977910142,21340.77977910142,9.600249105868125,9.59665026863528
2,inventory_threshold,structured,320,102400,4,0.1,102400.0,5077.028287224122,1.000932545850171,9.500328237226581,1.001544161102891,3.0,4.0,1.0,8.112852664576803,4.056426332288401,8.0,20.169278996865202,1294.0,204800.0,21549.149909568492,21557.149909568492,9.503855180341125,9.500328237226581
2,machine_replacement,structured,320,102400,4,0.0,102400.0,5622.3063683304645,1.0,11.317901162312365,1.0,3.0,4.0,1.0,6.808777429467084,3.404388714733542,8.0,18.213166144200628,1086.0,204800.0,18087.22782209535,18095.22782209535,11.322907081969545,11.317901162312365
2,machine_replacement,structured,320,102400,4,0.0025,102400.0,5625.210952298949,1.0005166178749785,11.328320867731266,1.0009206393720416,3.0,4.0,1.0,6.802507836990595,3.4012539184952977,8.0,18.203761755485893,1085.0,204800.0,18070.583965905575,18078.583965905575,11.333336010966972,11.328320867731266
2,machine_replacement,structured,320,102400,4,0.005,102400.0,5631.029132908119,1.001551456645406,11.349217941488899,1.0027670129582698,3.0,4.0,1.0,6.789968652037618,3.394984326018809,8.0,18.184952978056426,1083.0,204800.0,18037.296253526027,18045.296253526027,11.354251608522791,11.349217941488899
2,machine_replacement,structured,320,102400,4,0.01,102400.0,5628.118538938663,1.0010337698139216,11.338759776411553,1.0018429754598535,3.0,4.0,1.0,6.7962382445141065,3.3981191222570533,8.0,18.19435736677116,1084.0,204800.0,18053.9401097158,18061.9401097158,11.34378416874143,11.338759776411553
2,machine_replacement,structured,320,102400,4,0.02,102400.0,5631.029132908119,1.001551456645406,11.349217941488899,1.0027670129582698,3.0,4.0,1.0,6.789968652037618,3.394984326018809,8.0,18.184952978056426,1083.0,204800.0,18037.296253526027,18045.296253526027,11.354251608522791,11.349217941488899
2,machine_replacement,structured,320,102400,4,0.035,102400.0,5628.118538938663,1.0010337698139216,11.338759776411553,1.0018429754598535,3.0,4.0,1.0,6.7962382445141065,3.3981191222570533,8.0,18.19435736677116,1084.0,204800.0,18053.9401097158,18061.9401097158,11.34378416874143,11.338759776411553
2,machine_replacement,structured,320,102400,4,0.05,102400.0,5602.057966043561,0.9963985594237696,11.245496493093674,0.9936026416753141,3.0,4.0,1.0,6.852664576802508,3.426332288401254,8.0,18.278996865203762,1093.0,204800.0,18203.734815423773,18211.734815423773,11.250438554316656,11.245496493093674
2,machine_replacement,structured,320,102400,4,0.075,102400.0,5500.185216366392,0.9782791715777067,10.887296807503237,0.9619536918874143,3.0,4.0,1.0,7.078369905956112,3.539184952978056,8.0,18.61755485893417,1129.0,204800.0,18802.913638255664,18810.913638255664,10.891928981863854,10.887296807503237
2,machine_replacement,structured,320,102400,4,0.1,102400.0,5407.3166694255915,0.9617612977983777,10.56933806455657,0.9338602549164817,3.0,4.0,1.0,7.29153605015674,3.64576802507837,8.0,18.93730407523511,1163.0,204800.0,19368.804748708004,19376.804748708004,10.573703574231196,10.56933806455657
2,admission_control,structured,320,102400,4,0.0,102400.0,5528.109663225588,1.0,10.984487316550746,1.0,3.0,4.0,1.0,7.015673981191222,3.507836990595611,8.0,18.523510971786834,1119.0,204800.0,18636.475076357914,18644.475076357914,10.989202580471222,10.984487316550746
2,admission_control,structured,320,102400,4,0.0025,102400.0,5519.702602230483,0.9984792159513349,10.955148451078164,0.997329063739882,3.0,4.0,1.0,7.0344827586206895,3.5172413793103448,8.0,18.551724137931036,1122.0,204800.0,18686.40664492724,18694.40664492724,10.959838554920704,10.955148451078164
2,admission_control,structured,320,102400,4,0.005,102400.0,5516.905928052694,0.9979733153183585,10.94540362593612,0.9964419194552906,3.0,4.0,1.0,7.040752351097178,3.520376175548589,8.0,18.561128526645767,1123.0,204800.0,18703.050501117013,18711.050501117013,10.950085387823158,10.94540362593612
2,admission_control,structured,320,102400,4,0.01,102400.0,5502.964959568733,0.9954514824797844,10.89693839530956,0.9920297671872884,3.0,4.0,1.0,7.072100313479623,3.5360501567398117,8.0,18.608150470219435,1128.0,204800.0,18786.269782065887,18794.269782065887,10.901578779386536,10.89693839530956
2,admission_control,structured,320,102400,4,0.02,102400.0,5469.7923643670465,0.9894507702612192,10.78235456048784,0.9815983440794416,3.0,4.0,1.0,7.147335423197492,3.573667711598746,8.0,18.721003134796238,1140.0,204800.0,18985.996056343185,18993.996056343185,10.786897847878606,10.78235456048784
2,admission_control,structured,320,102400,4,0.035,102400.0,5447.898599066044,0.9854903268845898,10.70729476842364,0.974765090063926,3.0,4.0,1.0,7.197492163009404,3.598746081504702,8.0,18.796238244514107,1148.0,204800.0,19119.146905861384,19127.146905861384,10.711775007974554,10.70729476842364
2,admission_control,structured,320,102400,4,0.05,102400.0,5418.079283463261,0.980096201691823,10.605777723520003,0.9655232345291048,3.0,4.0,1.0,7.266457680250784,3.633228840125392,8.0,18.899686520376175,1159.0,204800.0,19302.229323948904,19310.229323948904,10.610173393075273,10.605777723520003
2,admission_control,structured,320,102400,4,0.075,102400.0,5380.596277384287,0.9733157634656566,10.479325091800852,0.9540113061090483,3.0,4.0,1.0,7.35423197492163,3.677115987460815,8.0,19.031347962382444,1173.0,204800.0,19535.24331060575,19543.24331060575,10.483616545938457,10.479325091800852
2,admission_control,structured,320,102400,4,0.1,102400.0,5309.752925877763,0.9605006501950586,10.243776148998979,0.932567524891607,3.0,4.0,1.0,7.523510971786833,3.7617554858934166,8.0,19.28526645768025,1200.0,204800.0,19984.62742772967,19992.62742772967,10.247876811344993,10.243776148998979
2,resource_allocation,structured,320,102400,4,0.0,102400.0,4970.419963481436,1.0,9.174489761953113,1.0,3.0,4.0,1.0,8.401253918495298,4.200626959247649,8.0,20.60188087774295,1340.0,204800.0,22314.76729429813,22322.76729429813,9.17777888063975,9.174489761953113
2,resource_allocation,structured,320,102400,4,0.0025,102400.0,4972.689907139596,1.0004566905160606,9.181335365970153,1.0007461563743227,3.0,4.0,1.0,8.39498432601881,4.197492163009405,8.0,20.59247648902821,1339.0,204800.0,22298.123438108356,22306.123438108356,9.184629395762913,9.181335365970153
2,resource_allocation,structured,320,102400,4,0.005,102400.0,4974.961925068535,1.000913798355163,9.188191193397605,1.00149342707878,3.0,4.0,1.0,8.388714733542319,4.194357366771159,8.0,20.58307210031348,1338.0,204800.0,22281.47958191858,22289.47958191858,9.191490145304138,9.188191193397605
2,resource_allocation,structured,320,102400,4,0.01,102400.0,4984.070796460177,1.002746414403418,9.215717196621227,1.0044937032726424,3.0,4.0,1.0,8.363636363636363,4.181818181818182,8.0,20.545454545454547,1334.0,204800.0,22214.904157159483,22222.904157159483,9.219035947719652,9.215717196621227
2,resource_allocation,structured,320,102400,4,0.02,102400.0,4995.50389967885,1.0050466432176175,9.250357498089793,1.0082694229439664,3.0,4.0,1.0,8.332288401253917,4.166144200626959,8.0,20.49843260188088,1329.0,204800.0,22131.68487621061,22139.68487621061,9.253701249837508,9.250357498089793
2,resource_allocation,structured,320,102400,4,0.035,102400.0,5018.528191734521,1.0096789061299738,9.32042526035846,1.0159066609906249,3.0,4.0,1.0,8.269592476489027,4.134796238244514,8.0,20.404388714733543,1319.0,204800.0,21965.24631431286,21973.24631431286,9.323819868414109,9.32042526035846
2,resource_allocation,structured,320,102400,4,0.05,102400.0,5037.101002313029,1.013415574402467,9.377248388411543,1.0221002618913235,3.0,4.0,1.0,8.219435736677116,4.109717868338558,8.0,20.329153605015676,1311.0,204800.0,21832.095464794664,21840.095464794664,9.380684521568265,9.377248388411543
2,resource_allocation,structured,320,102400,4,0.075,102400.0,5065.219413862615,1.0190727244534037,9.463794180079963,1.0315335703274315,3.0,4.0,1.0,8.144200626959247,4.072100313479623,8.0,20.21630094043887,1299.0,204800.0,21632.369190517365,21640.369190517365,9.467294044231405,9.463794180079963
2,resource_allocation,structured,320,102400,4,0.1,102400.0,5041.7657045840415,1.0143540669856461,9.391562594819424,1.0236604801464293,3.0,4.0,1.0,8.206896551724137,4.1034482758620685,8.0,20.310344827586203,1309.0,204800.0,21798.807752415112,21806.807752415112,9.395009228305616,9.391562594819424
2,random_structured,structured,320,102400,4,0.0,102400.0,5547.826086956522,1.0,11.053559628461608,1.0,3.0,4.0,1.0,6.971786833855799,3.4858934169278997,8.0,18.4576802507837,1112.0,204800.0,18519.968083029493,18527.968083029493,11.058334392469366,11.053559628461608
2,random_structured,structured,320,102400,4,0.0025,102400.0,5536.542372881356,0.9979661016949152,11.013983748201001,0.9964196257503598,3.0,4.0,1.0,6.996865203761756,3.498432601880878,8.0,18.495297805642632,1116.0,204800.0,18586.543507788592,18594.543507788592,11.018724375200781,11.013983748201001
2,random_structured,structured,320,102400,4,0.005,102400.0,5528.109663225588,0.9964460991707563,10.984487316550746,0.9937511250463599,3.0,4.0,1.0,7.015673981191222,3.507836990595611,8.0,18.523510971786834,1119.0,204800.0,18636.475076357914,18644.475076357914,10.989202580471222,10.984487316550746
2,random_structured,structured,320,102400,4,0.01,102400.0,5514.112086428089,0.9939230249831195,10.935676121823045,0.9893352448802983,3.0,4.0,1.0,7.047021943573667,3.5235109717868336,8.0,18.570532915360502,1124.0,204800.0,18719.694357306787,18727.694357306787,10.940349563990674,10.935676121823045
2,random_structured,structured,320,102400,4,0.02,102400.0,5483.565553130771,0.9884169884169884,10.829803684556985,0.9797571143210303,3.0,4.0,1.0,7.115987460815047,3.5579937304075235,8.0,18.67398119122257,1135.0,204800.0,18902.77677539431,18910.77677539431,10.834387055058892,10.829803684556985
2,random_structured,structured,320,102400,4,0.035,102400.0,5447.898599066044,0.981987991994663,10.70729476842364,0.9686739049069427,3.0,4.0,1.0,7.197492163009404,3.598746081504702,8.0,18.796238244514107,1148.0,204800.0,19119.146905861384,19127.146905861384,10.711775007974554,10.70729476842364
2,random_structured,structured,320,102400,4,0.05,102400.0,5410.003312355085,0.9751573368665121,10.578424484020964,0.9570151914486237,3.0,4.0,1.0,7.28526645768025,3.642633228840125,8.0,18.927899686520377,1162.0,204800.0,19352.16089251823,19360.16089251823,10.582797504498739,10.578424484020964
2,random_structured,structured,320,102400,4,0.075,102400.0,5341.007194244604,0.9627207325049051,10.347144080203615,0.9360915784595709,3.0,4.0,1.0,7.448275862068965,3.7241379310344827,8.0,19.17241379310345,1188.0,204800.0,19784.90115345237,19792.90115345237,10.351327934952224,10.347144080203615
2,random_structured,structured,320,102400,4,0.1,102400.0,5171.062213075827,0.932088016463511,9.795275153466518,0.8861647724996067,3.0,4.0,1.0,7.86833855799373,3.934169278996865,8.0,19.802507836990596,1255.0,204800.0,20900.03951816728,20908.03951816728,9.79902453399566,9.795275153466518
3,inventory_threshold,structured,320,102400,4,0.0,102400.0,5072.298136645963,1.0,9.485680817873181,1.0,3.0,4.0,1.0,8.12539184952978,4.06269592476489,8.0,20.188087774294672,1296.0,204800.0,21582.43762194804,21590.43762194804,9.489196891815904,9.485680817873181
3,inventory_threshold,structured,320,102400,4,0.0025,102400.0,5074.662109678422,1.0004660556159704,9.492998877418433,1.0007714849029563,3.0,4.0,1.0,8.119122257053291,4.059561128526646,8.0,20.178683385579937,1295.0,204800.0,21565.793765758266,21573.793765758266,9.496520379656848,9.492998877418433
3,inventory_threshold,structured,320,102400,4,0.005,102400.0,5074.662109678422,1.0004660556159704,9.492998877418433,1.0007714849029563,3.0,4.0,1.0,8.119122257053291,4.059561128526646,8.0,20.178683385579937,1295.0,204800.0,21565.793765758266,21573.793765758266,9.496520379656848,9.492998877418433
3,inventory_threshold,structured,320,102400,4,0.01,102400.0,5077.028287224122,1.000932545850171,9.500328237226581,1.001544161102891,3.0,4.0,1.0,8.112852664576803,4.056426332288401,8.0,20.169278996865202,1294.0,204800.0,21549.149909568492,21557.149909568492,9.503855180341125,9.500328237226581
3,inventory_threshold,structured,320,102400,4,0.02,102400.0,5077.028287224122,1.000932545850171,9.500328237226581,1.001544161102891,3.0,4.0,1.0,8.112852664576803,4.056426332288401,8.0,20.169278996865202,1294.0,204800.0,21549.149909568492,21557.149909568492,9.503855180341125,9.500328237226581
3,inventory_threshold,structured,320,102400,4,0.035,102400.0,5081.767268201617,1.0018668326073428,9.515020962490052,1.0030930984480932,3.0,4.0,1.0,8.100313479623825,4.0501567398119125,8.0,20.15047021943574,1292.0,204800.0,21515.862197188944,21523.862197188944,9.518558825253919,9.515020962490052
3,inventory_threshold,structured,320,102400,4,0.05,102400.0,5112.78760369385,1.0079824698700894,9.611642672853906,1.0132791580698546,3.0,4.0,1.0,8.018808777429467,4.009404388714733,8.0,20.028213166144198,1279.0,204800.0,21299.492066721872,21307.492066721872,9.615252765580152,9.611642672853906
3,inventory_threshold,structured,320,102400,4,0.075,102400.0,5163.70534302877,1.018020866266203,9.771938283167549,1.0301778513098387,3.0,4.0,1.0,7.887147335423197,3.9435736677115987,8.0,19.830721003134798,1258.0,204800.0,20949.9710867366,20957.9710867366,9.77566981606283,9.771938283167549
3,inventory_threshold,structured,320,102400,4,0.1,102400.0,5205.673306772909,1.0262948207171316,9.905670959770667,1.0442762253929236,3.0,4.0,1.0,7.7805642633228835,3.8902821316614418,8.0,19.670846394984324,1241.0,204800.0,20667.025531510433,20675.025531510433,9.909505346463487,9.905670959770667
3,machine_replacement,structured,320,102400,4,0.0,102400.0,5622.3063683304645,1.0,11.317901162312365,1.0,3.0,4.0,1.0,6.808777429467084,3.404388714733542,8.0,18.213166144200628,1086.0,204800.0,18087.22782209535,18095.22782209535,11.322907081969545,11.317901162312365
3,machine_replacement,structured,320,102400,4,0.0025,102400.0,5628.118538938663,1.0010337698139216,11.338759776411553,1.0018429754598535,3.0,4.0,1.0,6.7962382445141065,3.3981191222570533,8.0,18.19435736677116,1084.0,204800.0,18053.9401097158,18061.9401097158,11.34378416874143,11.338759776411553
3,machine_replacement,structured,320,102400,4,0.005,102400.0,5625.210952298949,1.0005166178749785,11.328320867731266,1.0009206393720416,3.0,4.0,1.0,6.802507836990595,3.4012539184952977,8.0,18.203761755485893,1085.0,204800.0,18070.583965905575,18078.583965905575,11.333336010966972,11.328320867731266
3,machine_replacement,structured,320,102400,4,0.01,102400.0,5622.3063683304645,1.0,11.317901162312365,1.0,3.0,4.0,1.0,6.808777429467084,3.404388714733542,8.0,18.213166144200628,1086.0,204800.0,18087.22782209535,18095.22782209535,11.322907081969545,11.317901162312365
3,machine_replacement,structured,320,102400,4,0.02,102400.0,5619.404782384311,0.9994839153621194,11.307500607214491,0.999081052666151,3.0,4.0,1.0,6.815047021943573,3.4075235109717865,8.0,18.22257053291536,1087.0,204800.0,18103.871678285126,18111.871678285126,11.31249732871502,11.307500607214491
3,machine_replacement,structured,320,102400,4,0.035,102400.0,5616.5061898211825,0.998968363136176,11.297119149691708,0.9981637927100955,3.0,4.0,1.0,6.821316614420063,3.4106583072100314,8.0,18.231974921630094,1088.0,204800.0,18120.5155344749,18128.5155344749,11.302106698364128,11.297119149691708
3,machine_replacement,structured,320,102400,4,0.05,102400.0,5596.299468905259,0.9953743361315744,11.224979288894179,0.9917898316935645,3.0,4.0,1.0,6.8652037617554855,3.4326018808777428,8.0,18.29780564263323,1095.0,204800.0,18237.02252780332,18245.02252780332,11.22990332921788,11.224979288894179
3,machine_replacement,structured,320,102400,4,0.075,102400.0,5547.826086956522,0.9867527173913044,11.053559628461608,0.9766439439557052,3.0,4.0,1.0,6.971786833855799,3.4858934169278997,8.0,18.4576802507837,1112.0,204800.0,18519.968083029493,18527.968083029493,11.058334392469366,11.053559628461608
3,machine_replacement,structured,320,102400,4,0.1,102400.0,5447.898599066044,0.9689793195463643,10.70729476842364,0.9460495028952902,3.0,4.0,1.0,7.197492163009404,3.598746081504702,8.0,18.796238244514107,1148.0,204800.0,19119.146905861384,19127.146905861384,10.711775007974554,10.70729476842364
3,admission_control,structured,320,102400,4,0.0,102400.0,5528.109663225588,1.0,10.984487316550746,1.0,3.0,4.0,1.0,7.015673981191222,3.507836990595611,8.0,18.523510971786834,1119.0,204800.0,18636.475076357914,18644.475076357914,10.989202580471222,10.984487316550746
3,admission_control,structured,320,102400,4,0.0025,102400.0,5522.502113271345,0.9989856297548607,10.964910643553772,0.9982177891026851,3.0,4.0,1.0,7.028213166144201,3.5141065830721003,8.0,18.5423197492163,1121.0,204800.0,18669.762788737466,18677.762788737466,10.969609111667214,10.964910643553772
3,admission_control,structured,320,102400,4,0.005,102400.0,5516.905928052694,0.9979733153183585,10.94540362593612,0.9964419194552906,3.0,4.0,1.0,7.040752351097178,3.520376175548589,8.0,18.561128526645767,1123.0,204800.0,18703.050501117013,18711.050501117013,10.950085387823158,10.94540362593612
3,admission_control,structured,320,102400,4,0.01,102400.0,5508.532883642496,0.9964586846543003,10.91627289228703,0.99378993099105,3.0,4.0,1.0,7.059561128526646,3.529780564263323,8.0,18.58934169278997,1126.0,204800.0,18752.98206968634,18760.98206968634,10.920929761408633,10.91627289228703
3,admission_control,structured,320,102400,4,0.02,102400.0,5483.565553130771,0.9919422528118182,10.829803684556985,0.9859179925711514,3.0,4.0,1.0,7.115987460815047,3.5579937304075235,8.0,18.67398119122257,1135.0,204800.0,18902.77677539431,18910.77677539431,10.834387055058892,10.829803684556985
3,admission_control,structured,320,102400,4,0.035,102400.0,5456.088191080675,0.9869717721730417,10.73531940480107,0.9773163822243897,3.0,4.0,1.0,7.178683385579937,3.5893416927899686,8.0,18.768025078369906,1145.0,204800.0,19069.21533729206,19077.21533729206,10.739823132601051,10.73531940480107
3,admission_control,structured,320,102400,4,0.05,102400.0,5410.003312355085,0.9786353097052005,10.578424484020964,0.9630330646458163,3.0,4.0,1.0,7.28526645768025,3.642633228840125,8.0,18.927899686520377,1162.0,204800.0,19352.16089251823,19360.16089251823,10.582797504498739,10.578424484020964
3,admission_control,structured,320,102400,4,0.075,102400.0,5335.772623325711,0.9652074485462269,10.329771464698817,0.9403963213771986,3.0,4.0,1.0,7.460815047021943,3.7304075235109715,8.0,19.191222570532915,1190.0,204800.0,19818.188865831922,19826.188865831922,10.333941279220065,10.329771464698817
3,admission_control,structured,320,102400,4,0.1,102400.0,5243.274478330658,0.9484751203852329,10.026747284146328,0.9128097648252227,3.0,4.0,1.0,7.686520376175548,3.843260188087774,8.0,19.529780564263323,1226.0,204800.0,20417.36768866381,20425.36768866381,10.030675997166357,10.026747284146328
3,resource_allocation,structured,320,102400,4,0.0,102400.0,4970.419963481436,1.0,9.174489761953113,1.0,3.0,4.0,1.0,8.401253918495298,4.200626959247649,8.0,20.60188087774295,1340.0,204800.0,22314.76729429813,22322.76729429813,9.17777888063975,9.174489761953113
3,resource_allocation,structured,320,102400,4,0.0025,102400.0,4974.961925068535,1.000913798355163,9.188191193397605,1.00149342707878,3.0,4.0,1.0,8.388714733542319,4.194357366771159,8.0,20.58307210031348,1338.0,204800.0,22281.47958191858,22289.47958191858,9.191490145304138,9.188191193397605
3,resource_allocation,structured,320,102400,4,0.005,102400.0,4977.236020112754,1.0013713240895934,9.195057267154455,1.0022418146114933,3.0,4.0,1.0,8.38244514106583,4.191222570532915,8.0,20.573667711598745,1337.0,204800.0,22264.835725728804,22272.835725728804,9.198361152215337,9.195057267154455
3,resource_allocation,structured,320,102400,4,0.01,102400.0,4988.6377519853395,1.0036652412950522,9.229542137857855,1.0060005926578115,3.0,4.0,1.0,8.351097178683386,4.175548589341693,8.0,20.526645768025077,1332.0,204800.0,22181.61644477993,22189.61644477993,9.23287085545996,9.229542137857855
3,resource_allocation,structured,320,102400,4,0.02,102400.0,5013.906369915579,1.0087490406753645,9.306326918704768,1.014369971537642,3.0,4.0,1.0,8.282131661442007,4.141065830721003,8.0,20.423197492163013,1321.0,204800.0,21998.53402669241,22006.53402669241,9.309711263100594,9.306326918704768
3,resource_allocation,structured,320,102400,4,0.035,102400.0,5046.43905453422,1.0152942993974976,9.405920568811505,1.0252254689757399,3.0,4.0,1.0,8.19435736677116,4.09717868338558,8.0,20.291536050156736,1307.0,204800.0,21765.520040035564,21773.520040035564,9.409377750832062,9.405920568811505
3,resource_allocation,structured,320,102400,4,0.05,102400.0,5081.767268201617,1.0224019912881146,9.515020962490052,1.0371171813771194,3.0,4.0,1.0,8.100313479623825,4.0501567398119125,8.0,20.15047021943574,1292.0,204800.0,21515.862197188944,21523.862197188944,9.518558825253919,9.515020962490052
3,resource_allocation,structured,320,102400,4,0.075,102400.0,5127.232773504945,1.031549207345786,9.656902272291163,1.0525819443756566,3.0,4.0,1.0,7.981191222570533,3.9905956112852663,8.0,19.9717868338558,1273.0,204800.0,21199.62892958322,21207.62892958322,9.660546450141394,9.656902272291163
3,resource_allocation,structured,320,102400,4,0.1,102400.0,5163.70534302877,1.0388871324691749,9.771938283167549,1.065120626510705,3.0,4.0,1.0,7.887147335423197,3.9435736677115987,8.0,19.830721003134798,1258.0,204800.0,20949.9710867366,20957.9710867366,9.77566981606283,9.771938283167549
3,random_structured,structured,320,102400,4,0.0,102400.0,5553.485209112547,1.0,11.073454414762773,1.0,3.0,4.0,1.0,6.959247648902821,3.4796238244514104,8.0,18.438871473354233,1110.0,204800.0,18486.68037064994,18494.68037064994,11.078246385713856,11.073454414762773
3,random_structured,structured,320,102400,4,0.0025,102400.0,5553.485209112547,1.0,11.073454414762773,1.0,3.0,4.0,1.0,6.959247648902821,3.4796238244514104,8.0,18.438871473354233,1110.0,204800.0,18486.68037064994,18494.68037064994,11.078246385713856,11.073454414762773
3,random_structured,structured,320,102400,4,0.005,102400.0,5556.319101888076,1.0005102908657935,11.083428687876646,1.000900737271341,3.0,4.0,1.0,6.952978056426332,3.476489028213166,8.0,18.429467084639498,1109.0,204800.0,18470.036514460167,18478.036514460167,11.088229297200487,11.083428687876646
3,random_structured,structured,320,102400,4,0.01,102400.0,5556.319101888076,1.0005102908657935,11.083428687876646,1.000900737271341,3.0,4.0,1.0,6.952978056426332,3.476489028213166,8.0,18.429467084639498,1109.0,204800.0,18470.036514460167,18478.036514460167,11.088229297200487,11.083428687876646
3,random_structured,structured,320,102400,4,0.02,102400.0,5556.319101888076,1.0005102908657935,11.083428687876646,1.000900737271341,3.0,4.0,1.0,6.952978056426332,3.476489028213166,8.0,18.429467084639498,1109.0,204800.0,18470.036514460167,18478.036514460167,11.088229297200487,11.083428687876646
3,random_structured,structured,320,102400,4,0.035,102400.0,5530.917710802574,0.9959363359295632,10.994301890510226,0.9928520476729444,3.0,4.0,1.0,7.009404388714733,3.5047021943573666,8.0,18.5141065830721,1118.0,204800.0,18619.83122016814,18627.83122016814,10.999025586127232,10.994301890510226
3,random_structured,structured,320,102400,4,0.05,102400.0,5469.7923643670465,0.9849296718017415,10.78235456048784,0.9737119201134881,3.0,4.0,1.0,7.147335423197492,3.573667711598746,8.0,18.721003134796238,1140.0,204800.0,18985.996056343185,18993.996056343185,10.786897847878606,10.78235456048784
3,random_structured,structured,320,102400,4,0.075,102400.0,5183.575990796208,0.9333915182290635,11.002951616784575,0.993633170342562,3.0,5.0,1.25,7.003134796238244,3.501567398119122,9.25,19.754702194357364,1117.0,204800.0,18603.187363978366,18613.187363978366,11.008866168630723,11.002951616784575
3,random_structured,structured,320,102400,4,0.1,102400.0,5195.943850161053,0.9356185628504394,11.052366581654518,0.9980956409519199,3.0,5.0,1.25,6.971786833855799,3.4858934169278997,9.25,19.7076802507837,1112.0,204800.0,18519.968083029493,18529.968083029493,11.058334392469366,11.052366581654518
4,inventory_threshold,structured,320,102400,4,0.0,102400.0,5072.298136645963,1.0,9.485680817873181,1.0,3.0,4.0,1.0,8.12539184952978,4.06269592476489,8.0,20.188087774294672,1296.0,204800.0,21582.43762194804,21590.43762194804,9.489196891815904,9.485680817873181
4,inventory_threshold,structured,320,102400,4,0.0025,102400.0,5077.028287224122,1.000932545850171,9.500328237226581,1.001544161102891,3.0,4.0,1.0,8.112852664576803,4.056426332288401,8.0,20.169278996865202,1294.0,204800.0,21549.149909568492,21557.149909568492,9.503855180341125,9.500328237226581
4,inventory_threshold,structured,320,102400,4,0.005,102400.0,5077.028287224122,1.000932545850171,9.500328237226581,1.001544161102891,3.0,4.0,1.0,8.112852664576803,4.056426332288401,8.0,20.169278996865202,1294.0,204800.0,21549.149909568492,21557.149909568492,9.503855180341125,9.500328237226581
4,inventory_threshold,structured,320,102400,4,0.01,102400.0,5079.396672368216,1.001399471310838,9.507668923491993,1.0023180313612683,3.0,4.0,1.0,8.106583072100314,4.053291536050157,8.0,20.15987460815047,1293.0,204800.0,21532.50605337872,21540.50605337872,9.511201320102002,9.507668923491993
4,inventory_threshold,structured,320,102400,4,0.02,102400.0,5081.767268201617,1.0018668326073428,9.515020962490052,1.0030930984480932,3.0,4.0,1.0,8.100313479623825,4.0501567398119125,8.0,20.15047021943574,1292.0,204800.0,21515.862197188944,21523.862197188944,9.518558825253919,9.515020962490052
4,inventory_threshold,structured,320,102400,4,0.035,102400.0,5086.515104328871,1.0028028651510434,9.529759204192649,1.0046468342300128,3.0,4.0,1.0,8.087774294670846,4.043887147335423,8.0,20.131661442006266,1290.0,204800.0,21482.574484809393,21490.574484809393,9.53330803739639,9.529759204192649
4,inventory_threshold,structured,320,102400,4,0.05,102400.0,5105.595498593311,1.0065645514223196,9.589171591913674,1.0109102104559002,3.0,4.0,1.0,8.037617554858933,4.0188087774294665,8.0,20.0564263322884,1282.0,204800.0,21349.423635291194,21357.423635291194,9.592764821128936,9.589171591913674
4,inventory_threshold,structured,320,102400,4,0.075,102400.0,5161.257702638648,1.0175383156896824,9.764184017550614,1.0293603806647877,3.0,4.0,1.0,7.893416927899686,3.946708463949843,8.0,19.84012539184953,1259.0,204800.0,20966.614942926375,20974.614942926375,9.767909629546306,9.764184017550614
4,inventory_threshold,structured,320,102400,4,0.1,102400.0,5183.370358616312,1.021897810218978,9.834418624847412,1.036764657558067,3.0,4.0,1.0,7.836990595611285,3.9184952978056424,8.0,19.755485893416928,1250.0,204800.0,20816.820237218406,20824.820237218406,9.838198037269782,9.834418624847412
4,machine_replacement,structured,320,102400,4,0.0,102400.0,5622.3063683304645,1.0,11.317901162312365,1.0,3.0,4.0,1.0,6.808777429467084,3.404388714733542,8.0,18.213166144200628,1086.0,204800.0,18087.22782209535,18095.22782209535,11.322907081969545,11.317901162312365
4,machine_replacement,structured,320,102400,4,0.0025,102400.0,5625.210952298949,1.0005166178749785,11.328320867731266,1.0009206393720416,3.0,4.0,1.0,6.802507836990595,3.4012539184952977,8.0,18.203761755485893,1085.0,204800.0,18070.583965905575,18078.583965905575,11.333336010966972,11.328320867731266
4,machine_replacement,structured,320,102400,4,0.005,102400.0,5628.118538938663,1.0010337698139216,11.338759776411553,1.0018429754598535,3.0,4.0,1.0,6.7962382445141065,3.3981191222570533,8.0,18.19435736677116,1084.0,204800.0,18053.9401097158,18061.9401097158,11.34378416874143,11.338759776411553
4,machine_replacement,structured,320,102400,4,0.01,102400.0,5631.029132908119,1.001551456645406,11.349217941488899,1.0027670129582698,3.0,4.0,1.0,6.789968652037618,3.394984326018809,8.0,18.184952978056426,1083.0,204800.0,18037.296253526027,18045.296253526027,11.354251608522791,11.349217941488899
4,machine_replacement,structured,320,102400,4,0.02,102400.0,5633.942738875475,1.0020696791997241,11.359695416295196,1.003692756579462,3.0,4.0,1.0,6.783699059561128,3.391849529780564,8.0,18.17554858934169,1082.0,204800.0,18020.65239733625,18028.65239733625,11.364738383737585,11.359695416295196
4,machine_replacement,structured,320,102400,4,0.035,102400.0,5639.779005524862,1.00310773480663,11.380708509408725,1.0055493811260257,3.0,4.0,1.0,6.77115987460815,3.385579937304075,8.0,18.156739811912225,1080.0,204800.0,17987.3646849567,17995.3646849567,11.385770155162282,11.380708509408725
4,machine_replacement,structured,320,102400,4,0.05,102400.0,5642.701675591639,1.003627569528416,11.39124423536901,1.0064802715631473,3.0,4.0,1.0,6.764890282131661,3.3824451410658307,8.0,18.147335423197493,1079.0,204800.0,17970.720828766927,17978.720828766927,11.396315259216705,11.39124423536901
4,machine_replacement,structured,320,102400,4,0.075,102400.0,5619.404782384311,0.9994839153621194,11.307500607214491,0.999081052666151,3.0,4.0,1.0,6.815047021943573,3.4075235109717865,8.0,18.22257053291536,1087.0,204800.0,18103.871678285126,18111.871678285126,11.31249732871502,11.307500607214491
4,machine_replacement,structured,320,102400,4,0.1,102400.0,5593.424657534248,0.9948630136986304,11.214748736156599,0.9908859050210427,3.0,4.0,1.0,6.871473354231974,3.435736677115987,8.0,18.30721003134796,1096.0,204800.0,18253.666383993095,18261.666383993095,11.219663802971226,11.214748736156599
4,admission_control,structured,320,102400,4,0.0,102400.0,5528.109663225588,1.0,10.984487316550746,1.0,3.0,4.0,1.0,7.015673981191222,3.507836990595611,8.0,18.523510971786834,1119.0,204800.0,18636.475076357914,18644.475076357914,10.989202580471222,10.984487316550746
4,admission_control,structured,320,102400,4,0.0025,102400.0,5522.502113271345,0.9989856297548607,10.964910643553772,0.9982177891026851,3.0,4.0,1.0,7.028213166144201,3.5141065830721003,8.0,18.5423197492163,1121.0,204800.0,18669.762788737466,18677.762788737466,10.969609111667214,10.964910643553772
4,admission_control,structured,320,102400,4,0.005,102400.0,5522.502113271345,0.9989856297548607,10.964910643553772,0.9982177891026851,3.0,4.0,1.0,7.028213166144201,3.5141065830721003,8.0,18.5423197492163,1121.0,204800.0,18669.762788737466,18677.762788737466,10.969609111667214,10.964910643553772
4,admission_control,structured,320,102400,4,0.01,102400.0,5511.321073055508,0.9969630504471065,10.92596589259881,0.9946723572739021,3.0,4.0,1.0,7.053291536050157,3.5266457680250785,8.0,18.579937304075237,1125.0,204800.0,18736.338213496565,18744.338213496565,10.930631037204165,10.92596589259881
4,admission_control,structured,320,102400,4,0.02,102400.0,5497.408280040391,0.9944463143722655,10.87767226632667,0.9902758274331899,3.0,4.0,1.0,7.084639498432602,3.542319749216301,8.0,18.6269592476489,1130.0,204800.0,18819.55749444544,18827.55749444544,10.882296252738481,10.87767226632667
4,admission_control,structured,320,102400,4,0.035,102400.0,5480.805369127516,0.9914429530201342,10.820280480175484,0.9850510240812199,3.0,4.0,1.0,7.122257053291536,3.561128526645768,8.0,18.683385579937305,1136.0,204800.0,18919.420631584086,18927.420631584086,10.824855791731107,10.820280480175484
4,admission_control,structured,320,102400,4,0.05,102400.0,5450.625730018355,0.9859836475888538,10.71662004227143,0.9756140394576531,3.0,4.0,1.0,7.191222570532915,3.5956112852664575,8.0,18.786833855799372,1147.0,204800.0,19102.503049671606,19110.503049671606,10.721108090780843,10.71662004227143
4,admission_control,structured,320,102400,4,0.075,102400.0,5385.919208573784,0.9742786479802145,10.49720482288642,0.9556390316979001,3.0,4.0,1.0,7.3416927899686515,3.6708463949843257,8.0,19.012539184952978,1171.0,204800.0,19501.955598226203,19509.955598226203,10.501510936607175,10.49720482288642
4,admission_control,structured,320,102400,4,0.1,102400.0,5333.159183673469,0.964734693877551,10.321107014761644,0.9396075317243471,3.0,4.0,1.0,7.467084639498433,3.7335423197492164,8.0,19.20062695924765,1191.0,204800.0,19834.832722021696,19842.832722021696,10.32526983565735,10.321107014761644
4,resource_allocation,structured,320,102400,4,0.0,102400.0,4970.419963481436,1.0,9.174489761953113,1.0,3.0,4.0,1.0,8.401253918495298,4.200626959247649,8.0,20.60188087774295,1340.0,204800.0,22314.76729429813,22322.76729429813,9.17777888063975,9.174489761953113
4,resource_allocation,structured,320,102400,4,0.0025,102400.0,4972.689907139596,1.0004566905160606,9.181335365970153,1.0007461563743227,3.0,4.0,1.0,8.39498432601881,4.197492163009405,8.0,20.59247648902821,1339.0,204800.0,22298.123438108356,22306.123438108356,9.184629395762913,9.181335365970153
4,resource_allocation,structured,320,102400,4,0.005,102400.0,4977.236020112754,1.0013713240895934,9.195057267154455,1.0022418146114933,3.0,4.0,1.0,8.38244514106583,4.191222570532915,8.0,20.573667711598745,1337.0,204800.0,22264.835725728804,22272.835725728804,9.198361152215337,9.195057267154455
4,resource_allocation,structured,320,102400,4,0.01,102400.0,4986.35322851473,1.0032056174629829,9.222624486260605,1.0052465832494695,3.0,4.0,1.0,8.357366771159874,4.178683385579937,8.0,20.53605015673981,1333.0,204800.0,22198.260300969705,22206.260300969705,9.225948215007351,9.222624486260605
4,resource_allocation,structured,320,102400,4,0.02,102400.0,5009.293053212697,1.0078208863671216,9.292271163742344,1.0128379239440293,3.0,4.0,1.0,8.294670846394984,4.147335423197492,8.0,20.44200626959248,1323.0,204800.0,22031.82173907196,22039.82173907196,9.295645290956623,9.292271163742344
4,resource_allocation,structured,320,102400,4,0.035,102400.0,5044.101297096973,1.0148239654107474,9.398736098330911,1.0244423768728539,3.0,4.0,1.0,8.200626959247648,4.100313479623824,8.0,20.300940438871475,1308.0,204800.0,21782.16389622534,21790.16389622534,9.402188000040256,9.398736098330911
4,resource_allocation,structured,320,102400,4,0.05,102400.0,5072.298136645963,1.020496894409938,9.485680817873181,1.0339191676043487,3.0,4.0,1.0,8.12539184952978,4.06269592476489,8.0,20.188087774294672,1296.0,204800.0,21582.43762194804,21590.43762194804,9.489196891815904,9.485680817873181
4,resource_allocation,structured,320,102400,4,0.075,102400.0,5122.408656107888,1.0305786419946685,9.641768453410558,1.050932390092718,3.0,4.0,1.0,7.99373040752351,3.996865203761755,8.0,19.990595611285265,1275.0,204800.0,21232.916641962773,21240.916641962773,9.645401216112356,9.641768453410558
4,resource_allocation,structured,320,102400,4,0.1,102400.0,5141.759798520384,1.0344719030379348,9.702590127909568,1.0575618241078106,3.0,4.0,1.0,7.943573667711599,3.9717868338557993,8.0,19.9153605015674,1267.0,204800.0,21099.765792444574,21107.765792444574,9.706268875900745,9.702590127909568
4,random_structured,structured,320,102400,4,0.0,102400.0,5367.334866907657,1.0,10.434891109115433,1.0,3.0,4.0,1.0,7.385579937304075,3.6927899686520376,8.0,19.078369905956112,1178.0,204800.0,19618.462591554624,19626.462591554624,10.439146240142309,10.434891109115433
4,random_structured,structured,320,102400,4,0.0025,102400.0,5364.690425357201,0.9995073082607981,10.426049491958896,0.9991526871661541,3.0,4.0,1.0,7.391849529780564,3.695924764890282,8.0,19.087774294670847,1179.0,204800.0,19635.106447744398,19643.106447744398,10.430297413718712,10.426049491958896
4,random_structured,structured,320,102400,4,0.005,102400.0,5367.334866907657,1.0,10.434891109115433,1.0,3.0,4.0,1.0,7.385579937304075,3.6927899686520376,8.0,19.078369905956112,1178.0,204800.0,19618.462591554624,19626.462591554624,10.439146240142309,10.434891109115433
4,random_structured,structured,320,102400,4,0.01,102400.0,5362.048588312541,0.9990151017728168,10.417222845348999,0.9983068089947771,3.0,4.0,1.0,7.398119122257053,3.6990595611285264,8.0,19.09717868338558,1180.0,204800.0,19651.750303934175,19659.750303934175,10.421463576147726,10.417222845348999
4,random_structured,structured,320,102400,4,0.02,102400.0,5367.334866907657,1.0,10.434891109115433,1.0,3.0,4.0,1.0,7.385579937304075,3.6927899686520376,8.0,19.078369905956112,1178.0,204800.0,19618.462591554624,19626.462591554624,10.439146240142309,10.434891109115433
4,random_structured,structured,320,102400,4,0.035,102400.0,5391.252681960719,1.0044561808879353,10.515145670724536,1.0076909821837043,3.0,4.0,1.0,7.329153605015674,3.664576802507837,8.0,18.99373040752351,1169.0,204800.0,19468.66788584665,19476.66788584665,10.519466519272521,10.515145670724536
4,random_structured,structured,320,102400,4,0.05,102400.0,5412.692626346314,1.0084507042253523,10.587526540048097,1.0146274100358679,3.0,4.0,1.0,7.278996865203761,3.6394984326018807,8.0,18.91849529780564,1161.0,204800.0,19335.517036328452,19343.517036328452,10.591907090729066,10.587526540048097
4,random_structured,structured,320,102400,4,0.075,102400.0,5388.5846255361275,1.0039590894094361,10.506167587642805,1.0068305915013438,3.0,4.0,1.0,7.335423197492163,3.6677115987460813,8.0,19.003134796238243,1170.0,204800.0,19485.311742036425,19493.311742036425,10.510481059339531,10.506167587642805
4,random_structured,structured,320,102400,4,0.1,102400.0,5348.878336335353,0.9965613230718848,10.373312845338772,0.9940988110817113,3.0,4.0,1.0,7.429467084639498,3.714733542319749,8.0,19.144200626959247,1185.0,204800.0,19734.96958488305,19742.96958488305,10.377517893763384,10.373312845338772
5,inventory_threshold,structured,320,102400,4,0.0,102400.0,5072.298136645963,1.0,9.485680817873181,1.0,3.0,4.0,1.0,8.12539184952978,4.06269592476489,8.0,20.188087774294672,1296.0,204800.0,21582.43762194804,21590.43762194804,9.489196891815904,9.485680817873181
5,inventory_threshold,structured,320,102400,4,0.0025,102400.0,5069.936365047339,0.9995343783951577,9.478374032477173,0.9992297036410671,3.0,4.0,1.0,8.13166144200627,4.065830721003135,8.0,20.197492163009404,1297.0,204800.0,21599.081478137818,21607.081478137818,9.481884690665883,9.478374032477173
5,inventory_threshold,structured,320,102400,4,0.005,102400.0,5069.936365047339,0.9995343783951577,9.478374032477173,0.9992297036410671,3.0,4.0,1.0,8.13166144200627,4.065830721003135,8.0,20.197492163009404,1297.0,204800.0,21599.081478137818,21607.081478137818,9.481884690665883,9.478374032477173
5,inventory_threshold,structured,320,102400,4,0.01,102400.0,5069.936365047339,0.9995343783951577,9.478374032477173,0.9992297036410671,3.0,4.0,1.0,8.13166144200627,4.065830721003135,8.0,20.197492163009404,1297.0,204800.0,21599.081478137818,21607.081478137818,9.481884690665883,9.478374032477173
5,inventory_threshold,structured,320,102400,4,0.02,102400.0,5065.219413862615,0.9986044347960925,9.463794180079963,0.9976926655857977,3.0,4.0,1.0,8.144200626959247,4.072100313479623,8.0,20.21630094043887,1299.0,204800.0,21632.369190517365,21640.369190517365,9.467294044231405,9.463794180079963
5,inventory_threshold,structured,320,102400,4,0.035,102400.0,5060.511231603408,0.9976762199845082,9.449259112919993,0.9961603488824374,3.0,4.0,1.0,8.156739811912225,4.078369905956112,8.0,20.235109717868337,1301.0,204800.0,21665.656902896917,21673.656902896917,9.452748232739538,9.449259112919993
5,inventory_threshold,structured,320,102400,4,0.05,102400.0,5027.797444974603,0.9912267200246268,9.348750480277642,0.9855645219120666,3.0,4.0,1.0,8.244514106583072,4.122257053291536,8.0,20.36677115987461,1315.0,204800.0,21898.670889553763,21906.670889553763,9.352165756219248,9.348750480277642
5,inventory_threshold,structured,320,102400,4,0.075,102400.0,4892.2570016474465,0.964505017223304,8.941161206557819,0.9425956215721107,3.0,4.0,1.0,8.620689655172413,4.310344827586206,8.0,20.93103448275862,1375.0,204800.0,22897.302260940243,22905.302260940243,8.944285124338059,8.941161206557819
5,inventory_threshold,structured,320,102400,4,0.1,102400.0,4535.78644079564,0.8942270975804493,8.67563389245954,0.9146031854785449,3.0,5.0,1.25,8.884012539184953,4.4420062695924765,9.25,22.576018808777427,1417.0,204800.0,23596.34422091078,23606.34422091078,8.679310578055937,8.67563389245954
5,machine_replacement,structured,320,102400,4,0.0,102400.0,5622.3063683304645,1.0,11.317901162312365,1.0,3.0,4.0,1.0,6.808777429467084,3.404388714733542,8.0,18.213166144200628,1086.0,204800.0,18087.22782209535,18095.22782209535,11.322907081969545,11.317901162312365
5,machine_replacement,structured,320,102400,4,0.0025,102400.0,5622.3063683304645,1.0,11.317901162312365,1.0,3.0,4.0,1.0,6.808777429467084,3.404388714733542,8.0,18.213166144200628,1086.0,204800.0,18087.22782209535,18095.22782209535,11.322907081969545,11.317901162312365
5,machine_replacement,structured,320,102400,4,0.005,102400.0,5619.404782384311,0.9994839153621194,11.307500607214491,0.999081052666151,3.0,4.0,1.0,6.815047021943573,3.4075235109717865,8.0,18.22257053291536,1087.0,204800.0,18103.871678285126,18111.871678285126,11.31249732871502,11.307500607214491
5,machine_replacement,structured,320,102400,4,0.01,102400.0,5616.5061898211825,0.998968363136176,11.297119149691708,0.9981637927100955,3.0,4.0,1.0,6.821316614420063,3.4106583072100314,8.0,18.231974921630094,1088.0,204800.0,18120.5155344749,18128.5155344749,11.302106698364128,11.297119149691708
5,machine_replacement,structured,320,102400,4,0.02,102400.0,5610.717966334593,0.997938852627963,11.276413317354407,0.9963343163751854,3.0,4.0,1.0,6.83385579937304,3.41692789968652,8.0,18.25078369905956,1090.0,204800.0,18153.803246854448,18161.803246854448,11.281382595985013,11.276413317354407
5,machine_replacement,structured,320,102400,4,0.035,102400.0,5556.319101888076,0.9882633100867495,11.083428687876646,0.9792830427591563,3.0,4.0,1.0,6.952978056426332,3.476489028213166,8.0,18.429467084639498,1109.0,204800.0,18470.036514460167,18478.036514460167,11.088229297200487,11.083428687876646
5,machine_replacement,structured,320,102400,4,0.05,102400.0,5467.046025104602,0.9723849372384937,10.772914585846397,0.9518473815374244,3.0,4.0,1.0,7.153605015673981,3.5768025078369905,8.0,18.730407523510973,1141.0,204800.0,19002.63991253296,19010.63991253296,10.777449919730714,10.772914585846397
5,machine_replacement,structured,320,102400,4,0.075,102400.0,5276.304312712002,0.9384590534647069,10.134099893388003,0.895404523157852,3.0,4.0,1.0,7.605015673981191,3.8025078369905954,8.0,19.407523510971785,1213.0,204800.0,20200.99755819674,20208.99755819674,10.13811320010286,10.134099893388003
5,machine_replacement,structured,320,102400,4,0.1,102400.0,5079.396672368216,0.9034364795521691,9.507668923491993,0.8400558360724787,3.0,4.0,1.0,8.106583072100314,4.053291536050157,8.0,20.15987460815047,1293.0,204800.0,21532.50605337872,21540.50605337872,9.511201320102002,9.507668923491993
5,admission_control,structured,320,102400,4,0.0,102400.0,5528.109663225588,1.0,10.984487316550746,1.0,3.0,4.0,1.0,7.015673981191222,3.507836990595611,8.0,18.523510971786834,1119.0,204800.0,18636.475076357914,18644.475076357914,10.989202580471222,10.984487316550746
5,admission_control,structured,320,102400,4,0.0025,102400.0,5516.905928052694,0.9979733153183585,10.94540362593612,0.9964419194552906,3.0,4.0,1.0,7.040752351097178,3.520376175548589,8.0,18.561128526645767,1123.0,204800.0,18703.050501117013,18711.050501117013,10.950085387823158,10.94540362593612
5,admission_control,structured,320,102400,4,0.005,102400.0,5519.702602230483,0.9984792159513349,10.955148451078164,0.997329063739882,3.0,4.0,1.0,7.0344827586206895,3.5172413793103448,8.0,18.551724137931036,1122.0,204800.0,18686.40664492724,18694.40664492724,10.959838554920704,10.955148451078164
5,admission_control,structured,320,102400,4,0.01,102400.0,5497.408280040391,0.9944463143722655,10.87767226632667,0.9902758274331899,3.0,4.0,1.0,7.084639498432602,3.542319749216301,8.0,18.6269592476489,1130.0,204800.0,18819.55749444544,18827.55749444544,10.882296252738481,10.87767226632667
5,admission_control,structured,320,102400,4,0.02,102400.0,5458.823529411764,0.9874665775401069,10.744693578733994,0.9781697833584417,3.0,4.0,1.0,7.172413793103448,3.586206896551724,8.0,18.758620689655174,1144.0,204800.0,19052.571481102284,19060.571481102284,10.749205177009069,10.744693578733994
5,admission_control,structured,320,102400,4,0.035,102400.0,5410.003312355085,0.9786353097052005,10.578424484020964,0.9630330646458163,3.0,4.0,1.0,7.28526645768025,3.642633228840125,8.0,18.927899686520377,1162.0,204800.0,19352.16089251823,19360.16089251823,10.582797504498739,10.578424484020964
5,admission_control,structured,320,102400,4,0.05,102400.0,5348.878336335353,0.9675781889634847,10.373312845338772,0.9443602187704205,3.0,4.0,1.0,7.429467084639498,3.714733542319749,8.0,19.144200626959247,1185.0,204800.0,19734.96958488305,19742.96958488305,10.377517893763384,10.373312845338772
5,admission_control,structured,320,102400,4,0.075,102400.0,5144.188976377953,0.9305511811023622,9.710246833666869,0.8839963626737563,3.0,4.0,1.0,7.93730407523511,3.968652037617555,8.0,19.905956112852664,1266.0,204800.0,21083.1219362548,21091.1219362548,9.71393139114864,9.710246833666869
5,admission_control,structured,320,102400,4,0.1,102400.0,4883.480340858126,0.8833906413514727,8.915248583597235,0.8116217285957706,3.0,4.0,1.0,8.64576802507837,4.322884012539185,8.0,20.968652037617552,1379.0,204800.0,22963.877685699343,22971.877685699343,8.918354417448336,8.915248583597235
5,resource_allocation,structured,320,102400,4,0.0,102400.0,4970.419963481436,1.0,9.174489761953113,1.0,3.0,4.0,1.0,8.401253918495298,4.200626959247649,8.0,20.60188087774295,1340.0,204800.0,22314.76729429813,22322.76729429813,9.17777888063975,9.174489761953113
5,resource_allocation,structured,320,102400,4,0.0025,102400.0,4970.419963481436,1.0,9.174489761953113,1.0,3.0,4.0,1.0,8.401253918495298,4.200626959247649,8.0,20.60188087774295,1340.0,204800.0,22314.76729429813,22322.76729429813,9.17777888063975,9.174489761953113
5,resource_allocation,structured,320,102400,4,0.005,102400.0,4970.419963481436,1.0,9.174489761953113,1.0,3.0,4.0,1.0,8.401253918495298,4.200626959247649,8.0,20.60188087774295,1340.0,204800.0,22314.76729429813,22322.76729429813,9.17777888063975,9.174489761953113
5,resource_allocation,structured,320,102400,4,0.01,102400.0,4968.152091254753,0.9995437262357416,9.167654358495795,0.999254955465135,3.0,4.0,1.0,8.407523510971787,4.2037617554858935,8.0,20.611285266457678,1341.0,204800.0,22331.411150487904,22339.411150487904,9.170938577051162,9.167654358495795
5,resource_allocation,structured,320,102400,4,0.02,102400.0,4963.622549764475,0.9986324266828752,9.154014062197557,0.9977681919881289,3.0,4.0,1.0,8.420062695924765,4.210031347962382,8.0,20.630094043887144,1343.0,204800.0,22364.698862867455,22372.698862867455,9.157288513284362,9.154014062197557
5,resource_allocation,structured,320,102400,4,0.035,102400.0,4963.622549764475,0.9986324266828752,9.154014062197557,0.9977681919881289,3.0,4.0,1.0,8.420062695924765,4.210031347962382,8.0,20.630094043887144,1343.0,204800.0,22364.698862867455,22372.698862867455,9.157288513284362,9.154014062197557
5,resource_allocation,structured,320,102400,4,0.05,102400.0,5006.989576946659,1.0073574494175355,9.285259196015343,1.0120736342768175,3.0,4.0,1.0,8.300940438871473,4.150470219435737,8.0,20.451410658307207,1324.0,204800.0,22048.465595261732,22056.465595261732,9.288628231980551,9.285259196015343
5,resource_allocation,structured,320,102400,4,0.075,102400.0,4747.389456091269,0.9551284380336446,9.383540083049448,1.0227860433136318,3.0,5.0,1.25,8.213166144200626,4.106583072100313,9.25,21.56974921630094,1310.0,204800.0,21815.451608604886,21825.451608604886,9.387841410499092,9.383540083049448
5,resource_allocation,structured,320,102400,4,0.1,102400.0,4686.095470358282,0.942796686152853,9.173667850607655,0.9999104133998965,3.0,5.0,1.25,8.401253918495298,4.200626959247649,9.25,21.85188087774295,1340.0,204800.0,22314.76729429813,22324.76729429813,9.17777888063975,9.173667850607655
5,random_structured,structured,320,102400,4,0.0,102400.0,5698.813677599442,1.0,11.595195710163917,1.0,3.0,4.0,1.0,6.64576802507837,3.322884012539185,8.0,17.968652037617556,1060.0,204800.0,17654.487561161208,17662.487561161208,11.600449987036013,11.595195710163917
5,random_structured,structured,320,102400,4,0.0025,102400.0,5689.879811879464,0.9984323288625676,11.562508683878223,0.9971809853750858,3.0,4.0,1.0,6.6645768025078365,3.3322884012539182,8.0,17.996865203761754,1063.0,204800.0,17704.41912973053,17712.41912973053,11.567733372064444,11.562508683878223
5,random_structured,structured,320,102400,4,0.005,102400.0,5686.908077994429,0.9979108635097493,11.551653923427523,0.9962448424481333,3.0,4.0,1.0,6.670846394984326,3.335423197492163,8.0,18.00626959247649,1064.0,204800.0,17721.062985920307,17729.062985920307,11.556868804242566,11.551653923427523
5,random_structured,structured,320,102400,4,0.01,102400.0,5678.011472275334,0.9963497305753519,11.519211582652913,0.9934469301415586,3.0,4.0,1.0,6.689655172413793,3.3448275862068964,8.0,18.03448275862069,1067.0,204800.0,17770.99455448963,17778.99455448963,11.524397206472596,11.519211582652913
5,random_structured,structured,320,102400,4,0.02,102400.0,5663.245492371706,0.9937586685159501,11.465544074591598,0.9888185039034165,3.0,4.0,1.0,6.721003134796238,3.360501567398119,8.0,18.08150470219436,1072.0,204800.0,17854.213835438502,17862.213835438502,11.47068148100121,11.465544074591598
5,random_structured,structured,320,102400,4,0.035,102400.0,5639.779005524862,0.9896408839779006,11.380708509408725,0.9815020629132477,3.0,4.0,1.0,6.77115987460815,3.385579937304075,8.0,18.156739811912225,1080.0,204800.0,17987.3646849567,17995.3646849567,11.385770155162282,11.380708509408725
5,random_structured,structured,320,102400,4,0.05,102400.0,5539.358996099712,0.9720196710191624,11.023851126377188,0.9507257490025882,3.0,4.0,1.0,6.990595611285266,3.495297805642633,8.0,18.485893416927897,1115.0,204800.0,18569.89965159882,18577.89965159882,11.028600253225777,11.023851126377188
5,random_structured,structured,320,102400,4,0.075,102400.0,5271.195739874132,0.924963692109085,10.11743472945184,0.872554028612322,3.0,4.0,1.0,7.617554858934169,3.8087774294670846,8.0,19.426332288401255,1215.0,204800.0,20234.28527057629,20242.28527057629,10.121434844936687,10.11743472945184
5,random_structured,structured,320,102400,4,0.1,102400.0,4974.961925068535,0.8729820286323484,9.188191193397605,0.7924136360495907,3.0,4.0,1.0,8.388714733542319,4.194357366771159,8.0,20.58307210031348,1338.0,204800.0,22281.47958191858,22289.47958191858,9.191490145304138,9.188191193397605
6,inventory_threshold,structured,320,102400,4,0.0,102400.0,5072.298136645963,1.0,9.485680817873181,1.0,3.0,4.0,1.0,8.12539184952978,4.06269592476489,8.0,20.188087774294672,1296.0,204800.0,21582.43762194804,21590.43762194804,9.489196891815904,9.485680817873181
6,inventory_threshold,structured,320,102400,4,0.0025,102400.0,5077.028287224122,1.000932545850171,9.500328237226581,1.001544161102891,3.0,4.0,1.0,8.112852664576803,4.056426332288401,8.0,20.169278996865202,1294.0,204800.0,21549.149909568492,21557.149909568492,9.503855180341125,9.500328237226581
6,inventory_threshold,structured,320,102400,4,0.005,102400.0,5074.662109678422,1.0004660556159704,9.492998877418433,1.0007714849029563,3.0,4.0,1.0,8.119122257053291,4.059561128526646,8.0,20.178683385579937,1295.0,204800.0,21565.793765758266,21573.793765758266,9.496520379656848,9.492998877418433
6,inventory_threshold,structured,320,102400,4,0.01,102400.0,5077.028287224122,1.000932545850171,9.500328237226581,1.001544161102891,3.0,4.0,1.0,8.112852664576803,4.056426332288401,8.0,20.169278996865202,1294.0,204800.0,21549.149909568492,21557.149909568492,9.503855180341125,9.500328237226581
6,inventory_threshold,structured,320,102400,4,0.02,102400.0,5074.662109678422,1.0004660556159704,9.492998877418433,1.0007714849029563,3.0,4.0,1.0,8.119122257053291,4.059561128526646,8.0,20.178683385579937,1295.0,204800.0,21565.793765758266,21573.793765758266,9.496520379656848,9.492998877418433
6,inventory_threshold,structured,320,102400,4,0.035,102400.0,5079.396672368216,1.001399471310838,9.507668923491993,1.0023180313612683,3.0,4.0,1.0,8.106583072100314,4.053291536050157,8.0,20.15987460815047,1293.0,204800.0,21532.50605337872,21540.50605337872,9.511201320102002,9.507668923491993
6,inventory_threshold,structured,320,102400,4,0.05,102400.0,5084.140077821012,1.0023346303501945,9.522384380577481,1.0038693651419455,3.0,4.0,1.0,8.094043887147334,4.047021943573667,8.0,20.141065830721004,1291.0,204800.0,21499.218340999167,21507.218340999167,9.525927722192806,9.522384380577481
6,inventory_threshold,structured,320,102400,4,0.075,102400.0,5112.78760369385,1.0079824698700894,9.611642672853906,1.0132791580698546,3.0,4.0,1.0,8.018808777429467,4.009404388714733,8.0,20.028213166144198,1279.0,204800.0,21299.492066721872,21307.492066721872,9.615252765580152,9.611642672853906
6,inventory_threshold,structured,320,102400,4,0.1,102400.0,5105.595498593311,1.0065645514223196,9.589171591913674,1.0109102104559002,3.0,4.0,1.0,8.037617554858933,4.0188087774294665,8.0,20.0564263322884,1282.0,204800.0,21349.423635291194,21357.423635291194,9.592764821128936,9.589171591913674
6,machine_replacement,structured,320,102400,4,0.0,102400.0,5622.3063683304645,1.0,11.317901162312365,1.0,3.0,4.0,1.0,6.808777429467084,3.404388714733542,8.0,18.213166144200628,1086.0,204800.0,18087.22782209535,18095.22782209535,11.322907081969545,11.317901162312365
6,machine_replacement,structured,320,102400,4,0.0025,102400.0,5625.210952298949,1.0005166178749785,11.328320867731266,1.0009206393720416,3.0,4.0,1.0,6.802507836990595,3.4012539184952977,8.0,18.203761755485893,1085.0,204800.0,18070.583965905575,18078.583965905575,11.333336010966972,11.328320867731266
6,machine_replacement,structured,320,102400,4,0.005,102400.0,5628.118538938663,1.0010337698139216,11.338759776411553,1.0018429754598535,3.0,4.0,1.0,6.7962382445141065,3.3981191222570533,8.0,18.19435736677116,1084.0,204800.0,18053.9401097158,18061.9401097158,11.34378416874143,11.338759776411553
6,machine_replacement,structured,320,102400,4,0.01,102400.0,5625.210952298949,1.0005166178749785,11.328320867731266,1.0009206393720416,3.0,4.0,1.0,6.802507836990595,3.4012539184952977,8.0,18.203761755485893,1085.0,204800.0,18070.583965905575,18078.583965905575,11.333336010966972,11.328320867731266
6,machine_replacement,structured,320,102400,4,0.02,102400.0,5619.404782384311,0.9994839153621194,11.307500607214491,0.999081052666151,3.0,4.0,1.0,6.815047021943573,3.4075235109717865,8.0,18.22257053291536,1087.0,204800.0,18103.871678285126,18111.871678285126,11.31249732871502,11.307500607214491
6,machine_replacement,structured,320,102400,4,0.035,102400.0,5604.941660947152,0.9969114619080303,11.255783247187566,0.9945115340526521,3.0,4.0,1.0,6.846394984326018,3.423197492163009,8.0,18.269592476489027,1092.0,204800.0,18187.090959234,18195.090959234,11.260734355981125,11.255783247187566
6,machine_replacement,structured,320,102400,4,0.05,102400.0,5573.383381675481,0.9912984132400614,11.143653713307609,0.984604261293164,3.0,4.0,1.0,6.915360501567398,3.457680250783699,8.0,18.3730407523511,1103.0,204800.0,18370.17337732152,18378.17337732152,11.148506646803408,11.143653713307609
6,machine_replacement,structured,320,102400,4,0.075,102400.0,5453.355592654425,0.9699499165275461,10.72596157354683,0.9476988197479014,3.0,4.0,1.0,7.184952978056426,3.592476489028213,8.0,18.777429467084637,1146.0,204800.0,19085.859193481832,19093.859193481832,10.730457451448816,10.72596157354683
6,machine_replacement,structured,320,102400,4,0.1,102400.0,5312.343470483006,0.9448690844039683,10.252311194918175,0.9058491541751121,3.0,4.0,1.0,7.517241379310344,3.758620689655172,8.0,19.275862068965516,1199.0,204800.0,19967.983571539895,19975.983571539895,10.256418694769899,10.252311194918175
6,admission_control,structured,320,102400,4,0.0,102400.0,5528.109663225588,1.0,10.984487316550746,1.0,3.0,4.0,1.0,7.015673981191222,3.507836990595611,8.0,18.523510971786834,1119.0,204800.0,18636.475076357914,18644.475076357914,10.989202580471222,10.984487316550746
6,admission_control,structured,320,102400,4,0.0025,102400.0,5519.702602230483,0.9984792159513349,10.955148451078164,0.997329063739882,3.0,4.0,1.0,7.0344827586206895,3.5172413793103448,8.0,18.551724137931036,1122.0,204800.0,18686.40664492724,18694.40664492724,10.959838554920704,10.955148451078164
6,admission_control,structured,320,102400,4,0.005,102400.0,5522.502113271345,0.9989856297548607,10.964910643553772,0.9982177891026851,3.0,4.0,1.0,7.028213166144201,3.5141065830721003,8.0,18.5423197492163,1121.0,204800.0,18669.762788737466,18677.762788737466,10.969609111667214,10.964910643553772
6,admission_control,structured,320,102400,4,0.01,102400.0,5525.304465493911,0.9994925575101491,10.974690249832724,0.9991080997741915,3.0,4.0,1.0,7.021943573667711,3.5109717868338555,8.0,18.532915360501566,1120.0,204800.0,18653.11893254769,18661.11893254769,10.97939710461214,10.974690249832724
6,admission_control,structured,320,102400,4,0.02,102400.0,5522.502113271345,0.9989856297548607,10.964910643553772,0.9982177891026851,3.0,4.0,1.0,7.028213166144201,3.5141065830721003,8.0,18.5423197492163,1121.0,204800.0,18669.762788737466,18677.762788737466,10.969609111667214,10.964910643553772
6,admission_control,structured,320,102400,4,0.035,102400.0,5508.532883642496,0.9964586846543003,10.91627289228703,0.99378993099105,3.0,4.0,1.0,7.059561128526646,3.529780564263323,8.0,18.58934169278997,1126.0,204800.0,18752.98206968634,18760.98206968634,10.920929761408633,10.91627289228703
6,admission_control,structured,320,102400,4,0.05,102400.0,5508.532883642496,0.9964586846543003,10.91627289228703,0.99378993099105,3.0,4.0,1.0,7.059561128526646,3.529780564263323,8.0,18.58934169278997,1126.0,204800.0,18752.98206968634,18760.98206968634,10.920929761408633,10.91627289228703
6,admission_control,structured,320,102400,4,0.075,102400.0,5478.047962435016,0.9909441556263627,10.810774009567696,0.9841855789918106,3.0,4.0,1.0,7.128526645768025,3.5642633228840124,8.0,18.692789968652036,1137.0,204800.0,18936.06448777386,18944.06448777386,10.815341283413451,10.810774009567696
6,admission_control,structured,320,102400,4,0.1,102400.0,5401.951380850009,0.9771787663304119,10.551211974418642,0.9605557064571169,3.0,4.0,1.0,7.304075235109718,3.652037617554859,8.0,18.956112852664575,1165.0,204800.0,19402.09246108755,19410.09246108755,10.555562520421072,10.551211974418642
6,resource_allocation,structured,320,102400,4,0.0,102400.0,4970.419963481436,1.0,9.174489761953113,1.0,3.0,4.0,1.0,8.401253918495298,4.200626959247649,8.0,20.60188087774295,1340.0,204800.0,22314.76729429813,22322.76729429813,9.17777888063975,9.174489761953113
6,resource_allocation,structured,320,102400,4,0.0025,102400.0,4972.689907139596,1.0004566905160606,9.181335365970153,1.0007461563743227,3.0,4.0,1.0,8.39498432601881,4.197492163009405,8.0,20.59247648902821,1339.0,204800.0,22298.123438108356,22306.123438108356,9.184629395762913,9.181335365970153
6,resource_allocation,structured,320,102400,4,0.005,102400.0,4974.961925068535,1.000913798355163,9.188191193397605,1.00149342707878,3.0,4.0,1.0,8.388714733542319,4.194357366771159,8.0,20.58307210031348,1338.0,204800.0,22281.47958191858,22289.47958191858,9.191490145304138,9.188191193397605
6,resource_allocation,structured,320,102400,4,0.01,102400.0,4984.070796460177,1.002746414403418,9.215717196621227,1.0044937032726424,3.0,4.0,1.0,8.363636363636363,4.181818181818182,8.0,20.545454545454547,1334.0,204800.0,22214.904157159483,22222.904157159483,9.219035947719652,9.215717196621227
6,resource_allocation,structured,320,102400,4,0.02,102400.0,5002.38897396631,1.0064318529862177,9.271266960195323,1.0105485101355225,3.0,4.0,1.0,8.31347962382445,4.156739811912225,8.0,20.470219435736674,1326.0,204800.0,22081.753307641284,22089.753307641284,9.274625848171665,9.271266960195323
6,resource_allocation,structured,320,102400,4,0.035,102400.0,5039.432273989509,1.013884603517433,9.384400033184866,1.0228797760614718,3.0,4.0,1.0,8.213166144200626,4.106583072100313,8.0,20.31974921630094,1310.0,204800.0,21815.451608604886,21823.451608604886,9.387841410499092,9.384400033184866
6,resource_allocation,structured,320,102400,4,0.05,102400.0,5079.396672368216,1.021925050536464,9.507668923491993,1.036315824659872,3.0,4.0,1.0,8.106583072100314,4.053291536050157,8.0,20.15987460815047,1293.0,204800.0,21532.50605337872,21540.50605337872,9.511201320102002,9.507668923491993
6,resource_allocation,structured,320,102400,4,0.075,102400.0,5110.3879849812265,1.028160200250313,9.604140619829446,1.0468310357332467,3.0,4.0,1.0,8.025078369905955,4.012539184952978,8.0,20.037617554858933,1280.0,204800.0,21316.135922911646,21324.135922911646,9.607745078218926,9.604140619829446
6,resource_allocation,structured,320,102400,4,0.1,102400.0,5093.653516295025,1.024793388429752,9.551952373819706,1.0411426271825972,3.0,4.0,1.0,8.068965517241379,4.0344827586206895,8.0,20.10344827586207,1287.0,204800.0,21432.64291624007,21440.64291624007,9.555517758606323,9.551952373819706
6,random_structured,structured,320,102400,4,0.0,102400.0,5645.627376425856,1.0,11.401799486366182,1.0,3.0,4.0,1.0,6.758620689655172,3.379310344827586,8.0,18.137931034482758,1078.0,204800.0,17954.076972577153,17962.076972577153,11.40687991439544,11.401799486366182
6,random_structured,structured,320,102400,4,0.0025,102400.0,5654.422710749524,1.0015579020252727,11.433582933855382,1.0027875816906977,3.0,4.0,1.0,6.739811912225705,3.3699059561128526,8.0,18.109717868338556,1075.0,204800.0,17904.145404007828,17912.145404007828,11.43869173192459,11.433582933855382
6,random_structured,structured,320,102400,4,0.005,102400.0,5660.301507537689,1.0025992029111073,11.45487052541936,1.0046546195726944,3.0,4.0,1.0,6.727272727272727,3.3636363636363633,8.0,18.09090909090909,1073.0,204800.0,17870.85769162828,17878.85769162828,11.459998369073237,11.45487052541936
6,random_structured,structured,320,102400,4,0.01,102400.0,5672.095849973954,1.0046883139433929,11.497684402909318,1.008409630134067,3.0,4.0,1.0,6.702194357366771,3.3510971786833856,8.0,18.053291536050157,1069.0,204800.0,17804.28226686918,17812.28226686918,11.502850658636145,11.497684402909318
6,random_structured,structured,320,102400,4,0.02,102400.0,5701.797870483505,1.00994938034561,11.606132493528824,1.0179211191537771,3.0,4.0,1.0,6.63949843260188,3.31974921630094,8.0,17.95924764890282,1059.0,204800.0,17637.843704971434,17645.843704971434,11.611396689169817,11.606132493528824
6,random_structured,structured,320,102400,4,0.035,102400.0,5740.878734622143,1.0168717047451667,11.750211452145011,1.0305576296263979,3.0,4.0,1.0,6.5579937304075235,3.2789968652037618,8.0,17.836990595611287,1046.0,204800.0,17421.47357450436,17429.47357450436,11.755607189263067,11.750211452145011
6,random_structured,structured,320,102400,4,0.05,102400.0,5762.144999118011,1.020638560592697,11.829284082525476,1.0374927305703334,3.0,4.0,1.0,6.5141065830721,3.25705329153605,8.0,17.77115987460815,1039.0,204800.0,17304.966581175937,17312.966581175937,11.834752701734665,11.829284082525476
6,random_structured,structured,320,102400,4,0.075,102400.0,5704.785190359763,1.0104785190359762,11.617089927887658,1.0188821459085395,3.0,4.0,1.0,6.633228840125391,3.3166144200626957,8.0,17.949843260188086,1058.0,204800.0,17621.199848781656,17629.199848781656,11.622364070410338,11.617089927887658
6,random_structured,structured,320,102400,4,0.1,102400.0,5631.029132908119,0.9974142389243233,11.349217941488899,0.9953883117362169,3.0,4.0,1.0,6.789968652037618,3.394984326018809,8.0,18.184952978056426,1083.0,204800.0,18037.296253526027,18045.296253526027,11.354251608522791,11.349217941488899
7,inventory_threshold,structured,320,102400,4,0.0,102400.0,5072.298136645963,1.0,9.485680817873181,1.0,3.0,4.0,1.0,8.12539184952978,4.06269592476489,8.0,20.188087774294672,1296.0,204800.0,21582.43762194804,21590.43762194804,9.489196891815904,9.485680817873181
7,inventory_threshold,structured,320,102400,4,0.0025,102400.0,5074.662109678422,1.0004660556159704,9.492998877418433,1.0007714849029563,3.0,4.0,1.0,8.119122257053291,4.059561128526646,8.0,20.178683385579937,1295.0,204800.0,21565.793765758266,21573.793765758266,9.496520379656848,9.492998877418433
7,inventory_threshold,structured,320,102400,4,0.005,102400.0,5074.662109678422,1.0004660556159704,9.492998877418433,1.0007714849029563,3.0,4.0,1.0,8.119122257053291,4.059561128526646,8.0,20.178683385579937,1295.0,204800.0,21565.793765758266,21573.793765758266,9.496520379656848,9.492998877418433
7,inventory_threshold,structured,320,102400,4,0.01,102400.0,5074.662109678422,1.0004660556159704,9.492998877418433,1.0007714849029563,3.0,4.0,1.0,8.119122257053291,4.059561128526646,8.0,20.178683385579937,1295.0,204800.0,21565.793765758266,21573.793765758266,9.496520379656848,9.492998877418433
7,inventory_threshold,structured,320,102400,4,0.02,102400.0,5079.396672368216,1.001399471310838,9.507668923491993,1.0023180313612683,3.0,4.0,1.0,8.106583072100314,4.053291536050157,8.0,20.15987460815047,1293.0,204800.0,21532.50605337872,21540.50605337872,9.511201320102002,9.507668923491993
7,inventory_threshold,structured,320,102400,4,0.035,102400.0,5103.202624589907,1.0060927980003123,9.581704562392105,1.0101230208313559,3.0,4.0,1.0,8.043887147335424,4.021943573667712,8.0,20.065830721003138,1283.0,204800.0,21366.06749148097,21374.06749148097,9.58529219668792,9.581704562392105
7,inventory_threshold,structured,320,102400,4,0.05,102400.0,5161.257702638648,1.0175383156896824,9.764184017550614,1.0293603806647877,3.0,4.0,1.0,7.893416927899686,3.946708463949843,8.0,19.84012539184953,1259.0,204800.0,20966.614942926375,20974.614942926375,9.767909629546306,9.764184017550614
7,inventory_threshold,structured,320,102400,4,0.075,102400.0,5185.839022066995,1.02238450547706,9.842284890795218,1.0375939355085735,3.0,4.0,1.0,7.830721003134796,3.915360501567398,8.0,19.746081504702193,1249.0,204800.0,20800.17638102863,20808.17638102863,9.846070352883808,9.842284890795218
7,inventory_threshold,structured,320,102400,4,0.1,102400.0,5153.928684127485,1.0160934048595773,9.740994883671828,1.026915734431795,3.0,4.0,1.0,7.912225705329154,3.956112852664577,8.0,19.86833855799373,1262.0,204800.0,21016.5465114957,21024.5465114957,9.74470281727675,9.740994883671828
7,machine_replacement,structured,320,102400,4,0.0,102400.0,5622.3063683304645,1.0,11.317901162312365,1.0,3.0,4.0,1.0,6.808777429467084,3.404388714733542,8.0,18.213166144200628,1086.0,204800.0,18087.22782209535,18095.22782209535,11.322907081969545,11.317901162312365
7,machine_replacement,structured,320,102400,4,0.0025,102400.0,5625.210952298949,1.0005166178749785,11.328320867731266,1.0009206393720416,3.0,4.0,1.0,6.802507836990595,3.4012539184952977,8.0,18.203761755485893,1085.0,204800.0,18070.583965905575,18078.583965905575,11.333336010966972,11.328320867731266
7,machine_replacement,structured,320,102400,4,0.005,102400.0,5628.118538938663,1.0010337698139216,11.338759776411553,1.0018429754598535,3.0,4.0,1.0,6.7962382445141065,3.3981191222570533,8.0,18.19435736677116,1084.0,204800.0,18053.9401097158,18061.9401097158,11.34378416874143,11.338759776411553
7,machine_replacement,structured,320,102400,4,0.01,102400.0,5628.118538938663,1.0010337698139216,11.338759776411553,1.0018429754598535,3.0,4.0,1.0,6.7962382445141065,3.3981191222570533,8.0,18.19435736677116,1084.0,204800.0,18053.9401097158,18061.9401097158,11.34378416874143,11.338759776411553
7,machine_replacement,structured,320,102400,4,0.02,102400.0,5628.118538938663,1.0010337698139216,11.338759776411553,1.0018429754598535,3.0,4.0,1.0,6.7962382445141065,3.3981191222570533,8.0,18.19435736677116,1084.0,204800.0,18053.9401097158,18061.9401097158,11.34378416874143,11.338759776411553
7,machine_replacement,structured,320,102400,4,0.035,102400.0,5610.717966334593,0.997938852627963,11.276413317354407,0.9963343163751854,3.0,4.0,1.0,6.83385579937304,3.41692789968652,8.0,18.25078369905956,1090.0,204800.0,18153.803246854448,18161.803246854448,11.281382595985013,11.276413317354407
7,machine_replacement,structured,320,102400,4,0.05,102400.0,5567.683654337821,0.990284642918016,11.123506114056328,0.982824107980077,3.0,4.0,1.0,6.927899686520376,3.463949843260188,8.0,18.391849529780565,1105.0,204800.0,18403.461089701068,18411.461089701068,11.128341511511117,11.123506114056328
7,machine_replacement,structured,320,102400,4,0.075,102400.0,5458.823529411764,0.970922459893048,10.744693578733994,0.949353897391585,3.0,4.0,1.0,7.172413793103448,3.586206896551724,8.0,18.758620689655174,1144.0,204800.0,19052.571481102284,19060.571481102284,10.749205177009069,10.744693578733994
7,machine_replacement,structured,320,102400,4,0.1,102400.0,5354.138665792493,0.9523029011637437,10.390832349542462,0.9180882745418415,3.0,4.0,1.0,7.41692789968652,3.70846394984326,8.0,19.12539184952978,1183.0,204800.0,19701.681872503497,19709.681872503497,10.395051616675811,10.390832349542462
7,admission_control,structured,320,102400,4,0.0,102400.0,5528.109663225588,1.0,10.984487316550746,1.0,3.0,4.0,1.0,7.015673981191222,3.507836990595611,8.0,18.523510971786834,1119.0,204800.0,18636.475076357914,18644.475076357914,10.989202580471222,10.984487316550746
7,admission_control,structured,320,102400,4,0.0025,102400.0,5514.112086428089,0.9974679270762999,10.935676121823045,0.9955563520334576,3.0,4.0,1.0,7.047021943573667,3.5235109717868336,8.0,18.570532915360502,1124.0,204800.0,18719.694357306787,18727.694357306787,10.940349563990674,10.935676121823045
7,admission_control,structured,320,102400,4,0.005,102400.0,5500.185216366392,0.9949486445529552,10.887296807503237,0.9911520213691659,3.0,4.0,1.0,7.078369905956112,3.539184952978056,8.0,18.61755485893417,1129.0,204800.0,18802.913638255664,18810.913638255664,10.891928981863854,10.887296807503237
7,admission_control,structured,320,102400,4,0.01,102400.0,5480.805369127516,0.9914429530201342,10.820280480175484,0.9850510240812199,3.0,4.0,1.0,7.122257053291536,3.561128526645768,8.0,18.683385579937305,1136.0,204800.0,18919.420631584086,18927.420631584086,10.824855791731107,10.820280480175484
7,admission_control,structured,320,102400,4,0.02,102400.0,5450.625730018355,0.9859836475888538,10.71662004227143,0.9756140394576531,3.0,4.0,1.0,7.191222570532915,3.5956112852664575,8.0,18.786833855799372,1147.0,204800.0,19102.503049671606,19110.503049671606,10.721108090780843,10.71662004227143
7,admission_control,structured,320,102400,4,0.035,102400.0,5393.923381770146,0.9757265521796568,10.524139111436188,0.9580910613442164,3.0,4.0,1.0,7.322884012539185,3.6614420062695925,8.0,18.984326018808776,1168.0,204800.0,19452.024029656877,19460.024029656877,10.528467355775344,10.524139111436188
7,admission_control,structured,320,102400,4,0.05,102400.0,5348.878336335353,0.9675781889634847,10.373312845338772,0.9443602187704205,3.0,4.0,1.0,7.429467084639498,3.714733542319749,8.0,19.144200626959247,1185.0,204800.0,19734.96958488305,19742.96958488305,10.377517893763384,10.373312845338772
7,admission_control,structured,320,102400,4,0.075,102400.0,5245.8005460093145,0.9489320700176651,10.034924362792617,0.9135541854258973,3.0,4.0,1.0,7.6802507836990594,3.8401253918495297,8.0,19.520376175548588,1225.0,204800.0,20400.723832474036,20408.723832474036,10.038859487622577,10.034924362792617
7,admission_control,structured,320,102400,4,0.1,102400.0,5055.811793839964,0.9145643089305063,9.434768624962082,0.8589175218716267,3.0,4.0,1.0,8.169278996865204,4.084639498432602,8.0,20.253918495297803,1303.0,204800.0,21698.944615276465,21706.944615276465,9.438247049850386,9.434768624962082
7,resource_allocation,structured,320,102400,4,0.0,102400.0,4970.419963481436,1.0,9.174489761953113,1.0,3.0,4.0,1.0,8.401253918495298,4.200626959247649,8.0,20.60188087774295,1340.0,204800.0,22314.76729429813,22322.76729429813,9.17777888063975,9.174489761953113
7,resource_allocation,structured,320,102400,4,0.0025,102400.0,4974.961925068535,1.000913798355163,9.188191193397605,1.00149342707878,3.0,4.0,1.0,8.388714733542319,4.194357366771159,8.0,20.58307210031348,1338.0,204800.0,22281.47958191858,22289.47958191858,9.191490145304138,9.188191193397605
7,resource_allocation,structured,320,102400,4,0.005,102400.0,4979.512195121952,1.001829268292683,9.201933610228254,1.0029913214780566,3.0,4.0,1.0,8.376175548589341,4.1880877742946705,8.0,20.56426332288401,1336.0,204800.0,22248.19186953903,22256.19186953903,9.205242439517102,9.201933610228254
7,resource_allocation,structured,320,102400,4,0.01,102400.0,5000.091841420481,1.0059696923312416,9.264286644369145,1.0097876704586255,3.0,4.0,1.0,8.31974921630094,4.15987460815047,8.0,20.479623824451412,1327.0,204800.0,22098.397163831058,22106.397163831058,9.267640475536423,9.264286644369145
7,resource_allocation,structured,320,102400,4,0.02,102400.0,5030.120110871574,1.0120110871573762,9.355858706243316,1.0197688317275524,3.0,4.0,1.0,8.238244514106583,4.1191222570532915,8.0,20.357366771159874,1314.0,204800.0,21882.027033363986,21890.027033363986,9.359279178649087,9.355858706243316
7,resource_allocation,structured,320,102400,4,0.035,102400.0,5081.767268201617,1.0224019912881146,9.515020962490052,1.0371171813771194,3.0,4.0,1.0,8.100313479623825,4.0501567398119125,8.0,20.15047021943574,1292.0,204800.0,21515.862197188944,21523.862197188944,9.518558825253919,9.515020962490052
7,resource_allocation,structured,320,102400,4,0.05,102400.0,5115.189476980896,1.0291262135922332,9.619156455151941,1.0484677300576293,3.0,4.0,1.0,8.012539184952978,4.006269592476489,8.0,20.018808777429467,1278.0,204800.0,21282.848210532098,21290.848210532098,9.622772195436324,9.619156455151941
7,resource_allocation,structured,320,102400,4,0.075,102400.0,5124.819579541889,1.031063696266081,9.649329428958387,1.051756520452445,3.0,4.0,1.0,7.987460815047021,3.9937304075235107,8.0,19.981191222570533,1274.0,204800.0,21216.272785773,21224.272785773,9.652967892519406,9.649329428958387
7,resource_allocation,structured,320,102400,4,0.1,102400.0,5105.595498593311,1.0271959987496095,9.589171591913674,1.0451994433173013,3.0,4.0,1.0,8.037617554858933,4.0188087774294665,8.0,20.0564263322884,1282.0,204800.0,21349.423635291194,21357.423635291194,9.592764821128936,9.589171591913674
7,random_structured,structured,320,102400,4,0.0,102400.0,5710.769230769231,1.0,11.639066983990755,1.0,3.0,4.0,1.0,6.620689655172414,3.310344827586207,8.0,17.93103448275862,1056.0,204800.0,17587.91213640211,17595.91213640211,11.64436110504104,11.639066983990755
7,random_structured,structured,320,102400,4,0.0025,102400.0,5704.785190359763,0.9989521480964023,11.617089927887658,0.9981117854091461,3.0,4.0,1.0,6.633228840125391,3.3166144200626957,8.0,17.949843260188086,1058.0,204800.0,17621.199848781656,17629.199848781656,11.622364070410338,11.617089927887658
7,random_structured,structured,320,102400,4,0.005,102400.0,5704.785190359763,0.9989521480964023,11.617089927887658,0.9981117854091461,3.0,4.0,1.0,6.633228840125391,3.3166144200626957,8.0,17.949843260188086,1058.0,204800.0,17621.199848781656,17629.199848781656,11.622364070410338,11.617089927887658
7,random_structured,structured,320,102400,4,0.01,102400.0,5704.785190359763,0.9989521480964023,11.617089927887658,0.9981117854091461,3.0,4.0,1.0,6.633228840125391,3.3166144200626957,8.0,17.949843260188086,1058.0,204800.0,17621.199848781656,17629.199848781656,11.622364070410338,11.617089927887658
7,random_structured,structured,320,102400,4,0.02,102400.0,5701.797870483505,0.9984290452085878,11.606132493528824,0.9971703496072982,3.0,4.0,1.0,6.63949843260188,3.31974921630094,8.0,17.95924764890282,1059.0,204800.0,17637.843704971434,17645.843704971434,11.611396689169817,11.606132493528824
7,random_structured,structured,320,102400,4,0.035,102400.0,5734.831460674157,1.0042134831460672,11.72781306664388,1.0076248450821008,3.0,4.0,1.0,6.570532915360501,3.2852664576802506,8.0,17.855799373040753,1048.0,204800.0,17454.76128688391,17462.76128688391,11.733188247833189,11.72781306664388
7,random_structured,structured,320,102400,4,0.05,102400.0,5780.499026720934,1.0122102282781806,11.89791257955542,1.0222393767404812,3.0,4.0,1.0,6.476489028213166,3.238244514106583,8.0,17.71473354231975,1033.0,204800.0,17205.10344403729,17213.10344403729,11.903444850892587,11.89791257955542
7,random_structured,structured,320,102400,4,0.075,102400.0,5811.350293542075,1.0176125244618395,12.014080256518504,1.0322202177411275,3.0,4.0,1.0,6.413793103448276,3.206896551724138,8.0,17.620689655172413,1023.0,204800.0,17038.664882139543,17046.664882139543,12.019721111756692,12.014080256518504
7,random_structured,structured,320,102400,4,0.1,102400.0,5756.052863436123,1.007929515418502,11.806583515617413,1.0143926082612182,3.0,4.0,1.0,6.5266457680250785,3.2633228840125392,8.0,17.78996865203762,1041.0,204800.0,17338.25429355549,17346.25429355549,11.812031161414144,11.806583515617413
8,inventory_threshold,structured,320,102400,4,0.0,102400.0,5072.298136645963,1.0,9.485680817873181,1.0,3.0,4.0,1.0,8.12539184952978,4.06269592476489,8.0,20.188087774294672,1296.0,204800.0,21582.43762194804,21590.43762194804,9.489196891815904,9.485680817873181
8,inventory_threshold,structured,320,102400,4,0.0025,102400.0,5077.028287224122,1.000932545850171,9.500328237226581,1.001544161102891,3.0,4.0,1.0,8.112852664576803,4.056426332288401,8.0,20.169278996865202,1294.0,204800.0,21549.149909568492,21557.149909568492,9.503855180341125,9.500328237226581
8,inventory_threshold,structured,320,102400,4,0.005,102400.0,5077.028287224122,1.000932545850171,9.500328237226581,1.001544161102891,3.0,4.0,1.0,8.112852664576803,4.056426332288401,8.0,20.169278996865202,1294.0,204800.0,21549.149909568492,21557.149909568492,9.503855180341125,9.500328237226581
8,inventory_threshold,structured,320,102400,4,0.01,102400.0,5079.396672368216,1.001399471310838,9.507668923491993,1.0023180313612683,3.0,4.0,1.0,8.106583072100314,4.053291536050157,8.0,20.15987460815047,1293.0,204800.0,21532.50605337872,21540.50605337872,9.511201320102002,9.507668923491993
8,inventory_threshold,structured,320,102400,4,0.02,102400.0,5084.140077821012,1.0023346303501945,9.522384380577481,1.0038693651419455,3.0,4.0,1.0,8.094043887147334,4.047021943573667,8.0,20.141065830721004,1291.0,204800.0,21499.218340999167,21507.218340999167,9.525927722192806,9.522384380577481
8,inventory_threshold,structured,320,102400,4,0.035,102400.0,5093.653516295025,1.0042101980352407,9.551952373819706,1.0069864838611957,3.0,4.0,1.0,8.068965517241379,4.0344827586206895,8.0,20.10344827586207,1287.0,204800.0,21432.64291624007,21440.64291624007,9.555517758606323,9.551952373819706
8,inventory_threshold,structured,320,102400,4,0.05,102400.0,5122.408656107888,1.0098792535675083,9.641768453410558,1.016455079876109,3.0,4.0,1.0,7.99373040752351,3.996865203761755,8.0,19.990595611285265,1275.0,204800.0,21232.916641962773,21240.916641962773,9.645401216112356,9.641768453410558
8,inventory_threshold,structured,320,102400,4,0.075,102400.0,5107.990617670054,1.0070367474589523,9.59665026863528,1.0116986279522506,3.0,4.0,1.0,8.031347962382444,4.015673981191222,8.0,20.047021943573668,1281.0,204800.0,21332.77977910142,21340.77977910142,9.600249105868125,9.59665026863528
8,inventory_threshold,structured,320,102400,4,0.1,102400.0,5081.767268201617,1.0018668326073428,9.515020962490052,1.0030930984480932,3.0,4.0,1.0,8.100313479623825,4.0501567398119125,8.0,20.15047021943574,1292.0,204800.0,21515.862197188944,21523.862197188944,9.518558825253919,9.515020962490052
8,machine_replacement,structured,320,102400,4,0.0,102400.0,5622.3063683304645,1.0,11.317901162312365,1.0,3.0,4.0,1.0,6.808777429467084,3.404388714733542,8.0,18.213166144200628,1086.0,204800.0,18087.22782209535,18095.22782209535,11.322907081969545,11.317901162312365
8,machine_replacement,structured,320,102400,4,0.0025,102400.0,5628.118538938663,1.0010337698139216,11.338759776411553,1.0018429754598535,3.0,4.0,1.0,6.7962382445141065,3.3981191222570533,8.0,18.19435736677116,1084.0,204800.0,18053.9401097158,18061.9401097158,11.34378416874143,11.338759776411553
8,machine_replacement,structured,320,102400,4,0.005,102400.0,5631.029132908119,1.001551456645406,11.349217941488899,1.0027670129582698,3.0,4.0,1.0,6.789968652037618,3.394984326018809,8.0,18.184952978056426,1083.0,204800.0,18037.296253526027,18045.296253526027,11.354251608522791,11.349217941488899
8,machine_replacement,structured,320,102400,4,0.01,102400.0,5631.029132908119,1.001551456645406,11.349217941488899,1.0027670129582698,3.0,4.0,1.0,6.789968652037618,3.394984326018809,8.0,18.184952978056426,1083.0,204800.0,18037.296253526027,18045.296253526027,11.354251608522791,11.349217941488899
8,machine_replacement,structured,320,102400,4,0.02,102400.0,5633.942738875475,1.0020696791997241,11.359695416295196,1.003692756579462,3.0,4.0,1.0,6.783699059561128,3.391849529780564,8.0,18.17554858934169,1082.0,204800.0,18020.65239733625,18028.65239733625,11.364738383737585,11.359695416295196
8,machine_replacement,structured,320,102400,4,0.035,102400.0,5633.942738875475,1.0020696791997241,11.359695416295196,1.003692756579462,3.0,4.0,1.0,6.783699059561128,3.391849529780564,8.0,18.17554858934169,1082.0,204800.0,18020.65239733625,18028.65239733625,11.364738383737585,11.359695416295196
8,machine_replacement,structured,320,102400,4,0.05,102400.0,5596.299468905259,0.9953743361315744,11.224979288894179,0.9917898316935645,3.0,4.0,1.0,6.8652037617554855,3.4326018808777428,8.0,18.29780564263323,1095.0,204800.0,18237.02252780332,18245.02252780332,11.22990332921788,11.224979288894179
8,machine_replacement,structured,320,102400,4,0.075,102400.0,5491.862811028917,0.97679892400807,10.858474143348097,0.959407047969802,3.0,4.0,1.0,7.09717868338558,3.54858934169279,8.0,18.645768025078368,1132.0,204800.0,18852.845206824986,18860.845206824986,10.86308181885775,10.858474143348097
8,machine_replacement,structured,320,102400,4,0.1,102400.0,5362.048588312541,0.9537097833223901,10.417222845348999,0.9204200227545238,3.0,4.0,1.0,7.398119122257053,3.6990595611285264,8.0,19.09717868338558,1180.0,204800.0,19651.750303934175,19659.750303934175,10.421463576147726,10.417222845348999
8,admission_control,structured,320,102400,4,0.0,102400.0,5528.109663225588,1.0,10.984487316550746,1.0,3.0,4.0,1.0,7.015673981191222,3.507836990595611,8.0,18.523510971786834,1119.0,204800.0,18636.475076357914,18644.475076357914,10.989202580471222,10.984487316550746
8,admission_control,structured,320,102400,4,0.0025,102400.0,5511.321073055508,0.9969630504471065,10.92596589259881,0.9946723572739021,3.0,4.0,1.0,7.053291536050157,3.5266457680250785,8.0,18.579937304075237,1125.0,204800.0,18736.338213496565,18744.338213496565,10.930631037204165,10.92596589259881
8,admission_control,structured,320,102400,4,0.005,102400.0,5494.634146341464,0.9939444911690498,10.868064726611323,0.989401181267331,3.0,4.0,1.0,7.090909090909091,3.5454545454545454,8.0,18.636363636363637,1131.0,204800.0,18836.201350635212,18844.201350635212,10.872680546764995,10.868064726611323
8,admission_control,structured,320,102400,4,0.01,102400.0,5472.541464231866,0.9899480650025132,10.791811093559428,0.9824592429815996,3.0,4.0,1.0,7.141065830721002,3.570532915360501,8.0,18.711598746081503,1139.0,204800.0,18969.35220015341,18977.35220015341,10.796362355396813,10.791811093559428
8,admission_control,structured,320,102400,4,0.02,102400.0,5412.692626346314,0.979121789560895,10.587526540048097,0.963861692852562,3.0,4.0,1.0,7.278996865203761,3.6394984326018807,8.0,18.91849529780564,1161.0,204800.0,19335.517036328452,19343.517036328452,10.591907090729066,10.587526540048097
8,admission_control,structured,320,102400,4,0.035,102400.0,5335.772623325711,0.9652074485462269,10.329771464698817,0.9403963213771986,3.0,4.0,1.0,7.460815047021943,3.7304075235109715,8.0,19.191222570532915,1190.0,204800.0,19818.188865831922,19826.188865831922,10.333941279220065,10.329771464698817
8,admission_control,structured,320,102400,4,0.05,102400.0,5261.008213883073,0.9516830407473024,10.084268294136224,0.9180463323893026,3.0,4.0,1.0,7.6426332288401255,3.8213166144200628,8.0,19.46394984326019,1219.0,204800.0,20300.86069533539,20308.86069533539,10.088242221525993,10.084268294136224
8,admission_control,structured,320,102400,4,0.075,102400.0,5132.065985860173,0.928358208955224,9.672083674254036,0.8805220849661994,3.0,4.0,1.0,7.968652037617555,3.9843260188087775,8.0,19.952978056426332,1271.0,204800.0,21166.341217203673,21174.341217203673,9.675739321141707,9.672083674254036
8,admission_control,structured,320,102400,4,0.1,102400.0,5006.989576946659,0.9057326793378297,9.285259196015343,0.8453065608282772,3.0,4.0,1.0,8.300940438871473,4.150470219435737,8.0,20.451410658307207,1324.0,204800.0,22048.465595261732,22056.465595261732,9.288628231980551,9.285259196015343
8,resource_allocation,structured,320,102400,4,0.0,102400.0,4970.419963481436,1.0,9.174489761953113,1.0,3.0,4.0,1.0,8.401253918495298,4.200626959247649,8.0,20.60188087774295,1340.0,204800.0,22314.76729429813,22322.76729429813,9.17777888063975,9.174489761953113
8,resource_allocation,structured,320,102400,4,0.0025,102400.0,4974.961925068535,1.000913798355163,9.188191193397605,1.00149342707878,3.0,4.0,1.0,8.388714733542319,4.194357366771159,8.0,20.58307210031348,1338.0,204800.0,22281.47958191858,22289.47958191858,9.191490145304138,9.188191193397605
8,resource_allocation,structured,320,102400,4,0.005,102400.0,4977.236020112754,1.0013713240895934,9.195057267154455,1.0022418146114933,3.0,4.0,1.0,8.38244514106583,4.191222570532915,8.0,20.573667711598745,1337.0,204800.0,22264.835725728804,22272.835725728804,9.198361152215337,9.195057267154455
8,resource_allocation,structured,320,102400,4,0.01,102400.0,4993.213084683583,1.0045857535921736,9.243408620332936,1.0075120099502024,3.0,4.0,1.0,8.338557993730408,4.169278996865204,8.0,20.507836990595614,1330.0,204800.0,22148.328732400383,22156.328732400383,9.246747349401666,9.243408620332936
8,resource_allocation,structured,320,102400,4,0.02,102400.0,5016.216216216217,1.0092137592137593,9.313370754107716,1.0151377347142014,3.0,4.0,1.0,8.275862068965518,4.137931034482759,8.0,20.413793103448274,1320.0,204800.0,21981.890170502636,21989.890170502636,9.316760224506075,9.313370754107716
8,resource_allocation,structured,320,102400,4,0.035,102400.0,5051.121076233185,1.0162362764805941,9.420322511432936,1.0267952502927518,3.0,4.0,1.0,8.181818181818182,4.090909090909091,8.0,20.27272727272727,1305.0,204800.0,21732.232327656013,21740.232327656013,9.423790290488268,9.420322511432936
8,resource_allocation,structured,320,102400,4,0.05,102400.0,5081.767268201617,1.0224019912881146,9.515020962490052,1.0371171813771194,3.0,4.0,1.0,8.100313479623825,4.0501567398119125,8.0,20.15047021943574,1292.0,204800.0,21515.862197188944,21523.862197188944,9.518558825253919,9.515020962490052
8,resource_allocation,structured,320,102400,4,0.075,102400.0,5069.936365047339,1.0200217290082263,9.478374032477173,1.033122743434112,3.0,4.0,1.0,8.13166144200627,4.065830721003135,8.0,20.197492163009404,1297.0,204800.0,21599.081478137818,21607.081478137818,9.481884690665883,9.478374032477173
8,resource_allocation,structured,320,102400,4,0.1,102400.0,5046.43905453422,1.0152942993974976,9.405920568811505,1.0252254689757399,3.0,4.0,1.0,8.19435736677116,4.09717868338558,8.0,20.291536050156736,1307.0,204800.0,21765.520040035564,21773.520040035564,9.409377750832062,9.405920568811505
8,random_structured,structured,320,102400,4,0.0,102400.0,5404.63269358041,1.0,10.560267241396053,1.0,3.0,4.0,1.0,7.297805642633229,3.6489028213166144,8.0,18.946708463949843,1164.0,204800.0,19385.448604897778,19393.448604897778,10.564625259600998,10.560267241396053
8,random_structured,structured,320,102400,4,0.0025,102400.0,5407.3166694255915,1.000496606522099,10.56933806455657,1.0008589577283575,3.0,4.0,1.0,7.29153605015674,3.64576802507837,8.0,18.93730407523511,1163.0,204800.0,19368.804748708004,19376.804748708004,10.573703574231196,10.56933806455657
8,random_structured,structured,320,102400,4,0.005,102400.0,5404.63269358041,1.0,10.560267241396053,1.0,3.0,4.0,1.0,7.297805642633229,3.6489028213166144,8.0,18.946708463949843,1164.0,204800.0,19385.448604897778,19393.448604897778,10.564625259600998,10.560267241396053
8,random_structured,structured,320,102400,4,0.01,102400.0,5404.63269358041,1.0,10.560267241396053,1.0,3.0,4.0,1.0,7.297805642633229,3.6489028213166144,8.0,18.946708463949843,1164.0,204800.0,19385.448604897778,19393.448604897778,10.564625259600998,10.560267241396053
8,random_structured,structured,320,102400,4,0.02,102400.0,5399.272727272728,0.9990082644628101,10.542172223641057,0.998286500015448,3.0,4.0,1.0,7.310344827586206,3.655172413793103,8.0,18.96551724137931,1166.0,204800.0,19418.73631727733,19426.73631727733,10.546515316642123,10.542172223641057
8,random_structured,structured,320,102400,4,0.035,102400.0,5359.409351927809,0.9916324856439704,10.408411131295912,0.9856200504562169,3.0,4.0,1.0,7.404388714733542,3.702194357366771,8.0,19.106583072100314,1181.0,204800.0,19668.39416012395,19676.39416012395,10.412644689377597,10.408411131295912
8,random_structured,structured,320,102400,4,0.05,102400.0,5346.2520458265135,0.9891980360065467,10.364575228698435,0.9814690283660144,3.0,4.0,1.0,7.435736677115987,3.7178683385579934,8.0,19.153605015673982,1186.0,204800.0,19751.613441072823,19759.613441072823,10.368773194706474,10.364575228698435
8,random_structured,structured,320,102400,4,0.075,102400.0,5283.985765124555,0.9776771271433193,10.15920083328152,0.9620211876322259,3.0,4.0,1.0,7.586206896551724,3.793103448275862,8.0,19.379310344827587,1210.0,204800.0,20151.065989627416,20159.065989627416,10.163234049524675,10.15920083328152
8,random_structured,structured,320,102400,4,0.1,102400.0,5195.7372355654525,0.9613488150151106,9.873876198456871,0.9350024930951992,3.0,4.0,1.0,7.80564263322884,3.90282131661442,8.0,19.70846394984326,1245.0,204800.0,20733.60095626953,20741.60095626953,9.87768600504832,9.873876198456871
9,inventory_threshold,structured,320,102400,4,0.0,102400.0,5072.298136645963,1.0,9.485680817873181,1.0,3.0,4.0,1.0,8.12539184952978,4.06269592476489,8.0,20.188087774294672,1296.0,204800.0,21582.43762194804,21590.43762194804,9.489196891815904,9.485680817873181
9,inventory_threshold,structured,320,102400,4,0.0025,102400.0,5074.662109678422,1.0004660556159704,9.492998877418433,1.0007714849029563,3.0,4.0,1.0,8.119122257053291,4.059561128526646,8.0,20.178683385579937,1295.0,204800.0,21565.793765758266,21573.793765758266,9.496520379656848,9.492998877418433
9,inventory_threshold,structured,320,102400,4,0.005,102400.0,5072.298136645963,1.0,9.485680817873181,1.0,3.0,4.0,1.0,8.12539184952978,4.06269592476489,8.0,20.188087774294672,1296.0,204800.0,21582.43762194804,21590.43762194804,9.489196891815904,9.485680817873181
9,inventory_threshold,structured,320,102400,4,0.01,102400.0,5074.662109678422,1.0004660556159704,9.492998877418433,1.0007714849029563,3.0,4.0,1.0,8.119122257053291,4.059561128526646,8.0,20.178683385579937,1295.0,204800.0,21565.793765758266,21573.793765758266,9.496520379656848,9.492998877418433
9,inventory_threshold,structured,320,102400,4,0.02,102400.0,5072.298136645963,1.0,9.485680817873181,1.0,3.0,4.0,1.0,8.12539184952978,4.06269592476489,8.0,20.188087774294672,1296.0,204800.0,21582.43762194804,21590.43762194804,9.489196891815904,9.485680817873181
9,inventory_threshold,structured,320,102400,4,0.035,102400.0,5084.140077821012,1.0023346303501945,9.522384380577481,1.0038693651419455,3.0,4.0,1.0,8.094043887147334,4.047021943573667,8.0,20.141065830721004,1291.0,204800.0,21499.218340999167,21507.218340999167,9.525927722192806,9.522384380577481
9,inventory_threshold,structured,320,102400,4,0.05,102400.0,5117.593608021306,1.0089299702334324,9.626681994252719,1.0148646342931822,3.0,4.0,1.0,8.006269592476489,4.003134796238244,8.0,20.009404388714735,1277.0,204800.0,21266.20435434232,21274.20435434232,9.630303395358004,9.626681994252719
9,inventory_threshold,structured,320,102400,4,0.075,102400.0,5163.70534302877,1.018020866266203,9.771938283167549,1.0301778513098387,3.0,4.0,1.0,7.887147335423197,3.9435736677115987,8.0,19.830721003134798,1258.0,204800.0,20949.9710867366,20957.9710867366,9.77566981606283,9.771938283167549
9,inventory_threshold,structured,320,102400,4,0.1,102400.0,5144.188976377953,1.0141732283464566,9.710246833666869,1.0236742116992334,3.0,4.0,1.0,7.93730407523511,3.968652037617555,8.0,19.905956112852664,1266.0,204800.0,21083.1219362548,21091.1219362548,9.71393139114864,9.710246833666869
9,machine_replacement,structured,320,102400,4,0.0,102400.0,5622.3063683304645,1.0,11.317901162312365,1.0,3.0,4.0,1.0,6.808777429467084,3.404388714733542,8.0,18.213166144200628,1086.0,204800.0,18087.22782209535,18095.22782209535,11.322907081969545,11.317901162312365
9,machine_replacement,structured,320,102400,4,0.0025,102400.0,5622.3063683304645,1.0,11.317901162312365,1.0,3.0,4.0,1.0,6.808777429467084,3.404388714733542,8.0,18.213166144200628,1086.0,204800.0,18087.22782209535,18095.22782209535,11.322907081969545,11.317901162312365
9,machine_replacement,structured,320,102400,4,0.005,102400.0,5622.3063683304645,1.0,11.317901162312365,1.0,3.0,4.0,1.0,6.808777429467084,3.404388714733542,8.0,18.213166144200628,1086.0,204800.0,18087.22782209535,18095.22782209535,11.322907081969545,11.317901162312365
9,machine_replacement,structured,320,102400,4,0.01,102400.0,5619.404782384311,0.9994839153621194,11.307500607214491,0.999081052666151,3.0,4.0,1.0,6.815047021943573,3.4075235109717865,8.0,18.22257053291536,1087.0,204800.0,18103.871678285126,18111.871678285126,11.31249732871502,11.307500607214491
9,machine_replacement,structured,320,102400,4,0.02,102400.0,5622.3063683304645,1.0,11.317901162312365,1.0,3.0,4.0,1.0,6.808777429467084,3.404388714733542,8.0,18.213166144200628,1086.0,204800.0,18087.22782209535,18095.22782209535,11.322907081969545,11.317901162312365
9,machine_replacement,structured,320,102400,4,0.035,102400.0,5610.717966334593,0.997938852627963,11.276413317354407,0.9963343163751854,3.0,4.0,1.0,6.83385579937304,3.41692789968652,8.0,18.25078369905956,1090.0,204800.0,18153.803246854448,18161.803246854448,11.281382595985013,11.276413317354407
9,machine_replacement,structured,320,102400,4,0.05,102400.0,5556.319101888076,0.9882633100867495,11.083428687876646,0.9792830427591563,3.0,4.0,1.0,6.952978056426332,3.476489028213166,8.0,18.429467084639498,1109.0,204800.0,18470.036514460167,18478.036514460167,11.088229297200487,11.083428687876646
9,machine_replacement,structured,320,102400,4,0.075,102400.0,5445.174195699284,0.9684947491248542,10.69798570960022,0.9452269953746892,3.0,4.0,1.0,7.2037617554858935,3.6018808777429467,8.0,18.80564263322884,1149.0,204800.0,19135.790762051158,19143.790762051158,10.70245816055566,10.69798570960022
9,machine_replacement,structured,320,102400,4,0.1,102400.0,5322.730976046929,0.9467166367932216,10.286594081055828,0.90887823930724,3.0,4.0,1.0,7.492163009404388,3.746081504702194,8.0,19.238244514106583,1195.0,204800.0,19901.408146780796,19909.408146780796,10.290729102660405,10.286594081055828
9,admission_control,structured,320,102400,4,0.0,102400.0,5528.109663225588,1.0,10.984487316550746,1.0,3.0,4.0,1.0,7.015673981191222,3.507836990595611,8.0,18.523510971786834,1119.0,204800.0,18636.475076357914,18644.475076357914,10.989202580471222,10.984487316550746
9,admission_control,structured,320,102400,4,0.0025,102400.0,5522.502113271345,0.9989856297548607,10.964910643553772,0.9982177891026851,3.0,4.0,1.0,7.028213166144201,3.5141065830721003,8.0,18.5423197492163,1121.0,204800.0,18669.762788737466,18677.762788737466,10.969609111667214,10.964910643553772
9,admission_control,structured,320,102400,4,0.005,102400.0,5508.532883642496,0.9964586846543003,10.91627289228703,0.99378993099105,3.0,4.0,1.0,7.059561128526646,3.529780564263323,8.0,18.58934169278997,1126.0,204800.0,18752.98206968634,18760.98206968634,10.920929761408633,10.91627289228703
9,admission_control,structured,320,102400,4,0.01,102400.0,5491.862811028917,0.9934431741761938,10.858474143348097,0.9885280787740744,3.0,4.0,1.0,7.09717868338558,3.54858934169279,8.0,18.645768025078368,1132.0,204800.0,18852.845206824986,18860.845206824986,10.86308181885775,10.858474143348097
9,admission_control,structured,320,102400,4,0.02,102400.0,5456.088191080675,0.9869717721730417,10.73531940480107,0.9773163822243897,3.0,4.0,1.0,7.178683385579937,3.5893416927899686,8.0,18.768025078369906,1145.0,204800.0,19069.21533729206,19077.21533729206,10.739823132601051,10.73531940480107
9,admission_control,structured,320,102400,4,0.035,102400.0,5404.63269358041,0.977663798808736,10.560267241396053,0.9613800751068733,3.0,4.0,1.0,7.297805642633229,3.6489028213166144,8.0,18.946708463949843,1164.0,204800.0,19385.448604897778,19393.448604897778,10.564625259600998,10.560267241396053
9,admission_control,structured,320,102400,4,0.05,102400.0,5348.878336335353,0.9675781889634847,10.373312845338772,0.9443602187704205,3.0,4.0,1.0,7.429467084639498,3.714733542319749,8.0,19.144200626959247,1185.0,204800.0,19734.96958488305,19742.96958488305,10.377517893763384,10.373312845338772
9,admission_control,structured,320,102400,4,0.075,102400.0,5263.551401869159,0.9521430873348374,10.092539500411869,0.9187993221317716,3.0,4.0,1.0,7.636363636363636,3.818181818181818,8.0,19.454545454545453,1218.0,204800.0,20284.216839145614,20292.216839145614,10.096519950662602,10.092539500411869
9,admission_control,structured,320,102400,4,0.1,102400.0,5156.369376479874,0.9327545382794002,9.748712346983103,0.887498165917525,3.0,4.0,1.0,7.905956112852664,3.952978056426332,8.0,19.858934169278996,1261.0,204800.0,20999.902655305927,21007.902655305927,9.75242615937814,9.748712346983103
9,resource_allocation,structured,320,102400,4,0.0,102400.0,4970.419963481436,1.0,9.174489761953113,1.0,3.0,4.0,1.0,8.401253918495298,4.200626959247649,8.0,20.60188087774295,1340.0,204800.0,22314.76729429813,22322.76729429813,9.17777888063975,9.174489761953113
9,resource_allocation,structured,320,102400,4,0.0025,102400.0,4974.961925068535,1.000913798355163,9.188191193397605,1.00149342707878,3.0,4.0,1.0,8.388714733542319,4.194357366771159,8.0,20.58307210031348,1338.0,204800.0,22281.47958191858,22289.47958191858,9.191490145304138,9.188191193397605
9,resource_allocation,structured,320,102400,4,0.005,102400.0,4979.512195121952,1.001829268292683,9.201933610228254,1.0029913214780566,3.0,4.0,1.0,8.376175548589341,4.1880877742946705,8.0,20.56426332288401,1336.0,204800.0,22248.19186953903,22256.19186953903,9.205242439517102,9.201933610228254
9,resource_allocation,structured,320,102400,4,0.01,102400.0,4993.213084683583,1.0045857535921736,9.243408620332936,1.0075120099502024,3.0,4.0,1.0,8.338557993730408,4.169278996865204,8.0,20.507836990595614,1330.0,204800.0,22148.328732400383,22156.328732400383,9.246747349401666,9.243408620332936
9,resource_allocation,structured,320,102400,4,0.02,102400.0,5016.216216216217,1.0092137592137593,9.313370754107716,1.0151377347142014,3.0,4.0,1.0,8.275862068965518,4.137931034482759,8.0,20.413793103448274,1320.0,204800.0,21981.890170502636,21989.890170502636,9.316760224506075,9.313370754107716
9,resource_allocation,structured,320,102400,4,0.035,102400.0,5048.778979907263,1.0157650695517775,9.413116031430167,1.026009759198451,3.0,4.0,1.0,8.18808777429467,4.094043887147335,8.0,20.28213166144201,1306.0,204800.0,21748.87618384579,21756.87618384579,9.416578505887003,9.413116031430167
9,resource_allocation,structured,320,102400,4,0.05,102400.0,5077.028287224122,1.0214485545539325,9.500328237226581,1.0355157053664967,3.0,4.0,1.0,8.112852664576803,4.056426332288401,8.0,20.169278996865202,1294.0,204800.0,21549.149909568492,21557.149909568492,9.503855180341125,9.500328237226581
9,resource_allocation,structured,320,102400,4,0.075,102400.0,5105.595498593311,1.0271959987496095,9.589171591913674,1.0451994433173013,3.0,4.0,1.0,8.037617554858933,4.0188087774294665,8.0,20.0564263322884,1282.0,204800.0,21349.423635291194,21357.423635291194,9.592764821128936,9.589171591913674
9,resource_allocation,structured,320,102400,4,0.1,102400.0,5096.03744149766,1.025273010920437,9.559373085573652,1.0419514690851432,3.0,4.0,1.0,8.06269592476489,4.031347962382445,8.0,20.094043887147333,1286.0,204800.0,21415.999060050293,21423.999060050293,9.562944013293166,9.559373085573652
9,random_structured,structured,320,102400,4,0.0,102400.0,5581.954887218045,1.0,11.174012332279622,1.0,3.0,4.0,1.0,6.896551724137931,3.4482758620689653,8.0,18.344827586206897,1100.0,204800.0,18320.241808752195,18328.241808752195,11.178891749243187,11.174012332279622
9,random_structured,structured,320,102400,4,0.0025,102400.0,5584.817917592752,1.0005129081894342,11.184168663518602,1.0009089242912002,3.0,4.0,1.0,6.890282131661442,3.445141065830721,8.0,18.33542319749216,1099.0,204800.0,18303.59795256242,18311.59795256242,11.189056956494662,11.184168663518602
9,random_structured,structured,320,102400,4,0.005,102400.0,5579.094790777114,0.9994876174210079,11.163874430211544,0.9990927249973771,3.0,4.0,1.0,6.9028213166144194,3.4514106583072097,8.0,18.35423197492163,1101.0,204800.0,18336.885664941972,18344.885664941972,11.16874499531587,11.163874430211544
9,random_structured,structured,320,102400,4,0.01,102400.0,5587.683886418064,1.0010263427984947,11.194343474226363,1.0018195023723044,3.0,4.0,1.0,6.884012539184953,3.4420062695924765,8.0,18.32601880877743,1098.0,204800.0,18286.954096372647,18294.954096372647,11.19924066745613,11.194343474226363
9,random_structured,structured,320,102400,4,0.02,102400.0,5590.552798220093,1.0015403046380285,11.204536814883989,1.0027317387610346,3.0,4.0,1.0,6.877742946708464,3.438871473354232,8.0,18.316614420062695,1097.0,204800.0,18270.310240182873,18278.310240182873,11.209442932697026,11.204536814883989
9,random_structured,structured,320,102400,4,0.035,102400.0,5584.817917592752,1.0005129081894342,11.184168663518602,1.0009089242912002,3.0,4.0,1.0,6.890282131661442,3.445141065830721,8.0,18.33542319749216,1099.0,204800.0,18303.59795256242,18311.59795256242,11.189056956494662,11.184168663518602
9,random_structured,structured,320,102400,4,0.05,102400.0,5536.542372881356,0.991864406779661,11.013983748201001,0.9856785030014394,3.0,4.0,1.0,6.996865203761756,3.498432601880878,8.0,18.495297805642632,1116.0,204800.0,18586.543507788592,18594.543507788592,11.018724375200781,11.013983748201001
9,random_structured,structured,320,102400,4,0.075,102400.0,5151.693411662659,0.9229192130268503,10.876516883650307,0.9733761302759703,3.0,5.0,1.25,7.084639498432602,3.542319749216301,9.25,19.8769592476489,1130.0,204800.0,18819.55749444544,18829.55749444544,10.882296252738481,10.876516883650307
9,random_structured,structured,320,102400,4,0.1,102400.0,5205.88071237898,0.9326267978803938,11.092219279010079,0.9926800641669906,3.0,5.0,1.25,6.946708463949843,3.4733542319749215,9.25,19.670062695924763,1108.0,204800.0,18453.392658270393,18463.392658270393,11.09823021666497,11.092219279010079
10,inventory_threshold,structured,320,102400,4,0.0,102400.0,5072.298136645963,1.0,9.485680817873181,1.0,3.0,4.0,1.0,8.12539184952978,4.06269592476489,8.0,20.188087774294672,1296.0,204800.0,21582.43762194804,21590.43762194804,9.489196891815904,9.485680817873181
10,inventory_threshold,structured,320,102400,4,0.0025,102400.0,5077.028287224122,1.000932545850171,9.500328237226581,1.001544161102891,3.0,4.0,1.0,8.112852664576803,4.056426332288401,8.0,20.169278996865202,1294.0,204800.0,21549.149909568492,21557.149909568492,9.503855180341125,9.500328237226581
10,inventory_threshold,structured,320,102400,4,0.005,102400.0,5074.662109678422,1.0004660556159704,9.492998877418433,1.0007714849029563,3.0,4.0,1.0,8.119122257053291,4.059561128526646,8.0,20.178683385579937,1295.0,204800.0,21565.793765758266,21573.793765758266,9.496520379656848,9.492998877418433
10,inventory_threshold,structured,320,102400,4,0.01,102400.0,5081.767268201617,1.0018668326073428,9.515020962490052,1.0030930984480932,3.0,4.0,1.0,8.100313479623825,4.0501567398119125,8.0,20.15047021943574,1292.0,204800.0,21515.862197188944,21523.862197188944,9.518558825253919,9.515020962490052
10,inventory_threshold,structured,320,102400,4,0.02,102400.0,5081.767268201617,1.0018668326073428,9.515020962490052,1.0030930984480932,3.0,4.0,1.0,8.100313479623825,4.0501567398119125,8.0,20.15047021943574,1292.0,204800.0,21515.862197188944,21523.862197188944,9.518558825253919,9.515020962490052
10,inventory_threshold,structured,320,102400,4,0.035,102400.0,5093.653516295025,1.0042101980352407,9.551952373819706,1.0069864838611957,3.0,4.0,1.0,8.068965517241379,4.0344827586206895,8.0,20.10344827586207,1287.0,204800.0,21432.64291624007,21440.64291624007,9.555517758606323,9.551952373819706
10,inventory_threshold,structured,320,102400,4,0.05,102400.0,5103.202624589907,1.0060927980003123,9.581704562392105,1.0101230208313559,3.0,4.0,1.0,8.043887147335424,4.021943573667712,8.0,20.065830721003138,1283.0,204800.0,21366.06749148097,21374.06749148097,9.58529219668792,9.581704562392105
10,inventory_threshold,structured,320,102400,4,0.075,102400.0,5173.519163763066,1.0199556541019956,9.803078899737539,1.033460759217863,3.0,4.0,1.0,7.862068965517241,3.9310344827586206,8.0,19.79310344827586,1254.0,204800.0,20883.3956619775,20891.3956619775,9.806834257940166,9.803078899737539
10,inventory_threshold,structured,320,102400,4,0.1,102400.0,5178.440076093849,1.0209258084971464,9.818723754565072,1.0351100720218587,3.0,4.0,1.0,7.849529780564263,3.9247648902821317,8.0,19.774294670846395,1252.0,204800.0,20850.107949597954,20858.107949597954,9.822491111080751,9.818723754565072
10,machine_replacement,structured,320,102400,4,0.0,102400.0,5622.3063683304645,1.0,11.317901162312365,1.0,3.0,4.0,1.0,6.808777429467084,3.404388714733542,8.0,18.213166144200628,1086.0,204800.0,18087.22782209535,18095.22782209535,11.322907081969545,11.317901162312365
10,machine_replacement,structured,320,102400,4,0.0025,102400.0,5625.210952298949,1.0005166178749785,11.328320867731266,1.0009206393720416,3.0,4.0,1.0,6.802507836990595,3.4012539184952977,8.0,18.203761755485893,1085.0,204800.0,18070.583965905575,18078.583965905575,11.333336010966972,11.328320867731266
10,machine_replacement,structured,320,102400,4,0.005,102400.0,5631.029132908119,1.001551456645406,11.349217941488899,1.0027670129582698,3.0,4.0,1.0,6.789968652037618,3.394984326018809,8.0,18.184952978056426,1083.0,204800.0,18037.296253526027,18045.296253526027,11.354251608522791,11.349217941488899
10,machine_replacement,structured,320,102400,4,0.01,102400.0,5631.029132908119,1.001551456645406,11.349217941488899,1.0027670129582698,3.0,4.0,1.0,6.789968652037618,3.394984326018809,8.0,18.184952978056426,1083.0,204800.0,18037.296253526027,18045.296253526027,11.354251608522791,11.349217941488899
10,machine_replacement,structured,320,102400,4,0.02,102400.0,5636.85936151855,1.002588438308887,11.370192254359456,1.004620211053019,3.0,4.0,1.0,6.777429467084639,3.3887147335423196,8.0,18.16614420062696,1081.0,204800.0,18004.008541146475,18012.008541146475,11.375244548009894,11.370192254359456
10,machine_replacement,structured,320,102400,4,0.035,102400.0,5636.85936151855,1.002588438308887,11.370192254359456,1.004620211053019,3.0,4.0,1.0,6.777429467084639,3.3887147335423196,8.0,18.16614420062696,1081.0,204800.0,18004.008541146475,18012.008541146475,11.375244548009894,11.370192254359456
10,machine_replacement,structured,320,102400,4,0.05,102400.0,5613.610586011343,0.9984533424987113,11.286756737191604,0.9972482154885334,3.0,4.0,1.0,6.827586206896552,3.413793103448276,8.0,18.241379310344826,1089.0,204800.0,18137.159390664674,18145.159390664674,11.291735138271545,11.286756737191604
10,machine_replacement,structured,320,102400,4,0.075,102400.0,5539.358996099712,0.9852467356282857,11.023851126377188,0.9740190312922736,3.0,4.0,1.0,6.990595611285266,3.495297805642633,8.0,18.485893416927897,1115.0,204800.0,18569.89965159882,18577.89965159882,11.028600253225777,11.023851126377188
10,machine_replacement,structured,320,102400,4,0.1,102400.0,5431.592949783838,0.9660791486531427,10.65168216701283,0.941135817874255,3.0,4.0,1.0,7.235109717868339,3.6175548589341693,8.0,18.852664576802507,1154.0,204800.0,19219.01004300003,19227.01004300003,10.656115977971117,10.65168216701283
10,admission_control,structured,320,102400,4,0.0,102400.0,5528.109663225588,1.0,10.984487316550746,1.0,3.0,4.0,1.0,7.015673981191222,3.507836990595611,8.0,18.523510971786834,1119.0,204800.0,18636.475076357914,18644.475076357914,10.989202580471222,10.984487316550746
10,admission_control,structured,320,102400,4,0.0025,102400.0,5516.905928052694,0.9979733153183585,10.94540362593612,0.9964419194552906,3.0,4.0,1.0,7.040752351097178,3.520376175548589,8.0,18.561128526645767,1123.0,204800.0,18703.050501117013,18711.050501117013,10.950085387823158,10.94540362593612
10,admission_control,structured,320,102400,4,0.005,102400.0,5511.321073055508,0.9969630504471065,10.92596589259881,0.9946723572739021,3.0,4.0,1.0,7.053291536050157,3.5266457680250785,8.0,18.579937304075237,1125.0,204800.0,18736.338213496565,18744.338213496565,10.930631037204165,10.92596589259881
10,admission_control,structured,320,102400,4,0.01,102400.0,5491.862811028917,0.9934431741761938,10.858474143348097,0.9885280787740744,3.0,4.0,1.0,7.09717868338558,3.54858934169279,8.0,18.645768025078368,1132.0,204800.0,18852.845206824986,18860.845206824986,10.86308181885775,10.858474143348097
10,admission_control,structured,320,102400,4,0.02,102400.0,5472.541464231866,0.9899480650025132,10.791811093559428,0.9824592429815996,3.0,4.0,1.0,7.141065830721002,3.570532915360501,8.0,18.711598746081503,1139.0,204800.0,18969.35220015341,18977.35220015341,10.796362355396813,10.791811093559428
10,admission_control,structured,320,102400,4,0.035,102400.0,5431.592949783838,0.982540738277353,10.65168216701283,0.9697022591999841,3.0,4.0,1.0,7.235109717868339,3.6175548589341693,8.0,18.852664576802507,1154.0,204800.0,19219.01004300003,19227.01004300003,10.656115977971117,10.65168216701283
10,admission_control,structured,320,102400,4,0.05,102400.0,5388.5846255361275,0.9747608050148469,10.506167587642805,0.9564549791789337,3.0,4.0,1.0,7.335423197492163,3.6677115987460813,8.0,19.003134796238243,1170.0,204800.0,19485.311742036425,19493.311742036425,10.510481059339531,10.506167587642805
10,admission_control,structured,320,102400,4,0.075,102400.0,5322.730976046929,0.9628482972136224,10.286594081055828,0.936465561351837,3.0,4.0,1.0,7.492163009404388,3.746081504702194,8.0,19.238244514106583,1195.0,204800.0,19901.408146780796,19909.408146780796,10.290729102660405,10.286594081055828
10,admission_control,structured,320,102400,4,0.1,102400.0,5263.551401869159,0.9521430873348374,10.092539500411869,0.9187993221317716,3.0,4.0,1.0,7.636363636363636,3.818181818181818,8.0,19.454545454545453,1218.0,204800.0,20284.216839145614,20292.216839145614,10.096519950662602,10.092539500411869
10,resource_allocation,structured,320,102400,4,0.0,102400.0,4970.419963481436,1.0,9.174489761953113,1.0,3.0,4.0,1.0,8.401253918495298,4.200626959247649,8.0,20.60188087774295,1340.0,204800.0,22314.76729429813,22322.76729429813,9.17777888063975,9.174489761953113
10,resource_allocation,structured,320,102400,4,0.0025,102400.0,4970.419963481436,1.0,9.174489761953113,1.0,3.0,4.0,1.0,8.401253918495298,4.200626959247649,8.0,20.60188087774295,1340.0,204800.0,22314.76729429813,22322.76729429813,9.17777888063975,9.174489761953113
10,resource_allocation,structured,320,102400,4,0.005,102400.0,4977.236020112754,1.0013713240895934,9.195057267154455,1.0022418146114933,3.0,4.0,1.0,8.38244514106583,4.191222570532915,8.0,20.573667711598745,1337.0,204800.0,22264.835725728804,22272.835725728804,9.198361152215337,9.195057267154455
10,resource_allocation,structured,320,102400,4,0.01,102400.0,4984.070796460177,1.002746414403418,9.215717196621227,1.0044937032726424,3.0,4.0,1.0,8.363636363636363,4.181818181818182,8.0,20.545454545454547,1334.0,204800.0,22214.904157159483,22222.904157159483,9.219035947719652,9.215717196621227
10,resource_allocation,structured,320,102400,4,0.02,102400.0,5006.989576946659,1.0073574494175355,9.285259196015343,1.0120736342768175,3.0,4.0,1.0,8.300940438871473,4.150470219435737,8.0,20.451410658307207,1324.0,204800.0,22048.465595261732,22056.465595261732,9.288628231980551,9.285259196015343
10,resource_allocation,structured,320,102400,4,0.035,102400.0,5060.511231603408,1.0181254841208367,9.449259112919993,1.0299492787169873,3.0,4.0,1.0,8.156739811912225,4.078369905956112,8.0,20.235109717868337,1301.0,204800.0,21665.656902896917,21673.656902896917,9.452748232739538,9.449259112919993
10,resource_allocation,structured,320,102400,4,0.05,102400.0,5110.3879849812265,1.028160200250313,9.604140619829446,1.0468310357332467,3.0,4.0,1.0,8.025078369905955,4.012539184952978,8.0,20.037617554858933,1280.0,204800.0,21316.135922911646,21324.135922911646,9.607745078218926,9.604140619829446
10,resource_allocation,structured,320,102400,4,0.075,102400.0,5134.4860106884635,1.033008487896888,9.679692289075533,1.0550660080539311,3.0,4.0,1.0,7.962382445141065,3.9811912225705326,8.0,19.943573667711597,1270.0,204800.0,21149.6973610139,21157.6973610139,9.68335369079636,9.679692289075533
10,resource_allocation,structured,320,102400,4,0.1,102400.0,5120.0,1.0300940438871475,9.634219317771612,1.0501095502580438,3.0,4.0,1.0,8.0,4.0,8.0,20.0,1276.0,204800.0,21249.560498152547,21257.560498152547,9.637846393002127,9.634219317771612
10,random_structured,structured,320,102400,4,0.0,102400.0,5698.813677599442,1.0,11.595195710163917,1.0,3.0,4.0,1.0,6.64576802507837,3.322884012539185,8.0,17.968652037617556,1060.0,204800.0,17654.487561161208,17662.487561161208,11.600449987036013,11.595195710163917
10,random_structured,structured,320,102400,4,0.0025,102400.0,5698.813677599442,1.0,11.595195710163917,1.0,3.0,4.0,1.0,6.64576802507837,3.322884012539185,8.0,17.968652037617556,1060.0,204800.0,17654.487561161208,17662.487561161208,11.600449987036013,11.595195710163917
10,random_structured,structured,320,102400,4,0.005,102400.0,5704.785190359763,1.0010478519035977,11.617089927887658,1.001888214590854,3.0,4.0,1.0,6.633228840125391,3.3166144200626957,8.0,17.949843260188086,1058.0,204800.0,17621.199848781656,17629.199848781656,11.622364070410338,11.617089927887658
10,random_structured,structured,320,102400,4,0.01,102400.0,5710.769230769231,1.0020979020979022,11.639066983990755,1.00378357338017,3.0,4.0,1.0,6.620689655172414,3.310344827586207,8.0,17.93103448275862,1056.0,204800.0,17587.91213640211,17595.91213640211,11.64436110504104,11.639066983990755
10,random_structured,structured,320,102400,4,0.02,102400.0,5725.784399649431,1.0047326906222613,11.694375142097455,1.0085534935685994,3.0,4.0,1.0,6.589341692789969,3.2946708463949843,8.0,17.88401253918495,1051.0,204800.0,17504.692855453235,17512.692855453235,11.699719708946432,11.694375142097455
10,random_structured,structured,320,102400,4,0.035,102400.0,5749.973596197852,1.008977292730153,11.78396990726578,1.0162803804110343,3.0,4.0,1.0,6.539184952978056,3.269592476489028,8.0,17.808777429467085,1043.0,204800.0,17371.542005935036,17379.542005935036,11.789396700075876,11.78396990726578
10,random_structured,structured,320,102400,4,0.05,102400.0,5771.3074204947,1.012720848056537,11.863499080575428,1.0231391842896043,3.0,4.0,1.0,6.495297805642633,3.2476489028213167,8.0,17.74294670846395,1036.0,204800.0,17255.035012606615,17263.035012606615,11.868999387736512,11.863499080575428
10,random_structured,structured,320,102400,4,0.075,102400.0,5805.1537231206685,1.0186600319886263,11.990665598552056,1.0341063573460416,3.0,4.0,1.0,6.4263322884012535,3.2131661442006267,8.0,17.63949843260188,1025.0,204800.0,17071.95259451909,17079.95259451909,11.99628448275744,11.990665598552056
10,random_structured,structured,320,102400,4,0.1,102400.0,5823.783205562489,1.0219290426100909,12.061184984569271,1.0401881336075152,3.0,4.0,1.0,6.38871473354232,3.19435736677116,8.0,17.58307210031348,1019.0,204800.0,16972.089457380443,16980.089457380443,12.06687017024537,12.061184984569271
11,inventory_threshold,structured,320,102400,4,0.0,102400.0,5072.298136645963,1.0,9.485680817873181,1.0,3.0,4.0,1.0,8.12539184952978,4.06269592476489,8.0,20.188087774294672,1296.0,204800.0,21582.43762194804,21590.43762194804,9.489196891815904,9.485680817873181
11,inventory_threshold,structured,320,102400,4,0.0025,102400.0,5074.662109678422,1.0004660556159704,9.492998877418433,1.0007714849029563,3.0,4.0,1.0,8.119122257053291,4.059561128526646,8.0,20.178683385579937,1295.0,204800.0,21565.793765758266,21573.793765758266,9.496520379656848,9.492998877418433
11,inventory_threshold,structured,320,102400,4,0.005,102400.0,5077.028287224122,1.000932545850171,9.500328237226581,1.001544161102891,3.0,4.0,1.0,8.112852664576803,4.056426332288401,8.0,20.169278996865202,1294.0,204800.0,21549.149909568492,21557.149909568492,9.503855180341125,9.500328237226581
11,inventory_threshold,structured,320,102400,4,0.01,102400.0,5081.767268201617,1.0018668326073428,9.515020962490052,1.0030930984480932,3.0,4.0,1.0,8.100313479623825,4.0501567398119125,8.0,20.15047021943574,1292.0,204800.0,21515.862197188944,21523.862197188944,9.518558825253919,9.515020962490052
11,inventory_threshold,structured,320,102400,4,0.02,102400.0,5084.140077821012,1.0023346303501945,9.522384380577481,1.0038693651419455,3.0,4.0,1.0,8.094043887147334,4.047021943573667,8.0,20.141065830721004,1291.0,204800.0,21499.218340999167,21507.218340999167,9.525927722192806,9.522384380577481
11,inventory_threshold,structured,320,102400,4,0.035,102400.0,5098.423599188387,1.0051506165131885,9.566805336283071,1.0085523137418912,3.0,4.0,1.0,8.056426332288401,4.028213166144201,8.0,20.084639498432605,1285.0,204800.0,21399.35520386052,21407.35520386052,9.570381819871534,9.566805336283071
11,inventory_threshold,structured,320,102400,4,0.05,102400.0,5110.3879849812265,1.0075093867334168,9.604140619829446,1.0124882761955325,3.0,4.0,1.0,8.025078369905955,4.012539184952978,8.0,20.037617554858933,1280.0,204800.0,21316.135922911646,21324.135922911646,9.607745078218926,9.604140619829446
11,inventory_threshold,structured,320,102400,4,0.075,102400.0,5103.202624589907,1.0060927980003123,9.581704562392105,1.0101230208313559,3.0,4.0,1.0,8.043887147335424,4.021943573667712,8.0,20.065830721003138,1283.0,204800.0,21366.06749148097,21374.06749148097,9.58529219668792,9.581704562392105
11,inventory_threshold,structured,320,102400,4,0.1,102400.0,5081.767268201617,1.0018668326073428,9.515020962490052,1.0030930984480932,3.0,4.0,1.0,8.100313479623825,4.0501567398119125,8.0,20.15047021943574,1292.0,204800.0,21515.862197188944,21523.862197188944,9.518558825253919,9.515020962490052
11,machine_replacement,structured,320,102400,4,0.0,102400.0,5622.3063683304645,1.0,11.317901162312365,1.0,3.0,4.0,1.0,6.808777429467084,3.404388714733542,8.0,18.213166144200628,1086.0,204800.0,18087.22782209535,18095.22782209535,11.322907081969545,11.317901162312365
11,machine_replacement,structured,320,102400,4,0.0025,102400.0,5625.210952298949,1.0005166178749785,11.328320867731266,1.0009206393720416,3.0,4.0,1.0,6.802507836990595,3.4012539184952977,8.0,18.203761755485893,1085.0,204800.0,18070.583965905575,18078.583965905575,11.333336010966972,11.328320867731266
11,machine_replacement,structured,320,102400,4,0.005,102400.0,5628.118538938663,1.0010337698139216,11.338759776411553,1.0018429754598535,3.0,4.0,1.0,6.7962382445141065,3.3981191222570533,8.0,18.19435736677116,1084.0,204800.0,18053.9401097158,18061.9401097158,11.34378416874143,11.338759776411553
11,machine_replacement,structured,320,102400,4,0.01,102400.0,5631.029132908119,1.001551456645406,11.349217941488899,1.0027670129582698,3.0,4.0,1.0,6.789968652037618,3.394984326018809,8.0,18.184952978056426,1083.0,204800.0,18037.296253526027,18045.296253526027,11.354251608522791,11.349217941488899
11,machine_replacement,structured,320,102400,4,0.02,102400.0,5642.701675591639,1.003627569528416,11.39124423536901,1.0064802715631473,3.0,4.0,1.0,6.764890282131661,3.3824451410658307,8.0,18.147335423197493,1079.0,204800.0,17970.720828766927,17978.720828766927,11.396315259216705,11.39124423536901
11,machine_replacement,structured,320,102400,4,0.035,102400.0,5633.942738875475,1.0020696791997241,11.359695416295196,1.003692756579462,3.0,4.0,1.0,6.783699059561128,3.391849529780564,8.0,18.17554858934169,1082.0,204800.0,18020.65239733625,18028.65239733625,11.364738383737585,11.359695416295196
11,machine_replacement,structured,320,102400,4,0.05,102400.0,5602.057966043561,0.9963985594237696,11.245496493093674,0.9936026416753141,3.0,4.0,1.0,6.852664576802508,3.426332288401254,8.0,18.278996865203762,1093.0,204800.0,18203.734815423773,18211.734815423773,11.250438554316656,11.245496493093674
11,machine_replacement,structured,320,102400,4,0.075,102400.0,5494.634146341464,0.9772918418839361,10.868064726611323,0.9602544297524916,3.0,4.0,1.0,7.090909090909091,3.5454545454545454,8.0,18.636363636363637,1131.0,204800.0,18836.201350635212,18844.201350635212,10.872680546764995,10.868064726611323
11,machine_replacement,structured,320,102400,4,0.1,102400.0,5372.631578947368,0.955592105263158,10.452619407673179,0.923547507419441,3.0,4.0,1.0,7.373040752351097,3.6865203761755483,8.0,19.059561128526646,1176.0,204800.0,19585.174879175076,19593.174879175076,10.456889012401106,10.452619407673179
11,admission_control,structured,320,102400,4,0.0,102400.0,5528.109663225588,1.0,10.984487316550746,1.0,3.0,4.0,1.0,7.015673981191222,3.507836990595611,8.0,18.523510971786834,1119.0,204800.0,18636.475076357914,18644.475076357914,10.989202580471222,10.984487316550746
11,admission_control,structured,320,102400,4,0.0025,102400.0,5519.702602230483,0.9984792159513349,10.955148451078164,0.997329063739882,3.0,4.0,1.0,7.0344827586206895,3.5172413793103448,8.0,18.551724137931036,1122.0,204800.0,18686.40664492724,18694.40664492724,10.959838554920704,10.955148451078164
11,admission_control,structured,320,102400,4,0.005,102400.0,5511.321073055508,0.9969630504471065,10.92596589259881,0.9946723572739021,3.0,4.0,1.0,7.053291536050157,3.5266457680250785,8.0,18.579937304075237,1125.0,204800.0,18736.338213496565,18744.338213496565,10.930631037204165,10.92596589259881
11,admission_control,structured,320,102400,4,0.01,102400.0,5489.09426987061,0.9929423626281298,10.848900471686628,0.9876565158703562,3.0,4.0,1.0,7.1034482758620685,3.5517241379310343,8.0,18.655172413793103,1133.0,204800.0,18869.48906301476,18877.48906301476,10.853500024090176,10.848900471686628
11,admission_control,structured,320,102400,4,0.02,102400.0,5458.823529411764,0.9874665775401069,10.744693578733994,0.9781697833584417,3.0,4.0,1.0,7.172413793103448,3.586206896551724,8.0,18.758620689655174,1144.0,204800.0,19052.571481102284,19060.571481102284,10.749205177009069,10.744693578733994
11,admission_control,structured,320,102400,4,0.035,102400.0,5401.951380850009,0.9771787663304119,10.551211974418642,0.9605557064571169,3.0,4.0,1.0,7.304075235109718,3.652037617554859,8.0,18.956112852664575,1165.0,204800.0,19402.09246108755,19410.09246108755,10.555562520421072,10.551211974418642
11,admission_control,structured,320,102400,4,0.05,102400.0,5348.878336335353,0.9675781889634847,10.373312845338772,0.9443602187704205,3.0,4.0,1.0,7.429467084639498,3.714733542319749,8.0,19.144200626959247,1185.0,204800.0,19734.96958488305,19742.96958488305,10.377517893763384,10.373312845338772
11,admission_control,structured,320,102400,4,0.075,102400.0,5261.008213883073,0.9516830407473024,10.084268294136224,0.9180463323893026,3.0,4.0,1.0,7.6426332288401255,3.8213166144200628,8.0,19.46394984326019,1219.0,204800.0,20300.86069533539,20308.86069533539,10.088242221525993,10.084268294136224
11,admission_control,structured,320,102400,4,0.1,102400.0,5195.7372355654525,0.9398759344679498,9.873876198456871,0.8988927670369764,3.0,4.0,1.0,7.80564263322884,3.90282131661442,8.0,19.70846394984326,1245.0,204800.0,20733.60095626953,20741.60095626953,9.87768600504832,9.873876198456871
11,resource_allocation,structured,320,102400,4,0.0,102400.0,4970.419963481436,1.0,9.174489761953113,1.0,3.0,4.0,1.0,8.401253918495298,4.200626959247649,8.0,20.60188087774295,1340.0,204800.0,22314.76729429813,22322.76729429813,9.17777888063975,9.174489761953113
11,resource_allocation,structured,320,102400,4,0.0025,102400.0,4977.236020112754,1.0013713240895934,9.195057267154455,1.0022418146114933,3.0,4.0,1.0,8.38244514106583,4.191222570532915,8.0,20.573667711598745,1337.0,204800.0,22264.835725728804,22272.835725728804,9.198361152215337,9.195057267154455
11,resource_allocation,structured,320,102400,4,0.005,102400.0,4979.512195121952,1.001829268292683,9.201933610228254,1.0029913214780566,3.0,4.0,1.0,8.376175548589341,4.1880877742946705,8.0,20.56426332288401,1336.0,204800.0,22248.19186953903,22256.19186953903,9.205242439517102,9.201933610228254
11,resource_allocation,structured,320,102400,4,0.01,102400.0,4995.50389967885,1.0050466432176175,9.250357498089793,1.0082694229439664,3.0,4.0,1.0,8.332288401253917,4.166144200626959,8.0,20.49843260188088,1329.0,204800.0,22131.68487621061,22139.68487621061,9.253701249837508,9.250357498089793
11,resource_allocation,structured,320,102400,4,0.02,102400.0,5018.528191734521,1.0096789061299738,9.32042526035846,1.0159066609906249,3.0,4.0,1.0,8.269592476489027,4.134796238244514,8.0,20.404388714733543,1319.0,204800.0,21965.24631431286,21973.24631431286,9.323819868414109,9.32042526035846
11,resource_allocation,structured,320,102400,4,0.035,102400.0,5053.465346534653,1.0167079207920793,9.427540034143217,1.0275819450188401,3.0,4.0,1.0,8.175548589341693,4.087774294670846,8.0,20.263322884012542,1304.0,204800.0,21715.58847146624,21723.58847146624,9.43101312999656,9.427540034143217
11,resource_allocation,structured,320,102400,4,0.05,102400.0,5084.140077821012,1.0228793774319067,9.522384380577481,1.0379197783910663,3.0,4.0,1.0,8.094043887147334,4.047021943573667,8.0,20.141065830721004,1291.0,204800.0,21499.218340999167,21507.218340999167,9.525927722192806,9.522384380577481
11,resource_allocation,structured,320,102400,4,0.075,102400.0,5081.767268201617,1.0224019912881146,9.515020962490052,1.0371171813771194,3.0,4.0,1.0,8.100313479623825,4.0501567398119125,8.0,20.15047021943574,1292.0,204800.0,21515.862197188944,21523.862197188944,9.518558825253919,9.515020962490052
11,resource_allocation,structured,320,102400,4,0.1,102400.0,5053.465346534653,1.0167079207920793,9.427540034143217,1.0275819450188401,3.0,4.0,1.0,8.175548589341693,4.087774294670846,8.0,20.263322884012542,1304.0,204800.0,21715.58847146624,21723.58847146624,9.43101312999656,9.427540034143217
11,random_structured,structured,320,102400,4,0.0,102400.0,5404.63269358041,1.0,10.560267241396053,1.0,3.0,4.0,1.0,7.297805642633229,3.6489028213166144,8.0,18.946708463949843,1164.0,204800.0,19385.448604897778,19393.448604897778,10.564625259600998,10.560267241396053
11,random_structured,structured,320,102400,4,0.0025,102400.0,5404.63269358041,1.0,10.560267241396053,1.0,3.0,4.0,1.0,7.297805642633229,3.6489028213166144,8.0,18.946708463949843,1164.0,204800.0,19385.448604897778,19393.448604897778,10.564625259600998,10.560267241396053
11,random_structured,structured,320,102400,4,0.005,102400.0,5404.63269358041,1.0,10.560267241396053,1.0,3.0,4.0,1.0,7.297805642633229,3.6489028213166144,8.0,18.946708463949843,1164.0,204800.0,19385.448604897778,19393.448604897778,10.564625259600998,10.560267241396053
11,random_structured,structured,320,102400,4,0.01,102400.0,5399.272727272728,0.9990082644628101,10.542172223641057,0.998286500015448,3.0,4.0,1.0,7.310344827586206,3.655172413793103,8.0,18.96551724137931,1166.0,204800.0,19418.73631727733,19426.73631727733,10.546515316642123,10.542172223641057
11,random_structured,structured,320,102400,4,0.02,102400.0,5393.923381770146,0.9980184940554824,10.524139111436188,0.9965788621505484,3.0,4.0,1.0,7.322884012539185,3.6614420062695925,8.0,18.984326018808776,1168.0,204800.0,19452.024029656877,19460.024029656877,10.528467355775344,10.524139111436188
11,random_structured,structured,320,102400,4,0.035,102400.0,5341.007194244604,0.9882275997383911,10.347144080203615,0.9798183931977593,3.0,4.0,1.0,7.448275862068965,3.7241379310344827,8.0,19.17241379310345,1188.0,204800.0,19784.90115345237,19792.90115345237,10.351327934952224,10.347144080203615
11,random_structured,structured,320,102400,4,0.05,102400.0,5320.130293159608,0.9843648208469055,10.278001882634276,0.9732710023042502,3.0,4.0,1.0,7.498432601880878,3.749216300940439,8.0,19.247648902821318,1196.0,204800.0,19918.05200297057,19926.05200297057,10.282129997926313,10.278001882634276
11,random_structured,structured,320,102400,4,0.075,102400.0,5271.195739874132,0.975310634177828,10.11743472945184,0.9580661642530865,3.0,4.0,1.0,7.617554858934169,3.8087774294670846,8.0,19.426332288401255,1215.0,204800.0,20234.28527057629,20242.28527057629,10.121434844936687,10.11743472945184
11,random_structured,structured,320,102400,4,0.1,102400.0,5210.655606954857,0.9641091083107354,9.921645250730304,0.939525963115558,3.0,4.0,1.0,7.768025078369906,3.884012539184953,8.0,19.65203761755486,1239.0,204800.0,20633.73781913088,20641.73781913088,9.92549201677442,9.921645250730304
12,inventory_threshold,structured,320,102400,4,0.0,102400.0,5072.298136645963,1.0,9.485680817873181,1.0,3.0,4.0,1.0,8.12539184952978,4.06269592476489,8.0,20.188087774294672,1296.0,204800.0,21582.43762194804,21590.43762194804,9.489196891815904,9.485680817873181
12,inventory_threshold,structured,320,102400,4,0.0025,102400.0,5079.396672368216,1.001399471310838,9.507668923491993,1.0023180313612683,3.0,4.0,1.0,8.106583072100314,4.053291536050157,8.0,20.15987460815047,1293.0,204800.0,21532.50605337872,21540.50605337872,9.511201320102002,9.507668923491993
12,inventory_threshold,structured,320,102400,4,0.005,102400.0,5077.028287224122,1.000932545850171,9.500328237226581,1.001544161102891,3.0,4.0,1.0,8.112852664576803,4.056426332288401,8.0,20.169278996865202,1294.0,204800.0,21549.149909568492,21557.149909568492,9.503855180341125,9.500328237226581
12,inventory_threshold,structured,320,102400,4,0.01,102400.0,5079.396672368216,1.001399471310838,9.507668923491993,1.0023180313612683,3.0,4.0,1.0,8.106583072100314,4.053291536050157,8.0,20.15987460815047,1293.0,204800.0,21532.50605337872,21540.50605337872,9.511201320102002,9.507668923491993
12,inventory_threshold,structured,320,102400,4,0.02,102400.0,5084.140077821012,1.0023346303501945,9.522384380577481,1.0038693651419455,3.0,4.0,1.0,8.094043887147334,4.047021943573667,8.0,20.141065830721004,1291.0,204800.0,21499.218340999167,21507.218340999167,9.525927722192806,9.522384380577481
12,inventory_threshold,structured,320,102400,4,0.035,102400.0,5091.271820448878,1.0037406483790525,9.544543174169837,1.0062053907807804,3.0,4.0,1.0,8.075235109717868,4.037617554858934,8.0,20.1128526645768,1288.0,204800.0,21449.286772429845,21457.286772429845,9.548103028919483,9.544543174169837
12,inventory_threshold,structured,320,102400,4,0.05,102400.0,5084.140077821012,1.0023346303501945,9.522384380577481,1.0038693651419455,3.0,4.0,1.0,8.094043887147334,4.047021943573667,8.0,20.141065830721004,1291.0,204800.0,21499.218340999167,21507.218340999167,9.525927722192806,9.522384380577481
12,inventory_threshold,structured,320,102400,4,0.075,102400.0,4952.334748332322,0.976349302607641,9.120090244735579,0.9614586891381853,3.0,4.0,1.0,8.451410658307209,4.225705329153604,8.0,20.677115987460816,1348.0,204800.0,22447.91814381633,22455.91814381633,9.123340466938389,9.120090244735579
12,inventory_threshold,structured,320,102400,4,0.1,102400.0,4502.029424938841,0.8875719257140887,8.566910757380327,0.9031413687500762,3.0,5.0,1.25,8.996865203761756,4.498432601880878,9.25,22.745297805642636,1435.0,204800.0,23895.933632326727,23905.933632326727,8.570495848839483,8.566910757380327
12,machine_replacement,structured,320,102400,4,0.0,102400.0,5622.3063683304645,1.0,11.317901162312365,1.0,3.0,4.0,1.0,6.808777429467084,3.404388714733542,8.0,18.213166144200628,1086.0,204800.0,18087.22782209535,18095.22782209535,11.322907081969545,11.317901162312365
12,machine_replacement,structured,320,102400,4,0.0025,102400.0,5625.210952298949,1.0005166178749785,11.328320867731266,1.0009206393720416,3.0,4.0,1.0,6.802507836990595,3.4012539184952977,8.0,18.203761755485893,1085.0,204800.0,18070.583965905575,18078.583965905575,11.333336010966972,11.328320867731266
12,machine_replacement,structured,320,102400,4,0.005,102400.0,5628.118538938663,1.0010337698139216,11.338759776411553,1.0018429754598535,3.0,4.0,1.0,6.7962382445141065,3.3981191222570533,8.0,18.19435736677116,1084.0,204800.0,18053.9401097158,18061.9401097158,11.34378416874143,11.338759776411553
12,machine_replacement,structured,320,102400,4,0.01,102400.0,5633.942738875475,1.0020696791997241,11.359695416295196,1.003692756579462,3.0,4.0,1.0,6.783699059561128,3.391849529780564,8.0,18.17554858934169,1082.0,204800.0,18020.65239733625,18028.65239733625,11.364738383737585,11.359695416295196
12,machine_replacement,structured,320,102400,4,0.02,102400.0,5622.3063683304645,1.0,11.317901162312365,1.0,3.0,4.0,1.0,6.808777429467084,3.404388714733542,8.0,18.213166144200628,1086.0,204800.0,18087.22782209535,18095.22782209535,11.322907081969545,11.317901162312365
12,machine_replacement,structured,320,102400,4,0.035,102400.0,5599.177236887213,0.9958861844360646,11.235228524132443,0.9926954090697298,3.0,4.0,1.0,6.858934169278997,3.4294670846394983,8.0,18.288401253918494,1094.0,204800.0,18220.378671613547,18228.378671613547,11.240161562562271,11.235228524132443
12,machine_replacement,structured,320,102400,4,0.05,102400.0,5514.112086428089,0.9807562457798785,10.935676121823045,0.9662282754542779,3.0,4.0,1.0,7.047021943573667,3.5235109717868336,8.0,18.570532915360502,1124.0,204800.0,18719.694357306787,18727.694357306787,10.940349563990674,10.935676121823045
12,machine_replacement,structured,320,102400,4,0.075,102400.0,5343.628333060691,0.9504335023719943,10.355852319354085,0.9149975928256185,3.0,4.0,1.0,7.4420062695924765,3.7210031347962382,8.0,19.163009404388713,1187.0,204800.0,19768.257297262597,19776.257297262597,10.360043220823497,10.355852319354085
12,machine_replacement,structured,320,102400,4,0.1,102400.0,5132.065985860173,0.9128043990573449,9.672083674254036,0.8545828007812297,3.0,4.0,1.0,7.968652037617555,3.9843260188087775,8.0,19.952978056426332,1271.0,204800.0,21166.341217203673,21174.341217203673,9.675739321141707,9.672083674254036
12,admission_control,structured,320,102400,4,0.0,102400.0,5528.109663225588,1.0,10.984487316550746,1.0,3.0,4.0,1.0,7.015673981191222,3.507836990595611,8.0,18.523510971786834,1119.0,204800.0,18636.475076357914,18644.475076357914,10.989202580471222,10.984487316550746
12,admission_control,structured,320,102400,4,0.0025,102400.0,5519.702602230483,0.9984792159513349,10.955148451078164,0.997329063739882,3.0,4.0,1.0,7.0344827586206895,3.5172413793103448,8.0,18.551724137931036,1122.0,204800.0,18686.40664492724,18694.40664492724,10.959838554920704,10.955148451078164
12,admission_control,structured,320,102400,4,0.005,102400.0,5514.112086428089,0.9974679270762999,10.935676121823045,0.9955563520334576,3.0,4.0,1.0,7.047021943573667,3.5235109717868336,8.0,18.570532915360502,1124.0,204800.0,18719.694357306787,18727.694357306787,10.940349563990674,10.935676121823045
12,admission_control,structured,320,102400,4,0.01,102400.0,5497.408280040391,0.9944463143722655,10.87767226632667,0.9902758274331899,3.0,4.0,1.0,7.084639498432602,3.542319749216301,8.0,18.6269592476489,1130.0,204800.0,18819.55749444544,18827.55749444544,10.882296252738481,10.87767226632667
12,admission_control,structured,320,102400,4,0.02,102400.0,5494.634146341464,0.9939444911690498,10.868064726611323,0.989401181267331,3.0,4.0,1.0,7.090909090909091,3.5454545454545454,8.0,18.636363636363637,1131.0,204800.0,18836.201350635212,18844.201350635212,10.872680546764995,10.868064726611323
12,admission_control,structured,320,102400,4,0.035,102400.0,5453.355592654425,0.9864774624373959,10.72596157354683,0.9764644688865555,3.0,4.0,1.0,7.184952978056426,3.592476489028213,8.0,18.777429467084637,1146.0,204800.0,19085.859193481832,19093.859193481832,10.730457451448816,10.72596157354683
12,admission_control,structured,320,102400,4,0.05,102400.0,5399.272727272728,0.9766942148760333,10.542172223641057,0.9597327503630291,3.0,4.0,1.0,7.310344827586206,3.655172413793103,8.0,18.96551724137931,1166.0,204800.0,19418.73631727733,19426.73631727733,10.546515316642123,10.542172223641057
12,admission_control,structured,320,102400,4,0.075,102400.0,5268.645161290323,0.9530645161290324,10.109122684545977,0.9203090133587005,3.0,4.0,1.0,7.623824451410658,3.811912225705329,8.0,19.435736677115987,1216.0,204800.0,20250.929126766063,20258.929126766063,10.113116228791284,10.109122684545977
12,admission_control,structured,320,102400,4,0.1,102400.0,5025.476923076923,0.9090769230769232,9.341653047231938,0.8504405147026309,3.0,4.0,1.0,8.25078369905956,4.12539184952978,8.0,20.37617554858934,1316.0,204800.0,21915.314745743537,21923.314745743537,9.34506313854228,9.341653047231938
12,resource_allocation,structured,320,102400,4,0.0,102400.0,4970.419963481436,1.0,9.174489761953113,1.0,3.0,4.0,1.0,8.401253918495298,4.200626959247649,8.0,20.60188087774295,1340.0,204800.0,22314.76729429813,22322.76729429813,9.17777888063975,9.174489761953113
12,resource_allocation,structured,320,102400,4,0.0025,102400.0,4970.419963481436,1.0,9.174489761953113,1.0,3.0,4.0,1.0,8.401253918495298,4.200626959247649,8.0,20.60188087774295,1340.0,204800.0,22314.76729429813,22322.76729429813,9.17777888063975,9.174489761953113
12,resource_allocation,structured,320,102400,4,0.005,102400.0,4972.689907139596,1.0004566905160606,9.181335365970153,1.0007461563743227,3.0,4.0,1.0,8.39498432601881,4.197492163009405,8.0,20.59247648902821,1339.0,204800.0,22298.123438108356,22306.123438108356,9.184629395762913,9.181335365970153
12,resource_allocation,structured,320,102400,4,0.01,102400.0,4974.961925068535,1.000913798355163,9.188191193397605,1.00149342707878,3.0,4.0,1.0,8.388714733542319,4.194357366771159,8.0,20.58307210031348,1338.0,204800.0,22281.47958191858,22289.47958191858,9.191490145304138,9.188191193397605
12,resource_allocation,structured,320,102400,4,0.02,102400.0,4977.236020112754,1.0013713240895934,9.195057267154455,1.0022418146114933,3.0,4.0,1.0,8.38244514106583,4.191222570532915,8.0,20.573667711598745,1337.0,204800.0,22264.835725728804,22272.835725728804,9.198361152215337,9.195057267154455
12,resource_allocation,structured,320,102400,4,0.035,102400.0,4984.070796460177,1.002746414403418,9.215717196621227,1.0044937032726424,3.0,4.0,1.0,8.363636363636363,4.181818181818182,8.0,20.545454545454547,1334.0,204800.0,22214.904157159483,22222.904157159483,9.219035947719652,9.215717196621227
12,resource_allocation,structured,320,102400,4,0.05,102400.0,4743.253348822013,0.9542962936072895,9.369250302710347,1.021228487448415,3.0,5.0,1.25,8.225705329153605,4.112852664576803,9.25,21.588557993730408,1312.0,204800.0,21848.739320984438,21858.739320984438,9.373538536537051,9.369250302710347
12,resource_allocation,structured,320,102400,4,0.075,102400.0,4793.367328221872,0.9643787372977735,9.543653625204357,1.0402380811172929,3.0,5.0,1.25,8.075235109717868,4.037617554858934,9.25,21.3628526645768,1288.0,204800.0,21449.286772429845,21459.286772429845,9.548103028919483,9.543653625204357
12,resource_allocation,structured,320,102400,4,0.1,102400.0,4716.543334656896,0.9489224993682995,9.277417194709933,1.0112188727032716,3.0,5.0,1.25,8.307210031347962,4.153605015673981,9.25,21.710815047021946,1325.0,204800.0,22065.10945145151,22075.10945145151,9.28162175903132,9.277417194709933
12,random_structured,structured,320,102400,4,0.0,102400.0,5514.112086428089,1.0,10.935676121823045,1.0,3.0,4.0,1.0,7.047021943573667,3.5235109717868336,8.0,18.570532915360502,1124.0,204800.0,18719.694357306787,18727.694357306787,10.940349563990674,10.935676121823045
12,random_structured,structured,320,102400,4,0.0025,102400.0,5514.112086428089,1.0,10.935676121823045,1.0,3.0,4.0,1.0,7.047021943573667,3.5235109717868336,8.0,18.570532915360502,1124.0,204800.0,18719.694357306787,18727.694357306787,10.940349563990674,10.935676121823045
12,random_structured,structured,320,102400,4,0.005,102400.0,5525.304465493911,1.0020297699594047,10.974690249832724,1.003567600903233,3.0,4.0,1.0,7.021943573667711,3.5109717868338555,8.0,18.532915360501566,1120.0,204800.0,18653.11893254769,18661.11893254769,10.97939710461214,10.974690249832724
12,random_structured,structured,320,102400,4,0.01,102400.0,5539.358996099712,1.0045785992877736,11.023851126377188,1.0080630592541218,3.0,4.0,1.0,6.990595611285266,3.495297805642633,8.0,18.485893416927897,1115.0,204800.0,18569.89965159882,18577.89965159882,11.028600253225777,11.023851126377188
12,random_structured,structured,320,102400,4,0.02,102400.0,5559.155888359429,1.0081688223281144,11.093420945589012,1.0144247892867981,3.0,4.0,1.0,6.946708463949843,3.4733542319749215,8.0,18.420062695924763,1108.0,204800.0,18453.392658270393,18461.392658270393,11.09823021666497,11.093420945589012
12,random_structured,structured,320,102400,4,0.035,102400.0,5556.319101888076,1.0076543629869026,11.083428687876646,1.0135110590701153,3.0,4.0,1.0,6.952978056426332,3.476489028213166,8.0,18.429467084639498,1109.0,204800.0,18470.036514460167,18478.036514460167,11.088229297200487,11.083428687876646
12,random_structured,structured,320,102400,4,0.05,102400.0,5500.185216366392,0.9974743222764775,10.887296807503237,0.9955760106845828,3.0,4.0,1.0,7.078369905956112,3.539184952978056,8.0,18.61755485893417,1129.0,204800.0,18802.913638255664,18810.913638255664,10.891928981863854,10.887296807503237
12,random_structured,structured,320,102400,4,0.075,102400.0,5346.2520458265135,0.969558101472995,10.364575228698435,0.9477763526678583,3.0,4.0,1.0,7.435736677115987,3.7178683385579934,8.0,19.153605015673982,1186.0,204800.0,19751.613441072823,19759.613441072823,10.368773194706474,10.364575228698435
12,random_structured,structured,320,102400,4,0.1,102400.0,5183.370358616312,0.9400190415741034,9.834418624847412,0.8992968075583382,3.0,4.0,1.0,7.836990595611285,3.9184952978056424,8.0,19.755485893416928,1250.0,204800.0,20816.820237218406,20824.820237218406,9.838198037269782,9.834418624847412
13,inventory_threshold,structured,320,102400,4,0.0,102400.0,5072.298136645963,1.0,9.485680817873181,1.0,3.0,4.0,1.0,8.12539184952978,4.06269592476489,8.0,20.188087774294672,1296.0,204800.0,21582.43762194804,21590.43762194804,9.489196891815904,9.485680817873181
13,inventory_threshold,structured,320,102400,4,0.0025,102400.0,5072.298136645963,1.0,9.485680817873181,1.0,3.0,4.0,1.0,8.12539184952978,4.06269592476489,8.0,20.188087774294672,1296.0,204800.0,21582.43762194804,21590.43762194804,9.489196891815904,9.485680817873181
13,inventory_threshold,structured,320,102400,4,0.005,102400.0,5074.662109678422,1.0004660556159704,9.492998877418433,1.0007714849029563,3.0,4.0,1.0,8.119122257053291,4.059561128526646,8.0,20.178683385579937,1295.0,204800.0,21565.793765758266,21573.793765758266,9.496520379656848,9.492998877418433
13,inventory_threshold,structured,320,102400,4,0.01,102400.0,5067.576791808874,0.9990691901954701,9.471078495197156,0.9984605930816783,3.0,4.0,1.0,8.137931034482758,4.068965517241379,8.0,20.206896551724135,1298.0,204800.0,21615.72533432759,21623.72533432759,9.474583750134924,9.471078495197156
13,inventory_threshold,structured,320,102400,4,0.02,102400.0,5065.219413862615,0.9986044347960925,9.463794180079963,0.9976926655857977,3.0,4.0,1.0,8.144200626959247,4.072100313479623,8.0,20.21630094043887,1299.0,204800.0,21632.369190517365,21640.369190517365,9.467294044231405,9.463794180079963
13,inventory_threshold,structured,320,102400,4,0.035,102400.0,5060.511231603408,0.9976762199845082,9.449259112919993,0.9961603488824374,3.0,4.0,1.0,8.156739811912225,4.078369905956112,8.0,20.235109717868337,1301.0,204800.0,21665.656902896917,21673.656902896917,9.452748232739538,9.449259112919993
13,inventory_threshold,structured,320,102400,4,0.05,102400.0,5053.465346534653,0.9962871287128712,9.427540034143217,0.9938706788847023,3.0,4.0,1.0,8.175548589341693,4.087774294670846,8.0,20.263322884012542,1304.0,204800.0,21715.58847146624,21723.58847146624,9.43101312999656,9.427540034143217
13,inventory_threshold,structured,320,102400,4,0.075,102400.0,4986.35322851473,0.9830560219813769,9.222624486260605,0.9722680599670908,3.0,4.0,1.0,8.357366771159874,4.178683385579937,8.0,20.53605015673981,1333.0,204800.0,22198.260300969705,22206.260300969705,9.225948215007351,9.222624486260605
13,inventory_threshold,structured,320,102400,4,0.1,102400.0,4866.021152986742,0.959332638164755,8.863871329474286,0.9344475636132238,3.0,4.0,1.0,8.695924764890282,4.347962382445141,8.0,21.043887147335425,1387.0,204800.0,23097.02853521754,23105.02853521754,8.866941463389029,8.863871329474286
13,machine_replacement,structured,320,102400,4,0.0,102400.0,5622.3063683304645,1.0,11.317901162312365,1.0,3.0,4.0,1.0,6.808777429467084,3.404388714733542,8.0,18.213166144200628,1086.0,204800.0,18087.22782209535,18095.22782209535,11.322907081969545,11.317901162312365
13,machine_replacement,structured,320,102400,4,0.0025,102400.0,5622.3063683304645,1.0,11.317901162312365,1.0,3.0,4.0,1.0,6.808777429467084,3.404388714733542,8.0,18.213166144200628,1086.0,204800.0,18087.22782209535,18095.22782209535,11.322907081969545,11.317901162312365
13,machine_replacement,structured,320,102400,4,0.005,102400.0,5619.404782384311,0.9994839153621194,11.307500607214491,0.999081052666151,3.0,4.0,1.0,6.815047021943573,3.4075235109717865,8.0,18.22257053291536,1087.0,204800.0,18103.871678285126,18111.871678285126,11.31249732871502,11.307500607214491
13,machine_replacement,structured,320,102400,4,0.01,102400.0,5616.5061898211825,0.998968363136176,11.297119149691708,0.9981637927100955,3.0,4.0,1.0,6.821316614420063,3.4106583072100314,8.0,18.231974921630094,1088.0,204800.0,18120.5155344749,18128.5155344749,11.302106698364128,11.297119149691708
13,machine_replacement,structured,320,102400,4,0.02,102400.0,5604.941660947152,0.9969114619080303,11.255783247187566,0.9945115340526521,3.0,4.0,1.0,6.846394984326018,3.423197492163009,8.0,18.269592476489027,1092.0,204800.0,18187.090959234,18195.090959234,11.260734355981125,11.255783247187566
13,machine_replacement,structured,320,102400,4,0.035,102400.0,5545.000848752335,0.9862502121880836,11.04363901877486,0.9757674024888312,3.0,4.0,1.0,6.978056426332288,3.489028213166144,8.0,18.46708463949843,1113.0,204800.0,18536.611939219267,18544.611939219267,11.048405214045056,11.04363901877486
13,machine_replacement,structured,320,102400,4,0.05,102400.0,5467.046025104602,0.9723849372384937,10.772914585846397,0.9518473815374244,3.0,4.0,1.0,7.153605015673981,3.5768025078369905,8.0,18.730407523510973,1141.0,204800.0,19002.63991253296,19010.63991253296,10.777449919730714,10.772914585846397
13,machine_replacement,structured,320,102400,4,0.075,102400.0,5299.415963659962,0.9425697598961714,10.209777602133887,0.9020910728688429,3.0,4.0,1.0,7.548589341692789,3.7742946708463947,8.0,19.322884012539184,1204.0,204800.0,20051.20285248877,20059.20285248877,10.213851084478959,10.209777602133887
13,machine_replacement,structured,320,102400,4,0.1,102400.0,5079.396672368216,0.9034364795521691,9.507668923491993,0.8400558360724787,3.0,4.0,1.0,8.106583072100314,4.053291536050157,8.0,20.15987460815047,1293.0,204800.0,21532.50605337872,21540.50605337872,9.511201320102002,9.507668923491993
13,admission_control,structured,320,102400,4,0.0,102400.0,5528.109663225588,1.0,10.984487316550746,1.0,3.0,4.0,1.0,7.015673981191222,3.507836990595611,8.0,18.523510971786834,1119.0,204800.0,18636.475076357914,18644.475076357914,10.989202580471222,10.984487316550746
13,admission_control,structured,320,102400,4,0.0025,102400.0,5508.532883642496,0.9964586846543003,10.91627289228703,0.99378993099105,3.0,4.0,1.0,7.059561128526646,3.529780564263323,8.0,18.58934169278997,1126.0,204800.0,18752.98206968634,18760.98206968634,10.920929761408633,10.91627289228703
13,admission_control,structured,320,102400,4,0.005,102400.0,5494.634146341464,0.9939444911690498,10.868064726611323,0.989401181267331,3.0,4.0,1.0,7.090909090909091,3.5454545454545454,8.0,18.636363636363637,1131.0,204800.0,18836.201350635212,18844.201350635212,10.872680546764995,10.868064726611323
13,admission_control,structured,320,102400,4,0.01,102400.0,5450.625730018355,0.9859836475888538,10.71662004227143,0.9756140394576531,3.0,4.0,1.0,7.191222570532915,3.5956112852664575,8.0,18.786833855799372,1147.0,204800.0,19102.503049671606,19110.503049671606,10.721108090780843,10.71662004227143
13,admission_control,structured,320,102400,4,0.02,102400.0,5380.596277384287,0.9733157634656566,10.479325091800852,0.9540113061090483,3.0,4.0,1.0,7.35423197492163,3.677115987460815,8.0,19.031347962382444,1173.0,204800.0,19535.24331060575,19543.24331060575,10.483616545938457,10.479325091800852
13,admission_control,structured,320,102400,4,0.035,102400.0,5281.422797089734,0.9553759094583671,10.150820048716103,0.9241050361468828,3.0,4.0,1.0,7.592476489028213,3.7962382445141065,8.0,19.38871473354232,1211.0,204800.0,20167.70984581719,20175.70984581719,10.154846612020046,10.150820048716103
13,admission_control,structured,320,102400,4,0.05,102400.0,5175.978450324829,0.9363016954523847,9.810895090173824,0.8931591259058012,3.0,4.0,1.0,7.855799373040752,3.927899686520376,8.0,19.78369905956113,1253.0,204800.0,20866.751805787728,20874.751805787728,9.814656440356732,9.810895090173824
13,admission_control,structured,320,102400,4,0.075,102400.0,5009.293053212697,0.9061493635945407,9.292271163742344,0.8459449126716477,3.0,4.0,1.0,8.294670846394984,4.147335423197492,8.0,20.44200626959248,1323.0,204800.0,22031.82173907196,22039.82173907196,9.295645290956623,9.292271163742344
13,admission_control,structured,320,102400,4,0.1,102400.0,4853.008468281088,0.8778784727380778,8.825725320837273,0.8034717567145092,3.0,4.0,1.0,8.733542319749215,4.366771159874608,8.0,21.10031347962382,1393.0,204800.0,23196.89167235619,23204.89167235619,8.828769082198233,8.825725320837273
13,resource_allocation,structured,320,102400,4,0.0,102400.0,4970.419963481436,1.0,9.174489761953113,1.0,3.0,4.0,1.0,8.401253918495298,4.200626959247649,8.0,20.60188087774295,1340.0,204800.0,22314.76729429813,22322.76729429813,9.17777888063975,9.174489761953113
13,resource_allocation,structured,320,102400,4,0.0025,102400.0,4970.419963481436,1.0,9.174489761953113,1.0,3.0,4.0,1.0,8.401253918495298,4.200626959247649,8.0,20.60188087774295,1340.0,204800.0,22314.76729429813,22322.76729429813,9.17777888063975,9.174489761953113
13,resource_allocation,structured,320,102400,4,0.005,102400.0,4970.419963481436,1.0,9.174489761953113,1.0,3.0,4.0,1.0,8.401253918495298,4.200626959247649,8.0,20.60188087774295,1340.0,204800.0,22314.76729429813,22322.76729429813,9.17777888063975,9.174489761953113
13,resource_allocation,structured,320,102400,4,0.01,102400.0,4970.419963481436,1.0,9.174489761953113,1.0,3.0,4.0,1.0,8.401253918495298,4.200626959247649,8.0,20.60188087774295,1340.0,204800.0,22314.76729429813,22322.76729429813,9.17777888063975,9.174489761953113
13,resource_allocation,structured,320,102400,4,0.02,102400.0,4977.236020112754,1.0013713240895934,9.195057267154455,1.0022418146114933,3.0,4.0,1.0,8.38244514106583,4.191222570532915,8.0,20.573667711598745,1337.0,204800.0,22264.835725728804,22272.835725728804,9.198361152215337,9.195057267154455
13,resource_allocation,structured,320,102400,4,0.035,102400.0,4979.512195121952,1.001829268292683,9.201933610228254,1.0029913214780566,3.0,4.0,1.0,8.376175548589341,4.1880877742946705,8.0,20.56426332288401,1336.0,204800.0,22248.19186953903,22256.19186953903,9.205242439517102,9.201933610228254
13,resource_allocation,structured,320,102400,4,0.05,102400.0,4984.070796460177,1.002746414403418,9.215717196621227,1.0044937032726424,3.0,4.0,1.0,8.363636363636363,4.181818181818182,8.0,20.545454545454547,1334.0,204800.0,22214.904157159483,22222.904157159483,9.219035947719652,9.215717196621227
13,resource_allocation,structured,320,102400,4,0.075,102400.0,4952.334748332322,0.9963614311704063,9.120090244735579,0.9940705675597208,3.0,4.0,1.0,8.451410658307209,4.225705329153604,8.0,20.677115987460816,1348.0,204800.0,22447.91814381633,22455.91814381633,9.123340466938389,9.120090244735579
13,resource_allocation,structured,320,102400,4,0.1,102400.0,4855.172413793103,0.9768133174791915,8.832060172188484,0.9626758982080186,3.0,4.0,1.0,8.727272727272727,4.363636363636363,8.0,21.09090909090909,1392.0,204800.0,23180.247816166415,23188.247816166415,8.835108305320531,8.832060172188484
13,random_structured,structured,320,102400,4,0.0,102400.0,5486.32851864293,1.0,10.839343666934587,1.0,3.0,4.0,1.0,7.109717868338557,3.5548589341692787,8.0,18.664576802507835,1134.0,204800.0,18886.132919204538,18894.132919204538,10.843935117694064,10.839343666934587
13,random_structured,structured,320,102400,4,0.0025,102400.0,5480.805369127516,0.9989932885906038,10.820280480175484,0.9982412969507318,3.0,4.0,1.0,7.122257053291536,3.561128526645768,8.0,18.683385579937305,1136.0,204800.0,18919.420631584086,18927.420631584086,10.824855791731107,10.820280480175484
13,random_structured,structured,320,102400,4,0.005,102400.0,5475.29332886356,0.9979886020784443,10.801284228666516,0.9964887691139297,3.0,4.0,1.0,7.134796238244514,3.567398119122257,8.0,18.70219435736677,1138.0,204800.0,18952.708343963634,18960.708343963634,10.805843485964266,10.801284228666516
13,random_structured,structured,320,102400,4,0.01,102400.0,5456.088191080675,0.9944880574578251,10.73531940480107,0.9904030847872419,3.0,4.0,1.0,7.178683385579937,3.5893416927899686,8.0,18.768025078369906,1145.0,204800.0,19069.21533729206,19077.21533729206,10.739823132601051,10.73531940480107
13,random_structured,structured,320,102400,4,0.02,102400.0,5426.179401993356,0.9890365448504982,10.633272787426012,0.9809886201747442,3.0,4.0,1.0,7.247648902821316,3.623824451410658,8.0,18.871473354231973,1156.0,204800.0,19252.29775537958,19260.29775537958,10.637691282474254,10.633272787426012
13,random_structured,structured,320,102400,4,0.035,102400.0,5391.252681960719,0.9826704076580292,10.515145670724536,0.97009062484115,3.0,4.0,1.0,7.329153605015674,3.664576802507837,8.0,18.99373040752351,1169.0,204800.0,19468.66788584665,19476.66788584665,10.519466519272521,10.515145670724536
13,random_structured,structured,320,102400,4,0.05,102400.0,5258.467482292337,0.9584674822923371,10.076010633872922,0.9295775596275067,3.0,4.0,1.0,7.648902821316614,3.824451410658307,8.0,19.473354231974923,1220.0,204800.0,20317.504551525162,20325.504551525162,10.079978054422357,10.076010633872922
13,random_structured,structured,320,102400,4,0.075,102400.0,4795.478401291884,0.8740778801335923,9.55106144331164,0.8811475802217758,3.0,5.0,1.25,8.068965517241379,4.0344827586206895,9.25,21.35344827586207,1287.0,204800.0,21432.64291624007,21442.64291624007,9.555517758606323,9.55106144331164
13,random_structured,structured,320,102400,4,0.1,102400.0,4674.02611339653,0.8519406188517257,9.132814947661021,0.8425616188847919,3.0,5.0,1.25,8.438871473354231,4.219435736677116,9.25,21.90830721003135,1346.0,204800.0,22414.630431436777,22424.630431436777,9.136889435962578,9.132814947661021
14,inventory_threshold,structured,320,102400,4,0.0,102400.0,5072.298136645963,1.0,9.485680817873181,1.0,3.0,4.0,1.0,8.12539184952978,4.06269592476489,8.0,20.188087774294672,1296.0,204800.0,21582.43762194804,21590.43762194804,9.489196891815904,9.485680817873181
14,inventory_threshold,structured,320,102400,4,0.0025,102400.0,5077.028287224122,1.000932545850171,9.500328237226581,1.001544161102891,3.0,4.0,1.0,8.112852664576803,4.056426332288401,8.0,20.169278996865202,1294.0,204800.0,21549.149909568492,21557.149909568492,9.503855180341125,9.500328237226581
14,inventory_threshold,structured,320,102400,4,0.005,102400.0,5079.396672368216,1.001399471310838,9.507668923491993,1.0023180313612683,3.0,4.0,1.0,8.106583072100314,4.053291536050157,8.0,20.15987460815047,1293.0,204800.0,21532.50605337872,21540.50605337872,9.511201320102002,9.507668923491993
14,inventory_threshold,structured,320,102400,4,0.01,102400.0,5079.396672368216,1.001399471310838,9.507668923491993,1.0023180313612683,3.0,4.0,1.0,8.106583072100314,4.053291536050157,8.0,20.15987460815047,1293.0,204800.0,21532.50605337872,21540.50605337872,9.511201320102002,9.507668923491993
14,inventory_threshold,structured,320,102400,4,0.02,102400.0,5084.140077821012,1.0023346303501945,9.522384380577481,1.0038693651419455,3.0,4.0,1.0,8.094043887147334,4.047021943573667,8.0,20.141065830721004,1291.0,204800.0,21499.218340999167,21507.218340999167,9.525927722192806,9.522384380577481
14,inventory_threshold,structured,320,102400,4,0.035,102400.0,5088.892350833463,1.0032715376226826,9.537145459855893,1.0054255085081232,3.0,4.0,1.0,8.081504702194357,4.040752351097178,8.0,20.122257053291538,1289.0,204800.0,21465.93062861962,21473.93062861962,9.54069979742452,9.537145459855893
14,inventory_threshold,structured,320,102400,4,0.05,102400.0,5093.653516295025,1.0042101980352407,9.551952373819706,1.0069864838611957,3.0,4.0,1.0,8.068965517241379,4.0344827586206895,8.0,20.10344827586207,1287.0,204800.0,21432.64291624007,21440.64291624007,9.555517758606323,9.551952373819706
14,inventory_threshold,structured,320,102400,4,0.075,102400.0,5079.396672368216,1.001399471310838,9.507668923491993,1.0023180313612683,3.0,4.0,1.0,8.106583072100314,4.053291536050157,8.0,20.15987460815047,1293.0,204800.0,21532.50605337872,21540.50605337872,9.511201320102002,9.507668923491993
14,inventory_threshold,structured,320,102400,4,0.1,102400.0,5006.989576946659,0.9871244635193135,9.285259196015343,0.9788711400155697,3.0,4.0,1.0,8.300940438871473,4.150470219435737,8.0,20.451410658307207,1324.0,204800.0,22048.465595261732,22056.465595261732,9.288628231980551,9.285259196015343
14,machine_replacement,structured,320,102400,4,0.0,102400.0,5622.3063683304645,1.0,11.317901162312365,1.0,3.0,4.0,1.0,6.808777429467084,3.404388714733542,8.0,18.213166144200628,1086.0,204800.0,18087.22782209535,18095.22782209535,11.322907081969545,11.317901162312365
14,machine_replacement,structured,320,102400,4,0.0025,102400.0,5628.118538938663,1.0010337698139216,11.338759776411553,1.0018429754598535,3.0,4.0,1.0,6.7962382445141065,3.3981191222570533,8.0,18.19435736677116,1084.0,204800.0,18053.9401097158,18061.9401097158,11.34378416874143,11.338759776411553
14,machine_replacement,structured,320,102400,4,0.005,102400.0,5625.210952298949,1.0005166178749785,11.328320867731266,1.0009206393720416,3.0,4.0,1.0,6.802507836990595,3.4012539184952977,8.0,18.203761755485893,1085.0,204800.0,18070.583965905575,18078.583965905575,11.333336010966972,11.328320867731266
14,machine_replacement,structured,320,102400,4,0.01,102400.0,5631.029132908119,1.001551456645406,11.349217941488899,1.0027670129582698,3.0,4.0,1.0,6.789968652037618,3.394984326018809,8.0,18.184952978056426,1083.0,204800.0,18037.296253526027,18045.296253526027,11.354251608522791,11.349217941488899
14,machine_replacement,structured,320,102400,4,0.02,102400.0,5636.85936151855,1.002588438308887,11.370192254359456,1.004620211053019,3.0,4.0,1.0,6.777429467084639,3.3887147335423196,8.0,18.16614420062696,1081.0,204800.0,18004.008541146475,18012.008541146475,11.375244548009894,11.370192254359456
14,machine_replacement,structured,320,102400,4,0.035,102400.0,5631.029132908119,1.001551456645406,11.349217941488899,1.0027670129582698,3.0,4.0,1.0,6.789968652037618,3.394984326018809,8.0,18.184952978056426,1083.0,204800.0,18037.296253526027,18045.296253526027,11.354251608522791,11.349217941488899
14,machine_replacement,structured,320,102400,4,0.05,102400.0,5576.237623762377,0.9918060771594402,11.153754907198863,0.9854967583866083,3.0,4.0,1.0,6.909090909090909,3.4545454545454546,8.0,18.363636363636363,1102.0,204800.0,18353.529521131746,18361.529521131746,11.158616644509653,11.153754907198863
14,machine_replacement,structured,320,102400,4,0.075,102400.0,5453.355592654425,0.9699499165275461,10.72596157354683,0.9476988197479014,3.0,4.0,1.0,7.184952978056426,3.592476489028213,8.0,18.777429467084637,1146.0,204800.0,19085.859193481832,19093.859193481832,10.730457451448816,10.72596157354683
14,machine_replacement,structured,320,102400,4,0.1,102400.0,5307.164906580016,0.9439480097481722,10.23525530210531,0.9043421704536374,3.0,4.0,1.0,7.529780564263323,3.7648902821316614,8.0,19.294670846394986,1201.0,204800.0,20001.271283919443,20009.271283919443,10.239349144004384,10.23525530210531
14,admission_control,structured,320,102400,4,0.0,102400.0,5528.109663225588,1.0,10.984487316550746,1.0,3.0,4.0,1.0,7.015673981191222,3.507836990595611,8.0,18.523510971786834,1119.0,204800.0,18636.475076357914,18644.475076357914,10.989202580471222,10.984487316550746
14,admission_control,structured,320,102400,4,0.0025,102400.0,5522.502113271345,0.9989856297548607,10.964910643553772,0.9982177891026851,3.0,4.0,1.0,7.028213166144201,3.5141065830721003,8.0,18.5423197492163,1121.0,204800.0,18669.762788737466,18677.762788737466,10.969609111667214,10.964910643553772
14,admission_control,structured,320,102400,4,0.005,102400.0,5522.502113271345,0.9989856297548607,10.964910643553772,0.9982177891026851,3.0,4.0,1.0,7.028213166144201,3.5141065830721003,8.0,18.5423197492163,1121.0,204800.0,18669.762788737466,18677.762788737466,10.969609111667214,10.964910643553772
14,admission_control,structured,320,102400,4,0.01,102400.0,5508.532883642496,0.9964586846543003,10.91627289228703,0.99378993099105,3.0,4.0,1.0,7.059561128526646,3.529780564263323,8.0,18.58934169278997,1126.0,204800.0,18752.98206968634,18760.98206968634,10.920929761408633,10.91627289228703
14,admission_control,structured,320,102400,4,0.02,102400.0,5483.565553130771,0.9919422528118182,10.829803684556985,0.9859179925711514,3.0,4.0,1.0,7.115987460815047,3.5579937304075235,8.0,18.67398119122257,1135.0,204800.0,18902.77677539431,18910.77677539431,10.834387055058892,10.829803684556985
14,admission_control,structured,320,102400,4,0.035,102400.0,5453.355592654425,0.9864774624373959,10.72596157354683,0.9764644688865555,3.0,4.0,1.0,7.184952978056426,3.592476489028213,8.0,18.777429467084637,1146.0,204800.0,19085.859193481832,19093.859193481832,10.730457451448816,10.72596157354683
14,admission_control,structured,320,102400,4,0.05,102400.0,5412.692626346314,0.979121789560895,10.587526540048097,0.963861692852562,3.0,4.0,1.0,7.278996865203761,3.6394984326018807,8.0,18.91849529780564,1161.0,204800.0,19335.517036328452,19343.517036328452,10.591907090729066,10.587526540048097
14,admission_control,structured,320,102400,4,0.075,102400.0,5356.772712364709,0.9690062315513283,10.399614311938238,0.9467546379036501,3.0,4.0,1.0,7.410658307210031,3.7053291536050157,8.0,19.11598746081505,1182.0,204800.0,19685.038016313723,19693.038016313723,10.403840715485265,10.399614311938238
14,admission_control,structured,320,102400,4,0.1,102400.0,5273.748789150791,0.9539877300613497,10.125760454465766,0.921823673937781,3.0,4.0,1.0,7.6112852664576796,3.8056426332288398,8.0,19.41692789968652,1214.0,204800.0,20217.641414386515,20225.641414386515,10.129767157422624,10.125760454465766
14,resource_allocation,structured,320,102400,4,0.0,102400.0,4970.419963481436,1.0,9.174489761953113,1.0,3.0,4.0,1.0,8.401253918495298,4.200626959247649,8.0,20.60188087774295,1340.0,204800.0,22314.76729429813,22322.76729429813,9.17777888063975,9.174489761953113
14,resource_allocation,structured,320,102400,4,0.0025,102400.0,4972.689907139596,1.0004566905160606,9.181335365970153,1.0007461563743227,3.0,4.0,1.0,8.39498432601881,4.197492163009405,8.0,20.59247648902821,1339.0,204800.0,22298.123438108356,22306.123438108356,9.184629395762913,9.181335365970153
14,resource_allocation,structured,320,102400,4,0.005,102400.0,4972.689907139596,1.0004566905160606,9.181335365970153,1.0007461563743227,3.0,4.0,1.0,8.39498432601881,4.197492163009405,8.0,20.59247648902821,1339.0,204800.0,22298.123438108356,22306.123438108356,9.184629395762913,9.181335365970153
14,resource_allocation,structured,320,102400,4,0.01,102400.0,4974.961925068535,1.000913798355163,9.188191193397605,1.00149342707878,3.0,4.0,1.0,8.388714733542319,4.194357366771159,8.0,20.58307210031348,1338.0,204800.0,22281.47958191858,22289.47958191858,9.191490145304138,9.188191193397605
14,resource_allocation,structured,320,102400,4,0.02,102400.0,4977.236020112754,1.0013713240895934,9.195057267154455,1.0022418146114933,3.0,4.0,1.0,8.38244514106583,4.191222570532915,8.0,20.573667711598745,1337.0,204800.0,22264.835725728804,22272.835725728804,9.198361152215337,9.195057267154455
14,resource_allocation,structured,320,102400,4,0.035,102400.0,4984.070796460177,1.002746414403418,9.215717196621227,1.0044937032726424,3.0,4.0,1.0,8.363636363636363,4.181818181818182,8.0,20.545454545454547,1334.0,204800.0,22214.904157159483,22222.904157159483,9.219035947719652,9.215717196621227
14,resource_allocation,structured,320,102400,4,0.05,102400.0,4986.35322851473,1.0032056174629829,9.222624486260605,1.0052465832494695,3.0,4.0,1.0,8.357366771159874,4.178683385579937,8.0,20.53605015673981,1333.0,204800.0,22198.260300969705,22206.260300969705,9.225948215007351,9.222624486260605
14,resource_allocation,structured,320,102400,4,0.075,102400.0,4995.50389967885,1.0050466432176175,9.250357498089793,1.0082694229439664,3.0,4.0,1.0,8.332288401253917,4.166144200626959,8.0,20.49843260188088,1329.0,204800.0,22131.68487621061,22139.68487621061,9.253701249837508,9.250357498089793
14,resource_allocation,structured,320,102400,4,0.1,102400.0,4945.586676760031,0.9950037850113553,9.09985637588668,0.99186511860573,3.0,4.0,1.0,8.470219435736677,4.235109717868339,8.0,20.705329153605014,1351.0,204800.0,22497.84971238565,22505.84971238565,9.103092189617227,9.09985637588668
14,random_structured,structured,320,102400,4,0.0,102400.0,5519.702602230483,1.0,10.955148451078164,1.0,3.0,4.0,1.0,7.0344827586206895,3.5172413793103448,8.0,18.551724137931036,1122.0,204800.0,18686.40664492724,18694.40664492724,10.959838554920704,10.955148451078164
14,random_structured,structured,320,102400,4,0.0025,102400.0,5525.304465493911,1.0010148849797025,10.974690249832724,1.0017838004516166,3.0,4.0,1.0,7.021943573667711,3.5109717868338555,8.0,18.532915360501566,1120.0,204800.0,18653.11893254769,18661.11893254769,10.97939710461214,10.974690249832724
14,random_structured,structured,320,102400,4,0.005,102400.0,5525.304465493911,1.0010148849797025,10.974690249832724,1.0017838004516166,3.0,4.0,1.0,7.021943573667711,3.5109717868338555,8.0,18.532915360501566,1120.0,204800.0,18653.11893254769,18661.11893254769,10.97939710461214,10.974690249832724
14,random_structured,structured,320,102400,4,0.01,102400.0,5525.304465493911,1.0010148849797025,10.974690249832724,1.0017838004516166,3.0,4.0,1.0,7.021943573667711,3.5109717868338555,8.0,18.532915360501566,1120.0,204800.0,18653.11893254769,18661.11893254769,10.97939710461214,10.974690249832724
14,random_structured,structured,320,102400,4,0.02,102400.0,5525.304465493911,1.0010148849797025,10.974690249832724,1.0017838004516166,3.0,4.0,1.0,7.021943573667711,3.5109717868338555,8.0,18.532915360501566,1120.0,204800.0,18653.11893254769,18661.11893254769,10.97939710461214,10.974690249832724
14,random_structured,structured,320,102400,4,0.035,102400.0,5522.502113271345,1.00050718512257,10.964910643553772,1.0008911054486576,3.0,4.0,1.0,7.028213166144201,3.5141065830721003,8.0,18.5423197492163,1121.0,204800.0,18669.762788737466,18677.762788737466,10.969609111667214,10.964910643553772
14,random_structured,structured,320,102400,4,0.05,102400.0,5519.702602230483,1.0,10.955148451078164,1.0,3.0,4.0,1.0,7.0344827586206895,3.5172413793103448,8.0,18.551724137931036,1122.0,204800.0,18686.40664492724,18694.40664492724,10.959838554920704,10.955148451078164
14,random_structured,structured,320,102400,4,0.075,102400.0,5642.701675591639,1.022283641388841,11.39124423536901,1.0398073824593337,3.0,4.0,1.0,6.764890282131661,3.3824451410658307,8.0,18.147335423197493,1079.0,204800.0,17970.720828766927,17978.720828766927,11.396315259216705,11.39124423536901
14,random_structured,structured,320,102400,4,0.1,102400.0,5701.797870483505,1.0329900506196545,11.606132493528824,1.0594226582467343,3.0,4.0,1.0,6.63949843260188,3.31974921630094,8.0,17.95924764890282,1059.0,204800.0,17637.843704971434,17645.843704971434,11.611396689169817,11.606132493528824
15,inventory_threshold,structured,320,102400,4,0.0,102400.0,5072.298136645963,1.0,9.485680817873181,1.0,3.0,4.0,1.0,8.12539184952978,4.06269592476489,8.0,20.188087774294672,1296.0,204800.0,21582.43762194804,21590.43762194804,9.489196891815904,9.485680817873181
15,inventory_threshold,structured,320,102400,4,0.0025,102400.0,5074.662109678422,1.0004660556159704,9.492998877418433,1.0007714849029563,3.0,4.0,1.0,8.119122257053291,4.059561128526646,8.0,20.178683385579937,1295.0,204800.0,21565.793765758266,21573.793765758266,9.496520379656848,9.492998877418433
15,inventory_threshold,structured,320,102400,4,0.005,102400.0,5074.662109678422,1.0004660556159704,9.492998877418433,1.0007714849029563,3.0,4.0,1.0,8.119122257053291,4.059561128526646,8.0,20.178683385579937,1295.0,204800.0,21565.793765758266,21573.793765758266,9.496520379656848,9.492998877418433
15,inventory_threshold,structured,320,102400,4,0.01,102400.0,5072.298136645963,1.0,9.485680817873181,1.0,3.0,4.0,1.0,8.12539184952978,4.06269592476489,8.0,20.188087774294672,1296.0,204800.0,21582.43762194804,21590.43762194804,9.489196891815904,9.485680817873181
15,inventory_threshold,structured,320,102400,4,0.02,102400.0,5062.864228146311,0.9981401115933043,9.456521061252213,0.9969259184257998,3.0,4.0,1.0,8.150470219435736,4.075235109717868,8.0,20.225705329153605,1300.0,204800.0,21649.01304670714,21657.01304670714,9.460015547043634,9.456521061252213
15,inventory_threshold,structured,320,102400,4,0.035,102400.0,5062.864228146311,0.9981401115933043,9.456521061252213,0.9969259184257998,3.0,4.0,1.0,8.150470219435736,4.075235109717868,8.0,20.225705329153605,1300.0,204800.0,21649.01304670714,21657.01304670714,9.460015547043634,9.456521061252213
15,inventory_threshold,structured,320,102400,4,0.05,102400.0,5055.811793839964,0.9967497291440955,9.434768624962082,0.9946327318103336,3.0,4.0,1.0,8.169278996865204,4.084639498432602,8.0,20.253918495297803,1303.0,204800.0,21698.944615276465,21706.944615276465,9.438247049850386,9.434768624962082
15,inventory_threshold,structured,320,102400,4,0.075,102400.0,5055.811793839964,0.9967497291440955,9.434768624962082,0.9946327318103336,3.0,4.0,1.0,8.169278996865204,4.084639498432602,8.0,20.253918495297803,1303.0,204800.0,21698.944615276465,21706.944615276465,9.438247049850386,9.434768624962082
15,inventory_threshold,structured,320,102400,4,0.1,102400.0,5058.160421183028,0.9972127593682254,9.442008309368573,0.9953959542448109,3.0,4.0,1.0,8.163009404388715,4.081504702194358,8.0,20.244514106583075,1302.0,204800.0,21682.30075908669,21690.30075908669,9.445492075566369,9.442008309368573
15,machine_replacement,structured,320,102400,4,0.0,102400.0,5622.3063683304645,1.0,11.317901162312365,1.0,3.0,4.0,1.0,6.808777429467084,3.404388714733542,8.0,18.213166144200628,1086.0,204800.0,18087.22782209535,18095.22782209535,11.322907081969545,11.317901162312365
15,machine_replacement,structured,320,102400,4,0.0025,102400.0,5625.210952298949,1.0005166178749785,11.328320867731266,1.0009206393720416,3.0,4.0,1.0,6.802507836990595,3.4012539184952977,8.0,18.203761755485893,1085.0,204800.0,18070.583965905575,18078.583965905575,11.333336010966972,11.328320867731266
15,machine_replacement,structured,320,102400,4,0.005,102400.0,5625.210952298949,1.0005166178749785,11.328320867731266,1.0009206393720416,3.0,4.0,1.0,6.802507836990595,3.4012539184952977,8.0,18.203761755485893,1085.0,204800.0,18070.583965905575,18078.583965905575,11.333336010966972,11.328320867731266
15,machine_replacement,structured,320,102400,4,0.01,102400.0,5625.210952298949,1.0005166178749785,11.328320867731266,1.0009206393720416,3.0,4.0,1.0,6.802507836990595,3.4012539184952977,8.0,18.203761755485893,1085.0,204800.0,18070.583965905575,18078.583965905575,11.333336010966972,11.328320867731266
15,machine_replacement,structured,320,102400,4,0.02,102400.0,5616.5061898211825,0.998968363136176,11.297119149691708,0.9981637927100955,3.0,4.0,1.0,6.821316614420063,3.4106583072100314,8.0,18.231974921630094,1088.0,204800.0,18120.5155344749,18128.5155344749,11.302106698364128,11.297119149691708
15,machine_replacement,structured,320,102400,4,0.035,102400.0,5610.717966334593,0.997938852627963,11.276413317354407,0.9963343163751854,3.0,4.0,1.0,6.83385579937304,3.41692789968652,8.0,18.25078369905956,1090.0,204800.0,18153.803246854448,18161.803246854448,11.281382595985013,11.276413317354407
15,machine_replacement,structured,320,102400,4,0.05,102400.0,5604.941660947152,0.9969114619080303,11.255783247187566,0.9945115340526521,3.0,4.0,1.0,6.846394984326018,3.423197492163009,8.0,18.269592476489027,1092.0,204800.0,18187.090959234,18195.090959234,11.260734355981125,11.255783247187566
15,machine_replacement,structured,320,102400,4,0.075,102400.0,5567.683654337821,0.990284642918016,11.123506114056328,0.982824107980077,3.0,4.0,1.0,6.927899686520376,3.463949843260188,8.0,18.391849529780565,1105.0,204800.0,18403.461089701068,18411.461089701068,11.128341511511117,11.123506114056328
15,machine_replacement,structured,320,102400,4,0.1,102400.0,5508.532883642496,0.9797639123102868,10.91627289228703,0.9645138913774293,3.0,4.0,1.0,7.059561128526646,3.529780564263323,8.0,18.58934169278997,1126.0,204800.0,18752.98206968634,18760.98206968634,10.920929761408633,10.91627289228703
15,admission_control,structured,320,102400,4,0.0,102400.0,5528.109663225588,1.0,10.984487316550746,1.0,3.0,4.0,1.0,7.015673981191222,3.507836990595611,8.0,18.523510971786834,1119.0,204800.0,18636.475076357914,18644.475076357914,10.989202580471222,10.984487316550746
15,admission_control,structured,320,102400,4,0.0025,102400.0,5516.905928052694,0.9979733153183585,10.94540362593612,0.9964419194552906,3.0,4.0,1.0,7.040752351097178,3.520376175548589,8.0,18.561128526645767,1123.0,204800.0,18703.050501117013,18711.050501117013,10.950085387823158,10.94540362593612
15,admission_control,structured,320,102400,4,0.005,102400.0,5516.905928052694,0.9979733153183585,10.94540362593612,0.9964419194552906,3.0,4.0,1.0,7.040752351097178,3.520376175548589,8.0,18.561128526645767,1123.0,204800.0,18703.050501117013,18711.050501117013,10.950085387823158,10.94540362593612
15,admission_control,structured,320,102400,4,0.01,102400.0,5502.964959568733,0.9954514824797844,10.89693839530956,0.9920297671872884,3.0,4.0,1.0,7.072100313479623,3.5360501567398117,8.0,18.608150470219435,1128.0,204800.0,18786.269782065887,18794.269782065887,10.901578779386536,10.89693839530956
15,admission_control,structured,320,102400,4,0.02,102400.0,5478.047962435016,0.9909441556263627,10.810774009567696,0.9841855789918106,3.0,4.0,1.0,7.128526645768025,3.5642633228840124,8.0,18.692789968652036,1137.0,204800.0,18936.06448777386,18944.06448777386,10.815341283413451,10.810774009567696
15,admission_control,structured,320,102400,4,0.035,102400.0,5442.452515828058,0.9845051649450185,10.68869282354526,0.9730716159542738,3.0,4.0,1.0,7.210031347962382,3.605015673981191,8.0,18.815047021943574,1150.0,204800.0,19152.43461824093,19160.43461824093,10.693157506197506,10.68869282354526
15,admission_control,structured,320,102400,4,0.05,102400.0,5404.63269358041,0.977663798808736,10.560267241396053,0.9613800751068733,3.0,4.0,1.0,7.297805642633229,3.6489028213166144,8.0,18.946708463949843,1164.0,204800.0,19385.448604897778,19393.448604897778,10.564625259600998,10.560267241396053
15,admission_control,structured,320,102400,4,0.075,102400.0,5351.507208387943,0.9680537352555704,10.382065206502425,0.9451570116394391,3.0,4.0,1.0,7.423197492163009,3.7115987460815045,8.0,19.134796238244512,1184.0,204800.0,19718.32572869327,19726.32572869327,10.386277355281932,10.382065206502425
15,admission_control,structured,320,102400,4,0.1,102400.0,5294.262560777958,0.9576985413290114,10.192862818016819,0.9279325037463372,3.0,4.0,1.0,7.561128526645768,3.780564263322884,8.0,19.34169278996865,1206.0,204800.0,20084.490564868316,20092.490564868316,10.196922811586521,10.192862818016819
15,resource_allocation,structured,320,102400,4,0.0,102400.0,4970.419963481436,1.0,9.174489761953113,1.0,3.0,4.0,1.0,8.401253918495298,4.200626959247649,8.0,20.60188087774295,1340.0,204800.0,22314.76729429813,22322.76729429813,9.17777888063975,9.174489761953113
15,resource_allocation,structured,320,102400,4,0.0025,102400.0,4970.419963481436,1.0,9.174489761953113,1.0,3.0,4.0,1.0,8.401253918495298,4.200626959247649,8.0,20.60188087774295,1340.0,204800.0,22314.76729429813,22322.76729429813,9.17777888063975,9.174489761953113
15,resource_allocation,structured,320,102400,4,0.005,102400.0,4968.152091254753,0.9995437262357416,9.167654358495795,0.999254955465135,3.0,4.0,1.0,8.407523510971787,4.2037617554858935,8.0,20.611285266457678,1341.0,204800.0,22331.411150487904,22339.411150487904,9.170938577051162,9.167654358495795
15,resource_allocation,structured,320,102400,4,0.01,102400.0,4970.419963481436,1.0,9.174489761953113,1.0,3.0,4.0,1.0,8.401253918495298,4.200626959247649,8.0,20.60188087774295,1340.0,204800.0,22314.76729429813,22322.76729429813,9.17777888063975,9.174489761953113
15,resource_allocation,structured,320,102400,4,0.02,102400.0,4968.152091254753,0.9995437262357416,9.167654358495795,0.999254955465135,3.0,4.0,1.0,8.407523510971787,4.2037617554858935,8.0,20.611285266457678,1341.0,204800.0,22331.411150487904,22339.411150487904,9.170938577051162,9.167654358495795
15,resource_allocation,structured,320,102400,4,0.035,102400.0,4972.689907139596,1.0004566905160606,9.181335365970153,1.0007461563743227,3.0,4.0,1.0,8.39498432601881,4.197492163009405,8.0,20.59247648902821,1339.0,204800.0,22298.123438108356,22306.123438108356,9.184629395762913,9.181335365970153
15,resource_allocation,structured,320,102400,4,0.05,102400.0,4977.236020112754,1.0013713240895934,9.195057267154455,1.0022418146114933,3.0,4.0,1.0,8.38244514106583,4.191222570532915,8.0,20.573667711598745,1337.0,204800.0,22264.835725728804,22272.835725728804,9.198361152215337,9.195057267154455
15,resource_allocation,structured,320,102400,4,0.075,102400.0,4988.6377519853395,1.0036652412950522,9.229542137857855,1.0060005926578115,3.0,4.0,1.0,8.351097178683386,4.175548589341693,8.0,20.526645768025077,1332.0,204800.0,22181.61644477993,22189.61644477993,9.23287085545996,9.229542137857855
15,resource_allocation,structured,320,102400,4,0.1,102400.0,4997.79681762546,1.005507955936353,9.257316831563111,1.0090279755887335,3.0,4.0,1.0,8.326018808777429,4.163009404388714,8.0,20.48902821316614,1328.0,204800.0,22115.04102002083,22123.04102002083,9.260665617332284,9.257316831563111
15,random_structured,structured,320,102400,4,0.0,102400.0,5686.908077994429,1.0,11.551653923427523,1.0,3.0,4.0,1.0,6.670846394984326,3.335423197492163,8.0,18.00626959247649,1064.0,204800.0,17721.062985920307,17729.062985920307,11.556868804242566,11.551653923427523
15,random_structured,structured,320,102400,4,0.0025,102400.0,5683.939446667826,0.9994779885157472,11.540819524529457,0.9990620911109453,3.0,4.0,1.0,6.677115987460815,3.3385579937304075,8.0,18.015673981191224,1065.0,204800.0,17737.70684211008,17745.70684211008,11.546024625561854,11.540819524529457
15,random_structured,structured,320,102400,4,0.005,102400.0,5680.973913043478,0.9989565217391304,11.530005429945861,0.9981259399194987,3.0,4.0,1.0,6.683385579937304,3.341692789968652,8.0,18.025078369905955,1066.0,204800.0,17754.350698299855,17762.350698299855,11.535200778680773,11.530005429945861
15,random_structured,structured,320,102400,4,0.01,102400.0,5672.095849973954,0.9973953811425594,11.497684402909318,0.9953279832588517,3.0,4.0,1.0,6.702194357366771,3.3510971786833856,8.0,18.053291536050157,1069.0,204800.0,17804.28226686918,17812.28226686918,11.502850658636145,11.497684402909318
15,random_structured,structured,320,102400,4,0.02,102400.0,5657.360581918947,0.9948042951160374,11.444216830288875,0.9906994189878942,3.0,4.0,1.0,6.733542319749216,3.366771159874608,8.0,18.100313479623825,1074.0,204800.0,17887.501547818054,17895.501547818054,11.449335137862327,11.444216830288875
15,random_structured,structured,320,102400,4,0.035,102400.0,5628.118538938663,0.9896623018607856,11.338759776411553,0.9815702454014653,3.0,4.0,1.0,6.7962382445141065,3.3981191222570533,8.0,18.19435736677116,1084.0,204800.0,18053.9401097158,18061.9401097158,11.34378416874143,11.338759776411553
15,random_structured,structured,320,102400,4,0.05,102400.0,5604.941660947152,0.9855868222374743,11.255783247187566,0.9743871589123777,3.0,4.0,1.0,6.846394984326018,3.423197492163009,8.0,18.269592476489027,1092.0,204800.0,18187.090959234,18195.090959234,11.260734355981125,11.255783247187566
15,random_structured,structured,320,102400,4,0.075,102400.0,5556.319101888076,0.9770369110392925,11.083428687876646,0.959466822789654,3.0,4.0,1.0,6.952978056426332,3.476489028213166,8.0,18.429467084639498,1109.0,204800.0,18470.036514460167,18478.036514460167,11.088229297200487,11.083428687876646
15,random_structured,structured,320,102400,4,0.1,102400.0,5505.747513905276,0.968144277768414,10.906597075074313,0.9441589184865561,3.0,4.0,1.0,7.065830721003135,3.5329153605015673,8.0,18.5987460815047,1127.0,204800.0,18769.625925876113,18777.625925876113,10.911245690712429,10.906597075074313
16,inventory_threshold,structured,320,102400,4,0.0,102400.0,5072.298136645963,1.0,9.485680817873181,1.0,3.0,4.0,1.0,8.12539184952978,4.06269592476489,8.0,20.188087774294672,1296.0,204800.0,21582.43762194804,21590.43762194804,9.489196891815904,9.485680817873181
16,inventory_threshold,structured,320,102400,4,0.0025,102400.0,5074.662109678422,1.0004660556159704,9.492998877418433,1.0007714849029563,3.0,4.0,1.0,8.119122257053291,4.059561128526646,8.0,20.178683385579937,1295.0,204800.0,21565.793765758266,21573.793765758266,9.496520379656848,9.492998877418433
16,inventory_threshold,structured,320,102400,4,0.005,102400.0,5074.662109678422,1.0004660556159704,9.492998877418433,1.0007714849029563,3.0,4.0,1.0,8.119122257053291,4.059561128526646,8.0,20.178683385579937,1295.0,204800.0,21565.793765758266,21573.793765758266,9.496520379656848,9.492998877418433
16,inventory_threshold,structured,320,102400,4,0.01,102400.0,5077.028287224122,1.000932545850171,9.500328237226581,1.001544161102891,3.0,4.0,1.0,8.112852664576803,4.056426332288401,8.0,20.169278996865202,1294.0,204800.0,21549.149909568492,21557.149909568492,9.503855180341125,9.500328237226581
16,inventory_threshold,structured,320,102400,4,0.02,102400.0,5079.396672368216,1.001399471310838,9.507668923491993,1.0023180313612683,3.0,4.0,1.0,8.106583072100314,4.053291536050157,8.0,20.15987460815047,1293.0,204800.0,21532.50605337872,21540.50605337872,9.511201320102002,9.507668923491993
16,inventory_threshold,structured,320,102400,4,0.035,102400.0,5084.140077821012,1.0023346303501945,9.522384380577481,1.0038693651419455,3.0,4.0,1.0,8.094043887147334,4.047021943573667,8.0,20.141065830721004,1291.0,204800.0,21499.218340999167,21507.218340999167,9.525927722192806,9.522384380577481
16,inventory_threshold,structured,320,102400,4,0.05,102400.0,5122.408656107888,1.0098792535675083,9.641768453410558,1.016455079876109,3.0,4.0,1.0,7.99373040752351,3.996865203761755,8.0,19.990595611285265,1275.0,204800.0,21232.916641962773,21240.916641962773,9.645401216112356,9.641768453410558
16,inventory_threshold,structured,320,102400,4,0.075,102400.0,5180.9040444092,1.0214115781126092,9.826564922796136,1.0359367041193976,3.0,4.0,1.0,7.843260188087774,3.921630094043887,8.0,19.76489028213166,1251.0,204800.0,20833.46409340818,20841.46409340818,9.83033830004295,9.826564922796136
16,inventory_threshold,structured,320,102400,4,0.1,102400.0,5205.673306772909,1.0262948207171316,9.905670959770667,1.0442762253929236,3.0,4.0,1.0,7.7805642633228835,3.8902821316614418,8.0,19.670846394984324,1241.0,204800.0,20667.025531510433,20675.025531510433,9.909505346463487,9.905670959770667
16,machine_replacement,structured,320,102400,4,0.0,102400.0,5622.3063683304645,1.0,11.317901162312365,1.0,3.0,4.0,1.0,6.808777429467084,3.404388714733542,8.0,18.213166144200628,1086.0,204800.0,18087.22782209535,18095.22782209535,11.322907081969545,11.317901162312365
16,machine_replacement,structured,320,102400,4,0.0025,102400.0,5628.118538938663,1.0010337698139216,11.338759776411553,1.0018429754598535,3.0,4.0,1.0,6.7962382445141065,3.3981191222570533,8.0,18.19435736677116,1084.0,204800.0,18053.9401097158,18061.9401097158,11.34378416874143,11.338759776411553
16,machine_replacement,structured,320,102400,4,0.005,102400.0,5628.118538938663,1.0010337698139216,11.338759776411553,1.0018429754598535,3.0,4.0,1.0,6.7962382445141065,3.3981191222570533,8.0,18.19435736677116,1084.0,204800.0,18053.9401097158,18061.9401097158,11.34378416874143,11.338759776411553
16,machine_replacement,structured,320,102400,4,0.01,102400.0,5628.118538938663,1.0010337698139216,11.338759776411553,1.0018429754598535,3.0,4.0,1.0,6.7962382445141065,3.3981191222570533,8.0,18.19435736677116,1084.0,204800.0,18053.9401097158,18061.9401097158,11.34378416874143,11.338759776411553
16,machine_replacement,structured,320,102400,4,0.02,102400.0,5631.029132908119,1.001551456645406,11.349217941488899,1.0027670129582698,3.0,4.0,1.0,6.789968652037618,3.394984326018809,8.0,18.184952978056426,1083.0,204800.0,18037.296253526027,18045.296253526027,11.354251608522791,11.349217941488899
16,machine_replacement,structured,320,102400,4,0.035,102400.0,5639.779005524862,1.00310773480663,11.380708509408725,1.0055493811260257,3.0,4.0,1.0,6.77115987460815,3.385579937304075,8.0,18.156739811912225,1080.0,204800.0,17987.3646849567,17995.3646849567,11.385770155162282,11.380708509408725
16,machine_replacement,structured,320,102400,4,0.05,102400.0,5625.210952298949,1.0005166178749785,11.328320867731266,1.0009206393720416,3.0,4.0,1.0,6.802507836990595,3.4012539184952977,8.0,18.203761755485893,1085.0,204800.0,18070.583965905575,18078.583965905575,11.333336010966972,11.328320867731266
16,machine_replacement,structured,320,102400,4,0.075,102400.0,5570.532060027285,0.9907912687585266,11.133570798784541,0.9837133792843475,3.0,4.0,1.0,6.921630094043887,3.4608150470219434,8.0,18.38244514106583,1104.0,204800.0,18386.817233511294,18394.817233511294,11.138414952357133,11.133570798784541
16,machine_replacement,structured,320,102400,4,0.1,102400.0,5491.862811028917,0.97679892400807,10.858474143348097,0.959407047969802,3.0,4.0,1.0,7.09717868338558,3.54858934169279,8.0,18.645768025078368,1132.0,204800.0,18852.845206824986,18860.845206824986,10.86308181885775,10.858474143348097
16,admission_control,structured,320,102400,4,0.0,102400.0,5528.109663225588,1.0,10.984487316550746,1.0,3.0,4.0,1.0,7.015673981191222,3.507836990595611,8.0,18.523510971786834,1119.0,204800.0,18636.475076357914,18644.475076357914,10.989202580471222,10.984487316550746
16,admission_control,structured,320,102400,4,0.0025,102400.0,5516.905928052694,0.9979733153183585,10.94540362593612,0.9964419194552906,3.0,4.0,1.0,7.040752351097178,3.520376175548589,8.0,18.561128526645767,1123.0,204800.0,18703.050501117013,18711.050501117013,10.950085387823158,10.94540362593612
16,admission_control,structured,320,102400,4,0.005,102400.0,5500.185216366392,0.9949486445529552,10.887296807503237,0.9911520213691659,3.0,4.0,1.0,7.078369905956112,3.539184952978056,8.0,18.61755485893417,1129.0,204800.0,18802.913638255664,18810.913638255664,10.891928981863854,10.887296807503237
16,admission_control,structured,320,102400,4,0.01,102400.0,5486.32851864293,0.9924420557608333,10.839343666934587,0.9867864884874995,3.0,4.0,1.0,7.109717868338557,3.5548589341692787,8.0,18.664576802507835,1134.0,204800.0,18886.132919204538,18894.132919204538,10.843935117694064,10.839343666934587
16,admission_control,structured,320,102400,4,0.02,102400.0,5437.017310252996,0.9835219707057258,10.670155401449914,0.9713840158359311,3.0,4.0,1.0,7.22257053291536,3.61128526645768,8.0,18.83385579937304,1152.0,204800.0,19185.722330620483,19193.722330620483,10.674604608091219,10.670155401449914
16,admission_control,structured,320,102400,4,0.035,102400.0,5364.690425357201,0.9704384956478896,10.426049491958896,0.9491612299692467,3.0,4.0,1.0,7.391849529780564,3.695924764890282,8.0,19.087774294670847,1179.0,204800.0,19635.106447744398,19643.106447744398,10.430297413718712,10.426049491958896
16,admission_control,structured,320,102400,4,0.05,102400.0,5294.262560777958,0.9576985413290114,10.192862818016819,0.9279325037463372,3.0,4.0,1.0,7.561128526645768,3.780564263322884,8.0,19.34169278996865,1206.0,204800.0,20084.490564868316,20092.490564868316,10.196922811586521,10.192862818016819
16,admission_control,structured,320,102400,4,0.075,102400.0,5180.9040444092,0.9371927042030137,9.826564922796136,0.894585667916433,3.0,4.0,1.0,7.843260188087774,3.921630094043887,8.0,19.76489028213166,1251.0,204800.0,20833.46409340818,20841.46409340818,9.83033830004295,9.826564922796136
16,admission_control,structured,320,102400,4,0.1,102400.0,5074.662109678422,0.9179742115892497,9.492998877418433,0.8642186570796955,3.0,4.0,1.0,8.119122257053291,4.059561128526646,8.0,20.178683385579937,1295.0,204800.0,21565.793765758266,21573.793765758266,9.496520379656848,9.492998877418433
16,resource_allocation,structured,320,102400,4,0.0,102400.0,4970.419963481436,1.0,9.174489761953113,1.0,3.0,4.0,1.0,8.401253918495298,4.200626959247649,8.0,20.60188087774295,1340.0,204800.0,22314.76729429813,22322.76729429813,9.17777888063975,9.174489761953113
16,resource_allocation,structured,320,102400,4,0.0025,102400.0,4974.961925068535,1.000913798355163,9.188191193397605,1.00149342707878,3.0,4.0,1.0,8.388714733542319,4.194357366771159,8.0,20.58307210031348,1338.0,204800.0,22281.47958191858,22289.47958191858,9.191490145304138,9.188191193397605
16,resource_allocation,structured,320,102400,4,0.005,102400.0,4979.512195121952,1.001829268292683,9.201933610228254,1.0029913214780566,3.0,4.0,1.0,8.376175548589341,4.1880877742946705,8.0,20.56426332288401,1336.0,204800.0,22248.19186953903,22256.19186953903,9.205242439517102,9.201933610228254
16,resource_allocation,structured,320,102400,4,0.01,102400.0,4988.6377519853395,1.0036652412950522,9.229542137857855,1.0060005926578115,3.0,4.0,1.0,8.351097178683386,4.175548589341693,8.0,20.526645768025077,1332.0,204800.0,22181.61644477993,22189.61644477993,9.23287085545996,9.229542137857855
16,resource_allocation,structured,320,102400,4,0.02,102400.0,5016.216216216217,1.0092137592137593,9.313370754107716,1.0151377347142014,3.0,4.0,1.0,8.275862068965518,4.137931034482759,8.0,20.413793103448274,1320.0,204800.0,21981.890170502636,21989.890170502636,9.316760224506075,9.313370754107716
16,resource_allocation,structured,320,102400,4,0.035,102400.0,5048.778979907263,1.0157650695517775,9.413116031430167,1.026009759198451,3.0,4.0,1.0,8.18808777429467,4.094043887147335,8.0,20.28213166144201,1306.0,204800.0,21748.87618384579,21756.87618384579,9.416578505887003,9.413116031430167
16,resource_allocation,structured,320,102400,4,0.05,102400.0,5084.140077821012,1.0228793774319067,9.522384380577481,1.0379197783910663,3.0,4.0,1.0,8.094043887147334,4.047021943573667,8.0,20.141065830721004,1291.0,204800.0,21499.218340999167,21507.218340999167,9.525927722192806,9.522384380577481
16,resource_allocation,structured,320,102400,4,0.075,102400.0,5136.908318918069,1.0334958326780943,9.68731288406546,1.0558966368068816,3.0,4.0,1.0,7.956112852664576,3.978056426332288,8.0,19.934169278996865,1269.0,204800.0,21133.053504824125,21141.053504824125,9.690980054219306,9.68731288406546
16,resource_allocation,structured,320,102400,4,0.1,102400.0,5166.155306025621,1.0393800411197218,9.77970487473502,1.065967168582143,3.0,4.0,1.0,7.8808777429467085,3.9404388714733543,8.0,19.821316614420063,1257.0,204800.0,20933.327230546827,20941.327230546827,9.783442342655729,9.77970487473502
16,random_structured,structured,320,102400,4,0.0,102400.0,5502.964959568733,1.0,10.89693839530956,1.0,3.0,4.0,1.0,7.072100313479623,3.5360501567398117,8.0,18.608150470219435,1128.0,204800.0,18786.269782065887,18794.269782065887,10.901578779386536,10.89693839530956
16,random_structured,structured,320,102400,4,0.0025,102400.0,5500.185216366392,0.9994948644552955,10.887296807503237,0.9991152021369164,3.0,4.0,1.0,7.078369905956112,3.539184952978056,8.0,18.61755485893417,1129.0,204800.0,18802.913638255664,18810.913638255664,10.891928981863854,10.887296807503237
16,random_structured,structured,320,102400,4,0.005,102400.0,5500.185216366392,0.9994948644552955,10.887296807503237,0.9991152021369164,3.0,4.0,1.0,7.078369905956112,3.539184952978056,8.0,18.61755485893417,1129.0,204800.0,18802.913638255664,18810.913638255664,10.891928981863854,10.887296807503237
16,random_structured,structured,320,102400,4,0.01,102400.0,5497.408280040391,0.9989902389767756,10.87767226632667,0.9982319686242163,3.0,4.0,1.0,7.084639498432602,3.542319749216301,8.0,18.6269592476489,1130.0,204800.0,18819.55749444544,18827.55749444544,10.882296252738481,10.87767226632667
16,random_structured,structured,320,102400,4,0.02,102400.0,5483.565553130771,0.9964747356051705,10.829803684556985,0.9938391217498787,3.0,4.0,1.0,7.115987460815047,3.5579937304075235,8.0,18.67398119122257,1135.0,204800.0,18902.77677539431,18910.77677539431,10.834387055058892,10.829803684556985
16,random_structured,structured,320,102400,4,0.035,102400.0,5447.898599066044,0.989993328885924,10.70729476842364,0.9825966138371903,3.0,4.0,1.0,7.197492163009404,3.598746081504702,8.0,18.796238244514107,1148.0,204800.0,19119.146905861384,19127.146905861384,10.711775007974554,10.70729476842364
16,random_structured,structured,320,102400,4,0.05,102400.0,5401.951380850009,0.9816437903092443,10.551211974418642,0.9682730682372462,3.0,4.0,1.0,7.304075235109718,3.652037617554859,8.0,18.956112852664575,1165.0,204800.0,19402.09246108755,19410.09246108755,10.555562520421072,10.551211974418642
16,random_structured,structured,320,102400,4,0.075,102400.0,5399.272727272728,0.9811570247933885,10.542172223641057,0.967443500293513,3.0,4.0,1.0,7.310344827586206,3.655172413793103,8.0,18.96551724137931,1166.0,204800.0,19418.73631727733,19426.73631727733,10.546515316642123,10.542172223641057
16,random_structured,structured,320,102400,4,0.1,102400.0,5294.262560777958,0.9620745542949757,10.192862818016819,0.9353877619794748,3.0,4.0,1.0,7.561128526645768,3.780564263322884,8.0,19.34169278996865,1206.0,204800.0,20084.490564868316,20092.490564868316,10.196922811586521,10.192862818016819
17,inventory_threshold,structured,320,102400,4,0.0,102400.0,5072.298136645963,1.0,9.485680817873181,1.0,3.0,4.0,1.0,8.12539184952978,4.06269592476489,8.0,20.188087774294672,1296.0,204800.0,21582.43762194804,21590.43762194804,9.489196891815904,9.485680817873181
17,inventory_threshold,structured,320,102400,4,0.0025,102400.0,5074.662109678422,1.0004660556159704,9.492998877418433,1.0007714849029563,3.0,4.0,1.0,8.119122257053291,4.059561128526646,8.0,20.178683385579937,1295.0,204800.0,21565.793765758266,21573.793765758266,9.496520379656848,9.492998877418433
17,inventory_threshold,structured,320,102400,4,0.005,102400.0,5077.028287224122,1.000932545850171,9.500328237226581,1.001544161102891,3.0,4.0,1.0,8.112852664576803,4.056426332288401,8.0,20.169278996865202,1294.0,204800.0,21549.149909568492,21557.149909568492,9.503855180341125,9.500328237226581
17,inventory_threshold,structured,320,102400,4,0.01,102400.0,5077.028287224122,1.000932545850171,9.500328237226581,1.001544161102891,3.0,4.0,1.0,8.112852664576803,4.056426332288401,8.0,20.169278996865202,1294.0,204800.0,21549.149909568492,21557.149909568492,9.503855180341125,9.500328237226581
17,inventory_threshold,structured,320,102400,4,0.02,102400.0,5084.140077821012,1.0023346303501945,9.522384380577481,1.0038693651419455,3.0,4.0,1.0,8.094043887147334,4.047021943573667,8.0,20.141065830721004,1291.0,204800.0,21499.218340999167,21507.218340999167,9.525927722192806,9.522384380577481
17,inventory_threshold,structured,320,102400,4,0.035,102400.0,5093.653516295025,1.0042101980352407,9.551952373819706,1.0069864838611957,3.0,4.0,1.0,8.068965517241379,4.0344827586206895,8.0,20.10344827586207,1287.0,204800.0,21432.64291624007,21440.64291624007,9.555517758606323,9.551952373819706
17,inventory_threshold,structured,320,102400,4,0.05,102400.0,5107.990617670054,1.0070367474589523,9.59665026863528,1.0116986279522506,3.0,4.0,1.0,8.031347962382444,4.015673981191222,8.0,20.047021943573668,1281.0,204800.0,21332.77977910142,21340.77977910142,9.600249105868125,9.59665026863528
17,inventory_threshold,structured,320,102400,4,0.075,102400.0,5183.370358616312,1.021897810218978,9.834418624847412,1.036764657558067,3.0,4.0,1.0,7.836990595611285,3.9184952978056424,8.0,19.755485893416928,1250.0,204800.0,20816.820237218406,20824.820237218406,9.838198037269782,9.834418624847412
17,inventory_threshold,structured,320,102400,4,0.1,102400.0,5203.185727938834,1.0258043963045556,9.897703088265063,1.0434362359753386,3.0,4.0,1.0,7.786833855799372,3.893416927899686,8.0,19.68025078369906,1242.0,204800.0,20683.669387700207,20691.669387700207,9.901531307679226,9.897703088265063
17,machine_replacement,structured,320,102400,4,0.0,102400.0,5622.3063683304645,1.0,11.317901162312365,1.0,3.0,4.0,1.0,6.808777429467084,3.404388714733542,8.0,18.213166144200628,1086.0,204800.0,18087.22782209535,18095.22782209535,11.322907081969545,11.317901162312365
17,machine_replacement,structured,320,102400,4,0.0025,102400.0,5625.210952298949,1.0005166178749785,11.328320867731266,1.0009206393720416,3.0,4.0,1.0,6.802507836990595,3.4012539184952977,8.0,18.203761755485893,1085.0,204800.0,18070.583965905575,18078.583965905575,11.333336010966972,11.328320867731266
17,machine_replacement,structured,320,102400,4,0.005,102400.0,5631.029132908119,1.001551456645406,11.349217941488899,1.0027670129582698,3.0,4.0,1.0,6.789968652037618,3.394984326018809,8.0,18.184952978056426,1083.0,204800.0,18037.296253526027,18045.296253526027,11.354251608522791,11.349217941488899
17,machine_replacement,structured,320,102400,4,0.01,102400.0,5628.118538938663,1.0010337698139216,11.338759776411553,1.0018429754598535,3.0,4.0,1.0,6.7962382445141065,3.3981191222570533,8.0,18.19435736677116,1084.0,204800.0,18053.9401097158,18061.9401097158,11.34378416874143,11.338759776411553
17,machine_replacement,structured,320,102400,4,0.02,102400.0,5639.779005524862,1.00310773480663,11.380708509408725,1.0055493811260257,3.0,4.0,1.0,6.77115987460815,3.385579937304075,8.0,18.156739811912225,1080.0,204800.0,17987.3646849567,17995.3646849567,11.385770155162282,11.380708509408725
17,machine_replacement,structured,320,102400,4,0.035,102400.0,5645.627376425856,1.0041479433114415,11.401799486366182,1.0074128871467078,3.0,4.0,1.0,6.758620689655172,3.379310344827586,8.0,18.137931034482758,1078.0,204800.0,17954.076972577153,17962.076972577153,11.40687991439544,11.401799486366182
17,machine_replacement,structured,320,102400,4,0.05,102400.0,5645.627376425856,1.0041479433114415,11.401799486366182,1.0074128871467078,3.0,4.0,1.0,6.758620689655172,3.379310344827586,8.0,18.137931034482758,1078.0,204800.0,17954.076972577153,17962.076972577153,11.40687991439544,11.401799486366182
17,machine_replacement,structured,320,102400,4,0.075,102400.0,5619.404782384311,0.9994839153621194,11.307500607214491,0.999081052666151,3.0,4.0,1.0,6.815047021943573,3.4075235109717865,8.0,18.22257053291536,1087.0,204800.0,18103.871678285126,18111.871678285126,11.31249732871502,11.307500607214491
17,machine_replacement,structured,320,102400,4,0.1,102400.0,5587.683886418064,0.9938419432090319,11.194343474226363,0.9890829857661738,3.0,4.0,1.0,6.884012539184953,3.4420062695924765,8.0,18.32601880877743,1098.0,204800.0,18286.954096372647,18294.954096372647,11.19924066745613,11.194343474226363
17,admission_control,structured,320,102400,4,0.0,102400.0,5528.109663225588,1.0,10.984487316550746,1.0,3.0,4.0,1.0,7.015673981191222,3.507836990595611,8.0,18.523510971786834,1119.0,204800.0,18636.475076357914,18644.475076357914,10.989202580471222,10.984487316550746
17,admission_control,structured,320,102400,4,0.0025,102400.0,5522.502113271345,0.9989856297548607,10.964910643553772,0.9982177891026851,3.0,4.0,1.0,7.028213166144201,3.5141065830721003,8.0,18.5423197492163,1121.0,204800.0,18669.762788737466,18677.762788737466,10.969609111667214,10.964910643553772
17,admission_control,structured,320,102400,4,0.005,102400.0,5516.905928052694,0.9979733153183585,10.94540362593612,0.9964419194552906,3.0,4.0,1.0,7.040752351097178,3.520376175548589,8.0,18.561128526645767,1123.0,204800.0,18703.050501117013,18711.050501117013,10.950085387823158,10.94540362593612
17,admission_control,structured,320,102400,4,0.01,102400.0,5511.321073055508,0.9969630504471065,10.92596589259881,0.9946723572739021,3.0,4.0,1.0,7.053291536050157,3.5266457680250785,8.0,18.579937304075237,1125.0,204800.0,18736.338213496565,18744.338213496565,10.930631037204165,10.92596589259881
17,admission_control,structured,320,102400,4,0.02,102400.0,5489.09426987061,0.9929423626281298,10.848900471686628,0.9876565158703562,3.0,4.0,1.0,7.1034482758620685,3.5517241379310343,8.0,18.655172413793103,1133.0,204800.0,18869.48906301476,18877.48906301476,10.853500024090176,10.848900471686628
17,admission_control,structured,320,102400,4,0.035,102400.0,5450.625730018355,0.9859836475888538,10.71662004227143,0.9756140394576531,3.0,4.0,1.0,7.191222570532915,3.5956112852664575,8.0,18.786833855799372,1147.0,204800.0,19102.503049671606,19110.503049671606,10.721108090780843,10.71662004227143
17,admission_control,structured,320,102400,4,0.05,102400.0,5404.63269358041,0.977663798808736,10.560267241396053,0.9613800751068733,3.0,4.0,1.0,7.297805642633229,3.6489028213166144,8.0,18.946708463949843,1164.0,204800.0,19385.448604897778,19393.448604897778,10.564625259600998,10.560267241396053
17,admission_control,structured,320,102400,4,0.075,102400.0,5338.388625592417,0.965680666775617,10.338450474269608,0.9411864365023455,3.0,4.0,1.0,7.454545454545454,3.727272727272727,8.0,19.18181818181818,1189.0,204800.0,19801.545009642145,19809.545009642145,10.34262730005537,10.338450474269608
17,admission_control,structured,320,102400,4,0.1,102400.0,5278.862314156431,0.954912734324499,10.14245308013025,0.9233433284454005,3.0,4.0,1.0,7.598746081504702,3.799373040752351,8.0,19.398119122257054,1212.0,204800.0,20184.353702006963,20192.353702006963,10.146473006942818,10.14245308013025
17,resource_allocation,structured,320,102400,4,0.0,102400.0,4970.419963481436,1.0,9.174489761953113,1.0,3.0,4.0,1.0,8.401253918495298,4.200626959247649,8.0,20.60188087774295,1340.0,204800.0,22314.76729429813,22322.76729429813,9.17777888063975,9.174489761953113
17,resource_allocation,structured,320,102400,4,0.0025,102400.0,4972.689907139596,1.0004566905160606,9.181335365970153,1.0007461563743227,3.0,4.0,1.0,8.39498432601881,4.197492163009405,8.0,20.59247648902821,1339.0,204800.0,22298.123438108356,22306.123438108356,9.184629395762913,9.181335365970153
17,resource_allocation,structured,320,102400,4,0.005,102400.0,4974.961925068535,1.000913798355163,9.188191193397605,1.00149342707878,3.0,4.0,1.0,8.388714733542319,4.194357366771159,8.0,20.58307210031348,1338.0,204800.0,22281.47958191858,22289.47958191858,9.191490145304138,9.188191193397605
17,resource_allocation,structured,320,102400,4,0.01,102400.0,4986.35322851473,1.0032056174629829,9.222624486260605,1.0052465832494695,3.0,4.0,1.0,8.357366771159874,4.178683385579937,8.0,20.53605015673981,1333.0,204800.0,22198.260300969705,22206.260300969705,9.225948215007351,9.222624486260605
17,resource_allocation,structured,320,102400,4,0.02,102400.0,5011.598649892606,1.0082847499232896,9.299293729956366,1.0136033688239339,3.0,4.0,1.0,8.288401253918495,4.144200626959248,8.0,20.43260188087774,1322.0,204800.0,22015.177882882184,22023.177882882184,9.302672959969197,9.299293729956366
17,resource_allocation,structured,320,102400,4,0.035,102400.0,5055.811793839964,1.0171800030954963,9.434768624962082,1.0283698461453794,3.0,4.0,1.0,8.169278996865204,4.084639498432602,8.0,20.253918495297803,1303.0,204800.0,21698.944615276465,21706.944615276465,9.438247049850386,9.434768624962082
17,resource_allocation,structured,320,102400,4,0.05,102400.0,5093.653516295025,1.024793388429752,9.551952373819706,1.0411426271825972,3.0,4.0,1.0,8.068965517241379,4.0344827586206895,8.0,20.10344827586207,1287.0,204800.0,21432.64291624007,21440.64291624007,9.555517758606323,9.551952373819706
17,resource_allocation,structured,320,102400,4,0.075,102400.0,5156.369376479874,1.0374112075769535,9.748712346983103,1.0625890485388416,3.0,4.0,1.0,7.905956112852664,3.952978056426332,8.0,19.858934169278996,1261.0,204800.0,20999.902655305927,21007.902655305927,9.75242615937814,9.748712346983103
17,resource_allocation,structured,320,102400,4,0.1,102400.0,5156.369376479874,1.0374112075769535,9.748712346983103,1.0625890485388416,3.0,4.0,1.0,7.905956112852664,3.952978056426332,8.0,19.858934169278996,1261.0,204800.0,20999.902655305927,21007.902655305927,9.75242615937814,9.748712346983103
17,random_structured,structured,320,102400,4,0.0,102400.0,5587.683886418064,1.0,11.194343474226363,1.0,3.0,4.0,1.0,6.884012539184953,3.4420062695924765,8.0,18.32601880877743,1098.0,204800.0,18286.954096372647,18294.954096372647,11.19924066745613,11.194343474226363
17,random_structured,structured,320,102400,4,0.0025,102400.0,5593.424657534248,1.0010273972602741,11.214748736156599,1.0018228189957916,3.0,4.0,1.0,6.871473354231974,3.435736677115987,8.0,18.30721003134796,1096.0,204800.0,18253.666383993095,18261.666383993095,11.219663802971226,11.214748736156599
17,random_structured,structured,320,102400,4,0.005,102400.0,5596.299468905259,1.0015418879561417,11.224979288894179,1.002736722768812,3.0,4.0,1.0,6.8652037617554855,3.4326018808777428,8.0,18.29780564263323,1095.0,204800.0,18237.02252780332,18245.02252780332,11.22990332921788,11.224979288894179
17,random_structured,structured,320,102400,4,0.01,102400.0,5604.941660947152,1.0030885380919699,11.255783247187566,1.0054884659473475,3.0,4.0,1.0,6.846394984326018,3.423197492163009,8.0,18.269592476489027,1092.0,204800.0,18187.090959234,18195.090959234,11.260734355981125,11.255783247187566
17,random_structured,structured,320,102400,4,0.02,102400.0,5619.404782384311,1.0056769310166869,11.307500607214491,1.0101084206723385,3.0,4.0,1.0,6.815047021943573,3.4075235109717865,8.0,18.22257053291536,1087.0,204800.0,18103.871678285126,18111.871678285126,11.31249732871502,11.307500607214491
17,random_structured,structured,320,102400,4,0.035,102400.0,5645.627376425856,1.0103698582786036,11.401799486366182,1.01853221786677,3.0,4.0,1.0,6.758620689655172,3.379310344827586,8.0,18.137931034482758,1078.0,204800.0,17954.076972577153,17962.076972577153,11.40687991439544,11.401799486366182
17,random_structured,structured,320,102400,4,0.05,102400.0,5669.142658799029,1.0145782714335303,11.486950957473704,1.0261388695032483,3.0,4.0,1.0,6.70846394984326,3.35423197492163,8.0,18.06269592476489,1070.0,204800.0,17820.926123058955,17828.926123058955,11.492107569819506,11.486950957473704
17,random_structured,structured,320,102400,4,0.075,102400.0,5722.775052557814,1.0241765942536791,11.683271499027773,1.0436763465340426,3.0,4.0,1.0,6.5956112852664575,3.2978056426332287,8.0,17.893416927899686,1052.0,204800.0,17521.33671164301,17529.33671164301,11.688605919199615,11.683271499027773
17,random_structured,structured,320,102400,4,0.1,102400.0,5786.643046944198,1.0356067316209034,11.92096604520671,1.0649097977611022,3.0,4.0,1.0,6.463949843260187,3.2319749216300937,8.0,17.695924764890282,1031.0,204800.0,17171.81573165774,17179.81573165774,11.926519781040588,11.92096604520671
18,inventory_threshold,structured,320,102400,4,0.0,102400.0,5072.298136645963,1.0,9.485680817873181,1.0,3.0,4.0,1.0,8.12539184952978,4.06269592476489,8.0,20.188087774294672,1296.0,204800.0,21582.43762194804,21590.43762194804,9.489196891815904,9.485680817873181
18,inventory_threshold,structured,320,102400,4,0.0025,102400.0,5074.662109678422,1.0004660556159704,9.492998877418433,1.0007714849029563,3.0,4.0,1.0,8.119122257053291,4.059561128526646,8.0,20.178683385579937,1295.0,204800.0,21565.793765758266,21573.793765758266,9.496520379656848,9.492998877418433
18,inventory_threshold,structured,320,102400,4,0.005,102400.0,5077.028287224122,1.000932545850171,9.500328237226581,1.001544161102891,3.0,4.0,1.0,8.112852664576803,4.056426332288401,8.0,20.169278996865202,1294.0,204800.0,21549.149909568492,21557.149909568492,9.503855180341125,9.500328237226581
18,inventory_threshold,structured,320,102400,4,0.01,102400.0,5074.662109678422,1.0004660556159704,9.492998877418433,1.0007714849029563,3.0,4.0,1.0,8.119122257053291,4.059561128526646,8.0,20.178683385579937,1295.0,204800.0,21565.793765758266,21573.793765758266,9.496520379656848,9.492998877418433
18,inventory_threshold,structured,320,102400,4,0.02,102400.0,5081.767268201617,1.0018668326073428,9.515020962490052,1.0030930984480932,3.0,4.0,1.0,8.100313479623825,4.0501567398119125,8.0,20.15047021943574,1292.0,204800.0,21515.862197188944,21523.862197188944,9.518558825253919,9.515020962490052
18,inventory_threshold,structured,320,102400,4,0.035,102400.0,5084.140077821012,1.0023346303501945,9.522384380577481,1.0038693651419455,3.0,4.0,1.0,8.094043887147334,4.047021943573667,8.0,20.141065830721004,1291.0,204800.0,21499.218340999167,21507.218340999167,9.525927722192806,9.522384380577481
18,inventory_threshold,structured,320,102400,4,0.05,102400.0,5084.140077821012,1.0023346303501945,9.522384380577481,1.0038693651419455,3.0,4.0,1.0,8.094043887147334,4.047021943573667,8.0,20.141065830721004,1291.0,204800.0,21499.218340999167,21507.218340999167,9.525927722192806,9.522384380577481
18,inventory_threshold,structured,320,102400,4,0.075,102400.0,5103.202624589907,1.0060927980003123,9.581704562392105,1.0101230208313559,3.0,4.0,1.0,8.043887147335424,4.021943573667712,8.0,20.065830721003138,1283.0,204800.0,21366.06749148097,21374.06749148097,9.58529219668792,9.581704562392105
18,inventory_threshold,structured,320,102400,4,0.1,102400.0,5018.528191734521,0.989399293286219,9.32042526035846,0.9825784189150302,3.0,4.0,1.0,8.269592476489027,4.134796238244514,8.0,20.404388714733543,1319.0,204800.0,21965.24631431286,21973.24631431286,9.323819868414109,9.32042526035846
18,machine_replacement,structured,320,102400,4,0.0,102400.0,5622.3063683304645,1.0,11.317901162312365,1.0,3.0,4.0,1.0,6.808777429467084,3.404388714733542,8.0,18.213166144200628,1086.0,204800.0,18087.22782209535,18095.22782209535,11.322907081969545,11.317901162312365
18,machine_replacement,structured,320,102400,4,0.0025,102400.0,5628.118538938663,1.0010337698139216,11.338759776411553,1.0018429754598535,3.0,4.0,1.0,6.7962382445141065,3.3981191222570533,8.0,18.19435736677116,1084.0,204800.0,18053.9401097158,18061.9401097158,11.34378416874143,11.338759776411553
18,machine_replacement,structured,320,102400,4,0.005,102400.0,5628.118538938663,1.0010337698139216,11.338759776411553,1.0018429754598535,3.0,4.0,1.0,6.7962382445141065,3.3981191222570533,8.0,18.19435736677116,1084.0,204800.0,18053.9401097158,18061.9401097158,11.34378416874143,11.338759776411553
18,machine_replacement,structured,320,102400,4,0.01,102400.0,5628.118538938663,1.0010337698139216,11.338759776411553,1.0018429754598535,3.0,4.0,1.0,6.7962382445141065,3.3981191222570533,8.0,18.19435736677116,1084.0,204800.0,18053.9401097158,18061.9401097158,11.34378416874143,11.338759776411553
18,machine_replacement,structured,320,102400,4,0.02,102400.0,5633.942738875475,1.0020696791997241,11.359695416295196,1.003692756579462,3.0,4.0,1.0,6.783699059561128,3.391849529780564,8.0,18.17554858934169,1082.0,204800.0,18020.65239733625,18028.65239733625,11.364738383737585,11.359695416295196
18,machine_replacement,structured,320,102400,4,0.035,102400.0,5593.424657534248,0.9948630136986304,11.214748736156599,0.9908859050210427,3.0,4.0,1.0,6.871473354231974,3.435736677115987,8.0,18.30721003134796,1096.0,204800.0,18253.666383993095,18261.666383993095,11.219663802971226,11.214748736156599
18,machine_replacement,structured,320,102400,4,0.05,102400.0,5528.109663225588,0.983245896090709,10.984487316550746,0.970541018075696,3.0,4.0,1.0,7.015673981191222,3.507836990595611,8.0,18.523510971786834,1119.0,204800.0,18636.475076357914,18644.475076357914,10.989202580471222,10.984487316550746
18,machine_replacement,structured,320,102400,4,0.075,102400.0,5388.5846255361275,0.9584295612009239,10.506167587642805,0.9282787892358909,3.0,4.0,1.0,7.335423197492163,3.6677115987460813,8.0,19.003134796238243,1170.0,204800.0,19485.311742036425,19493.311742036425,10.510481059339531,10.506167587642805
18,machine_replacement,structured,320,102400,4,0.1,102400.0,5243.274478330658,0.9325842696629214,10.026747284146328,0.8859193184629083,3.0,4.0,1.0,7.686520376175548,3.843260188087774,8.0,19.529780564263323,1226.0,204800.0,20417.36768866381,20425.36768866381,10.030675997166357,10.026747284146328
18,admission_control,structured,320,102400,4,0.0,102400.0,5528.109663225588,1.0,10.984487316550746,1.0,3.0,4.0,1.0,7.015673981191222,3.507836990595611,8.0,18.523510971786834,1119.0,204800.0,18636.475076357914,18644.475076357914,10.989202580471222,10.984487316550746
18,admission_control,structured,320,102400,4,0.0025,102400.0,5519.702602230483,0.9984792159513349,10.955148451078164,0.997329063739882,3.0,4.0,1.0,7.0344827586206895,3.5172413793103448,8.0,18.551724137931036,1122.0,204800.0,18686.40664492724,18694.40664492724,10.959838554920704,10.955148451078164
18,admission_control,structured,320,102400,4,0.005,102400.0,5522.502113271345,0.9989856297548607,10.964910643553772,0.9982177891026851,3.0,4.0,1.0,7.028213166144201,3.5141065830721003,8.0,18.5423197492163,1121.0,204800.0,18669.762788737466,18677.762788737466,10.969609111667214,10.964910643553772
18,admission_control,structured,320,102400,4,0.01,102400.0,5514.112086428089,0.9974679270762999,10.935676121823045,0.9955563520334576,3.0,4.0,1.0,7.047021943573667,3.5235109717868336,8.0,18.570532915360502,1124.0,204800.0,18719.694357306787,18727.694357306787,10.940349563990674,10.935676121823045
18,admission_control,structured,320,102400,4,0.02,102400.0,5508.532883642496,0.9964586846543003,10.91627289228703,0.99378993099105,3.0,4.0,1.0,7.059561128526646,3.529780564263323,8.0,18.58934169278997,1126.0,204800.0,18752.98206968634,18760.98206968634,10.920929761408633,10.91627289228703
18,admission_control,structured,320,102400,4,0.035,102400.0,5472.541464231866,0.9899480650025132,10.791811093559428,0.9824592429815996,3.0,4.0,1.0,7.141065830721002,3.570532915360501,8.0,18.711598746081503,1139.0,204800.0,18969.35220015341,18977.35220015341,10.796362355396813,10.791811093559428
18,admission_control,structured,320,102400,4,0.05,102400.0,5456.088191080675,0.9869717721730417,10.73531940480107,0.9773163822243897,3.0,4.0,1.0,7.178683385579937,3.5893416927899686,8.0,18.768025078369906,1145.0,204800.0,19069.21533729206,19077.21533729206,10.739823132601051,10.73531940480107
18,admission_control,structured,320,102400,4,0.075,102400.0,5380.596277384287,0.9733157634656566,10.479325091800852,0.9540113061090483,3.0,4.0,1.0,7.35423197492163,3.677115987460815,8.0,19.031347962382444,1173.0,204800.0,19535.24331060575,19543.24331060575,10.483616545938457,10.479325091800852
18,admission_control,structured,320,102400,4,0.1,102400.0,5250.859990355249,0.9498472914322458,10.051318597201652,0.9150466751467724,3.0,4.0,1.0,7.667711598746081,3.8338557993730404,8.0,19.50156739811912,1223.0,204800.0,20367.436120094488,20375.436120094488,10.055266592830728,10.051318597201652
18,resource_allocation,structured,320,102400,4,0.0,102400.0,4970.419963481436,1.0,9.174489761953113,1.0,3.0,4.0,1.0,8.401253918495298,4.200626959247649,8.0,20.60188087774295,1340.0,204800.0,22314.76729429813,22322.76729429813,9.17777888063975,9.174489761953113
18,resource_allocation,structured,320,102400,4,0.0025,102400.0,4972.689907139596,1.0004566905160606,9.181335365970153,1.0007461563743227,3.0,4.0,1.0,8.39498432601881,4.197492163009405,8.0,20.59247648902821,1339.0,204800.0,22298.123438108356,22306.123438108356,9.184629395762913,9.181335365970153
18,resource_allocation,structured,320,102400,4,0.005,102400.0,4974.961925068535,1.000913798355163,9.188191193397605,1.00149342707878,3.0,4.0,1.0,8.388714733542319,4.194357366771159,8.0,20.58307210031348,1338.0,204800.0,22281.47958191858,22289.47958191858,9.191490145304138,9.188191193397605
18,resource_allocation,structured,320,102400,4,0.01,102400.0,4981.790452951045,1.0022876315388136,9.208820245675366,1.003741950191565,3.0,4.0,1.0,8.369905956112852,4.184952978056426,8.0,20.55485893416928,1335.0,204800.0,22231.548013349257,22239.548013349257,9.212134030298964,9.208820245675366
18,resource_allocation,structured,320,102400,4,0.02,102400.0,5006.989576946659,1.0073574494175355,9.285259196015343,1.0120736342768175,3.0,4.0,1.0,8.300940438871473,4.150470219435737,8.0,20.451410658307207,1324.0,204800.0,22048.465595261732,22056.465595261732,9.288628231980551,9.285259196015343
18,resource_allocation,structured,320,102400,4,0.035,102400.0,5048.778979907263,1.0157650695517775,9.413116031430167,1.026009759198451,3.0,4.0,1.0,8.18808777429467,4.094043887147335,8.0,20.28213166144201,1306.0,204800.0,21748.87618384579,21756.87618384579,9.416578505887003,9.413116031430167
18,resource_allocation,structured,320,102400,4,0.05,102400.0,5088.892350833463,1.0238354883938308,9.537145459855893,1.0395287048448976,3.0,4.0,1.0,8.081504702194357,4.040752351097178,8.0,20.122257053291538,1289.0,204800.0,21465.93062861962,21473.93062861962,9.54069979742452,9.537145459855893
18,resource_allocation,structured,320,102400,4,0.075,102400.0,5065.219413862615,1.0190727244534037,9.463794180079963,1.0315335703274315,3.0,4.0,1.0,8.144200626959247,4.072100313479623,8.0,20.21630094043887,1299.0,204800.0,21632.369190517365,21640.369190517365,9.467294044231405,9.463794180079963
18,resource_allocation,structured,320,102400,4,0.1,102400.0,4988.6377519853395,1.0036652412950522,9.229542137857855,1.0060005926578115,3.0,4.0,1.0,8.351097178683386,4.175548589341693,8.0,20.526645768025077,1332.0,204800.0,22181.61644477993,22189.61644477993,9.23287085545996,9.229542137857855
18,random_structured,structured,320,102400,4,0.0,102400.0,5404.63269358041,1.0,10.560267241396053,1.0,3.0,4.0,1.0,7.297805642633229,3.6489028213166144,8.0,18.946708463949843,1164.0,204800.0,19385.448604897778,19393.448604897778,10.564625259600998,10.560267241396053
18,random_structured,structured,320,102400,4,0.0025,102400.0,5399.272727272728,0.9990082644628101,10.542172223641057,0.998286500015448,3.0,4.0,1.0,7.310344827586206,3.655172413793103,8.0,18.96551724137931,1166.0,204800.0,19418.73631727733,19426.73631727733,10.546515316642123,10.542172223641057
18,random_structured,structured,320,102400,4,0.005,102400.0,5401.951380850009,0.9995038862245743,10.551211974418642,0.9991425153577634,3.0,4.0,1.0,7.304075235109718,3.652037617554859,8.0,18.956112852664575,1165.0,204800.0,19402.09246108755,19410.09246108755,10.555562520421072,10.551211974418642
18,random_structured,structured,320,102400,4,0.01,102400.0,5399.272727272728,0.9990082644628101,10.542172223641057,0.998286500015448,3.0,4.0,1.0,7.310344827586206,3.655172413793103,8.0,18.96551724137931,1166.0,204800.0,19418.73631727733,19426.73631727733,10.546515316642123,10.542172223641057
18,random_structured,structured,320,102400,4,0.02,102400.0,5399.272727272728,0.9990082644628101,10.542172223641057,0.998286500015448,3.0,4.0,1.0,7.310344827586206,3.655172413793103,8.0,18.96551724137931,1166.0,204800.0,19418.73631727733,19426.73631727733,10.546515316642123,10.542172223641057
18,random_structured,structured,320,102400,4,0.035,102400.0,5356.772712364709,0.9911446375860937,10.399614311938238,0.984787039401043,3.0,4.0,1.0,7.410658307210031,3.7053291536050157,8.0,19.11598746081505,1182.0,204800.0,19685.038016313723,19693.038016313723,10.403840715485265,10.399614311938238
18,random_structured,structured,320,102400,4,0.05,102400.0,5016.408799477867,0.9281683111298807,10.354805123722668,0.9805438524445691,3.0,5.0,1.25,7.4420062695924765,3.7210031347962382,9.25,20.413009404388713,1187.0,204800.0,19768.257297262597,19778.257297262597,10.360043220823497,10.354805123722668
18,random_structured,structured,320,102400,4,0.075,102400.0,5263.551401869159,0.9738962294553659,10.092539500411869,0.9557087211627846,3.0,4.0,1.0,7.636363636363636,3.818181818181818,8.0,19.454545454545453,1218.0,204800.0,20284.216839145614,20292.216839145614,10.096519950662602,10.092539500411869
18,random_structured,structured,320,102400,4,0.1,102400.0,5124.819579541889,0.9482271728898651,9.649329428958387,0.9137391325792583,3.0,4.0,1.0,7.987460815047021,3.9937304075235107,8.0,19.981191222570533,1274.0,204800.0,21216.272785773,21224.272785773,9.652967892519406,9.649329428958387
19,inventory_threshold,structured,320,102400,4,0.0,102400.0,5072.298136645963,1.0,9.485680817873181,1.0,3.0,4.0,1.0,8.12539184952978,4.06269592476489,8.0,20.188087774294672,1296.0,204800.0,21582.43762194804,21590.43762194804,9.489196891815904,9.485680817873181
19,inventory_threshold,structured,320,102400,4,0.0025,102400.0,5072.298136645963,1.0,9.485680817873181,1.0,3.0,4.0,1.0,8.12539184952978,4.06269592476489,8.0,20.188087774294672,1296.0,204800.0,21582.43762194804,21590.43762194804,9.489196891815904,9.485680817873181
19,inventory_threshold,structured,320,102400,4,0.005,102400.0,5072.298136645963,1.0,9.485680817873181,1.0,3.0,4.0,1.0,8.12539184952978,4.06269592476489,8.0,20.188087774294672,1296.0,204800.0,21582.43762194804,21590.43762194804,9.489196891815904,9.485680817873181
19,inventory_threshold,structured,320,102400,4,0.01,102400.0,5067.576791808874,0.9990691901954701,9.471078495197156,0.9984605930816783,3.0,4.0,1.0,8.137931034482758,4.068965517241379,8.0,20.206896551724135,1298.0,204800.0,21615.72533432759,21623.72533432759,9.474583750134924,9.471078495197156
19,inventory_threshold,structured,320,102400,4,0.02,102400.0,5067.576791808874,0.9990691901954701,9.471078495197156,0.9984605930816783,3.0,4.0,1.0,8.137931034482758,4.068965517241379,8.0,20.206896551724135,1298.0,204800.0,21615.72533432759,21623.72533432759,9.474583750134924,9.471078495197156
19,inventory_threshold,structured,320,102400,4,0.035,102400.0,5058.160421183028,0.9972127593682254,9.442008309368573,0.9953959542448109,3.0,4.0,1.0,8.163009404388715,4.081504702194358,8.0,20.244514106583075,1302.0,204800.0,21682.30075908669,21690.30075908669,9.445492075566369,9.442008309368573
19,inventory_threshold,structured,320,102400,4,0.05,102400.0,5053.465346534653,0.9962871287128712,9.427540034143217,0.9938706788847023,3.0,4.0,1.0,8.175548589341693,4.087774294670846,8.0,20.263322884012542,1304.0,204800.0,21715.58847146624,21723.58847146624,9.43101312999656,9.427540034143217
19,inventory_threshold,structured,320,102400,4,0.075,102400.0,5041.7657045840415,0.9939805525544068,9.391562594819424,0.9900778631644007,3.0,4.0,1.0,8.206896551724137,4.1034482758620685,8.0,20.310344827586203,1309.0,204800.0,21798.807752415112,21806.807752415112,9.395009228305616,9.391562594819424
19,inventory_threshold,structured,320,102400,4,0.1,102400.0,5006.989576946659,0.9871244635193135,9.285259196015343,0.9788711400155697,3.0,4.0,1.0,8.300940438871473,4.150470219435737,8.0,20.451410658307207,1324.0,204800.0,22048.465595261732,22056.465595261732,9.288628231980551,9.285259196015343
19,machine_replacement,structured,320,102400,4,0.0,102400.0,5622.3063683304645,1.0,11.317901162312365,1.0,3.0,4.0,1.0,6.808777429467084,3.404388714733542,8.0,18.213166144200628,1086.0,204800.0,18087.22782209535,18095.22782209535,11.322907081969545,11.317901162312365
19,machine_replacement,structured,320,102400,4,0.0025,102400.0,5625.210952298949,1.0005166178749785,11.328320867731266,1.0009206393720416,3.0,4.0,1.0,6.802507836990595,3.4012539184952977,8.0,18.203761755485893,1085.0,204800.0,18070.583965905575,18078.583965905575,11.333336010966972,11.328320867731266
19,machine_replacement,structured,320,102400,4,0.005,102400.0,5622.3063683304645,1.0,11.317901162312365,1.0,3.0,4.0,1.0,6.808777429467084,3.404388714733542,8.0,18.213166144200628,1086.0,204800.0,18087.22782209535,18095.22782209535,11.322907081969545,11.317901162312365
19,machine_replacement,structured,320,102400,4,0.01,102400.0,5619.404782384311,0.9994839153621194,11.307500607214491,0.999081052666151,3.0,4.0,1.0,6.815047021943573,3.4075235109717865,8.0,18.22257053291536,1087.0,204800.0,18103.871678285126,18111.871678285126,11.31249732871502,11.307500607214491
19,machine_replacement,structured,320,102400,4,0.02,102400.0,5613.610586011343,0.9984533424987113,11.286756737191604,0.9972482154885334,3.0,4.0,1.0,6.827586206896552,3.413793103448276,8.0,18.241379310344826,1089.0,204800.0,18137.159390664674,18145.159390664674,11.291735138271545,11.286756737191604
19,machine_replacement,structured,320,102400,4,0.035,102400.0,5599.177236887213,0.9958861844360646,11.235228524132443,0.9926954090697298,3.0,4.0,1.0,6.858934169278997,3.4294670846394983,8.0,18.288401253918494,1094.0,204800.0,18220.378671613547,18228.378671613547,11.240161562562271,11.235228524132443
19,machine_replacement,structured,320,102400,4,0.05,102400.0,5536.542372881356,0.9847457627118644,11.013983748201001,0.973147193127699,3.0,4.0,1.0,6.996865203761756,3.498432601880878,8.0,18.495297805642632,1116.0,204800.0,18586.543507788592,18594.543507788592,11.018724375200781,11.013983748201001
19,machine_replacement,structured,320,102400,4,0.075,102400.0,5428.884826325411,0.9655974738241649,10.642469516073685,0.9403218285305575,3.0,4.0,1.0,7.241379310344827,3.6206896551724137,8.0,18.862068965517242,1155.0,204800.0,19235.653899189805,19243.653899189805,10.646895659139826,10.642469516073685
19,machine_replacement,structured,320,102400,4,0.1,102400.0,5309.752925877763,0.944408322496749,10.243776148998979,0.9050950350326322,3.0,4.0,1.0,7.523510971786833,3.7617554858934166,8.0,19.28526645768025,1200.0,204800.0,19984.62742772967,19992.62742772967,10.247876811344993,10.243776148998979
19,admission_control,structured,320,102400,4,0.0,102400.0,5528.109663225588,1.0,10.984487316550746,1.0,3.0,4.0,1.0,7.015673981191222,3.507836990595611,8.0,18.523510971786834,1119.0,204800.0,18636.475076357914,18644.475076357914,10.989202580471222,10.984487316550746
19,admission_control,structured,320,102400,4,0.0025,102400.0,5505.747513905276,0.9959548289229734,10.906597075074313,0.9929090690141656,3.0,4.0,1.0,7.065830721003135,3.5329153605015673,8.0,18.5987460815047,1127.0,204800.0,18769.625925876113,18777.625925876113,10.911245690712429,10.906597075074313
19,admission_control,structured,320,102400,4,0.005,102400.0,5489.09426987061,0.9929423626281298,10.848900471686628,0.9876565158703562,3.0,4.0,1.0,7.1034482758620685,3.5517241379310343,8.0,18.655172413793103,1133.0,204800.0,18869.48906301476,18877.48906301476,10.853500024090176,10.848900471686628
19,admission_control,structured,320,102400,4,0.01,102400.0,5450.625730018355,0.9859836475888538,10.71662004227143,0.9756140394576531,3.0,4.0,1.0,7.191222570532915,3.5956112852664575,8.0,18.786833855799372,1147.0,204800.0,19102.503049671606,19110.503049671606,10.721108090780843,10.71662004227143
19,admission_control,structured,320,102400,4,0.02,102400.0,5383.256427158866,0.9737969676994068,10.488257337284812,0.9548244751925522,3.0,4.0,1.0,7.347962382445141,3.6739811912225706,8.0,19.021943573667713,1172.0,204800.0,19518.599454415977,19526.599454415977,10.492556111840551,10.488257337284812
19,admission_control,structured,320,102400,4,0.035,102400.0,5271.195739874132,0.9535258996288527,10.11743472945184,0.9210657209469864,3.0,4.0,1.0,7.617554858934169,3.8087774294670846,8.0,19.426332288401255,1215.0,204800.0,20234.28527057629,20242.28527057629,10.121434844936687,10.11743472945184
19,admission_control,structured,320,102400,4,0.05,102400.0,5178.440076093849,0.9367469879518072,9.818723754565072,0.8938718277521087,3.0,4.0,1.0,7.849529780564263,3.9247648902821317,8.0,19.774294670846395,1252.0,204800.0,20850.107949597954,20858.107949597954,9.822491111080751,9.818723754565072
19,admission_control,structured,320,102400,4,0.075,102400.0,5037.101002313029,0.9111796453353893,9.377248388411543,0.8536810247195138,3.0,4.0,1.0,8.219435736677116,4.109717868338558,8.0,20.329153605015676,1311.0,204800.0,21832.095464794664,21840.095464794664,9.380684521568265,9.377248388411543
19,admission_control,structured,320,102400,4,0.1,102400.0,4921.000301295571,0.8901777643868637,9.026427459092977,0.8217431728008383,3.0,4.0,1.0,8.539184952978056,4.269592476489028,8.0,20.80877742946708,1362.0,204800.0,22680.932130473175,22688.932130473175,9.02961125327116,9.026427459092977
19,resource_allocation,structured,320,102400,4,0.0,102400.0,4970.419963481436,1.0,9.174489761953113,1.0,3.0,4.0,1.0,8.401253918495298,4.200626959247649,8.0,20.60188087774295,1340.0,204800.0,22314.76729429813,22322.76729429813,9.17777888063975,9.174489761953113
19,resource_allocation,structured,320,102400,4,0.0025,102400.0,4970.419963481436,1.0,9.174489761953113,1.0,3.0,4.0,1.0,8.401253918495298,4.200626959247649,8.0,20.60188087774295,1340.0,204800.0,22314.76729429813,22322.76729429813,9.17777888063975,9.174489761953113
19,resource_allocation,structured,320,102400,4,0.005,102400.0,4970.419963481436,1.0,9.174489761953113,1.0,3.0,4.0,1.0,8.401253918495298,4.200626959247649,8.0,20.60188087774295,1340.0,204800.0,22314.76729429813,22322.76729429813,9.17777888063975,9.174489761953113
19,resource_allocation,structured,320,102400,4,0.01,102400.0,4970.419963481436,1.0,9.174489761953113,1.0,3.0,4.0,1.0,8.401253918495298,4.200626959247649,8.0,20.60188087774295,1340.0,204800.0,22314.76729429813,22322.76729429813,9.17777888063975,9.174489761953113
19,resource_allocation,structured,320,102400,4,0.02,102400.0,4968.152091254753,0.9995437262357416,9.167654358495795,0.999254955465135,3.0,4.0,1.0,8.407523510971787,4.2037617554858935,8.0,20.611285266457678,1341.0,204800.0,22331.411150487904,22339.411150487904,9.170938577051162,9.167654358495795
19,resource_allocation,structured,320,102400,4,0.035,102400.0,4968.152091254753,0.9995437262357416,9.167654358495795,0.999254955465135,3.0,4.0,1.0,8.407523510971787,4.2037617554858935,8.0,20.611285266457678,1341.0,204800.0,22331.411150487904,22339.411150487904,9.170938577051162,9.167654358495795
19,resource_allocation,structured,320,102400,4,0.05,102400.0,4961.3608748481165,0.9981773997569867,9.147209123994495,0.9970264681016101,3.0,4.0,1.0,8.426332288401253,4.213166144200627,8.0,20.639498432601883,1344.0,204800.0,22381.34271905723,22389.34271905723,9.150478707679019,9.147209123994495
19,resource_allocation,structured,320,102400,4,0.075,102400.0,4956.843702579666,0.997268588770865,9.133629554580185,0.9955463237266473,3.0,4.0,1.0,8.438871473354231,4.219435736677116,8.0,20.65830721003135,1346.0,204800.0,22414.630431436777,22422.630431436777,9.136889435962578,9.133629554580185
19,resource_allocation,structured,320,102400,4,0.1,102400.0,4921.000301295571,0.9900572461584817,9.026427459092977,0.9838615218173598,3.0,4.0,1.0,8.539184952978056,4.269592476489028,8.0,20.80877742946708,1362.0,204800.0,22680.932130473175,22688.932130473175,9.02961125327116,9.026427459092977
19,random_structured,structured,320,102400,4,0.0,102400.0,5686.908077994429,1.0,11.551653923427523,1.0,3.0,4.0,1.0,6.670846394984326,3.335423197492163,8.0,18.00626959247649,1064.0,204800.0,17721.062985920307,17729.062985920307,11.556868804242566,11.551653923427523
19,random_structured,structured,320,102400,4,0.0025,102400.0,5678.011472275334,0.9984355988180079,11.519211582652913,0.9971915414892395,3.0,4.0,1.0,6.689655172413793,3.3448275862068964,8.0,18.03448275862069,1067.0,204800.0,17770.99455448963,17778.99455448963,11.524397206472596,11.519211582652913
19,random_structured,structured,320,102400,4,0.005,102400.0,5672.095849973954,0.9973953811425594,11.497684402909318,0.9953279832588517,3.0,4.0,1.0,6.702194357366771,3.3510971786833856,8.0,18.053291536050157,1069.0,204800.0,17804.28226686918,17812.28226686918,11.502850658636145,11.497684402909318
19,random_structured,structured,320,102400,4,0.01,102400.0,5657.360581918947,0.9948042951160374,11.444216830288875,0.9906994189878942,3.0,4.0,1.0,6.733542319749216,3.366771159874608,8.0,18.100313479623825,1074.0,204800.0,17887.501547818054,17895.501547818054,11.449335137862327,11.444216830288875
19,random_structured,structured,320,102400,4,0.02,102400.0,5622.3063683304645,0.9886402753872633,11.317901162312365,0.9797645633547685,3.0,4.0,1.0,6.808777429467084,3.404388714733542,8.0,18.213166144200628,1086.0,204800.0,18087.22782209535,18095.22782209535,11.322907081969545,11.317901162312365
19,random_structured,structured,320,102400,4,0.035,102400.0,5573.383381675481,0.9800375362566114,11.143653713307609,0.9646803641431413,3.0,4.0,1.0,6.915360501567398,3.457680250783699,8.0,18.3730407523511,1103.0,204800.0,18370.17337732152,18378.17337732152,11.148506646803408,11.143653713307609
19,random_structured,structured,320,102400,4,0.05,102400.0,5508.532883642496,0.9686340640809444,10.91627289228703,0.9449965316350156,3.0,4.0,1.0,7.059561128526646,3.529780564263323,8.0,18.58934169278997,1126.0,204800.0,18752.98206968634,18760.98206968634,10.920929761408633,10.91627289228703
19,random_structured,structured,320,102400,4,0.075,102400.0,5317.532150415107,0.9350480221390202,10.269424026036507,0.889000319271116,3.0,4.0,1.0,7.504702194357367,3.7523510971786833,8.0,19.25705329153605,1197.0,204800.0,19934.695859160343,19942.695859160343,10.273545252303952,10.269424026036507
19,random_structured,structured,320,102400,4,0.1,102400.0,5096.03744149766,0.8960998439937599,9.559373085573652,0.827532849316634,3.0,4.0,1.0,8.06269592476489,4.031347962382445,8.0,20.094043887147333,1286.0,204800.0,21415.999060050293,21423.999060050293,9.562944013293166,9.559373085573652
20,inventory_threshold,structured,320,102400,4,0.0,102400.0,5072.298136645963,1.0,9.485680817873181,1.0,3.0,4.0,1.0,8.12539184952978,4.06269592476489,8.0,20.188087774294672,1296.0,204800.0,21582.43762194804,21590.43762194804,9.489196891815904,9.485680817873181
20,inventory_threshold,structured,320,102400,4,0.0025,102400.0,5074.662109678422,1.0004660556159704,9.492998877418433,1.0007714849029563,3.0,4.0,1.0,8.119122257053291,4.059561128526646,8.0,20.178683385579937,1295.0,204800.0,21565.793765758266,21573.793765758266,9.496520379656848,9.492998877418433
20,inventory_threshold,structured,320,102400,4,0.005,102400.0,5074.662109678422,1.0004660556159704,9.492998877418433,1.0007714849029563,3.0,4.0,1.0,8.119122257053291,4.059561128526646,8.0,20.178683385579937,1295.0,204800.0,21565.793765758266,21573.793765758266,9.496520379656848,9.492998877418433
20,inventory_threshold,structured,320,102400,4,0.01,102400.0,5074.662109678422,1.0004660556159704,9.492998877418433,1.0007714849029563,3.0,4.0,1.0,8.119122257053291,4.059561128526646,8.0,20.178683385579937,1295.0,204800.0,21565.793765758266,21573.793765758266,9.496520379656848,9.492998877418433
20,inventory_threshold,structured,320,102400,4,0.02,102400.0,5079.396672368216,1.001399471310838,9.507668923491993,1.0023180313612683,3.0,4.0,1.0,8.106583072100314,4.053291536050157,8.0,20.15987460815047,1293.0,204800.0,21532.50605337872,21540.50605337872,9.511201320102002,9.507668923491993
20,inventory_threshold,structured,320,102400,4,0.035,102400.0,5086.515104328871,1.0028028651510434,9.529759204192649,1.0046468342300128,3.0,4.0,1.0,8.087774294670846,4.043887147335423,8.0,20.131661442006266,1290.0,204800.0,21482.574484809393,21490.574484809393,9.53330803739639,9.529759204192649
20,inventory_threshold,structured,320,102400,4,0.05,102400.0,5086.515104328871,1.0028028651510434,9.529759204192649,1.0046468342300128,3.0,4.0,1.0,8.087774294670846,4.043887147335423,8.0,20.131661442006266,1290.0,204800.0,21482.574484809393,21490.574484809393,9.53330803739639,9.529759204192649
20,inventory_threshold,structured,320,102400,4,0.075,102400.0,5060.511231603408,0.9976762199845082,9.449259112919993,0.9961603488824374,3.0,4.0,1.0,8.156739811912225,4.078369905956112,8.0,20.235109717868337,1301.0,204800.0,21665.656902896917,21673.656902896917,9.452748232739538,9.449259112919993
20,inventory_threshold,structured,320,102400,4,0.1,102400.0,5020.842299415924,0.9898555179834,9.327490461723599,0.9833232469880796,3.0,4.0,1.0,8.263322884012538,4.131661442006269,8.0,20.394984326018808,1318.0,204800.0,21948.602458123085,21956.602458123085,9.330890219126657,9.327490461723599
20,machine_replacement,structured,320,102400,4,0.0,102400.0,5622.3063683304645,1.0,11.317901162312365,1.0,3.0,4.0,1.0,6.808777429467084,3.404388714733542,8.0,18.213166144200628,1086.0,204800.0,18087.22782209535,18095.22782209535,11.322907081969545,11.317901162312365
20,machine_replacement,structured,320,102400,4,0.0025,102400.0,5625.210952298949,1.0005166178749785,11.328320867731266,1.0009206393720416,3.0,4.0,1.0,6.802507836990595,3.4012539184952977,8.0,18.203761755485893,1085.0,204800.0,18070.583965905575,18078.583965905575,11.333336010966972,11.328320867731266
20,machine_replacement,structured,320,102400,4,0.005,102400.0,5631.029132908119,1.001551456645406,11.349217941488899,1.0027670129582698,3.0,4.0,1.0,6.789968652037618,3.394984326018809,8.0,18.184952978056426,1083.0,204800.0,18037.296253526027,18045.296253526027,11.354251608522791,11.349217941488899
20,machine_replacement,structured,320,102400,4,0.01,102400.0,5628.118538938663,1.0010337698139216,11.338759776411553,1.0018429754598535,3.0,4.0,1.0,6.7962382445141065,3.3981191222570533,8.0,18.19435736677116,1084.0,204800.0,18053.9401097158,18061.9401097158,11.34378416874143,11.338759776411553
20,machine_replacement,structured,320,102400,4,0.02,102400.0,5631.029132908119,1.001551456645406,11.349217941488899,1.0027670129582698,3.0,4.0,1.0,6.789968652037618,3.394984326018809,8.0,18.184952978056426,1083.0,204800.0,18037.296253526027,18045.296253526027,11.354251608522791,11.349217941488899
20,machine_replacement,structured,320,102400,4,0.035,102400.0,5616.5061898211825,0.998968363136176,11.297119149691708,0.9981637927100955,3.0,4.0,1.0,6.821316614420063,3.4106583072100314,8.0,18.231974921630094,1088.0,204800.0,18120.5155344749,18128.5155344749,11.302106698364128,11.297119149691708
20,machine_replacement,structured,320,102400,4,0.05,102400.0,5567.683654337821,0.990284642918016,11.123506114056328,0.982824107980077,3.0,4.0,1.0,6.927899686520376,3.463949843260188,8.0,18.391849529780565,1105.0,204800.0,18403.461089701068,18411.461089701068,11.128341511511117,11.123506114056328
20,machine_replacement,structured,320,102400,4,0.075,102400.0,5439.733555370525,0.9675270607826812,10.679416068149543,0.9435862634771081,3.0,4.0,1.0,7.216300940438871,3.6081504702194356,8.0,18.824451410658305,1151.0,204800.0,19169.078474430706,19177.078474430706,10.683873002720453,10.679416068149543
20,machine_replacement,structured,320,102400,4,0.1,102400.0,5309.752925877763,0.944408322496749,10.243776148998979,0.9050950350326322,3.0,4.0,1.0,7.523510971786833,3.7617554858934166,8.0,19.28526645768025,1200.0,204800.0,19984.62742772967,19992.62742772967,10.247876811344993,10.243776148998979
20,admission_control,structured,320,102400,4,0.0,102400.0,5528.109663225588,1.0,10.984487316550746,1.0,3.0,4.0,1.0,7.015673981191222,3.507836990595611,8.0,18.523510971786834,1119.0,204800.0,18636.475076357914,18644.475076357914,10.989202580471222,10.984487316550746
20,admission_control,structured,320,102400,4,0.0025,102400.0,5522.502113271345,0.9989856297548607,10.964910643553772,0.9982177891026851,3.0,4.0,1.0,7.028213166144201,3.5141065830721003,8.0,18.5423197492163,1121.0,204800.0,18669.762788737466,18677.762788737466,10.969609111667214,10.964910643553772
20,admission_control,structured,320,102400,4,0.005,102400.0,5519.702602230483,0.9984792159513349,10.955148451078164,0.997329063739882,3.0,4.0,1.0,7.0344827586206895,3.5172413793103448,8.0,18.551724137931036,1122.0,204800.0,18686.40664492724,18694.40664492724,10.959838554920704,10.955148451078164
20,admission_control,structured,320,102400,4,0.01,102400.0,5522.502113271345,0.9989856297548607,10.964910643553772,0.9982177891026851,3.0,4.0,1.0,7.028213166144201,3.5141065830721003,8.0,18.5423197492163,1121.0,204800.0,18669.762788737466,18677.762788737466,10.969609111667214,10.964910643553772
20,admission_control,structured,320,102400,4,0.02,102400.0,5514.112086428089,0.9974679270762999,10.935676121823045,0.9955563520334576,3.0,4.0,1.0,7.047021943573667,3.5235109717868336,8.0,18.570532915360502,1124.0,204800.0,18719.694357306787,18727.694357306787,10.940349563990674,10.935676121823045
20,admission_control,structured,320,102400,4,0.035,102400.0,5511.321073055508,0.9969630504471065,10.92596589259881,0.9946723572739021,3.0,4.0,1.0,7.053291536050157,3.5266457680250785,8.0,18.579937304075237,1125.0,204800.0,18736.338213496565,18744.338213496565,10.930631037204165,10.92596589259881
20,admission_control,structured,320,102400,4,0.05,102400.0,5497.408280040391,0.9944463143722655,10.87767226632667,0.9902758274331899,3.0,4.0,1.0,7.084639498432602,3.542319749216301,8.0,18.6269592476489,1130.0,204800.0,18819.55749444544,18827.55749444544,10.882296252738481,10.87767226632667
20,admission_control,structured,320,102400,4,0.075,102400.0,5450.625730018355,0.9859836475888538,10.71662004227143,0.9756140394576531,3.0,4.0,1.0,7.191222570532915,3.5956112852664575,8.0,18.786833855799372,1147.0,204800.0,19102.503049671606,19110.503049671606,10.721108090780843,10.71662004227143
20,admission_control,structured,320,102400,4,0.1,102400.0,5383.256427158866,0.9737969676994068,10.488257337284812,0.9548244751925522,3.0,4.0,1.0,7.347962382445141,3.6739811912225706,8.0,19.021943573667713,1172.0,204800.0,19518.599454415977,19526.599454415977,10.492556111840551,10.488257337284812
20,resource_allocation,structured,320,102400,4,0.0,102400.0,4970.419963481436,1.0,9.174489761953113,1.0,3.0,4.0,1.0,8.401253918495298,4.200626959247649,8.0,20.60188087774295,1340.0,204800.0,22314.76729429813,22322.76729429813,9.17777888063975,9.174489761953113
20,resource_allocation,structured,320,102400,4,0.0025,102400.0,4974.961925068535,1.000913798355163,9.188191193397605,1.00149342707878,3.0,4.0,1.0,8.388714733542319,4.194357366771159,8.0,20.58307210031348,1338.0,204800.0,22281.47958191858,22289.47958191858,9.191490145304138,9.188191193397605
20,resource_allocation,structured,320,102400,4,0.005,102400.0,4972.689907139596,1.0004566905160606,9.181335365970153,1.0007461563743227,3.0,4.0,1.0,8.39498432601881,4.197492163009405,8.0,20.59247648902821,1339.0,204800.0,22298.123438108356,22306.123438108356,9.184629395762913,9.181335365970153
20,resource_allocation,structured,320,102400,4,0.01,102400.0,4974.961925068535,1.000913798355163,9.188191193397605,1.00149342707878,3.0,4.0,1.0,8.388714733542319,4.194357366771159,8.0,20.58307210031348,1338.0,204800.0,22281.47958191858,22289.47958191858,9.191490145304138,9.188191193397605
20,resource_allocation,structured,320,102400,4,0.02,102400.0,4988.6377519853395,1.0036652412950522,9.229542137857855,1.0060005926578115,3.0,4.0,1.0,8.351097178683386,4.175548589341693,8.0,20.526645768025077,1332.0,204800.0,22181.61644477993,22189.61644477993,9.23287085545996,9.229542137857855
20,resource_allocation,structured,320,102400,4,0.035,102400.0,5009.293053212697,1.0078208863671216,9.292271163742344,1.0128379239440293,3.0,4.0,1.0,8.294670846394984,4.147335423197492,8.0,20.44200626959248,1323.0,204800.0,22031.82173907196,22039.82173907196,9.295645290956623,9.292271163742344
20,resource_allocation,structured,320,102400,4,0.05,102400.0,5037.101002313029,1.013415574402467,9.377248388411543,1.0221002618913235,3.0,4.0,1.0,8.219435736677116,4.109717868338558,8.0,20.329153605015676,1311.0,204800.0,21832.095464794664,21840.095464794664,9.380684521568265,9.377248388411543
20,resource_allocation,structured,320,102400,4,0.075,102400.0,5067.576791808874,1.019547005895129,9.471078495197156,1.0323275452847531,3.0,4.0,1.0,8.137931034482758,4.068965517241379,8.0,20.206896551724135,1298.0,204800.0,21615.72533432759,21623.72533432759,9.474583750134924,9.471078495197156
20,resource_allocation,structured,320,102400,4,0.1,102400.0,5062.864228146311,1.018598884066956,9.456521061252213,1.0307408157420037,3.0,4.0,1.0,8.150470219435736,4.075235109717868,8.0,20.225705329153605,1300.0,204800.0,21649.01304670714,21657.01304670714,9.460015547043634,9.456521061252213
20,random_structured,structured,320,102400,4,0.0,102400.0,5383.256427158866,1.0,10.488257337284812,1.0,3.0,4.0,1.0,7.347962382445141,3.6739811912225706,8.0,19.021943573667713,1172.0,204800.0,19518.599454415977,19526.599454415977,10.492556111840551,10.488257337284812
20,random_structured,structured,320,102400,4,0.0025,102400.0,5385.919208573784,1.0004946413849958,10.49720482288642,1.0008530955442712,3.0,4.0,1.0,7.3416927899686515,3.6708463949843257,8.0,19.012539184952978,1171.0,204800.0,19501.955598226203,19509.955598226203,10.501510936607175,10.49720482288642
20,random_structured,structured,320,102400,4,0.005,102400.0,5388.5846255361275,1.000989772352359,10.506167587642805,1.0017076478753362,3.0,4.0,1.0,7.335423197492163,3.6677115987460813,8.0,19.003134796238243,1170.0,204800.0,19485.311742036425,19493.311742036425,10.510481059339531,10.506167587642805
20,random_structured,structured,320,102400,4,0.01,102400.0,5399.272727272728,1.0029752066115705,10.542172223641057,1.005140499953656,3.0,4.0,1.0,7.310344827586206,3.655172413793103,8.0,18.96551724137931,1166.0,204800.0,19418.73631727733,19426.73631727733,10.546515316642123,10.542172223641057
20,random_structured,structured,320,102400,4,0.02,102400.0,5410.003312355085,1.0049685326266977,10.578424484020964,1.0085969617102752,3.0,4.0,1.0,7.28526645768025,3.642633228840125,8.0,18.927899686520377,1162.0,204800.0,19352.16089251823,19360.16089251823,10.582797504498739,10.578424484020964
20,random_structured,structured,320,102400,4,0.035,102400.0,5420.776634583472,1.0069697975439762,10.614926932178287,1.012077277551455,3.0,4.0,1.0,7.260188087774295,3.6300940438871474,8.0,18.890282131661444,1158.0,204800.0,19285.58546775913,19293.58546775913,10.619330190539273,10.614926932178287
20,random_structured,structured,320,102400,4,0.05,102400.0,5377.938755350675,0.9990121830754033,10.470408047530274,0.9982981643965689,3.0,4.0,1.0,7.360501567398119,3.6802507836990594,8.0,19.04075235109718,1174.0,204800.0,19551.887166795525,19559.887166795525,10.474692199932836,10.470408047530274
20,random_structured,structured,320,102400,4,0.075,102400.0,5317.532150415107,0.987790981605079,10.269424026036507,0.9791353983592324,3.0,4.0,1.0,7.504702194357367,3.7523510971786833,8.0,19.25705329153605,1197.0,204800.0,19934.695859160343,19942.695859160343,10.273545252303952,10.269424026036507
20,random_structured,structured,320,102400,4,0.1,102400.0,4984.260919320999,0.9258821285523554,10.23423235307255,0.975780058016957,3.0,5.0,1.25,7.529780564263323,3.7648902821316614,9.25,20.544670846394986,1201.0,204800.0,20001.271283919443,20011.271283919443,10.239349144004384,10.23423235307255
21,inventory_threshold,structured,320,102400,4,0.0,102400.0,5072.298136645963,1.0,9.485680817873181,1.0,3.0,4.0,1.0,8.12539184952978,4.06269592476489,8.0,20.188087774294672,1296.0,204800.0,21582.43762194804,21590.43762194804,9.489196891815904,9.485680817873181
21,inventory_threshold,structured,320,102400,4,0.0025,102400.0,5074.662109678422,1.0004660556159704,9.492998877418433,1.0007714849029563,3.0,4.0,1.0,8.119122257053291,4.059561128526646,8.0,20.178683385579937,1295.0,204800.0,21565.793765758266,21573.793765758266,9.496520379656848,9.492998877418433
21,inventory_threshold,structured,320,102400,4,0.005,102400.0,5079.396672368216,1.001399471310838,9.507668923491993,1.0023180313612683,3.0,4.0,1.0,8.106583072100314,4.053291536050157,8.0,20.15987460815047,1293.0,204800.0,21532.50605337872,21540.50605337872,9.511201320102002,9.507668923491993
21,inventory_threshold,structured,320,102400,4,0.01,102400.0,5077.028287224122,1.000932545850171,9.500328237226581,1.001544161102891,3.0,4.0,1.0,8.112852664576803,4.056426332288401,8.0,20.169278996865202,1294.0,204800.0,21549.149909568492,21557.149909568492,9.503855180341125,9.500328237226581
21,inventory_threshold,structured,320,102400,4,0.02,102400.0,5079.396672368216,1.001399471310838,9.507668923491993,1.0023180313612683,3.0,4.0,1.0,8.106583072100314,4.053291536050157,8.0,20.15987460815047,1293.0,204800.0,21532.50605337872,21540.50605337872,9.511201320102002,9.507668923491993
21,inventory_threshold,structured,320,102400,4,0.035,102400.0,5081.767268201617,1.0018668326073428,9.515020962490052,1.0030930984480932,3.0,4.0,1.0,8.100313479623825,4.0501567398119125,8.0,20.15047021943574,1292.0,204800.0,21515.862197188944,21523.862197188944,9.518558825253919,9.515020962490052
21,inventory_threshold,structured,320,102400,4,0.05,102400.0,5149.054224464061,1.0151324085750317,9.7255965557844,1.0252924110053505,3.0,4.0,1.0,7.924764890282131,3.9623824451410656,8.0,19.887147335423197,1264.0,204800.0,21049.834223875252,21057.834223875252,9.729292773608197,9.7255965557844
21,inventory_threshold,structured,320,102400,4,0.075,102400.0,5096.03744149766,1.0046801872074884,9.559373085573652,1.0077687905713228,3.0,4.0,1.0,8.06269592476489,4.031347962382445,8.0,20.094043887147333,1286.0,204800.0,21415.999060050293,21423.999060050293,9.562944013293166,9.559373085573652
21,inventory_threshold,structured,320,102400,4,0.1,102400.0,4977.236020112754,0.9812585707755601,9.195057267154455,0.9693618669762613,3.0,4.0,1.0,8.38244514106583,4.191222570532915,8.0,20.573667711598745,1337.0,204800.0,22264.835725728804,22272.835725728804,9.198361152215337,9.195057267154455
21,machine_replacement,structured,320,102400,4,0.0,102400.0,5622.3063683304645,1.0,11.317901162312365,1.0,3.0,4.0,1.0,6.808777429467084,3.404388714733542,8.0,18.213166144200628,1086.0,204800.0,18087.22782209535,18095.22782209535,11.322907081969545,11.317901162312365
21,machine_replacement,structured,320,102400,4,0.0025,102400.0,5625.210952298949,1.0005166178749785,11.328320867731266,1.0009206393720416,3.0,4.0,1.0,6.802507836990595,3.4012539184952977,8.0,18.203761755485893,1085.0,204800.0,18070.583965905575,18078.583965905575,11.333336010966972,11.328320867731266
21,machine_replacement,structured,320,102400,4,0.005,102400.0,5628.118538938663,1.0010337698139216,11.338759776411553,1.0018429754598535,3.0,4.0,1.0,6.7962382445141065,3.3981191222570533,8.0,18.19435736677116,1084.0,204800.0,18053.9401097158,18061.9401097158,11.34378416874143,11.338759776411553
21,machine_replacement,structured,320,102400,4,0.01,102400.0,5625.210952298949,1.0005166178749785,11.328320867731266,1.0009206393720416,3.0,4.0,1.0,6.802507836990595,3.4012539184952977,8.0,18.203761755485893,1085.0,204800.0,18070.583965905575,18078.583965905575,11.333336010966972,11.328320867731266
21,machine_replacement,structured,320,102400,4,0.02,102400.0,5625.210952298949,1.0005166178749785,11.328320867731266,1.0009206393720416,3.0,4.0,1.0,6.802507836990595,3.4012539184952977,8.0,18.203761755485893,1085.0,204800.0,18070.583965905575,18078.583965905575,11.333336010966972,11.328320867731266
21,machine_replacement,structured,320,102400,4,0.035,102400.0,5570.532060027285,0.9907912687585266,11.133570798784541,0.9837133792843475,3.0,4.0,1.0,6.921630094043887,3.4608150470219434,8.0,18.38244514106583,1104.0,204800.0,18386.817233511294,18394.817233511294,11.138414952357133,11.133570798784541
21,machine_replacement,structured,320,102400,4,0.05,102400.0,5500.185216366392,0.9782791715777067,10.887296807503237,0.9619536918874143,3.0,4.0,1.0,7.078369905956112,3.539184952978056,8.0,18.61755485893417,1129.0,204800.0,18802.913638255664,18810.913638255664,10.891928981863854,10.887296807503237
21,machine_replacement,structured,320,102400,4,0.075,102400.0,5356.772712364709,0.9527714004591669,10.399614311938238,0.9188642101388955,3.0,4.0,1.0,7.410658307210031,3.7053291536050157,8.0,19.11598746081505,1182.0,204800.0,19685.038016313723,19693.038016313723,10.403840715485265,10.399614311938238
21,machine_replacement,structured,320,102400,4,0.1,102400.0,5175.978450324829,0.9206147995563302,9.810895090173824,0.8668475673602151,3.0,4.0,1.0,7.855799373040752,3.927899686520376,8.0,19.78369905956113,1253.0,204800.0,20866.751805787728,20874.751805787728,9.814656440356732,9.810895090173824
21,admission_control,structured,320,102400,4,0.0,102400.0,5528.109663225588,1.0,10.984487316550746,1.0,3.0,4.0,1.0,7.015673981191222,3.507836990595611,8.0,18.523510971786834,1119.0,204800.0,18636.475076357914,18644.475076357914,10.989202580471222,10.984487316550746
21,admission_control,structured,320,102400,4,0.0025,102400.0,5514.112086428089,0.9974679270762999,10.935676121823045,0.9955563520334576,3.0,4.0,1.0,7.047021943573667,3.5235109717868336,8.0,18.570532915360502,1124.0,204800.0,18719.694357306787,18727.694357306787,10.940349563990674,10.935676121823045
21,admission_control,structured,320,102400,4,0.005,102400.0,5494.634146341464,0.9939444911690498,10.868064726611323,0.989401181267331,3.0,4.0,1.0,7.090909090909091,3.5454545454545454,8.0,18.636363636363637,1131.0,204800.0,18836.201350635212,18844.201350635212,10.872680546764995,10.868064726611323
21,admission_control,structured,320,102400,4,0.01,102400.0,5478.047962435016,0.9909441556263627,10.810774009567696,0.9841855789918106,3.0,4.0,1.0,7.128526645768025,3.5642633228840124,8.0,18.692789968652036,1137.0,204800.0,18936.06448777386,18944.06448777386,10.815341283413451,10.810774009567696
21,admission_control,structured,320,102400,4,0.02,102400.0,5428.884826325411,0.98205085590826,10.642469516073685,0.9688635627115951,3.0,4.0,1.0,7.241379310344827,3.6206896551724137,8.0,18.862068965517242,1155.0,204800.0,19235.653899189805,19243.653899189805,10.646895659139826,10.642469516073685
21,admission_control,structured,320,102400,4,0.035,102400.0,5338.388625592417,0.965680666775617,10.338450474269608,0.9411864365023455,3.0,4.0,1.0,7.454545454545454,3.727272727272727,8.0,19.18181818181818,1189.0,204800.0,19801.545009642145,19809.545009642145,10.34262730005537,10.338450474269608
21,admission_control,structured,320,102400,4,0.05,102400.0,5250.859990355249,0.9498472914322458,10.051318597201652,0.9150466751467724,3.0,4.0,1.0,7.667711598746081,3.8338557993730404,8.0,19.50156739811912,1223.0,204800.0,20367.436120094488,20375.436120094488,10.055266592830728,10.051318597201652
21,admission_control,structured,320,102400,4,0.075,102400.0,5107.990617670054,0.924003127443315,9.59665026863528,0.8736548181156931,3.0,4.0,1.0,8.031347962382444,4.015673981191222,8.0,20.047021943573668,1281.0,204800.0,21332.77977910142,21340.77977910142,9.600249105868125,9.59665026863528
21,admission_control,structured,320,102400,4,0.1,102400.0,4947.833989700091,0.8950318085428658,9.106591015688386,0.8290410606571631,3.0,4.0,1.0,8.463949843260188,4.231974921630094,8.0,20.695924764890282,1350.0,204800.0,22481.205856195877,22489.205856195877,9.10983162157899,9.106591015688386
21,resource_allocation,structured,320,102400,4,0.0,102400.0,4970.419963481436,1.0,9.174489761953113,1.0,3.0,4.0,1.0,8.401253918495298,4.200626959247649,8.0,20.60188087774295,1340.0,204800.0,22314.76729429813,22322.76729429813,9.17777888063975,9.174489761953113
21,resource_allocation,structured,320,102400,4,0.0025,102400.0,4974.961925068535,1.000913798355163,9.188191193397605,1.00149342707878,3.0,4.0,1.0,8.388714733542319,4.194357366771159,8.0,20.58307210031348,1338.0,204800.0,22281.47958191858,22289.47958191858,9.191490145304138,9.188191193397605
21,resource_allocation,structured,320,102400,4,0.005,102400.0,4977.236020112754,1.0013713240895934,9.195057267154455,1.0022418146114933,3.0,4.0,1.0,8.38244514106583,4.191222570532915,8.0,20.573667711598745,1337.0,204800.0,22264.835725728804,22272.835725728804,9.198361152215337,9.195057267154455
21,resource_allocation,structured,320,102400,4,0.01,102400.0,4990.924369747899,1.0041252864782277,9.236470174747192,1.0067557340410485,3.0,4.0,1.0,8.344827586206897,4.172413793103448,8.0,20.517241379310345,1331.0,204800.0,22164.972588590157,22172.972588590157,9.239803892445359,9.236470174747192
21,resource_allocation,structured,320,102400,4,0.02,102400.0,5034.771886559803,1.0129469790382246,9.370107635559965,1.0213219349176326,3.0,4.0,1.0,8.225705329153605,4.112852664576803,8.0,20.338557993730408,1312.0,204800.0,21848.739320984438,21856.739320984438,9.373538536537051,9.370107635559965
21,resource_allocation,structured,320,102400,4,0.035,102400.0,5088.892350833463,1.0238354883938308,9.537145459855893,1.0395287048448976,3.0,4.0,1.0,8.081504702194357,4.040752351097178,8.0,20.122257053291538,1289.0,204800.0,21465.93062861962,21473.93062861962,9.54069979742452,9.537145459855893
21,resource_allocation,structured,320,102400,4,0.05,102400.0,5105.595498593311,1.0271959987496095,9.589171591913674,1.0451994433173013,3.0,4.0,1.0,8.037617554858933,4.0188087774294665,8.0,20.0564263322884,1282.0,204800.0,21349.423635291194,21357.423635291194,9.592764821128936,9.589171591913674
21,resource_allocation,structured,320,102400,4,0.075,102400.0,5060.511231603408,1.0181254841208367,9.449259112919993,1.0299492787169873,3.0,4.0,1.0,8.156739811912225,4.078369905956112,8.0,20.235109717868337,1301.0,204800.0,21665.656902896917,21673.656902896917,9.452748232739538,9.449259112919993
21,resource_allocation,structured,320,102400,4,0.1,102400.0,4965.886287625417,0.999087868653086,9.160829132815559,0.9985110202864681,3.0,4.0,1.0,8.413793103448276,4.206896551724138,8.0,20.620689655172416,1342.0,204800.0,22348.055006677678,22356.055006677678,9.164108462181833,9.160829132815559
21,random_structured,structured,320,102400,4,0.0,102400.0,5469.7923643670465,1.0,10.78235456048784,1.0,3.0,4.0,1.0,7.147335423197492,3.573667711598746,8.0,18.721003134796238,1140.0,204800.0,18985.996056343185,18993.996056343185,10.786897847878606,10.78235456048784
21,random_structured,structured,320,102400,4,0.0025,102400.0,5469.7923643670465,1.0,10.78235456048784,1.0,3.0,4.0,1.0,7.147335423197492,3.573667711598746,8.0,18.721003134796238,1140.0,204800.0,18985.996056343185,18993.996056343185,10.786897847878606,10.78235456048784
21,random_structured,structured,320,102400,4,0.005,102400.0,5472.541464231866,1.0005025967498744,10.791811093559428,1.00087703785092,3.0,4.0,1.0,7.141065830721002,3.570532915360501,8.0,18.711598746081503,1139.0,204800.0,18969.35220015341,18977.35220015341,10.796362355396813,10.791811093559428
21,random_structured,structured,320,102400,4,0.01,102400.0,5469.7923643670465,1.0,10.78235456048784,1.0,3.0,4.0,1.0,7.147335423197492,3.573667711598746,8.0,18.721003134796238,1140.0,204800.0,18985.996056343185,18993.996056343185,10.786897847878606,10.78235456048784
21,random_structured,structured,320,102400,4,0.02,102400.0,5458.823529411764,0.9979946524064169,10.744693578733994,0.9965071653373507,3.0,4.0,1.0,7.172413793103448,3.586206896551724,8.0,18.758620689655174,1144.0,204800.0,19052.571481102284,19060.571481102284,10.749205177009069,10.744693578733994
21,random_structured,structured,320,102400,4,0.035,102400.0,5346.2520458265135,0.9774140752864156,10.364575228698435,0.9612534229471208,3.0,4.0,1.0,7.435736677115987,3.7178683385579934,8.0,19.153605015673982,1186.0,204800.0,19751.613441072823,19759.613441072823,10.368773194706474,10.364575228698435
21,random_structured,structured,320,102400,4,0.05,102400.0,4961.549269033605,0.9070818302639072,10.149813906777668,0.9413355728415637,3.0,5.0,1.25,7.592476489028213,3.7962382445141065,9.25,20.638714733542322,1211.0,204800.0,20167.70984581719,20177.70984581719,10.154846612020046,10.149813906777668
21,random_structured,structured,320,102400,4,0.075,102400.0,5120.0,0.9360501567398118,9.634219317771612,0.8935172057016568,3.0,4.0,1.0,8.0,4.0,8.0,20.0,1276.0,204800.0,21249.560498152547,21257.560498152547,9.637846393002127,9.634219317771612
21,random_structured,structured,320,102400,4,0.1,102400.0,4916.55629139073,0.8988561107766407,9.013203877807735,0.8359216743657091,3.0,4.0,1.0,8.551724137931034,4.275862068965517,8.0,20.827586206896548,1364.0,204800.0,22714.219842852723,22722.219842852723,9.016378348756827,9.013203877807735
22,inventory_threshold,structured,320,102400,4,0.0,102400.0,5072.298136645963,1.0,9.485680817873181,1.0,3.0,4.0,1.0,8.12539184952978,4.06269592476489,8.0,20.188087774294672,1296.0,204800.0,21582.43762194804,21590.43762194804,9.489196891815904,9.485680817873181
22,inventory_threshold,structured,320,102400,4,0.0025,102400.0,5074.662109678422,1.0004660556159704,9.492998877418433,1.0007714849029563,3.0,4.0,1.0,8.119122257053291,4.059561128526646,8.0,20.178683385579937,1295.0,204800.0,21565.793765758266,21573.793765758266,9.496520379656848,9.492998877418433
22,inventory_threshold,structured,320,102400,4,0.005,102400.0,5077.028287224122,1.000932545850171,9.500328237226581,1.001544161102891,3.0,4.0,1.0,8.112852664576803,4.056426332288401,8.0,20.169278996865202,1294.0,204800.0,21549.149909568492,21557.149909568492,9.503855180341125,9.500328237226581
22,inventory_threshold,structured,320,102400,4,0.01,102400.0,5079.396672368216,1.001399471310838,9.507668923491993,1.0023180313612683,3.0,4.0,1.0,8.106583072100314,4.053291536050157,8.0,20.15987460815047,1293.0,204800.0,21532.50605337872,21540.50605337872,9.511201320102002,9.507668923491993
22,inventory_threshold,structured,320,102400,4,0.02,102400.0,5086.515104328871,1.0028028651510434,9.529759204192649,1.0046468342300128,3.0,4.0,1.0,8.087774294670846,4.043887147335423,8.0,20.131661442006266,1290.0,204800.0,21482.574484809393,21490.574484809393,9.53330803739639,9.529759204192649
22,inventory_threshold,structured,320,102400,4,0.035,102400.0,5093.653516295025,1.0042101980352407,9.551952373819706,1.0069864838611957,3.0,4.0,1.0,8.068965517241379,4.0344827586206895,8.0,20.10344827586207,1287.0,204800.0,21432.64291624007,21440.64291624007,9.555517758606323,9.551952373819706
22,inventory_threshold,structured,320,102400,4,0.05,102400.0,5100.811992504685,1.0056214865708932,9.574249152882935,1.0093370562124409,3.0,4.0,1.0,8.050156739811912,4.025078369905956,8.0,20.075235109717866,1284.0,204800.0,21382.711347670745,21390.711347670745,9.577831205316683,9.574249152882935
22,inventory_threshold,structured,320,102400,4,0.075,102400.0,5112.78760369385,1.0079824698700894,9.611642672853906,1.0132791580698546,3.0,4.0,1.0,8.018808777429467,4.009404388714733,8.0,20.028213166144198,1279.0,204800.0,21299.492066721872,21307.492066721872,9.615252765580152,9.611642672853906
22,inventory_threshold,structured,320,102400,4,0.1,102400.0,5091.271820448878,1.0037406483790525,9.544543174169837,1.0062053907807804,3.0,4.0,1.0,8.075235109717868,4.037617554858934,8.0,20.1128526645768,1288.0,204800.0,21449.286772429845,21457.286772429845,9.548103028919483,9.544543174169837
22,machine_replacement,structured,320,102400,4,0.0,102400.0,5622.3063683304645,1.0,11.317901162312365,1.0,3.0,4.0,1.0,6.808777429467084,3.404388714733542,8.0,18.213166144200628,1086.0,204800.0,18087.22782209535,18095.22782209535,11.322907081969545,11.317901162312365
22,machine_replacement,structured,320,102400,4,0.0025,102400.0,5628.118538938663,1.0010337698139216,11.338759776411553,1.0018429754598535,3.0,4.0,1.0,6.7962382445141065,3.3981191222570533,8.0,18.19435736677116,1084.0,204800.0,18053.9401097158,18061.9401097158,11.34378416874143,11.338759776411553
22,machine_replacement,structured,320,102400,4,0.005,102400.0,5628.118538938663,1.0010337698139216,11.338759776411553,1.0018429754598535,3.0,4.0,1.0,6.7962382445141065,3.3981191222570533,8.0,18.19435736677116,1084.0,204800.0,18053.9401097158,18061.9401097158,11.34378416874143,11.338759776411553
22,machine_replacement,structured,320,102400,4,0.01,102400.0,5633.942738875475,1.0020696791997241,11.359695416295196,1.003692756579462,3.0,4.0,1.0,6.783699059561128,3.391849529780564,8.0,18.17554858934169,1082.0,204800.0,18020.65239733625,18028.65239733625,11.364738383737585,11.359695416295196
22,machine_replacement,structured,320,102400,4,0.02,102400.0,5636.85936151855,1.002588438308887,11.370192254359456,1.004620211053019,3.0,4.0,1.0,6.777429467084639,3.3887147335423196,8.0,18.16614420062696,1081.0,204800.0,18004.008541146475,18012.008541146475,11.375244548009894,11.370192254359456
22,machine_replacement,structured,320,102400,4,0.035,102400.0,5648.556112744251,1.0046688569946396,11.412374316726918,1.0083472326767742,3.0,4.0,1.0,6.752351097178683,3.3761755485893414,8.0,18.128526645768023,1077.0,204800.0,17937.433116387376,17945.433116387376,11.41746417512201,11.412374316726918
22,machine_replacement,structured,320,102400,4,0.05,102400.0,5631.029132908119,1.001551456645406,11.349217941488899,1.0027670129582698,3.0,4.0,1.0,6.789968652037618,3.394984326018809,8.0,18.184952978056426,1083.0,204800.0,18037.296253526027,18045.296253526027,11.354251608522791,11.349217941488899
22,machine_replacement,structured,320,102400,4,0.075,102400.0,5545.000848752335,0.9862502121880836,11.04363901877486,0.9757674024888312,3.0,4.0,1.0,6.978056426332288,3.489028213166144,8.0,18.46708463949843,1113.0,204800.0,18536.611939219267,18544.611939219267,11.048405214045056,11.04363901877486
22,machine_replacement,structured,320,102400,4,0.1,102400.0,5461.561611770607,0.9714094633004514,10.754084138194726,0.950183605950271,3.0,4.0,1.0,7.166144200626959,3.5830721003134793,8.0,18.74921630094044,1143.0,204800.0,19035.92762491251,19043.92762491251,10.75860362759397,10.754084138194726
22,admission_control,structured,320,102400,4,0.0,102400.0,5528.109663225588,1.0,10.984487316550746,1.0,3.0,4.0,1.0,7.015673981191222,3.507836990595611,8.0,18.523510971786834,1119.0,204800.0,18636.475076357914,18644.475076357914,10.989202580471222,10.984487316550746
22,admission_control,structured,320,102400,4,0.0025,102400.0,5516.905928052694,0.9979733153183585,10.94540362593612,0.9964419194552906,3.0,4.0,1.0,7.040752351097178,3.520376175548589,8.0,18.561128526645767,1123.0,204800.0,18703.050501117013,18711.050501117013,10.950085387823158,10.94540362593612
22,admission_control,structured,320,102400,4,0.005,102400.0,5522.502113271345,0.9989856297548607,10.964910643553772,0.9982177891026851,3.0,4.0,1.0,7.028213166144201,3.5141065830721003,8.0,18.5423197492163,1121.0,204800.0,18669.762788737466,18677.762788737466,10.969609111667214,10.964910643553772
22,admission_control,structured,320,102400,4,0.01,102400.0,5508.532883642496,0.9964586846543003,10.91627289228703,0.99378993099105,3.0,4.0,1.0,7.059561128526646,3.529780564263323,8.0,18.58934169278997,1126.0,204800.0,18752.98206968634,18760.98206968634,10.920929761408633,10.91627289228703
22,admission_control,structured,320,102400,4,0.02,102400.0,5483.565553130771,0.9919422528118182,10.829803684556985,0.9859179925711514,3.0,4.0,1.0,7.115987460815047,3.5579937304075235,8.0,18.67398119122257,1135.0,204800.0,18902.77677539431,18910.77677539431,10.834387055058892,10.829803684556985
22,admission_control,structured,320,102400,4,0.035,102400.0,5458.823529411764,0.9874665775401069,10.744693578733994,0.9781697833584417,3.0,4.0,1.0,7.172413793103448,3.586206896551724,8.0,18.758620689655174,1144.0,204800.0,19052.571481102284,19060.571481102284,10.749205177009069,10.744693578733994
22,admission_control,structured,320,102400,4,0.05,102400.0,5418.079283463261,0.980096201691823,10.605777723520003,0.9655232345291048,3.0,4.0,1.0,7.266457680250784,3.633228840125392,8.0,18.899686520376175,1159.0,204800.0,19302.229323948904,19310.229323948904,10.610173393075273,10.605777723520003
22,admission_control,structured,320,102400,4,0.075,102400.0,5356.772712364709,0.9690062315513283,10.399614311938238,0.9467546379036501,3.0,4.0,1.0,7.410658307210031,3.7053291536050157,8.0,19.11598746081505,1182.0,204800.0,19685.038016313723,19693.038016313723,10.403840715485265,10.399614311938238
22,admission_control,structured,320,102400,4,0.1,102400.0,5286.551221880563,0.9563036089982199,10.167595468075291,0.9256322279834933,3.0,4.0,1.0,7.5799373040752345,3.7899686520376172,8.0,19.369905956112852,1209.0,204800.0,20134.42213343764,20142.42213343764,10.171635353759893,10.167595468075291
22,resource_allocation,structured,320,102400,4,0.0,102400.0,4970.419963481436,1.0,9.174489761953113,1.0,3.0,4.0,1.0,8.401253918495298,4.200626959247649,8.0,20.60188087774295,1340.0,204800.0,22314.76729429813,22322.76729429813,9.17777888063975,9.174489761953113
22,resource_allocation,structured,320,102400,4,0.0025,102400.0,4970.419963481436,1.0,9.174489761953113,1.0,3.0,4.0,1.0,8.401253918495298,4.200626959247649,8.0,20.60188087774295,1340.0,204800.0,22314.76729429813,22322.76729429813,9.17777888063975,9.174489761953113
22,resource_allocation,structured,320,102400,4,0.005,102400.0,4974.961925068535,1.000913798355163,9.188191193397605,1.00149342707878,3.0,4.0,1.0,8.388714733542319,4.194357366771159,8.0,20.58307210031348,1338.0,204800.0,22281.47958191858,22289.47958191858,9.191490145304138,9.188191193397605
22,resource_allocation,structured,320,102400,4,0.01,102400.0,4981.790452951045,1.0022876315388136,9.208820245675366,1.003741950191565,3.0,4.0,1.0,8.369905956112852,4.184952978056426,8.0,20.55485893416928,1335.0,204800.0,22231.548013349257,22239.548013349257,9.212134030298964,9.208820245675366
22,resource_allocation,structured,320,102400,4,0.02,102400.0,5002.38897396631,1.0064318529862177,9.271266960195323,1.0105485101355225,3.0,4.0,1.0,8.31347962382445,4.156739811912225,8.0,20.470219435736674,1326.0,204800.0,22081.753307641284,22089.753307641284,9.274625848171665,9.271266960195323
22,resource_allocation,structured,320,102400,4,0.035,102400.0,5027.797444974603,1.0115437894412806,9.348750480277642,1.0189940501157015,3.0,4.0,1.0,8.244514106583072,4.122257053291536,8.0,20.36677115987461,1315.0,204800.0,21898.670889553763,21906.670889553763,9.352165756219248,9.348750480277642
22,resource_allocation,structured,320,102400,4,0.05,102400.0,5053.465346534653,1.0167079207920793,9.427540034143217,1.0275819450188401,3.0,4.0,1.0,8.175548589341693,4.087774294670846,8.0,20.263322884012542,1304.0,204800.0,21715.58847146624,21723.58847146624,9.43101312999656,9.427540034143217
22,resource_allocation,structured,320,102400,4,0.075,102400.0,5088.892350833463,1.0238354883938308,9.537145459855893,1.0395287048448976,3.0,4.0,1.0,8.081504702194357,4.040752351097178,8.0,20.122257053291538,1289.0,204800.0,21465.93062861962,21473.93062861962,9.54069979742452,9.537145459855893
22,resource_allocation,structured,320,102400,4,0.1,102400.0,5088.892350833463,1.0238354883938308,9.537145459855893,1.0395287048448976,3.0,4.0,1.0,8.081504702194357,4.040752351097178,8.0,20.122257053291538,1289.0,204800.0,21465.93062861962,21473.93062861962,9.54069979742452,9.537145459855893
22,random_structured,structured,320,102400,4,0.0,102400.0,5593.424657534248,1.0,11.214748736156599,1.0,3.0,4.0,1.0,6.871473354231974,3.435736677115987,8.0,18.30721003134796,1096.0,204800.0,18253.666383993095,18261.666383993095,11.219663802971226,11.214748736156599
22,random_structured,structured,320,102400,4,0.0025,102400.0,5593.424657534248,1.0,11.214748736156599,1.0,3.0,4.0,1.0,6.871473354231974,3.435736677115987,8.0,18.30721003134796,1096.0,204800.0,18253.666383993095,18261.666383993095,11.219663802971226,11.214748736156599
22,random_structured,structured,320,102400,4,0.005,102400.0,5602.057966043561,1.0015434745326701,11.245496493093674,1.0027417249962938,3.0,4.0,1.0,6.852664576802508,3.426332288401254,8.0,18.278996865203762,1093.0,204800.0,18203.734815423773,18211.734815423773,11.250438554316656,11.245496493093674
22,random_structured,structured,320,102400,4,0.01,102400.0,5607.828326180257,1.002575107296137,11.266088838012106,1.0045779092392846,3.0,4.0,1.0,6.840125391849529,3.4200626959247646,8.0,18.260188087774296,1091.0,204800.0,18170.447103044222,18178.447103044222,11.271049019244465,11.266088838012106
22,random_structured,structured,320,102400,4,0.02,102400.0,5631.029132908119,1.0067229787967589,11.349217941488899,1.0119903894858355,3.0,4.0,1.0,6.789968652037618,3.394984326018809,8.0,18.184952978056426,1083.0,204800.0,18037.296253526027,18045.296253526027,11.354251608522791,11.349217941488899
22,random_structured,structured,320,102400,4,0.035,102400.0,5686.908077994429,1.0167130919220053,11.551653923427523,1.0300412604149332,3.0,4.0,1.0,6.670846394984326,3.335423197492163,8.0,18.00626959247649,1064.0,204800.0,17721.062985920307,17729.062985920307,11.556868804242566,11.551653923427523
22,random_structured,structured,320,102400,4,0.05,102400.0,5743.9071566731145,1.0269034640407946,11.761442758760458,1.0487477727290764,3.0,4.0,1.0,6.551724137931034,3.275862068965517,8.0,17.82758620689655,1045.0,204800.0,17404.829718314588,17412.829718314588,11.766848818089557,11.761442758760458
22,random_structured,structured,320,102400,4,0.075,102400.0,5795.883605393897,1.0361958836053937,11.955714238938308,1.0660706289738637,3.0,4.0,1.0,6.445141065830721,3.2225705329153604,8.0,17.66771159874608,1028.0,204800.0,17121.884163088416,17129.884163088416,11.96130040650027,11.955714238938308
22,random_structured,structured,320,102400,4,0.1,102400.0,5802.060390763766,1.0373001776198933,11.978992461479578,1.068146308339396,3.0,4.0,1.0,6.432601880877742,3.216300940438871,8.0,17.648902821316614,1026.0,204800.0,17088.596450708865,17096.596450708865,11.984600408274288,11.978992461479578
23,inventory_threshold,structured,320,102400,4,0.0,102400.0,5072.298136645963,1.0,9.485680817873181,1.0,3.0,4.0,1.0,8.12539184952978,4.06269592476489,8.0,20.188087774294672,1296.0,204800.0,21582.43762194804,21590.43762194804,9.489196891815904,9.485680817873181
23,inventory_threshold,structured,320,102400,4,0.0025,102400.0,5074.662109678422,1.0004660556159704,9.492998877418433,1.0007714849029563,3.0,4.0,1.0,8.119122257053291,4.059561128526646,8.0,20.178683385579937,1295.0,204800.0,21565.793765758266,21573.793765758266,9.496520379656848,9.492998877418433
23,inventory_threshold,structured,320,102400,4,0.005,102400.0,5074.662109678422,1.0004660556159704,9.492998877418433,1.0007714849029563,3.0,4.0,1.0,8.119122257053291,4.059561128526646,8.0,20.178683385579937,1295.0,204800.0,21565.793765758266,21573.793765758266,9.496520379656848,9.492998877418433
23,inventory_threshold,structured,320,102400,4,0.01,102400.0,5074.662109678422,1.0004660556159704,9.492998877418433,1.0007714849029563,3.0,4.0,1.0,8.119122257053291,4.059561128526646,8.0,20.178683385579937,1295.0,204800.0,21565.793765758266,21573.793765758266,9.496520379656848,9.492998877418433
23,inventory_threshold,structured,320,102400,4,0.02,102400.0,5072.298136645963,1.0,9.485680817873181,1.0,3.0,4.0,1.0,8.12539184952978,4.06269592476489,8.0,20.188087774294672,1296.0,204800.0,21582.43762194804,21590.43762194804,9.489196891815904,9.485680817873181
23,inventory_threshold,structured,320,102400,4,0.035,102400.0,5074.662109678422,1.0004660556159704,9.492998877418433,1.0007714849029563,3.0,4.0,1.0,8.119122257053291,4.059561128526646,8.0,20.178683385579937,1295.0,204800.0,21565.793765758266,21573.793765758266,9.496520379656848,9.492998877418433
23,inventory_threshold,structured,320,102400,4,0.05,102400.0,5093.653516295025,1.0042101980352407,9.551952373819706,1.0069864838611957,3.0,4.0,1.0,8.068965517241379,4.0344827586206895,8.0,20.10344827586207,1287.0,204800.0,21432.64291624007,21440.64291624007,9.555517758606323,9.551952373819706
23,inventory_threshold,structured,320,102400,4,0.075,102400.0,5093.653516295025,1.0042101980352407,9.551952373819706,1.0069864838611957,3.0,4.0,1.0,8.068965517241379,4.0344827586206895,8.0,20.10344827586207,1287.0,204800.0,21432.64291624007,21440.64291624007,9.555517758606323,9.551952373819706
23,inventory_threshold,structured,320,102400,4,0.1,102400.0,5060.511231603408,0.9976762199845082,9.449259112919993,0.9961603488824374,3.0,4.0,1.0,8.156739811912225,4.078369905956112,8.0,20.235109717868337,1301.0,204800.0,21665.656902896917,21673.656902896917,9.452748232739538,9.449259112919993
23,machine_replacement,structured,320,102400,4,0.0,102400.0,5622.3063683304645,1.0,11.317901162312365,1.0,3.0,4.0,1.0,6.808777429467084,3.404388714733542,8.0,18.213166144200628,1086.0,204800.0,18087.22782209535,18095.22782209535,11.322907081969545,11.317901162312365
23,machine_replacement,structured,320,102400,4,0.0025,102400.0,5622.3063683304645,1.0,11.317901162312365,1.0,3.0,4.0,1.0,6.808777429467084,3.404388714733542,8.0,18.213166144200628,1086.0,204800.0,18087.22782209535,18095.22782209535,11.322907081969545,11.317901162312365
23,machine_replacement,structured,320,102400,4,0.005,102400.0,5625.210952298949,1.0005166178749785,11.328320867731266,1.0009206393720416,3.0,4.0,1.0,6.802507836990595,3.4012539184952977,8.0,18.203761755485893,1085.0,204800.0,18070.583965905575,18078.583965905575,11.333336010966972,11.328320867731266
23,machine_replacement,structured,320,102400,4,0.01,102400.0,5625.210952298949,1.0005166178749785,11.328320867731266,1.0009206393720416,3.0,4.0,1.0,6.802507836990595,3.4012539184952977,8.0,18.203761755485893,1085.0,204800.0,18070.583965905575,18078.583965905575,11.333336010966972,11.328320867731266
23,machine_replacement,structured,320,102400,4,0.02,102400.0,5625.210952298949,1.0005166178749785,11.328320867731266,1.0009206393720416,3.0,4.0,1.0,6.802507836990595,3.4012539184952977,8.0,18.203761755485893,1085.0,204800.0,18070.583965905575,18078.583965905575,11.333336010966972,11.328320867731266
23,machine_replacement,structured,320,102400,4,0.035,102400.0,5602.057966043561,0.9963985594237696,11.245496493093674,0.9936026416753141,3.0,4.0,1.0,6.852664576802508,3.426332288401254,8.0,18.278996865203762,1093.0,204800.0,18203.734815423773,18211.734815423773,11.250438554316656,11.245496493093674
23,machine_replacement,structured,320,102400,4,0.05,102400.0,5550.654205607477,0.9872557349192864,11.06349807773659,0.9775220616501833,3.0,4.0,1.0,6.9655172413793105,3.4827586206896552,8.0,18.448275862068964,1111.0,204800.0,18503.32422683972,18511.32422683972,11.068281433610206,11.06349807773659
23,machine_replacement,structured,320,102400,4,0.075,102400.0,5456.088191080675,0.9704359445465175,10.73531940480107,0.9485256365861152,3.0,4.0,1.0,7.178683385579937,3.5893416927899686,8.0,18.768025078369906,1145.0,204800.0,19069.21533729206,19077.21533729206,10.739823132601051,10.73531940480107
23,machine_replacement,structured,320,102400,4,0.1,102400.0,5322.730976046929,0.9467166367932216,10.286594081055828,0.90887823930724,3.0,4.0,1.0,7.492163009404388,3.746081504702194,8.0,19.238244514106583,1195.0,204800.0,19901.408146780796,19909.408146780796,10.290729102660405,10.286594081055828
23,admission_control,structured,320,102400,4,0.0,102400.0,5528.109663225588,1.0,10.984487316550746,1.0,3.0,4.0,1.0,7.015673981191222,3.507836990595611,8.0,18.523510971786834,1119.0,204800.0,18636.475076357914,18644.475076357914,10.989202580471222,10.984487316550746
23,admission_control,structured,320,102400,4,0.0025,102400.0,5516.905928052694,0.9979733153183585,10.94540362593612,0.9964419194552906,3.0,4.0,1.0,7.040752351097178,3.520376175548589,8.0,18.561128526645767,1123.0,204800.0,18703.050501117013,18711.050501117013,10.950085387823158,10.94540362593612
23,admission_control,structured,320,102400,4,0.005,102400.0,5511.321073055508,0.9969630504471065,10.92596589259881,0.9946723572739021,3.0,4.0,1.0,7.053291536050157,3.5266457680250785,8.0,18.579937304075237,1125.0,204800.0,18736.338213496565,18744.338213496565,10.930631037204165,10.92596589259881
23,admission_control,structured,320,102400,4,0.01,102400.0,5494.634146341464,0.9939444911690498,10.868064726611323,0.989401181267331,3.0,4.0,1.0,7.090909090909091,3.5454545454545454,8.0,18.636363636363637,1131.0,204800.0,18836.201350635212,18844.201350635212,10.872680546764995,10.868064726611323
23,admission_control,structured,320,102400,4,0.02,102400.0,5475.29332886356,0.9904458598726116,10.801284228666516,0.9833216532911653,3.0,4.0,1.0,7.134796238244514,3.567398119122257,8.0,18.70219435736677,1138.0,204800.0,18952.708343963634,18960.708343963634,10.805843485964266,10.801284228666516
23,admission_control,structured,320,102400,4,0.035,102400.0,5437.017310252996,0.9835219707057258,10.670155401449914,0.9713840158359311,3.0,4.0,1.0,7.22257053291536,3.61128526645768,8.0,18.83385579937304,1152.0,204800.0,19185.722330620483,19193.722330620483,10.674604608091219,10.670155401449914
23,admission_control,structured,320,102400,4,0.05,102400.0,5396.596728894763,0.9762101437303817,10.533147949216923,0.9589112031970967,3.0,4.0,1.0,7.316614420062695,3.6583072100313476,8.0,18.974921630094045,1167.0,204800.0,19435.380173467103,19443.380173467103,10.53748360835205,10.533147949216923
23,admission_control,structured,320,102400,4,0.075,102400.0,5327.939977165226,0.9637905725004079,10.303821647484874,0.9380339155164495,3.0,4.0,1.0,7.47962382445141,3.739811912225705,8.0,19.219435736677116,1193.0,204800.0,19868.120434401244,19876.120434401244,10.307970533810183,10.303821647484874
23,admission_control,structured,320,102400,4,0.1,102400.0,5156.369376479874,0.9327545382794002,9.748712346983103,0.887498165917525,3.0,4.0,1.0,7.905956112852664,3.952978056426332,8.0,19.858934169278996,1261.0,204800.0,20999.902655305927,21007.902655305927,9.75242615937814,9.748712346983103
23,resource_allocation,structured,320,102400,4,0.0,102400.0,4970.419963481436,1.0,9.174489761953113,1.0,3.0,4.0,1.0,8.401253918495298,4.200626959247649,8.0,20.60188087774295,1340.0,204800.0,22314.76729429813,22322.76729429813,9.17777888063975,9.174489761953113
23,resource_allocation,structured,320,102400,4,0.0025,102400.0,4974.961925068535,1.000913798355163,9.188191193397605,1.00149342707878,3.0,4.0,1.0,8.388714733542319,4.194357366771159,8.0,20.58307210031348,1338.0,204800.0,22281.47958191858,22289.47958191858,9.191490145304138,9.188191193397605
23,resource_allocation,structured,320,102400,4,0.005,102400.0,4977.236020112754,1.0013713240895934,9.195057267154455,1.0022418146114933,3.0,4.0,1.0,8.38244514106583,4.191222570532915,8.0,20.573667711598745,1337.0,204800.0,22264.835725728804,22272.835725728804,9.198361152215337,9.195057267154455
23,resource_allocation,structured,320,102400,4,0.01,102400.0,4984.070796460177,1.002746414403418,9.215717196621227,1.0044937032726424,3.0,4.0,1.0,8.363636363636363,4.181818181818182,8.0,20.545454545454547,1334.0,204800.0,22214.904157159483,22222.904157159483,9.219035947719652,9.215717196621227
23,resource_allocation,structured,320,102400,4,0.02,102400.0,5002.38897396631,1.0064318529862177,9.271266960195323,1.0105485101355225,3.0,4.0,1.0,8.31347962382445,4.156739811912225,8.0,20.470219435736674,1326.0,204800.0,22081.753307641284,22089.753307641284,9.274625848171665,9.271266960195323
23,resource_allocation,structured,320,102400,4,0.035,102400.0,5032.444923740564,1.0124788168232939,9.362977749766545,1.020544792430321,3.0,4.0,1.0,8.231974921630094,4.115987460815047,8.0,20.34796238244514,1313.0,204800.0,21865.38317717421,21873.38317717421,9.366403430505418,9.362977749766545
23,resource_allocation,structured,320,102400,4,0.05,102400.0,5055.811793839964,1.0171800030954963,9.434768624962082,1.0283698461453794,3.0,4.0,1.0,8.169278996865204,4.084639498432602,8.0,20.253918495297803,1303.0,204800.0,21698.944615276465,21706.944615276465,9.438247049850386,9.434768624962082
23,resource_allocation,structured,320,102400,4,0.075,102400.0,5041.7657045840415,1.0143540669856461,9.391562594819424,1.0236604801464293,3.0,4.0,1.0,8.206896551724137,4.1034482758620685,8.0,20.310344827586203,1309.0,204800.0,21798.807752415112,21806.807752415112,9.395009228305616,9.391562594819424
23,resource_allocation,structured,320,102400,4,0.1,102400.0,5002.38897396631,1.0064318529862177,9.271266960195323,1.0105485101355225,3.0,4.0,1.0,8.31347962382445,4.156739811912225,8.0,20.470219435736674,1326.0,204800.0,22081.753307641284,22089.753307641284,9.274625848171665,9.271266960195323
23,random_structured,structured,320,102400,4,0.0,102400.0,5335.772623325711,1.0,10.329771464698817,1.0,3.0,4.0,1.0,7.460815047021943,3.7304075235109715,8.0,19.191222570532915,1190.0,204800.0,19818.188865831922,19826.188865831922,10.333941279220065,10.329771464698817
23,random_structured,structured,320,102400,4,0.0025,102400.0,5338.388625592417,1.0004902761889198,10.338450474269608,1.0008401937642524,3.0,4.0,1.0,7.454545454545454,3.727272727272727,8.0,19.18181818181818,1189.0,204800.0,19801.545009642145,19809.545009642145,10.34262730005537,10.338450474269608
23,random_structured,structured,320,102400,4,0.005,102400.0,5338.388625592417,1.0004902761889198,10.338450474269608,1.0008401937642524,3.0,4.0,1.0,7.454545454545454,3.727272727272727,8.0,19.18181818181818,1189.0,204800.0,19801.545009642145,19809.545009642145,10.34262730005537,10.338450474269608
23,random_structured,structured,320,102400,4,0.01,102400.0,5346.2520458265135,1.001963993453355,10.364575228698435,1.0033692675698158,3.0,4.0,1.0,7.435736677115987,3.7178683385579934,8.0,19.153605015673982,1186.0,204800.0,19751.613441072823,19759.613441072823,10.368773194706474,10.364575228698435
23,random_structured,structured,320,102400,4,0.02,102400.0,5372.631578947368,1.006907894736842,10.452619407673179,1.0118926099569758,3.0,4.0,1.0,7.373040752351097,3.6865203761755483,8.0,19.059561128526646,1176.0,204800.0,19585.174879175076,19593.174879175076,10.456889012401106,10.452619407673179
23,random_structured,structured,320,102400,4,0.035,102400.0,5396.596728894763,1.0113993061291922,10.533147949216923,1.019688381801391,3.0,4.0,1.0,7.316614420062695,3.6583072100313476,8.0,18.974921630094045,1167.0,204800.0,19435.380173467103,19443.380173467103,10.53748360835205,10.533147949216923
23,random_structured,structured,320,102400,4,0.05,102400.0,5383.256427158866,1.0088991430454846,10.488257337284812,1.0153426310666802,3.0,4.0,1.0,7.347962382445141,3.6739811912225706,8.0,19.021943573667713,1172.0,204800.0,19518.599454415977,19526.599454415977,10.492556111840551,10.488257337284812
23,random_structured,structured,320,102400,4,0.075,102400.0,5283.985765124555,0.9902944031057909,10.15920083328152,0.9834874728835765,3.0,4.0,1.0,7.586206896551724,3.793103448275862,8.0,19.379310344827587,1210.0,204800.0,20151.065989627416,20159.065989627416,10.163234049524675,10.15920083328152
23,random_structured,structured,320,102400,4,0.1,102400.0,5141.759798520384,0.9636392255627262,9.702590127909568,0.9392841033383369,3.0,4.0,1.0,7.943573667711599,3.9717868338557993,8.0,19.9153605015674,1267.0,204800.0,21099.765792444574,21107.765792444574,9.706268875900745,9.702590127909568
24,inventory_threshold,structured,320,102400,4,0.0,102400.0,5072.298136645963,1.0,9.485680817873181,1.0,3.0,4.0,1.0,8.12539184952978,4.06269592476489,8.0,20.188087774294672,1296.0,204800.0,21582.43762194804,21590.43762194804,9.489196891815904,9.485680817873181
24,inventory_threshold,structured,320,102400,4,0.0025,102400.0,5077.028287224122,1.000932545850171,9.500328237226581,1.001544161102891,3.0,4.0,1.0,8.112852664576803,4.056426332288401,8.0,20.169278996865202,1294.0,204800.0,21549.149909568492,21557.149909568492,9.503855180341125,9.500328237226581
24,inventory_threshold,structured,320,102400,4,0.005,102400.0,5077.028287224122,1.000932545850171,9.500328237226581,1.001544161102891,3.0,4.0,1.0,8.112852664576803,4.056426332288401,8.0,20.169278996865202,1294.0,204800.0,21549.149909568492,21557.149909568492,9.503855180341125,9.500328237226581
24,inventory_threshold,structured,320,102400,4,0.01,102400.0,5077.028287224122,1.000932545850171,9.500328237226581,1.001544161102891,3.0,4.0,1.0,8.112852664576803,4.056426332288401,8.0,20.169278996865202,1294.0,204800.0,21549.149909568492,21557.149909568492,9.503855180341125,9.500328237226581
24,inventory_threshold,structured,320,102400,4,0.02,102400.0,5081.767268201617,1.0018668326073428,9.515020962490052,1.0030930984480932,3.0,4.0,1.0,8.100313479623825,4.0501567398119125,8.0,20.15047021943574,1292.0,204800.0,21515.862197188944,21523.862197188944,9.518558825253919,9.515020962490052
24,inventory_threshold,structured,320,102400,4,0.035,102400.0,5079.396672368216,1.001399471310838,9.507668923491993,1.0023180313612683,3.0,4.0,1.0,8.106583072100314,4.053291536050157,8.0,20.15987460815047,1293.0,204800.0,21532.50605337872,21540.50605337872,9.511201320102002,9.507668923491993
24,inventory_threshold,structured,320,102400,4,0.05,102400.0,5067.576791808874,0.9990691901954701,9.471078495197156,0.9984605930816783,3.0,4.0,1.0,8.137931034482758,4.068965517241379,8.0,20.206896551724135,1298.0,204800.0,21615.72533432759,21623.72533432759,9.474583750134924,9.471078495197156
24,inventory_threshold,structured,320,102400,4,0.075,102400.0,5004.688218170675,0.9866707522598437,9.278257802800525,0.978133038729089,3.0,4.0,1.0,8.307210031347962,4.153605015673981,8.0,20.460815047021946,1325.0,204800.0,22065.10945145151,22073.10945145151,9.28162175903132,9.278257802800525
24,inventory_threshold,structured,320,102400,4,0.1,102400.0,4912.120300751881,0.9684210526315792,9.000018984542908,0.9488005296978604,3.0,4.0,1.0,8.564263322884011,4.282131661442006,8.0,20.846394984326015,1366.0,204800.0,22747.50755523227,22755.50755523227,9.003184173155397,9.000018984542908
24,machine_replacement,structured,320,102400,4,0.0,102400.0,5622.3063683304645,1.0,11.317901162312365,1.0,3.0,4.0,1.0,6.808777429467084,3.404388714733542,8.0,18.213166144200628,1086.0,204800.0,18087.22782209535,18095.22782209535,11.322907081969545,11.317901162312365
24,machine_replacement,structured,320,102400,4,0.0025,102400.0,5625.210952298949,1.0005166178749785,11.328320867731266,1.0009206393720416,3.0,4.0,1.0,6.802507836990595,3.4012539184952977,8.0,18.203761755485893,1085.0,204800.0,18070.583965905575,18078.583965905575,11.333336010966972,11.328320867731266
24,machine_replacement,structured,320,102400,4,0.005,102400.0,5625.210952298949,1.0005166178749785,11.328320867731266,1.0009206393720416,3.0,4.0,1.0,6.802507836990595,3.4012539184952977,8.0,18.203761755485893,1085.0,204800.0,18070.583965905575,18078.583965905575,11.333336010966972,11.328320867731266
24,machine_replacement,structured,320,102400,4,0.01,102400.0,5628.118538938663,1.0010337698139216,11.338759776411553,1.0018429754598535,3.0,4.0,1.0,6.7962382445141065,3.3981191222570533,8.0,18.19435736677116,1084.0,204800.0,18053.9401097158,18061.9401097158,11.34378416874143,11.338759776411553
24,machine_replacement,structured,320,102400,4,0.02,102400.0,5633.942738875475,1.0020696791997241,11.359695416295196,1.003692756579462,3.0,4.0,1.0,6.783699059561128,3.391849529780564,8.0,18.17554858934169,1082.0,204800.0,18020.65239733625,18028.65239733625,11.364738383737585,11.359695416295196
24,machine_replacement,structured,320,102400,4,0.035,102400.0,5602.057966043561,0.9963985594237696,11.245496493093674,0.9936026416753141,3.0,4.0,1.0,6.852664576802508,3.426332288401254,8.0,18.278996865203762,1093.0,204800.0,18203.734815423773,18211.734815423773,11.250438554316656,11.245496493093674
24,machine_replacement,structured,320,102400,4,0.05,102400.0,5536.542372881356,0.9847457627118644,11.013983748201001,0.973147193127699,3.0,4.0,1.0,6.996865203761756,3.498432601880878,8.0,18.495297805642632,1116.0,204800.0,18586.543507788592,18594.543507788592,11.018724375200781,11.013983748201001
24,machine_replacement,structured,320,102400,4,0.075,102400.0,5372.631578947368,0.955592105263158,10.452619407673179,0.923547507419441,3.0,4.0,1.0,7.373040752351097,3.6865203761755483,8.0,19.059561128526646,1176.0,204800.0,19585.174879175076,19593.174879175076,10.456889012401106,10.452619407673179
24,machine_replacement,structured,320,102400,4,0.1,102400.0,5203.185727938834,0.925453966231284,9.897703088265063,0.8745175405156885,3.0,4.0,1.0,7.786833855799372,3.893416927899686,8.0,19.68025078369906,1242.0,204800.0,20683.669387700207,20691.669387700207,9.901531307679226,9.897703088265063
24,admission_control,structured,320,102400,4,0.0,102400.0,5528.109663225588,1.0,10.984487316550746,1.0,3.0,4.0,1.0,7.015673981191222,3.507836990595611,8.0,18.523510971786834,1119.0,204800.0,18636.475076357914,18644.475076357914,10.989202580471222,10.984487316550746
24,admission_control,structured,320,102400,4,0.0025,102400.0,5505.747513905276,0.9959548289229734,10.906597075074313,0.9929090690141656,3.0,4.0,1.0,7.065830721003135,3.5329153605015673,8.0,18.5987460815047,1127.0,204800.0,18769.625925876113,18777.625925876113,10.911245690712429,10.906597075074313
24,admission_control,structured,320,102400,4,0.005,102400.0,5486.32851864293,0.9924420557608333,10.839343666934587,0.9867864884874995,3.0,4.0,1.0,7.109717868338557,3.5548589341692787,8.0,18.664576802507835,1134.0,204800.0,18886.132919204538,18894.132919204538,10.843935117694064,10.839343666934587
24,admission_control,structured,320,102400,4,0.01,102400.0,5447.898599066044,0.9854903268845898,10.70729476842364,0.974765090063926,3.0,4.0,1.0,7.197492163009404,3.598746081504702,8.0,18.796238244514107,1148.0,204800.0,19119.146905861384,19127.146905861384,10.711775007974554,10.70729476842364
24,admission_control,structured,320,102400,4,0.02,102400.0,5391.252681960719,0.9752434395114705,10.515145670724536,0.9572723212016426,3.0,4.0,1.0,7.329153605015674,3.664576802507837,8.0,18.99373040752351,1169.0,204800.0,19468.66788584665,19476.66788584665,10.519466519272521,10.515145670724536
24,admission_control,structured,320,102400,4,0.035,102400.0,5278.862314156431,0.954912734324499,10.14245308013025,0.9233433284454005,3.0,4.0,1.0,7.598746081504702,3.799373040752351,8.0,19.398119122257054,1212.0,204800.0,20184.353702006963,20192.353702006963,10.146473006942818,10.14245308013025
24,admission_control,structured,320,102400,4,0.05,102400.0,5178.440076093849,0.9367469879518072,9.818723754565072,0.8938718277521087,3.0,4.0,1.0,7.849529780564263,3.9247648902821317,8.0,19.774294670846395,1252.0,204800.0,20850.107949597954,20858.107949597954,9.822491111080751,9.818723754565072
24,admission_control,structured,320,102400,4,0.075,102400.0,5004.688218170675,0.9053163781216486,9.278257802800525,0.8446691716618052,3.0,4.0,1.0,8.307210031347962,4.153605015673981,8.0,20.460815047021946,1325.0,204800.0,22065.10945145151,22073.10945145151,9.28162175903132,9.278257802800525
24,admission_control,structured,320,102400,4,0.1,102400.0,4814.384672070744,0.870891672807664,8.713232139440729,0.7932306614175948,3.0,4.0,1.0,8.846394984326018,4.423197492163009,8.0,21.269592476489027,1411.0,204800.0,23496.481083772134,23504.481083772134,8.716198790356115,8.713232139440729
24,resource_allocation,structured,320,102400,4,0.0,102400.0,4970.419963481436,1.0,9.174489761953113,1.0,3.0,4.0,1.0,8.401253918495298,4.200626959247649,8.0,20.60188087774295,1340.0,204800.0,22314.76729429813,22322.76729429813,9.17777888063975,9.174489761953113
24,resource_allocation,structured,320,102400,4,0.0025,102400.0,4974.961925068535,1.000913798355163,9.188191193397605,1.00149342707878,3.0,4.0,1.0,8.388714733542319,4.194357366771159,8.0,20.58307210031348,1338.0,204800.0,22281.47958191858,22289.47958191858,9.191490145304138,9.188191193397605
24,resource_allocation,structured,320,102400,4,0.005,102400.0,4979.512195121952,1.001829268292683,9.201933610228254,1.0029913214780566,3.0,4.0,1.0,8.376175548589341,4.1880877742946705,8.0,20.56426332288401,1336.0,204800.0,22248.19186953903,22256.19186953903,9.205242439517102,9.201933610228254
24,resource_allocation,structured,320,102400,4,0.01,102400.0,4988.6377519853395,1.0036652412950522,9.229542137857855,1.0060005926578115,3.0,4.0,1.0,8.351097178683386,4.175548589341693,8.0,20.526645768025077,1332.0,204800.0,22181.61644477993,22189.61644477993,9.23287085545996,9.229542137857855
24,resource_allocation,structured,320,102400,4,0.02,102400.0,5006.989576946659,1.0073574494175355,9.285259196015343,1.0120736342768175,3.0,4.0,1.0,8.300940438871473,4.150470219435737,8.0,20.451410658307207,1324.0,204800.0,22048.465595261732,22056.465595261732,9.288628231980551,9.285259196015343
24,resource_allocation,structured,320,102400,4,0.035,102400.0,5030.120110871574,1.0120110871573762,9.355858706243316,1.0197688317275524,3.0,4.0,1.0,8.238244514106583,4.1191222570532915,8.0,20.357366771159874,1314.0,204800.0,21882.027033363986,21890.027033363986,9.359279178649087,9.355858706243316
24,resource_allocation,structured,320,102400,4,0.05,102400.0,5018.528191734521,1.0096789061299738,9.32042526035846,1.0159066609906249,3.0,4.0,1.0,8.269592476489027,4.134796238244514,8.0,20.404388714733543,1319.0,204800.0,21965.24631431286,21973.24631431286,9.323819868414109,9.32042526035846
24,resource_allocation,structured,320,102400,4,0.075,102400.0,4965.886287625417,0.999087868653086,9.160829132815559,0.9985110202864681,3.0,4.0,1.0,8.413793103448276,4.206896551724138,8.0,20.620689655172416,1342.0,204800.0,22348.055006677678,22356.055006677678,9.164108462181833,9.160829132815559
24,resource_allocation,structured,320,102400,4,0.1,102400.0,4868.196721311475,0.9794336810730253,8.87026107920097,0.9668397163607083,3.0,4.0,1.0,8.689655172413794,4.344827586206897,8.0,21.03448275862069,1386.0,204800.0,23080.384679027768,23088.384679027768,8.873335641848884,8.87026107920097
24,random_structured,structured,320,102400,4,0.0,102400.0,5458.823529411764,1.0,10.744693578733994,1.0,3.0,4.0,1.0,7.172413793103448,3.586206896551724,8.0,18.758620689655174,1144.0,204800.0,19052.571481102284,19060.571481102284,10.749205177009069,10.744693578733994
24,random_structured,structured,320,102400,4,0.0025,102400.0,5447.898599066044,0.9979986657771849,10.70729476842364,0.996519322767438,3.0,4.0,1.0,7.197492163009404,3.598746081504702,8.0,18.796238244514107,1148.0,204800.0,19119.146905861384,19127.146905861384,10.711775007974554,10.70729476842364
24,random_structured,structured,320,102400,4,0.005,102400.0,5437.017310252996,0.9960053262316912,10.670155401449914,0.9930627917178014,3.0,4.0,1.0,7.22257053291536,3.61128526645768,8.0,18.83385579937304,1152.0,204800.0,19185.722330620483,19193.722330620483,10.674604608091219,10.670155401449914
24,random_structured,structured,320,102400,4,0.01,102400.0,5415.384615384615,0.9920424403183025,10.596644273035503,0.9862211700488591,3.0,4.0,1.0,7.2727272727272725,3.6363636363636362,8.0,18.90909090909091,1160.0,204800.0,19318.87318013868,19326.87318013868,10.601032373386586,10.596644273035503
24,random_structured,structured,320,102400,4,0.02,102400.0,5383.256427158866,0.9861568885959131,10.488257337284812,0.9761336850073861,3.0,4.0,1.0,7.347962382445141,3.6739811912225706,8.0,19.021943573667713,1172.0,204800.0,19518.599454415977,19526.599454415977,10.492556111840551,10.488257337284812
24,random_structured,structured,320,102400,4,0.035,102400.0,5291.689616069983,0.9693827960473029,10.18442642590998,0.9478563861576378,3.0,4.0,1.0,7.567398119122257,3.7836990595611284,8.0,19.351097178683386,1207.0,204800.0,20101.13442105809,20109.13442105809,10.188479700202894,10.18442642590998
24,random_structured,structured,320,102400,4,0.05,102400.0,5205.673306772909,0.9536254980079684,9.905670959770667,0.9219128388524798,3.0,4.0,1.0,7.7805642633228835,3.8902821316614418,8.0,19.670846394984324,1241.0,204800.0,20667.025531510433,20675.025531510433,9.909505346463487,9.905670959770667
24,random_structured,structured,320,102400,4,0.075,102400.0,4903.456299020528,0.8982624685705709,9.9367068132546,0.924801320804665,3.0,5.0,1.25,7.755485893416927,3.8777429467084636,9.25,20.88322884012539,1237.0,204800.0,20600.450106751334,20610.450106751334,9.941530351945145,9.9367068132546
24,random_structured,structured,320,102400,4,0.1,102400.0,4797.591334679641,0.878869102258124,9.558480770302026,0.8896001268216962,3.0,5.0,1.25,8.06269592476489,4.031347962382445,9.25,21.344043887147333,1286.0,204800.0,21415.999060050293,21425.999060050293,9.562944013293166,9.558480770302026
25,inventory_threshold,structured,320,102400,4,0.0,102400.0,5072.298136645963,1.0,9.485680817873181,1.0,3.0,4.0,1.0,8.12539184952978,4.06269592476489,8.0,20.188087774294672,1296.0,204800.0,21582.43762194804,21590.43762194804,9.489196891815904,9.485680817873181
25,inventory_threshold,structured,320,102400,4,0.0025,102400.0,5079.396672368216,1.001399471310838,9.507668923491993,1.0023180313612683,3.0,4.0,1.0,8.106583072100314,4.053291536050157,8.0,20.15987460815047,1293.0,204800.0,21532.50605337872,21540.50605337872,9.511201320102002,9.507668923491993
25,inventory_threshold,structured,320,102400,4,0.005,102400.0,5079.396672368216,1.001399471310838,9.507668923491993,1.0023180313612683,3.0,4.0,1.0,8.106583072100314,4.053291536050157,8.0,20.15987460815047,1293.0,204800.0,21532.50605337872,21540.50605337872,9.511201320102002,9.507668923491993
25,inventory_threshold,structured,320,102400,4,0.01,102400.0,5081.767268201617,1.0018668326073428,9.515020962490052,1.0030930984480932,3.0,4.0,1.0,8.100313479623825,4.0501567398119125,8.0,20.15047021943574,1292.0,204800.0,21515.862197188944,21523.862197188944,9.518558825253919,9.515020962490052
25,inventory_threshold,structured,320,102400,4,0.02,102400.0,5088.892350833463,1.0032715376226826,9.537145459855893,1.0054255085081232,3.0,4.0,1.0,8.081504702194357,4.040752351097178,8.0,20.122257053291538,1289.0,204800.0,21465.93062861962,21473.93062861962,9.54069979742452,9.537145459855893
25,inventory_threshold,structured,320,102400,4,0.035,102400.0,5096.03744149766,1.0046801872074884,9.559373085573652,1.0077687905713228,3.0,4.0,1.0,8.06269592476489,4.031347962382445,8.0,20.094043887147333,1286.0,204800.0,21415.999060050293,21423.999060050293,9.562944013293166,9.559373085573652
25,inventory_threshold,structured,320,102400,4,0.05,102400.0,5105.595498593311,1.0065645514223196,9.589171591913674,1.0109102104559002,3.0,4.0,1.0,8.037617554858933,4.0188087774294665,8.0,20.0564263322884,1282.0,204800.0,21349.423635291194,21357.423635291194,9.592764821128936,9.589171591913674
25,inventory_threshold,structured,320,102400,4,0.075,102400.0,5093.653516295025,1.0042101980352407,9.551952373819706,1.0069864838611957,3.0,4.0,1.0,8.068965517241379,4.0344827586206895,8.0,20.10344827586207,1287.0,204800.0,21432.64291624007,21440.64291624007,9.555517758606323,9.551952373819706
25,inventory_threshold,structured,320,102400,4,0.1,102400.0,5077.028287224122,1.000932545850171,9.500328237226581,1.001544161102891,3.0,4.0,1.0,8.112852664576803,4.056426332288401,8.0,20.169278996865202,1294.0,204800.0,21549.149909568492,21557.149909568492,9.503855180341125,9.500328237226581
25,machine_replacement,structured,320,102400,4,0.0,102400.0,5622.3063683304645,1.0,11.317901162312365,1.0,3.0,4.0,1.0,6.808777429467084,3.404388714733542,8.0,18.213166144200628,1086.0,204800.0,18087.22782209535,18095.22782209535,11.322907081969545,11.317901162312365
25,machine_replacement,structured,320,102400,4,0.0025,102400.0,5628.118538938663,1.0010337698139216,11.338759776411553,1.0018429754598535,3.0,4.0,1.0,6.7962382445141065,3.3981191222570533,8.0,18.19435736677116,1084.0,204800.0,18053.9401097158,18061.9401097158,11.34378416874143,11.338759776411553
25,machine_replacement,structured,320,102400,4,0.005,102400.0,5631.029132908119,1.001551456645406,11.349217941488899,1.0027670129582698,3.0,4.0,1.0,6.789968652037618,3.394984326018809,8.0,18.184952978056426,1083.0,204800.0,18037.296253526027,18045.296253526027,11.354251608522791,11.349217941488899
25,machine_replacement,structured,320,102400,4,0.01,102400.0,5628.118538938663,1.0010337698139216,11.338759776411553,1.0018429754598535,3.0,4.0,1.0,6.7962382445141065,3.3981191222570533,8.0,18.19435736677116,1084.0,204800.0,18053.9401097158,18061.9401097158,11.34378416874143,11.338759776411553
25,machine_replacement,structured,320,102400,4,0.02,102400.0,5639.779005524862,1.00310773480663,11.380708509408725,1.0055493811260257,3.0,4.0,1.0,6.77115987460815,3.385579937304075,8.0,18.156739811912225,1080.0,204800.0,17987.3646849567,17995.3646849567,11.385770155162282,11.380708509408725
25,machine_replacement,structured,320,102400,4,0.035,102400.0,5639.779005524862,1.00310773480663,11.380708509408725,1.0055493811260257,3.0,4.0,1.0,6.77115987460815,3.385579937304075,8.0,18.156739811912225,1080.0,204800.0,17987.3646849567,17995.3646849567,11.385770155162282,11.380708509408725
25,machine_replacement,structured,320,102400,4,0.05,102400.0,5602.057966043561,0.9963985594237696,11.245496493093674,0.9936026416753141,3.0,4.0,1.0,6.852664576802508,3.426332288401254,8.0,18.278996865203762,1093.0,204800.0,18203.734815423773,18211.734815423773,11.250438554316656,11.245496493093674
25,machine_replacement,structured,320,102400,4,0.075,102400.0,5528.109663225588,0.983245896090709,10.984487316550746,0.970541018075696,3.0,4.0,1.0,7.015673981191222,3.507836990595611,8.0,18.523510971786834,1119.0,204800.0,18636.475076357914,18644.475076357914,10.989202580471222,10.984487316550746
25,machine_replacement,structured,320,102400,4,0.1,102400.0,5439.733555370525,0.9675270607826812,10.679416068149543,0.9435862634771081,3.0,4.0,1.0,7.216300940438871,3.6081504702194356,8.0,18.824451410658305,1151.0,204800.0,19169.078474430706,19177.078474430706,10.683873002720453,10.679416068149543
25,admission_control,structured,320,102400,4,0.0,102400.0,5528.109663225588,1.0,10.984487316550746,1.0,3.0,4.0,1.0,7.015673981191222,3.507836990595611,8.0,18.523510971786834,1119.0,204800.0,18636.475076357914,18644.475076357914,10.989202580471222,10.984487316550746
25,admission_control,structured,320,102400,4,0.0025,102400.0,5516.905928052694,0.9979733153183585,10.94540362593612,0.9964419194552906,3.0,4.0,1.0,7.040752351097178,3.520376175548589,8.0,18.561128526645767,1123.0,204800.0,18703.050501117013,18711.050501117013,10.950085387823158,10.94540362593612
25,admission_control,structured,320,102400,4,0.005,102400.0,5511.321073055508,0.9969630504471065,10.92596589259881,0.9946723572739021,3.0,4.0,1.0,7.053291536050157,3.5266457680250785,8.0,18.579937304075237,1125.0,204800.0,18736.338213496565,18744.338213496565,10.930631037204165,10.92596589259881
25,admission_control,structured,320,102400,4,0.01,102400.0,5489.09426987061,0.9929423626281298,10.848900471686628,0.9876565158703562,3.0,4.0,1.0,7.1034482758620685,3.5517241379310343,8.0,18.655172413793103,1133.0,204800.0,18869.48906301476,18877.48906301476,10.853500024090176,10.848900471686628
25,admission_control,structured,320,102400,4,0.02,102400.0,5456.088191080675,0.9869717721730417,10.73531940480107,0.9773163822243897,3.0,4.0,1.0,7.178683385579937,3.5893416927899686,8.0,18.768025078369906,1145.0,204800.0,19069.21533729206,19077.21533729206,10.739823132601051,10.73531940480107
25,admission_control,structured,320,102400,4,0.035,102400.0,5404.63269358041,0.977663798808736,10.560267241396053,0.9613800751068733,3.0,4.0,1.0,7.297805642633229,3.6489028213166144,8.0,18.946708463949843,1164.0,204800.0,19385.448604897778,19393.448604897778,10.564625259600998,10.560267241396053
25,admission_control,structured,320,102400,4,0.05,102400.0,5338.388625592417,0.965680666775617,10.338450474269608,0.9411864365023455,3.0,4.0,1.0,7.454545454545454,3.727272727272727,8.0,19.18181818181818,1189.0,204800.0,19801.545009642145,19809.545009642145,10.34262730005537,10.338450474269608
25,admission_control,structured,320,102400,4,0.075,102400.0,5220.648873261946,0.9443822918331469,9.953748897555329,0.9061641759609149,3.0,4.0,1.0,7.74294670846395,3.871473354231975,8.0,19.614420062695924,1235.0,204800.0,20567.162394371782,20575.162394371782,9.957620602832584,9.953748897555329
25,admission_control,structured,320,102400,4,0.1,102400.0,5060.511231603408,0.9154144074360961,9.449259112919993,0.860236699320726,3.0,4.0,1.0,8.156739811912225,4.078369905956112,8.0,20.235109717868337,1301.0,204800.0,21665.656902896917,21673.656902896917,9.452748232739538,9.449259112919993
25,resource_allocation,structured,320,102400,4,0.0,102400.0,4970.419963481436,1.0,9.174489761953113,1.0,3.0,4.0,1.0,8.401253918495298,4.200626959247649,8.0,20.60188087774295,1340.0,204800.0,22314.76729429813,22322.76729429813,9.17777888063975,9.174489761953113
25,resource_allocation,structured,320,102400,4,0.0025,102400.0,4972.689907139596,1.0004566905160606,9.181335365970153,1.0007461563743227,3.0,4.0,1.0,8.39498432601881,4.197492163009405,8.0,20.59247648902821,1339.0,204800.0,22298.123438108356,22306.123438108356,9.184629395762913,9.181335365970153
25,resource_allocation,structured,320,102400,4,0.005,102400.0,4974.961925068535,1.000913798355163,9.188191193397605,1.00149342707878,3.0,4.0,1.0,8.388714733542319,4.194357366771159,8.0,20.58307210031348,1338.0,204800.0,22281.47958191858,22289.47958191858,9.191490145304138,9.188191193397605
25,resource_allocation,structured,320,102400,4,0.01,102400.0,4974.961925068535,1.000913798355163,9.188191193397605,1.00149342707878,3.0,4.0,1.0,8.388714733542319,4.194357366771159,8.0,20.58307210031348,1338.0,204800.0,22281.47958191858,22289.47958191858,9.191490145304138,9.188191193397605
25,resource_allocation,structured,320,102400,4,0.02,102400.0,4979.512195121952,1.001829268292683,9.201933610228254,1.0029913214780566,3.0,4.0,1.0,8.376175548589341,4.1880877742946705,8.0,20.56426332288401,1336.0,204800.0,22248.19186953903,22256.19186953903,9.205242439517102,9.201933610228254
25,resource_allocation,structured,320,102400,4,0.035,102400.0,4986.35322851473,1.0032056174629829,9.222624486260605,1.0052465832494695,3.0,4.0,1.0,8.357366771159874,4.178683385579937,8.0,20.53605015673981,1333.0,204800.0,22198.260300969705,22206.260300969705,9.225948215007351,9.222624486260605
25,resource_allocation,structured,320,102400,4,0.05,102400.0,4988.6377519853395,1.0036652412950522,9.229542137857855,1.0060005926578115,3.0,4.0,1.0,8.351097178683386,4.175548589341693,8.0,20.526645768025077,1332.0,204800.0,22181.61644477993,22189.61644477993,9.23287085545996,9.229542137857855
25,resource_allocation,structured,320,102400,4,0.075,102400.0,4965.886287625417,0.999087868653086,9.160829132815559,0.9985110202864681,3.0,4.0,1.0,8.413793103448276,4.206896551724138,8.0,20.620689655172416,1342.0,204800.0,22348.055006677678,22356.055006677678,9.164108462181833,9.160829132815559
25,resource_allocation,structured,320,102400,4,0.1,102400.0,4936.617802629591,0.9931993350460936,9.073017132881528,0.9889396978246795,3.0,4.0,1.0,8.495297805642632,4.247648902821316,8.0,20.742946708463947,1355.0,204800.0,22564.42513714475,22572.42513714475,9.076233883878812,9.073017132881528
25,random_structured,structured,320,102400,4,0.0,102400.0,5415.384615384615,1.0,10.596644273035503,1.0,3.0,4.0,1.0,7.2727272727272725,3.6363636363636362,8.0,18.90909090909091,1160.0,204800.0,19318.87318013868,19326.87318013868,10.601032373386586,10.596644273035503
25,random_structured,structured,320,102400,4,0.0025,102400.0,5412.692626346314,0.99950289975145,10.587526540048097,0.9991395641155373,3.0,4.0,1.0,7.278996865203761,3.6394984326018807,8.0,18.91849529780564,1161.0,204800.0,19335.517036328452,19343.517036328452,10.591907090729066,10.587526540048097
25,random_structured,structured,320,102400,4,0.005,102400.0,5407.3166694255915,0.998510180433703,10.56933806455657,0.997423126814928,3.0,4.0,1.0,7.29153605015674,3.64576802507837,8.0,18.93730407523511,1163.0,204800.0,19368.804748708004,19376.804748708004,10.573703574231196,10.56933806455657
25,random_structured,structured,320,102400,4,0.01,102400.0,5410.003312355085,0.9990062934746605,10.578424484020964,0.9982806076579449,3.0,4.0,1.0,7.28526645768025,3.642633228840125,8.0,18.927899686520377,1162.0,204800.0,19352.16089251823,19360.16089251823,10.582797504498739,10.578424484020964
25,random_structured,structured,320,102400,4,0.02,102400.0,5404.63269358041,0.9980145598941098,10.560267241396053,0.9965671177872776,3.0,4.0,1.0,7.297805642633229,3.6489028213166144,8.0,18.946708463949843,1164.0,204800.0,19385.448604897778,19393.448604897778,10.564625259600998,10.560267241396053
25,random_structured,structured,320,102400,4,0.035,102400.0,5401.951380850009,0.997519431122871,10.551211974418642,0.9957125767888171,3.0,4.0,1.0,7.304075235109718,3.652037617554859,8.0,18.956112852664575,1165.0,204800.0,19402.09246108755,19410.09246108755,10.555562520421072,10.551211974418642
25,random_structured,structured,320,102400,4,0.05,102400.0,5399.272727272728,0.9970247933884299,10.542172223641057,0.9948595000463442,3.0,4.0,1.0,7.310344827586206,3.655172413793103,8.0,18.96551724137931,1166.0,204800.0,19418.73631727733,19426.73631727733,10.546515316642123,10.542172223641057
25,random_structured,structured,320,102400,4,0.075,102400.0,5338.388625592417,0.9857819905213271,10.338450474269608,0.9756343808366861,3.0,4.0,1.0,7.454545454545454,3.727272727272727,8.0,19.18181818181818,1189.0,204800.0,19801.545009642145,19809.545009642145,10.34262730005537,10.338450474269608
25,random_structured,structured,320,102400,4,0.1,102400.0,5185.839022066995,0.9576123194157804,9.842284890795218,0.9288114838241908,3.0,4.0,1.0,7.830721003134796,3.915360501567398,8.0,19.746081504702193,1249.0,204800.0,20800.17638102863,20808.17638102863,9.846070352883808,9.842284890795218
26,inventory_threshold,structured,320,102400,4,0.0,102400.0,5072.298136645963,1.0,9.485680817873181,1.0,3.0,4.0,1.0,8.12539184952978,4.06269592476489,8.0,20.188087774294672,1296.0,204800.0,21582.43762194804,21590.43762194804,9.489196891815904,9.485680817873181
26,inventory_threshold,structured,320,102400,4,0.0025,102400.0,5074.662109678422,1.0004660556159704,9.492998877418433,1.0007714849029563,3.0,4.0,1.0,8.119122257053291,4.059561128526646,8.0,20.178683385579937,1295.0,204800.0,21565.793765758266,21573.793765758266,9.496520379656848,9.492998877418433
26,inventory_threshold,structured,320,102400,4,0.005,102400.0,5077.028287224122,1.000932545850171,9.500328237226581,1.001544161102891,3.0,4.0,1.0,8.112852664576803,4.056426332288401,8.0,20.169278996865202,1294.0,204800.0,21549.149909568492,21557.149909568492,9.503855180341125,9.500328237226581
26,inventory_threshold,structured,320,102400,4,0.01,102400.0,5072.298136645963,1.0,9.485680817873181,1.0,3.0,4.0,1.0,8.12539184952978,4.06269592476489,8.0,20.188087774294672,1296.0,204800.0,21582.43762194804,21590.43762194804,9.489196891815904,9.485680817873181
26,inventory_threshold,structured,320,102400,4,0.02,102400.0,5074.662109678422,1.0004660556159704,9.492998877418433,1.0007714849029563,3.0,4.0,1.0,8.119122257053291,4.059561128526646,8.0,20.178683385579937,1295.0,204800.0,21565.793765758266,21573.793765758266,9.496520379656848,9.492998877418433
26,inventory_threshold,structured,320,102400,4,0.035,102400.0,5077.028287224122,1.000932545850171,9.500328237226581,1.001544161102891,3.0,4.0,1.0,8.112852664576803,4.056426332288401,8.0,20.169278996865202,1294.0,204800.0,21549.149909568492,21557.149909568492,9.503855180341125,9.500328237226581
26,inventory_threshold,structured,320,102400,4,0.05,102400.0,5079.396672368216,1.001399471310838,9.507668923491993,1.0023180313612683,3.0,4.0,1.0,8.106583072100314,4.053291536050157,8.0,20.15987460815047,1293.0,204800.0,21532.50605337872,21540.50605337872,9.511201320102002,9.507668923491993
26,inventory_threshold,structured,320,102400,4,0.075,102400.0,5086.515104328871,1.0028028651510434,9.529759204192649,1.0046468342300128,3.0,4.0,1.0,8.087774294670846,4.043887147335423,8.0,20.131661442006266,1290.0,204800.0,21482.574484809393,21490.574484809393,9.53330803739639,9.529759204192649
26,inventory_threshold,structured,320,102400,4,0.1,102400.0,5046.43905453422,0.9949019002008345,9.405920568811505,0.9915915103414201,3.0,4.0,1.0,8.19435736677116,4.09717868338558,8.0,20.291536050156736,1307.0,204800.0,21765.520040035564,21773.520040035564,9.409377750832062,9.405920568811505
26,machine_replacement,structured,320,102400,4,0.0,102400.0,5622.3063683304645,1.0,11.317901162312365,1.0,3.0,4.0,1.0,6.808777429467084,3.404388714733542,8.0,18.213166144200628,1086.0,204800.0,18087.22782209535,18095.22782209535,11.322907081969545,11.317901162312365
26,machine_replacement,structured,320,102400,4,0.0025,102400.0,5625.210952298949,1.0005166178749785,11.328320867731266,1.0009206393720416,3.0,4.0,1.0,6.802507836990595,3.4012539184952977,8.0,18.203761755485893,1085.0,204800.0,18070.583965905575,18078.583965905575,11.333336010966972,11.328320867731266
26,machine_replacement,structured,320,102400,4,0.005,102400.0,5631.029132908119,1.001551456645406,11.349217941488899,1.0027670129582698,3.0,4.0,1.0,6.789968652037618,3.394984326018809,8.0,18.184952978056426,1083.0,204800.0,18037.296253526027,18045.296253526027,11.354251608522791,11.349217941488899
26,machine_replacement,structured,320,102400,4,0.01,102400.0,5625.210952298949,1.0005166178749785,11.328320867731266,1.0009206393720416,3.0,4.0,1.0,6.802507836990595,3.4012539184952977,8.0,18.203761755485893,1085.0,204800.0,18070.583965905575,18078.583965905575,11.333336010966972,11.328320867731266
26,machine_replacement,structured,320,102400,4,0.02,102400.0,5628.118538938663,1.0010337698139216,11.338759776411553,1.0018429754598535,3.0,4.0,1.0,6.7962382445141065,3.3981191222570533,8.0,18.19435736677116,1084.0,204800.0,18053.9401097158,18061.9401097158,11.34378416874143,11.338759776411553
26,machine_replacement,structured,320,102400,4,0.035,102400.0,5613.610586011343,0.9984533424987113,11.286756737191604,0.9972482154885334,3.0,4.0,1.0,6.827586206896552,3.413793103448276,8.0,18.241379310344826,1089.0,204800.0,18137.159390664674,18145.159390664674,11.291735138271545,11.286756737191604
26,machine_replacement,structured,320,102400,4,0.05,102400.0,5547.826086956522,0.9867527173913044,11.053559628461608,0.9766439439557052,3.0,4.0,1.0,6.971786833855799,3.4858934169278997,8.0,18.4576802507837,1112.0,204800.0,18519.968083029493,18527.968083029493,11.058334392469366,11.053559628461608
26,machine_replacement,structured,320,102400,4,0.075,102400.0,5399.272727272728,0.9603305785123969,10.542172223641057,0.9314600006179221,3.0,4.0,1.0,7.310344827586206,3.655172413793103,8.0,18.96551724137931,1166.0,204800.0,19418.73631727733,19426.73631727733,10.546515316642123,10.542172223641057
26,machine_replacement,structured,320,102400,4,0.1,102400.0,5245.8005460093145,0.9330335635137306,10.034924362792617,0.8866418091905636,3.0,4.0,1.0,7.6802507836990594,3.8401253918495297,8.0,19.520376175548588,1225.0,204800.0,20400.723832474036,20408.723832474036,10.038859487622577,10.034924362792617
26,admission_control,structured,320,102400,4,0.0,102400.0,5528.109663225588,1.0,10.984487316550746,1.0,3.0,4.0,1.0,7.015673981191222,3.507836990595611,8.0,18.523510971786834,1119.0,204800.0,18636.475076357914,18644.475076357914,10.989202580471222,10.984487316550746
26,admission_control,structured,320,102400,4,0.0025,102400.0,5525.304465493911,0.9994925575101491,10.974690249832724,0.9991080997741915,3.0,4.0,1.0,7.021943573667711,3.5109717868338555,8.0,18.532915360501566,1120.0,204800.0,18653.11893254769,18661.11893254769,10.97939710461214,10.974690249832724
26,admission_control,structured,320,102400,4,0.005,102400.0,5525.304465493911,0.9994925575101491,10.974690249832724,0.9991080997741915,3.0,4.0,1.0,7.021943573667711,3.5109717868338555,8.0,18.532915360501566,1120.0,204800.0,18653.11893254769,18661.11893254769,10.97939710461214,10.974690249832724
26,admission_control,structured,320,102400,4,0.01,102400.0,5508.532883642496,0.9964586846543003,10.91627289228703,0.99378993099105,3.0,4.0,1.0,7.059561128526646,3.529780564263323,8.0,18.58934169278997,1126.0,204800.0,18752.98206968634,18760.98206968634,10.920929761408633,10.91627289228703
26,admission_control,structured,320,102400,4,0.02,102400.0,5489.09426987061,0.9929423626281298,10.848900471686628,0.9876565158703562,3.0,4.0,1.0,7.1034482758620685,3.5517241379310343,8.0,18.655172413793103,1133.0,204800.0,18869.48906301476,18877.48906301476,10.853500024090176,10.848900471686628
26,admission_control,structured,320,102400,4,0.035,102400.0,5475.29332886356,0.9904458598726116,10.801284228666516,0.9833216532911653,3.0,4.0,1.0,7.134796238244514,3.567398119122257,8.0,18.70219435736677,1138.0,204800.0,18952.708343963634,18960.708343963634,10.805843485964266,10.801284228666516
26,admission_control,structured,320,102400,4,0.05,102400.0,5431.592949783838,0.982540738277353,10.65168216701283,0.9697022591999841,3.0,4.0,1.0,7.235109717868339,3.6175548589341693,8.0,18.852664576802507,1154.0,204800.0,19219.01004300003,19227.01004300003,10.656115977971117,10.65168216701283
26,admission_control,structured,320,102400,4,0.075,102400.0,5364.690425357201,0.9704384956478896,10.426049491958896,0.9491612299692467,3.0,4.0,1.0,7.391849529780564,3.695924764890282,8.0,19.087774294670847,1179.0,204800.0,19635.106447744398,19643.106447744398,10.430297413718712,10.426049491958896
26,admission_control,structured,320,102400,4,0.1,102400.0,5261.008213883073,0.9516830407473024,10.084268294136224,0.9180463323893026,3.0,4.0,1.0,7.6426332288401255,3.8213166144200628,8.0,19.46394984326019,1219.0,204800.0,20300.86069533539,20308.86069533539,10.088242221525993,10.084268294136224
26,resource_allocation,structured,320,102400,4,0.0,102400.0,4970.419963481436,1.0,9.174489761953113,1.0,3.0,4.0,1.0,8.401253918495298,4.200626959247649,8.0,20.60188087774295,1340.0,204800.0,22314.76729429813,22322.76729429813,9.17777888063975,9.174489761953113
26,resource_allocation,structured,320,102400,4,0.0025,102400.0,4970.419963481436,1.0,9.174489761953113,1.0,3.0,4.0,1.0,8.401253918495298,4.200626959247649,8.0,20.60188087774295,1340.0,204800.0,22314.76729429813,22322.76729429813,9.17777888063975,9.174489761953113
26,resource_allocation,structured,320,102400,4,0.005,102400.0,4970.419963481436,1.0,9.174489761953113,1.0,3.0,4.0,1.0,8.401253918495298,4.200626959247649,8.0,20.60188087774295,1340.0,204800.0,22314.76729429813,22322.76729429813,9.17777888063975,9.174489761953113
26,resource_allocation,structured,320,102400,4,0.01,102400.0,4977.236020112754,1.0013713240895934,9.195057267154455,1.0022418146114933,3.0,4.0,1.0,8.38244514106583,4.191222570532915,8.0,20.573667711598745,1337.0,204800.0,22264.835725728804,22272.835725728804,9.198361152215337,9.195057267154455
26,resource_allocation,structured,320,102400,4,0.02,102400.0,4995.50389967885,1.0050466432176175,9.250357498089793,1.0082694229439664,3.0,4.0,1.0,8.332288401253917,4.166144200626959,8.0,20.49843260188088,1329.0,204800.0,22131.68487621061,22139.68487621061,9.253701249837508,9.250357498089793
26,resource_allocation,structured,320,102400,4,0.035,102400.0,5023.158542211288,1.010610487467323,9.334566382543374,1.0174480134311232,3.0,4.0,1.0,8.25705329153605,4.128526645768025,8.0,20.385579937304072,1317.0,204800.0,21931.95860193331,21939.95860193331,9.337971301019454,9.334566382543374
26,resource_allocation,structured,320,102400,4,0.05,102400.0,5046.43905453422,1.0152942993974976,9.405920568811505,1.0252254689757399,3.0,4.0,1.0,8.19435736677116,4.09717868338558,8.0,20.291536050156736,1307.0,204800.0,21765.520040035564,21773.520040035564,9.409377750832062,9.405920568811505
26,resource_allocation,structured,320,102400,4,0.075,102400.0,5048.778979907263,1.0157650695517775,9.413116031430167,1.026009759198451,3.0,4.0,1.0,8.18808777429467,4.094043887147335,8.0,20.28213166144201,1306.0,204800.0,21748.87618384579,21756.87618384579,9.416578505887003,9.413116031430167
26,resource_allocation,structured,320,102400,4,0.1,102400.0,5018.528191734521,1.0096789061299738,9.32042526035846,1.0159066609906249,3.0,4.0,1.0,8.269592476489027,4.134796238244514,8.0,20.404388714733543,1319.0,204800.0,21965.24631431286,21973.24631431286,9.323819868414109,9.32042526035846
26,random_structured,structured,320,102400,4,0.0,102400.0,5710.769230769231,1.0,11.639066983990755,1.0,3.0,4.0,1.0,6.620689655172414,3.310344827586207,8.0,17.93103448275862,1056.0,204800.0,17587.91213640211,17595.91213640211,11.64436110504104,11.639066983990755
26,random_structured,structured,320,102400,4,0.0025,102400.0,5710.769230769231,1.0,11.639066983990755,1.0,3.0,4.0,1.0,6.620689655172414,3.310344827586207,8.0,17.93103448275862,1056.0,204800.0,17587.91213640211,17595.91213640211,11.64436110504104,11.639066983990755
26,random_structured,structured,320,102400,4,0.005,102400.0,5704.785190359763,0.9989521480964023,11.617089927887658,0.9981117854091461,3.0,4.0,1.0,6.633228840125391,3.3166144200626957,8.0,17.949843260188086,1058.0,204800.0,17621.199848781656,17629.199848781656,11.622364070410338,11.617089927887658
26,random_structured,structured,320,102400,4,0.01,102400.0,5701.797870483505,0.9984290452085878,11.606132493528824,0.9971703496072982,3.0,4.0,1.0,6.63949843260188,3.31974921630094,8.0,17.95924764890282,1059.0,204800.0,17637.843704971434,17645.843704971434,11.611396689169817,11.606132493528824
26,random_structured,structured,320,102400,4,0.02,102400.0,5686.908077994429,0.9958217270194984,11.551653923427523,0.9924896848962664,3.0,4.0,1.0,6.670846394984326,3.335423197492163,8.0,18.00626959247649,1064.0,204800.0,17721.062985920307,17729.062985920307,11.556868804242566,11.551653923427523
26,random_structured,structured,320,102400,4,0.035,102400.0,5669.142658799029,0.9927108642832351,11.486950957473704,0.9869305652483757,3.0,4.0,1.0,6.70846394984326,3.35423197492163,8.0,18.06269592476489,1070.0,204800.0,17820.926123058955,17828.926123058955,11.492107569819506,11.486950957473704
26,random_structured,structured,320,102400,4,0.05,102400.0,5657.360581918947,0.9906477312088672,11.444216830288875,0.9832589541782093,3.0,4.0,1.0,6.733542319749216,3.366771159874608,8.0,18.100313479623825,1074.0,204800.0,17887.501547818054,17895.501547818054,11.449335137862327,11.444216830288875
26,random_structured,structured,320,102400,4,0.075,102400.0,5631.029132908119,0.9860368901913462,11.349217941488899,0.9750968833755715,3.0,4.0,1.0,6.789968652037618,3.394984326018809,8.0,18.184952978056426,1083.0,204800.0,18037.296253526027,18045.296253526027,11.354251608522791,11.349217941488899
26,random_structured,structured,320,102400,4,0.1,102400.0,5378.160115250052,0.9417575632846263,11.80522238921059,1.0142756636290844,3.0,5.0,1.25,6.5266457680250785,3.2633228840125392,9.25,19.03996865203762,1041.0,204800.0,17338.25429355549,17348.25429355549,11.812031161414144,11.80522238921059
27,inventory_threshold,structured,320,102400,4,0.0,102400.0,5072.298136645963,1.0,9.485680817873181,1.0,3.0,4.0,1.0,8.12539184952978,4.06269592476489,8.0,20.188087774294672,1296.0,204800.0,21582.43762194804,21590.43762194804,9.489196891815904,9.485680817873181
27,inventory_threshold,structured,320,102400,4,0.0025,102400.0,5074.662109678422,1.0004660556159704,9.492998877418433,1.0007714849029563,3.0,4.0,1.0,8.119122257053291,4.059561128526646,8.0,20.178683385579937,1295.0,204800.0,21565.793765758266,21573.793765758266,9.496520379656848,9.492998877418433
27,inventory_threshold,structured,320,102400,4,0.005,102400.0,5074.662109678422,1.0004660556159704,9.492998877418433,1.0007714849029563,3.0,4.0,1.0,8.119122257053291,4.059561128526646,8.0,20.178683385579937,1295.0,204800.0,21565.793765758266,21573.793765758266,9.496520379656848,9.492998877418433
27,inventory_threshold,structured,320,102400,4,0.01,102400.0,5072.298136645963,1.0,9.485680817873181,1.0,3.0,4.0,1.0,8.12539184952978,4.06269592476489,8.0,20.188087774294672,1296.0,204800.0,21582.43762194804,21590.43762194804,9.489196891815904,9.485680817873181
27,inventory_threshold,structured,320,102400,4,0.02,102400.0,5065.219413862615,0.9986044347960925,9.463794180079963,0.9976926655857977,3.0,4.0,1.0,8.144200626959247,4.072100313479623,8.0,20.21630094043887,1299.0,204800.0,21632.369190517365,21640.369190517365,9.467294044231405,9.463794180079963
27,inventory_threshold,structured,320,102400,4,0.035,102400.0,5060.511231603408,0.9976762199845082,9.449259112919993,0.9961603488824374,3.0,4.0,1.0,8.156739811912225,4.078369905956112,8.0,20.235109717868337,1301.0,204800.0,21665.656902896917,21673.656902896917,9.452748232739538,9.449259112919993
27,inventory_threshold,structured,320,102400,4,0.05,102400.0,5058.160421183028,0.9972127593682254,9.442008309368573,0.9953959542448109,3.0,4.0,1.0,8.163009404388715,4.081504702194358,8.0,20.244514106583075,1302.0,204800.0,21682.30075908669,21690.30075908669,9.445492075566369,9.442008309368573
27,inventory_threshold,structured,320,102400,4,0.075,102400.0,5018.528191734521,0.989399293286219,9.32042526035846,0.9825784189150302,3.0,4.0,1.0,8.269592476489027,4.134796238244514,8.0,20.404388714733543,1319.0,204800.0,21965.24631431286,21973.24631431286,9.323819868414109,9.32042526035846
27,inventory_threshold,structured,320,102400,4,0.1,102400.0,4936.617802629591,0.9732507178479675,9.073017132881528,0.9564961447770728,3.0,4.0,1.0,8.495297805642632,4.247648902821316,8.0,20.742946708463947,1355.0,204800.0,22564.42513714475,22572.42513714475,9.076233883878812,9.073017132881528
27,machine_replacement,structured,320,102400,4,0.0,102400.0,5622.3063683304645,1.0,11.317901162312365,1.0,3.0,4.0,1.0,6.808777429467084,3.404388714733542,8.0,18.213166144200628,1086.0,204800.0,18087.22782209535,18095.22782209535,11.322907081969545,11.317901162312365
27,machine_replacement,structured,320,102400,4,0.0025,102400.0,5628.118538938663,1.0010337698139216,11.338759776411553,1.0018429754598535,3.0,4.0,1.0,6.7962382445141065,3.3981191222570533,8.0,18.19435736677116,1084.0,204800.0,18053.9401097158,18061.9401097158,11.34378416874143,11.338759776411553
27,machine_replacement,structured,320,102400,4,0.005,102400.0,5622.3063683304645,1.0,11.317901162312365,1.0,3.0,4.0,1.0,6.808777429467084,3.404388714733542,8.0,18.213166144200628,1086.0,204800.0,18087.22782209535,18095.22782209535,11.322907081969545,11.317901162312365
27,machine_replacement,structured,320,102400,4,0.01,102400.0,5619.404782384311,0.9994839153621194,11.307500607214491,0.999081052666151,3.0,4.0,1.0,6.815047021943573,3.4075235109717865,8.0,18.22257053291536,1087.0,204800.0,18103.871678285126,18111.871678285126,11.31249732871502,11.307500607214491
27,machine_replacement,structured,320,102400,4,0.02,102400.0,5610.717966334593,0.997938852627963,11.276413317354407,0.9963343163751854,3.0,4.0,1.0,6.83385579937304,3.41692789968652,8.0,18.25078369905956,1090.0,204800.0,18153.803246854448,18161.803246854448,11.281382595985013,11.276413317354407
27,machine_replacement,structured,320,102400,4,0.035,102400.0,5587.683886418064,0.9938419432090319,11.194343474226363,0.9890829857661738,3.0,4.0,1.0,6.884012539184953,3.4420062695924765,8.0,18.32601880877743,1098.0,204800.0,18286.954096372647,18294.954096372647,11.19924066745613,11.194343474226363
27,machine_replacement,structured,320,102400,4,0.05,102400.0,5508.532883642496,0.9797639123102868,10.91627289228703,0.9645138913774293,3.0,4.0,1.0,7.059561128526646,3.529780564263323,8.0,18.58934169278997,1126.0,204800.0,18752.98206968634,18760.98206968634,10.920929761408633,10.91627289228703
27,machine_replacement,structured,320,102400,4,0.075,102400.0,5359.409351927809,0.9532403609515997,10.408411131295912,0.9196414584318003,3.0,4.0,1.0,7.404388714733542,3.702194357366771,8.0,19.106583072100314,1181.0,204800.0,19668.39416012395,19676.39416012395,10.412644689377597,10.408411131295912
27,machine_replacement,structured,320,102400,4,0.1,102400.0,5193.259141494436,0.9236883942766297,9.865959374227872,0.8717128054696807,3.0,4.0,1.0,7.811912225705329,3.9059561128526643,8.0,19.71786833855799,1246.0,204800.0,20750.244812459307,20758.244812459307,9.869763072724307,9.865959374227872
27,admission_control,structured,320,102400,4,0.0,102400.0,5528.109663225588,1.0,10.984487316550746,1.0,3.0,4.0,1.0,7.015673981191222,3.507836990595611,8.0,18.523510971786834,1119.0,204800.0,18636.475076357914,18644.475076357914,10.989202580471222,10.984487316550746
27,admission_control,structured,320,102400,4,0.0025,102400.0,5508.532883642496,0.9964586846543003,10.91627289228703,0.99378993099105,3.0,4.0,1.0,7.059561128526646,3.529780564263323,8.0,18.58934169278997,1126.0,204800.0,18752.98206968634,18760.98206968634,10.920929761408633,10.91627289228703
27,admission_control,structured,320,102400,4,0.005,102400.0,5497.408280040391,0.9944463143722655,10.87767226632667,0.9902758274331899,3.0,4.0,1.0,7.084639498432602,3.542319749216301,8.0,18.6269592476489,1130.0,204800.0,18819.55749444544,18827.55749444544,10.882296252738481,10.87767226632667
27,admission_control,structured,320,102400,4,0.01,102400.0,5467.046025104602,0.9889539748953976,10.772914585846397,0.9807389526149697,3.0,4.0,1.0,7.153605015673981,3.5768025078369905,8.0,18.730407523510973,1141.0,204800.0,19002.63991253296,19010.63991253296,10.777449919730714,10.772914585846397
27,admission_control,structured,320,102400,4,0.02,102400.0,5388.5846255361275,0.9747608050148469,10.506167587642805,0.9564549791789337,3.0,4.0,1.0,7.335423197492163,3.6677115987460813,8.0,19.003134796238243,1170.0,204800.0,19485.311742036425,19493.311742036425,10.510481059339531,10.506167587642805
27,admission_control,structured,320,102400,4,0.035,102400.0,5273.748789150791,0.9539877300613497,10.125760454465766,0.921823673937781,3.0,4.0,1.0,7.6112852664576796,3.8056426332288398,8.0,19.41692789968652,1214.0,204800.0,20217.641414386515,20225.641414386515,10.129767157422624,10.125760454465766
27,admission_control,structured,320,102400,4,0.05,102400.0,5180.9040444092,0.9371927042030137,9.826564922796136,0.894585667916433,3.0,4.0,1.0,7.843260188087774,3.921630094043887,8.0,19.76489028213166,1251.0,204800.0,20833.46409340818,20841.46409340818,9.83033830004295,9.826564922796136
27,admission_control,structured,320,102400,4,0.075,102400.0,5009.293053212697,0.9061493635945407,9.292271163742344,0.8459449126716477,3.0,4.0,1.0,8.294670846394984,4.147335423197492,8.0,20.44200626959248,1323.0,204800.0,22031.82173907196,22039.82173907196,9.295645290956623,9.292271163742344
27,admission_control,structured,320,102400,4,0.1,102400.0,4850.846450846451,0.8774873774873776,8.819399550397593,0.8028958745401861,3.0,4.0,1.0,8.739811912225704,4.369905956112852,8.0,21.109717868338556,1394.0,204800.0,23213.535528545963,23221.535528545963,8.822438949386017,8.819399550397593
27,resource_allocation,structured,320,102400,4,0.0,102400.0,4970.419963481436,1.0,9.174489761953113,1.0,3.0,4.0,1.0,8.401253918495298,4.200626959247649,8.0,20.60188087774295,1340.0,204800.0,22314.76729429813,22322.76729429813,9.17777888063975,9.174489761953113
27,resource_allocation,structured,320,102400,4,0.0025,102400.0,4970.419963481436,1.0,9.174489761953113,1.0,3.0,4.0,1.0,8.401253918495298,4.200626959247649,8.0,20.60188087774295,1340.0,204800.0,22314.76729429813,22322.76729429813,9.17777888063975,9.174489761953113
27,resource_allocation,structured,320,102400,4,0.005,102400.0,4970.419963481436,1.0,9.174489761953113,1.0,3.0,4.0,1.0,8.401253918495298,4.200626959247649,8.0,20.60188087774295,1340.0,204800.0,22314.76729429813,22322.76729429813,9.17777888063975,9.174489761953113
27,resource_allocation,structured,320,102400,4,0.01,102400.0,4974.961925068535,1.000913798355163,9.188191193397605,1.00149342707878,3.0,4.0,1.0,8.388714733542319,4.194357366771159,8.0,20.58307210031348,1338.0,204800.0,22281.47958191858,22289.47958191858,9.191490145304138,9.188191193397605
27,resource_allocation,structured,320,102400,4,0.02,102400.0,4977.236020112754,1.0013713240895934,9.195057267154455,1.0022418146114933,3.0,4.0,1.0,8.38244514106583,4.191222570532915,8.0,20.573667711598745,1337.0,204800.0,22264.835725728804,22272.835725728804,9.198361152215337,9.195057267154455
27,resource_allocation,structured,320,102400,4,0.035,102400.0,4979.512195121952,1.001829268292683,9.201933610228254,1.0029913214780566,3.0,4.0,1.0,8.376175548589341,4.1880877742946705,8.0,20.56426332288401,1336.0,204800.0,22248.19186953903,22256.19186953903,9.205242439517102,9.201933610228254
27,resource_allocation,structured,320,102400,4,0.05,102400.0,4981.790452951045,1.0022876315388136,9.208820245675366,1.003741950191565,3.0,4.0,1.0,8.369905956112852,4.184952978056426,8.0,20.55485893416928,1335.0,204800.0,22231.548013349257,22239.548013349257,9.212134030298964,9.208820245675366
27,resource_allocation,structured,320,102400,4,0.075,102400.0,4972.689907139596,1.0004566905160606,9.181335365970153,1.0007461563743227,3.0,4.0,1.0,8.39498432601881,4.197492163009405,8.0,20.59247648902821,1339.0,204800.0,22298.123438108356,22306.123438108356,9.184629395762913,9.181335365970153
27,resource_allocation,structured,320,102400,4,0.1,102400.0,4912.120300751881,0.9882706766917296,9.000018984542908,0.9809830538877768,3.0,4.0,1.0,8.564263322884011,4.282131661442006,8.0,20.846394984326015,1366.0,204800.0,22747.50755523227,22755.50755523227,9.003184173155397,9.000018984542908
27,random_structured,structured,320,102400,4,0.0,102400.0,5628.118538938663,1.0,11.338759776411553,1.0,3.0,4.0,1.0,6.7962382445141065,3.3981191222570533,8.0,18.19435736677116,1084.0,204800.0,18053.9401097158,18061.9401097158,11.34378416874143,11.338759776411553
27,random_structured,structured,320,102400,4,0.0025,102400.0,5633.942738875475,1.001034839599862,11.359695416295196,1.001846378289731,3.0,4.0,1.0,6.783699059561128,3.391849529780564,8.0,18.17554858934169,1082.0,204800.0,18020.65239733625,18028.65239733625,11.364738383737585,11.359695416295196
27,random_structured,structured,320,102400,4,0.005,102400.0,5636.85936151855,1.0015530629853322,11.370192254359456,1.0027721266318115,3.0,4.0,1.0,6.777429467084639,3.3887147335423196,8.0,18.16614420062696,1081.0,204800.0,18004.008541146475,18012.008541146475,11.375244548009894,11.370192254359456
27,random_structured,structured,320,102400,4,0.01,102400.0,5633.942738875475,1.001034839599862,11.359695416295196,1.001846378289731,3.0,4.0,1.0,6.783699059561128,3.391849529780564,8.0,18.17554858934169,1082.0,204800.0,18020.65239733625,18028.65239733625,11.364738383737585,11.359695416295196
27,random_structured,structured,320,102400,4,0.02,102400.0,5660.301507537689,1.005718246404436,11.45487052541936,1.0102401630599278,3.0,4.0,1.0,6.727272727272727,3.3636363636363633,8.0,18.09090909090909,1073.0,204800.0,17870.85769162828,17878.85769162828,11.459998369073237,11.45487052541936
27,random_structured,structured,320,102400,4,0.035,102400.0,5722.775052557814,1.0168185003503856,11.683271499027773,1.0303835454149863,3.0,4.0,1.0,6.5956112852664575,3.2978056426332287,8.0,17.893416927899686,1052.0,204800.0,17521.33671164301,17529.33671164301,11.688605919199615,11.683271499027773
27,random_structured,structured,320,102400,4,0.05,102400.0,5343.8468774283265,0.9494908183714369,11.659799552554155,1.0283134824683802,3.0,5.0,1.25,6.608150470219435,3.3040752351097176,9.25,19.162225705329153,1054.0,204800.0,17554.624424022557,17564.624424022557,11.666441562813628,11.659799552554155
27,random_structured,structured,320,102400,4,0.075,102400.0,5188.516062423064,0.9218917523726324,11.022664483679101,0.9721225866880047,3.0,5.0,1.25,6.990595611285266,3.495297805642633,9.25,19.735893416927897,1115.0,204800.0,18569.89965159882,18579.89965159882,11.028600253225777,11.022664483679101
27,random_structured,structured,320,102400,4,0.1,102400.0,4986.543525550509,0.886005419226806,10.242751496133002,0.9033396683684384,3.0,5.0,1.25,7.523510971786833,3.7617554858934166,9.25,20.53526645768025,1200.0,204800.0,19984.62742772967,19994.62742772967,10.247876811344993,10.242751496133002
28,inventory_threshold,structured,320,102400,4,0.0,102400.0,5072.298136645963,1.0,9.485680817873181,1.0,3.0,4.0,1.0,8.12539184952978,4.06269592476489,8.0,20.188087774294672,1296.0,204800.0,21582.43762194804,21590.43762194804,9.489196891815904,9.485680817873181
28,inventory_threshold,structured,320,102400,4,0.0025,102400.0,5074.662109678422,1.0004660556159704,9.492998877418433,1.0007714849029563,3.0,4.0,1.0,8.119122257053291,4.059561128526646,8.0,20.178683385579937,1295.0,204800.0,21565.793765758266,21573.793765758266,9.496520379656848,9.492998877418433
28,inventory_threshold,structured,320,102400,4,0.005,102400.0,5074.662109678422,1.0004660556159704,9.492998877418433,1.0007714849029563,3.0,4.0,1.0,8.119122257053291,4.059561128526646,8.0,20.178683385579937,1295.0,204800.0,21565.793765758266,21573.793765758266,9.496520379656848,9.492998877418433
28,inventory_threshold,structured,320,102400,4,0.01,102400.0,5074.662109678422,1.0004660556159704,9.492998877418433,1.0007714849029563,3.0,4.0,1.0,8.119122257053291,4.059561128526646,8.0,20.178683385579937,1295.0,204800.0,21565.793765758266,21573.793765758266,9.496520379656848,9.492998877418433
28,inventory_threshold,structured,320,102400,4,0.02,102400.0,5074.662109678422,1.0004660556159704,9.492998877418433,1.0007714849029563,3.0,4.0,1.0,8.119122257053291,4.059561128526646,8.0,20.178683385579937,1295.0,204800.0,21565.793765758266,21573.793765758266,9.496520379656848,9.492998877418433
28,inventory_threshold,structured,320,102400,4,0.035,102400.0,5079.396672368216,1.001399471310838,9.507668923491993,1.0023180313612683,3.0,4.0,1.0,8.106583072100314,4.053291536050157,8.0,20.15987460815047,1293.0,204800.0,21532.50605337872,21540.50605337872,9.511201320102002,9.507668923491993
28,inventory_threshold,structured,320,102400,4,0.05,102400.0,5081.767268201617,1.0018668326073428,9.515020962490052,1.0030930984480932,3.0,4.0,1.0,8.100313479623825,4.0501567398119125,8.0,20.15047021943574,1292.0,204800.0,21515.862197188944,21523.862197188944,9.518558825253919,9.515020962490052
28,inventory_threshold,structured,320,102400,4,0.075,102400.0,5062.864228146311,0.9981401115933043,9.456521061252213,0.9969259184257998,3.0,4.0,1.0,8.150470219435736,4.075235109717868,8.0,20.225705329153605,1300.0,204800.0,21649.01304670714,21657.01304670714,9.460015547043634,9.456521061252213
28,inventory_threshold,structured,320,102400,4,0.1,102400.0,5046.43905453422,0.9949019002008345,9.405920568811505,0.9915915103414201,3.0,4.0,1.0,8.19435736677116,4.09717868338558,8.0,20.291536050156736,1307.0,204800.0,21765.520040035564,21773.520040035564,9.409377750832062,9.405920568811505
28,machine_replacement,structured,320,102400,4,0.0,102400.0,5622.3063683304645,1.0,11.317901162312365,1.0,3.0,4.0,1.0,6.808777429467084,3.404388714733542,8.0,18.213166144200628,1086.0,204800.0,18087.22782209535,18095.22782209535,11.322907081969545,11.317901162312365
28,machine_replacement,structured,320,102400,4,0.0025,102400.0,5628.118538938663,1.0010337698139216,11.338759776411553,1.0018429754598535,3.0,4.0,1.0,6.7962382445141065,3.3981191222570533,8.0,18.19435736677116,1084.0,204800.0,18053.9401097158,18061.9401097158,11.34378416874143,11.338759776411553
28,machine_replacement,structured,320,102400,4,0.005,102400.0,5625.210952298949,1.0005166178749785,11.328320867731266,1.0009206393720416,3.0,4.0,1.0,6.802507836990595,3.4012539184952977,8.0,18.203761755485893,1085.0,204800.0,18070.583965905575,18078.583965905575,11.333336010966972,11.328320867731266
28,machine_replacement,structured,320,102400,4,0.01,102400.0,5628.118538938663,1.0010337698139216,11.338759776411553,1.0018429754598535,3.0,4.0,1.0,6.7962382445141065,3.3981191222570533,8.0,18.19435736677116,1084.0,204800.0,18053.9401097158,18061.9401097158,11.34378416874143,11.338759776411553
28,machine_replacement,structured,320,102400,4,0.02,102400.0,5625.210952298949,1.0005166178749785,11.328320867731266,1.0009206393720416,3.0,4.0,1.0,6.802507836990595,3.4012539184952977,8.0,18.203761755485893,1085.0,204800.0,18070.583965905575,18078.583965905575,11.333336010966972,11.328320867731266
28,machine_replacement,structured,320,102400,4,0.035,102400.0,5619.404782384311,0.9994839153621194,11.307500607214491,0.999081052666151,3.0,4.0,1.0,6.815047021943573,3.4075235109717865,8.0,18.22257053291536,1087.0,204800.0,18103.871678285126,18111.871678285126,11.31249732871502,11.307500607214491
28,machine_replacement,structured,320,102400,4,0.05,102400.0,5581.954887218045,0.992822966507177,11.174012332279622,0.9872866154272595,3.0,4.0,1.0,6.896551724137931,3.4482758620689653,8.0,18.344827586206897,1100.0,204800.0,18320.241808752195,18328.241808752195,11.178891749243187,11.174012332279622
28,machine_replacement,structured,320,102400,4,0.075,102400.0,5480.805369127516,0.9748322147651006,10.820280480175484,0.9560324237682941,3.0,4.0,1.0,7.122257053291536,3.561128526645768,8.0,18.683385579937305,1136.0,204800.0,18919.420631584086,18927.420631584086,10.824855791731107,10.820280480175484
28,machine_replacement,structured,320,102400,4,0.1,102400.0,5359.409351927809,0.9532403609515997,10.408411131295912,0.9196414584318003,3.0,4.0,1.0,7.404388714733542,3.702194357366771,8.0,19.106583072100314,1181.0,204800.0,19668.39416012395,19676.39416012395,10.412644689377597,10.408411131295912
28,admission_control,structured,320,102400,4,0.0,102400.0,5528.109663225588,1.0,10.984487316550746,1.0,3.0,4.0,1.0,7.015673981191222,3.507836990595611,8.0,18.523510971786834,1119.0,204800.0,18636.475076357914,18644.475076357914,10.989202580471222,10.984487316550746
28,admission_control,structured,320,102400,4,0.0025,102400.0,5516.905928052694,0.9979733153183585,10.94540362593612,0.9964419194552906,3.0,4.0,1.0,7.040752351097178,3.520376175548589,8.0,18.561128526645767,1123.0,204800.0,18703.050501117013,18711.050501117013,10.950085387823158,10.94540362593612
28,admission_control,structured,320,102400,4,0.005,102400.0,5508.532883642496,0.9964586846543003,10.91627289228703,0.99378993099105,3.0,4.0,1.0,7.059561128526646,3.529780564263323,8.0,18.58934169278997,1126.0,204800.0,18752.98206968634,18760.98206968634,10.920929761408633,10.91627289228703
28,admission_control,structured,320,102400,4,0.01,102400.0,5469.7923643670465,0.9894507702612192,10.78235456048784,0.9815983440794416,3.0,4.0,1.0,7.147335423197492,3.573667711598746,8.0,18.721003134796238,1140.0,204800.0,18985.996056343185,18993.996056343185,10.786897847878606,10.78235456048784
28,admission_control,structured,320,102400,4,0.02,102400.0,5423.476672754441,0.9810725552050473,10.624091939827535,0.9671905145559055,3.0,4.0,1.0,7.253918495297805,3.6269592476489025,8.0,18.88087774294671,1157.0,204800.0,19268.941611569357,19276.941611569357,10.6285028066635,10.624091939827535
28,admission_control,structured,320,102400,4,0.035,102400.0,5341.007194244604,0.9661543492478745,10.347144080203615,0.9419778804435577,3.0,4.0,1.0,7.448275862068965,3.7241379310344827,8.0,19.17241379310345,1188.0,204800.0,19784.90115345237,19792.90115345237,10.351327934952224,10.347144080203615
28,admission_control,structured,320,102400,4,0.05,102400.0,5268.645161290323,0.9530645161290324,10.109122684545977,0.9203090133587005,3.0,4.0,1.0,7.623824451410658,3.811912225705329,8.0,19.435736677115987,1216.0,204800.0,20250.929126766063,20258.929126766063,10.113116228791284,10.109122684545977
28,admission_control,structured,320,102400,4,0.075,102400.0,5153.928684127485,0.9323130325023667,9.740994883671828,0.886795587536862,3.0,4.0,1.0,7.912225705329154,3.956112852664577,8.0,19.86833855799373,1262.0,204800.0,21016.5465114957,21024.5465114957,9.74470281727675,9.740994883671828
28,admission_control,structured,320,102400,4,0.1,102400.0,5044.101297096973,0.9124459542927733,9.398736098330911,0.8556372115947074,3.0,4.0,1.0,8.200626959247648,4.100313479623824,8.0,20.300940438871475,1308.0,204800.0,21782.16389622534,21790.16389622534,9.402188000040256,9.398736098330911
28,resource_allocation,structured,320,102400,4,0.0,102400.0,4970.419963481436,1.0,9.174489761953113,1.0,3.0,4.0,1.0,8.401253918495298,4.200626959247649,8.0,20.60188087774295,1340.0,204800.0,22314.76729429813,22322.76729429813,9.17777888063975,9.174489761953113
28,resource_allocation,structured,320,102400,4,0.0025,102400.0,4972.689907139596,1.0004566905160606,9.181335365970153,1.0007461563743227,3.0,4.0,1.0,8.39498432601881,4.197492163009405,8.0,20.59247648902821,1339.0,204800.0,22298.123438108356,22306.123438108356,9.184629395762913,9.181335365970153
28,resource_allocation,structured,320,102400,4,0.005,102400.0,4974.961925068535,1.000913798355163,9.188191193397605,1.00149342707878,3.0,4.0,1.0,8.388714733542319,4.194357366771159,8.0,20.58307210031348,1338.0,204800.0,22281.47958191858,22289.47958191858,9.191490145304138,9.188191193397605
28,resource_allocation,structured,320,102400,4,0.01,102400.0,4979.512195121952,1.001829268292683,9.201933610228254,1.0029913214780566,3.0,4.0,1.0,8.376175548589341,4.1880877742946705,8.0,20.56426332288401,1336.0,204800.0,22248.19186953903,22256.19186953903,9.205242439517102,9.201933610228254
28,resource_allocation,structured,320,102400,4,0.02,102400.0,4988.6377519853395,1.0036652412950522,9.229542137857855,1.0060005926578115,3.0,4.0,1.0,8.351097178683386,4.175548589341693,8.0,20.526645768025077,1332.0,204800.0,22181.61644477993,22189.61644477993,9.23287085545996,9.229542137857855
28,resource_allocation,structured,320,102400,4,0.035,102400.0,5004.688218170675,1.0068944384862877,9.278257802800525,1.0113104972090918,3.0,4.0,1.0,8.307210031347962,4.153605015673981,8.0,20.460815047021946,1325.0,204800.0,22065.10945145151,22073.10945145151,9.28162175903132,9.278257802800525
28,resource_allocation,structured,320,102400,4,0.05,102400.0,5020.842299415924,1.0101444820166001,9.327490461723599,1.0166767530119205,3.0,4.0,1.0,8.263322884012538,4.131661442006269,8.0,20.394984326018808,1318.0,204800.0,21948.602458123085,21956.602458123085,9.330890219126657,9.327490461723599
28,resource_allocation,structured,320,102400,4,0.075,102400.0,5018.528191734521,1.0096789061299738,9.32042526035846,1.0159066609906249,3.0,4.0,1.0,8.269592476489027,4.134796238244514,8.0,20.404388714733543,1319.0,204800.0,21965.24631431286,21973.24631431286,9.323819868414109,9.32042526035846
28,resource_allocation,structured,320,102400,4,0.1,102400.0,5004.688218170675,1.0068944384862877,9.278257802800525,1.0113104972090918,3.0,4.0,1.0,8.307210031347962,4.153605015673981,8.0,20.460815047021946,1325.0,204800.0,22065.10945145151,22073.10945145151,9.28162175903132,9.278257802800525
28,random_structured,structured,320,102400,4,0.0,102400.0,5508.532883642496,1.0,10.91627289228703,1.0,3.0,4.0,1.0,7.059561128526646,3.529780564263323,8.0,18.58934169278997,1126.0,204800.0,18752.98206968634,18760.98206968634,10.920929761408633,10.91627289228703
28,random_structured,structured,320,102400,4,0.0025,102400.0,5502.964959568733,0.9989892183288409,10.89693839530956,0.9982288371527309,3.0,4.0,1.0,7.072100313479623,3.5360501567398117,8.0,18.608150470219435,1128.0,204800.0,18786.269782065887,18794.269782065887,10.901578779386536,10.89693839530956
28,random_structured,structured,320,102400,4,0.005,102400.0,5497.408280040391,0.997980477953551,10.87767226632667,0.9964639372484327,3.0,4.0,1.0,7.084639498432602,3.542319749216301,8.0,18.6269592476489,1130.0,204800.0,18819.55749444544,18827.55749444544,10.882296252738481,10.87767226632667
28,random_structured,structured,320,102400,4,0.01,102400.0,5480.805369127516,0.9949664429530201,10.820280480175484,0.9912064847536589,3.0,4.0,1.0,7.122257053291536,3.561128526645768,8.0,18.683385579937305,1136.0,204800.0,18919.420631584086,18927.420631584086,10.824855791731107,10.820280480175484
28,random_structured,structured,320,102400,4,0.02,102400.0,5450.625730018355,0.9894877356916403,10.71662004227143,0.98171052959324,3.0,4.0,1.0,7.191222570532915,3.5956112852664575,8.0,18.786833855799372,1147.0,204800.0,19102.503049671606,19110.503049671606,10.721108090780843,10.71662004227143
28,random_structured,structured,320,102400,4,0.035,102400.0,5407.3166694255915,0.9816255586823373,10.56933806455657,0.968218564050777,3.0,4.0,1.0,7.29153605015674,3.64576802507837,8.0,18.93730407523511,1163.0,204800.0,19368.804748708004,19376.804748708004,10.573703574231196,10.56933806455657
28,random_structured,structured,320,102400,4,0.05,102400.0,5362.048588312541,0.9734077478660538,10.417222845348999,0.9542838428589818,3.0,4.0,1.0,7.398119122257053,3.6990595611285264,8.0,19.09717868338558,1180.0,204800.0,19651.750303934175,19659.750303934175,10.421463576147726,10.417222845348999
28,random_structured,structured,320,102400,4,0.075,102400.0,5268.645161290323,0.9564516129032258,10.109122684545977,0.9260599093018872,3.0,4.0,1.0,7.623824451410658,3.811912225705329,8.0,19.435736677115987,1216.0,204800.0,20250.929126766063,20258.929126766063,10.113116228791284,10.109122684545977
28,random_structured,structured,320,102400,4,0.1,102400.0,4961.549269033605,0.9007024871843553,10.149813906777668,0.9297874839634224,3.0,5.0,1.25,7.592476489028213,3.7962382445141065,9.25,20.638714733542322,1211.0,204800.0,20167.70984581719,20177.70984581719,10.154846612020046,10.149813906777668
29,inventory_threshold,structured,320,102400,4,0.0,102400.0,5072.298136645963,1.0,9.485680817873181,1.0,3.0,4.0,1.0,8.12539184952978,4.06269592476489,8.0,20.188087774294672,1296.0,204800.0,21582.43762194804,21590.43762194804,9.489196891815904,9.485680817873181
29,inventory_threshold,structured,320,102400,4,0.0025,102400.0,5077.028287224122,1.000932545850171,9.500328237226581,1.001544161102891,3.0,4.0,1.0,8.112852664576803,4.056426332288401,8.0,20.169278996865202,1294.0,204800.0,21549.149909568492,21557.149909568492,9.503855180341125,9.500328237226581
29,inventory_threshold,structured,320,102400,4,0.005,102400.0,5074.662109678422,1.0004660556159704,9.492998877418433,1.0007714849029563,3.0,4.0,1.0,8.119122257053291,4.059561128526646,8.0,20.178683385579937,1295.0,204800.0,21565.793765758266,21573.793765758266,9.496520379656848,9.492998877418433
29,inventory_threshold,structured,320,102400,4,0.01,102400.0,5079.396672368216,1.001399471310838,9.507668923491993,1.0023180313612683,3.0,4.0,1.0,8.106583072100314,4.053291536050157,8.0,20.15987460815047,1293.0,204800.0,21532.50605337872,21540.50605337872,9.511201320102002,9.507668923491993
29,inventory_threshold,structured,320,102400,4,0.02,102400.0,5081.767268201617,1.0018668326073428,9.515020962490052,1.0030930984480932,3.0,4.0,1.0,8.100313479623825,4.0501567398119125,8.0,20.15047021943574,1292.0,204800.0,21515.862197188944,21523.862197188944,9.518558825253919,9.515020962490052
29,inventory_threshold,structured,320,102400,4,0.035,102400.0,5088.892350833463,1.0032715376226826,9.537145459855893,1.0054255085081232,3.0,4.0,1.0,8.081504702194357,4.040752351097178,8.0,20.122257053291538,1289.0,204800.0,21465.93062861962,21473.93062861962,9.54069979742452,9.537145459855893
29,inventory_threshold,structured,320,102400,4,0.05,102400.0,5093.653516295025,1.0042101980352407,9.551952373819706,1.0069864838611957,3.0,4.0,1.0,8.068965517241379,4.0344827586206895,8.0,20.10344827586207,1287.0,204800.0,21432.64291624007,21440.64291624007,9.555517758606323,9.551952373819706
29,inventory_threshold,structured,320,102400,4,0.075,102400.0,5103.202624589907,1.0060927980003123,9.581704562392105,1.0101230208313559,3.0,4.0,1.0,8.043887147335424,4.021943573667712,8.0,20.065830721003138,1283.0,204800.0,21366.06749148097,21374.06749148097,9.58529219668792,9.581704562392105
29,inventory_threshold,structured,320,102400,4,0.1,102400.0,5156.369376479874,1.0165745856353592,9.748712346983103,1.0277293253020185,3.0,4.0,1.0,7.905956112852664,3.952978056426332,8.0,19.858934169278996,1261.0,204800.0,20999.902655305927,21007.902655305927,9.75242615937814,9.748712346983103
29,machine_replacement,structured,320,102400,4,0.0,102400.0,5622.3063683304645,1.0,11.317901162312365,1.0,3.0,4.0,1.0,6.808777429467084,3.404388714733542,8.0,18.213166144200628,1086.0,204800.0,18087.22782209535,18095.22782209535,11.322907081969545,11.317901162312365
29,machine_replacement,structured,320,102400,4,0.0025,102400.0,5628.118538938663,1.0010337698139216,11.338759776411553,1.0018429754598535,3.0,4.0,1.0,6.7962382445141065,3.3981191222570533,8.0,18.19435736677116,1084.0,204800.0,18053.9401097158,18061.9401097158,11.34378416874143,11.338759776411553
29,machine_replacement,structured,320,102400,4,0.005,102400.0,5628.118538938663,1.0010337698139216,11.338759776411553,1.0018429754598535,3.0,4.0,1.0,6.7962382445141065,3.3981191222570533,8.0,18.19435736677116,1084.0,204800.0,18053.9401097158,18061.9401097158,11.34378416874143,11.338759776411553
29,machine_replacement,structured,320,102400,4,0.01,102400.0,5628.118538938663,1.0010337698139216,11.338759776411553,1.0018429754598535,3.0,4.0,1.0,6.7962382445141065,3.3981191222570533,8.0,18.19435736677116,1084.0,204800.0,18053.9401097158,18061.9401097158,11.34378416874143,11.338759776411553
29,machine_replacement,structured,320,102400,4,0.02,102400.0,5631.029132908119,1.001551456645406,11.349217941488899,1.0027670129582698,3.0,4.0,1.0,6.789968652037618,3.394984326018809,8.0,18.184952978056426,1083.0,204800.0,18037.296253526027,18045.296253526027,11.354251608522791,11.349217941488899
29,machine_replacement,structured,320,102400,4,0.035,102400.0,5639.779005524862,1.00310773480663,11.380708509408725,1.0055493811260257,3.0,4.0,1.0,6.77115987460815,3.385579937304075,8.0,18.156739811912225,1080.0,204800.0,17987.3646849567,17995.3646849567,11.385770155162282,11.380708509408725
29,machine_replacement,structured,320,102400,4,0.05,102400.0,5628.118538938663,1.0010337698139216,11.338759776411553,1.0018429754598535,3.0,4.0,1.0,6.7962382445141065,3.3981191222570533,8.0,18.19435736677116,1084.0,204800.0,18053.9401097158,18061.9401097158,11.34378416874143,11.338759776411553
29,machine_replacement,structured,320,102400,4,0.075,102400.0,5570.532060027285,0.9907912687585266,11.133570798784541,0.9837133792843475,3.0,4.0,1.0,6.921630094043887,3.4608150470219434,8.0,18.38244514106583,1104.0,204800.0,18386.817233511294,18394.817233511294,11.138414952357133,11.133570798784541
29,machine_replacement,structured,320,102400,4,0.1,102400.0,5486.32851864293,0.975814578434666,10.839343666934587,0.9577167631599989,3.0,4.0,1.0,7.109717868338557,3.5548589341692787,8.0,18.664576802507835,1134.0,204800.0,18886.132919204538,18894.132919204538,10.843935117694064,10.839343666934587
29,admission_control,structured,320,102400,4,0.0,102400.0,5528.109663225588,1.0,10.984487316550746,1.0,3.0,4.0,1.0,7.015673981191222,3.507836990595611,8.0,18.523510971786834,1119.0,204800.0,18636.475076357914,18644.475076357914,10.989202580471222,10.984487316550746
29,admission_control,structured,320,102400,4,0.0025,102400.0,5533.728612569879,1.0010164323225479,11.004134018680984,1.0017885861728508,3.0,4.0,1.0,7.003134796238244,3.501567398119122,8.0,18.504702194357368,1117.0,204800.0,18603.187363978366,18611.187363978366,11.008866168630723,11.004134018680984
29,admission_control,structured,320,102400,4,0.005,102400.0,5528.109663225588,1.0,10.984487316550746,1.0,3.0,4.0,1.0,7.015673981191222,3.507836990595611,8.0,18.523510971786834,1119.0,204800.0,18636.475076357914,18644.475076357914,10.989202580471222,10.984487316550746
29,admission_control,structured,320,102400,4,0.01,102400.0,5522.502113271345,0.9989856297548607,10.964910643553772,0.9982177891026851,3.0,4.0,1.0,7.028213166144201,3.5141065830721003,8.0,18.5423197492163,1121.0,204800.0,18669.762788737466,18677.762788737466,10.969609111667214,10.964910643553772
29,admission_control,structured,320,102400,4,0.02,102400.0,5516.905928052694,0.9979733153183585,10.94540362593612,0.9964419194552906,3.0,4.0,1.0,7.040752351097178,3.520376175548589,8.0,18.561128526645767,1123.0,204800.0,18703.050501117013,18711.050501117013,10.950085387823158,10.94540362593612
29,admission_control,structured,320,102400,4,0.035,102400.0,5511.321073055508,0.9969630504471065,10.92596589259881,0.9946723572739021,3.0,4.0,1.0,7.053291536050157,3.5266457680250785,8.0,18.579937304075237,1125.0,204800.0,18736.338213496565,18744.338213496565,10.930631037204165,10.92596589259881
29,admission_control,structured,320,102400,4,0.05,102400.0,5494.634146341464,0.9939444911690498,10.868064726611323,0.989401181267331,3.0,4.0,1.0,7.090909090909091,3.5454545454545454,8.0,18.636363636363637,1131.0,204800.0,18836.201350635212,18844.201350635212,10.872680546764995,10.868064726611323
29,admission_control,structured,320,102400,4,0.075,102400.0,5472.541464231866,0.9899480650025132,10.791811093559428,0.9824592429815996,3.0,4.0,1.0,7.141065830721002,3.570532915360501,8.0,18.711598746081503,1139.0,204800.0,18969.35220015341,18977.35220015341,10.796362355396813,10.791811093559428
29,admission_control,structured,320,102400,4,0.1,102400.0,5442.452515828058,0.9845051649450185,10.68869282354526,0.9730716159542738,3.0,4.0,1.0,7.210031347962382,3.605015673981191,8.0,18.815047021943574,1150.0,204800.0,19152.43461824093,19160.43461824093,10.693157506197506,10.68869282354526
29,resource_allocation,structured,320,102400,4,0.0,102400.0,4970.419963481436,1.0,9.174489761953113,1.0,3.0,4.0,1.0,8.401253918495298,4.200626959247649,8.0,20.60188087774295,1340.0,204800.0,22314.76729429813,22322.76729429813,9.17777888063975,9.174489761953113
29,resource_allocation,structured,320,102400,4,0.0025,102400.0,4972.689907139596,1.0004566905160606,9.181335365970153,1.0007461563743227,3.0,4.0,1.0,8.39498432601881,4.197492163009405,8.0,20.59247648902821,1339.0,204800.0,22298.123438108356,22306.123438108356,9.184629395762913,9.181335365970153
29,resource_allocation,structured,320,102400,4,0.005,102400.0,4974.961925068535,1.000913798355163,9.188191193397605,1.00149342707878,3.0,4.0,1.0,8.388714733542319,4.194357366771159,8.0,20.58307210031348,1338.0,204800.0,22281.47958191858,22289.47958191858,9.191490145304138,9.188191193397605
29,resource_allocation,structured,320,102400,4,0.01,102400.0,4981.790452951045,1.0022876315388136,9.208820245675366,1.003741950191565,3.0,4.0,1.0,8.369905956112852,4.184952978056426,8.0,20.55485893416928,1335.0,204800.0,22231.548013349257,22239.548013349257,9.212134030298964,9.208820245675366
29,resource_allocation,structured,320,102400,4,0.02,102400.0,4997.79681762546,1.005507955936353,9.257316831563111,1.0090279755887335,3.0,4.0,1.0,8.326018808777429,4.163009404388714,8.0,20.48902821316614,1328.0,204800.0,22115.04102002083,22123.04102002083,9.260665617332284,9.257316831563111
29,resource_allocation,structured,320,102400,4,0.035,102400.0,5032.444923740564,1.0124788168232939,9.362977749766545,1.020544792430321,3.0,4.0,1.0,8.231974921630094,4.115987460815047,8.0,20.34796238244514,1313.0,204800.0,21865.38317717421,21873.38317717421,9.366403430505418,9.362977749766545
29,resource_allocation,structured,320,102400,4,0.05,102400.0,5067.576791808874,1.019547005895129,9.471078495197156,1.0323275452847531,3.0,4.0,1.0,8.137931034482758,4.068965517241379,8.0,20.206896551724135,1298.0,204800.0,21615.72533432759,21623.72533432759,9.474583750134924,9.471078495197156
29,resource_allocation,structured,320,102400,4,0.075,102400.0,5124.819579541889,1.031063696266081,9.649329428958387,1.051756520452445,3.0,4.0,1.0,7.987460815047021,3.9937304075235107,8.0,19.981191222570533,1274.0,204800.0,21216.272785773,21224.272785773,9.652967892519406,9.649329428958387
29,resource_allocation,structured,320,102400,4,0.1,102400.0,5129.6482412060295,1.032035175879397,9.664487011372524,1.0534086649103303,3.0,4.0,1.0,7.974921630094044,3.987460815047022,8.0,19.962382445141067,1272.0,204800.0,21182.985073393447,21190.985073393447,9.668136916984178,9.664487011372524
29,random_structured,structured,320,102400,4,0.0,102400.0,5508.532883642496,1.0,10.91627289228703,1.0,3.0,4.0,1.0,7.059561128526646,3.529780564263323,8.0,18.58934169278997,1126.0,204800.0,18752.98206968634,18760.98206968634,10.920929761408633,10.91627289228703
29,random_structured,structured,320,102400,4,0.0025,102400.0,5516.905928052694,1.0015200135112312,10.94540362593612,1.0026685604085321,3.0,4.0,1.0,7.040752351097178,3.520376175548589,8.0,18.561128526645767,1123.0,204800.0,18703.050501117013,18711.050501117013,10.950085387823158,10.94540362593612
29,random_structured,structured,320,102400,4,0.005,102400.0,5516.905928052694,1.0015200135112312,10.94540362593612,1.0026685604085321,3.0,4.0,1.0,7.040752351097178,3.520376175548589,8.0,18.561128526645767,1123.0,204800.0,18703.050501117013,18711.050501117013,10.950085387823158,10.94540362593612
29,random_structured,structured,320,102400,4,0.01,102400.0,5533.728612569879,1.0045739454514653,11.004134018680984,1.0080486377778293,3.0,4.0,1.0,7.003134796238244,3.501567398119122,8.0,18.504702194357368,1117.0,204800.0,18603.187363978366,18611.187363978366,11.008866168630723,11.004134018680984
29,random_structured,structured,320,102400,4,0.02,102400.0,5553.485209112547,1.0081604896293777,11.073454414762773,1.014398826781511,3.0,4.0,1.0,6.959247648902821,3.4796238244514104,8.0,18.438871473354233,1110.0,204800.0,18486.68037064994,18494.68037064994,11.078246385713856,11.073454414762773
29,random_structured,structured,320,102400,4,0.035,102400.0,5579.094790777114,1.0128095644748079,11.163874430211544,1.0226818750655693,3.0,4.0,1.0,6.9028213166144194,3.4514106583072097,8.0,18.35423197492163,1101.0,204800.0,18336.885664941972,18344.885664941972,11.16874499531587,11.163874430211544
29,random_structured,structured,320,102400,4,0.05,102400.0,5587.683886418064,1.0143687991789256,11.194343474226363,1.0254730332122612,3.0,4.0,1.0,6.884012539184953,3.4420062695924765,8.0,18.32601880877743,1098.0,204800.0,18286.954096372647,18294.954096372647,11.19924066745613,11.194343474226363
29,random_structured,structured,320,102400,4,0.075,102400.0,5581.954887218045,1.0133287764866712,11.174012332279622,1.023610571349375,3.0,4.0,1.0,6.896551724137931,3.4482758620689653,8.0,18.344827586206897,1100.0,204800.0,18320.241808752195,18328.241808752195,11.178891749243187,11.174012332279622
29,random_structured,structured,320,102400,4,0.1,102400.0,5561.995572961008,1.0097054316363017,11.103431236585775,1.0171448942460009,3.0,4.0,1.0,6.940438871473354,3.470219435736677,8.0,18.41065830721003,1107.0,204800.0,18436.74880208062,18444.74880208062,11.108249192877649,11.103431236585775
